ISO-10303-21;
HEADER;
/* Generated by software containing ST-Developer
 * from STEP Tools, Inc. (www.steptools.com) 
 */
/* OPTION: using custom renumber hook */

FILE_DESCRIPTION(
/* description */ ('STEP AP214'),
/* implementation_level */ '2;1');

FILE_NAME(
/* name */ 'SSM-106-F-SH-TR',
/* time_stamp */ '2024-11-08T02:27:59+01:00',
/* author */ ('License CC BY-ND 4.0'),
/* organization */ ('CADENAS'),
/* preprocessor_version */ 'ST-DEVELOPER v19.3',
/* originating_system */ 'PARTsolutions',
/* authorisation */ '  ');

FILE_SCHEMA (('AUTOMOTIVE_DESIGN {1 0 10303 214 3 1 1}'));
ENDSEC;

DATA;
#10=PROPERTY_DEFINITION_REPRESENTATION(#14,#12);
#11=PROPERTY_DEFINITION_REPRESENTATION(#15,#13);
#12=REPRESENTATION('',(#16),#10807);
#13=REPRESENTATION('',(#17),#10807);
#14=PROPERTY_DEFINITION('pmi validation property','',#10819);
#15=PROPERTY_DEFINITION('pmi validation property','',#10819);
#16=VALUE_REPRESENTATION_ITEM('number of annotations',COUNT_MEASURE(0.));
#17=VALUE_REPRESENTATION_ITEM('number of views',COUNT_MEASURE(0.));
#18=CYLINDRICAL_SURFACE('',#6915,0.015);
#19=CYLINDRICAL_SURFACE('',#6917,0.015);
#20=CYLINDRICAL_SURFACE('',#6920,0.015);
#21=CYLINDRICAL_SURFACE('',#6923,0.015);
#22=CYLINDRICAL_SURFACE('',#6926,0.015);
#23=CYLINDRICAL_SURFACE('',#6929,0.015);
#24=CYLINDRICAL_SURFACE('',#6937,0.015);
#25=CYLINDRICAL_SURFACE('',#6939,0.015);
#26=CYLINDRICAL_SURFACE('',#6942,0.015);
#27=CYLINDRICAL_SURFACE('',#6945,0.015);
#28=CYLINDRICAL_SURFACE('',#6948,0.015);
#29=CYLINDRICAL_SURFACE('',#6951,0.015);
#30=CYLINDRICAL_SURFACE('',#6971,0.00499999999999997);
#31=CYLINDRICAL_SURFACE('',#6973,0.00499999999999997);
#32=CYLINDRICAL_SURFACE('',#6976,0.00499999999999997);
#33=CYLINDRICAL_SURFACE('',#6979,0.00499999999999997);
#34=CYLINDRICAL_SURFACE('',#6982,0.00499999999999997);
#35=CYLINDRICAL_SURFACE('',#6985,0.00499999999999997);
#36=CYLINDRICAL_SURFACE('',#6993,0.03);
#37=CYLINDRICAL_SURFACE('',#6995,0.03);
#38=CYLINDRICAL_SURFACE('',#6998,0.03);
#39=CYLINDRICAL_SURFACE('',#7001,0.03);
#40=CYLINDRICAL_SURFACE('',#7004,0.03);
#41=CYLINDRICAL_SURFACE('',#7007,0.03);
#42=CYLINDRICAL_SURFACE('',#7027,0.015);
#43=CYLINDRICAL_SURFACE('',#7029,0.015);
#44=CYLINDRICAL_SURFACE('',#7032,0.015);
#45=CYLINDRICAL_SURFACE('',#7035,0.015);
#46=CYLINDRICAL_SURFACE('',#7038,0.015);
#47=CYLINDRICAL_SURFACE('',#7041,0.015);
#48=CYLINDRICAL_SURFACE('',#7049,0.00500000000000001);
#49=CYLINDRICAL_SURFACE('',#7051,0.00500000000000001);
#50=CYLINDRICAL_SURFACE('',#7054,0.00500000000000001);
#51=CYLINDRICAL_SURFACE('',#7057,0.00500000000000001);
#52=CYLINDRICAL_SURFACE('',#7060,0.00500000000000001);
#53=CYLINDRICAL_SURFACE('',#7063,0.00500000000000001);
#54=CYLINDRICAL_SURFACE('',#7065,0.015);
#55=CYLINDRICAL_SURFACE('',#7067,0.015);
#56=CYLINDRICAL_SURFACE('',#7070,0.015);
#57=CYLINDRICAL_SURFACE('',#7073,0.015);
#58=CYLINDRICAL_SURFACE('',#7076,0.015);
#59=CYLINDRICAL_SURFACE('',#7079,0.015);
#60=CYLINDRICAL_SURFACE('',#7087,0.00500000000000001);
#61=CYLINDRICAL_SURFACE('',#7089,0.00500000000000001);
#62=CYLINDRICAL_SURFACE('',#7092,0.00500000000000001);
#63=CYLINDRICAL_SURFACE('',#7095,0.00500000000000001);
#64=CYLINDRICAL_SURFACE('',#7098,0.00500000000000001);
#65=CYLINDRICAL_SURFACE('',#7101,0.00500000000000001);
#66=CONTEXT_DEPENDENT_SHAPE_REPRESENTATION(#70,#10821);
#67=CONTEXT_DEPENDENT_SHAPE_REPRESENTATION(#71,#10823);
#68=NEXT_ASSEMBLY_USAGE_OCCURRENCE('NAUO1','SSM-106-F-SH-TR_body',
'SSM-106-F-SH-TR_body',#10824,#10825,'');
#69=NEXT_ASSEMBLY_USAGE_OCCURRENCE('NAUO2','C-58-06-F6','C-58-06-F6',#10824,
#10826,'');
#70=(
REPRESENTATION_RELATIONSHIP(' ',' ',#6712,#6711)
REPRESENTATION_RELATIONSHIP_WITH_TRANSFORMATION(#72)
SHAPE_REPRESENTATION_RELATIONSHIP()
);
#71=(
REPRESENTATION_RELATIONSHIP(' ',' ',#6713,#6711)
REPRESENTATION_RELATIONSHIP_WITH_TRANSFORMATION(#73)
SHAPE_REPRESENTATION_RELATIONSHIP()
);
#72=ITEM_DEFINED_TRANSFORMATION(' ',' ',#6714,#6894);
#73=ITEM_DEFINED_TRANSFORMATION(' ',' ',#6714,#7157);
#74=SHAPE_REPRESENTATION_RELATIONSHIP('','',#6712,#76);
#75=SHAPE_REPRESENTATION_RELATIONSHIP('','',#6713,#77);
#76=ADVANCED_BREP_SHAPE_REPRESENTATION('',(#6706),#10808);
#77=ADVANCED_BREP_SHAPE_REPRESENTATION('',(#6707),#10809);
#78=SPHERICAL_SURFACE('',#6882,0.015);
#79=SPHERICAL_SURFACE('',#6883,0.015);
#80=SPHERICAL_SURFACE('',#6884,0.015);
#81=SPHERICAL_SURFACE('',#6885,0.015);
#82=SPHERICAL_SURFACE('',#6886,0.015);
#83=SPHERICAL_SURFACE('',#6887,0.015);
#84=SPHERICAL_SURFACE('',#6888,0.015);
#85=SPHERICAL_SURFACE('',#6889,0.015);
#86=SPHERICAL_SURFACE('',#6890,0.015);
#87=SPHERICAL_SURFACE('',#6891,0.015);
#88=SPHERICAL_SURFACE('',#6892,0.015);
#89=SPHERICAL_SURFACE('',#6893,0.015);
#90=CIRCLE('',#6731,0.015);
#91=CIRCLE('',#6732,0.015);
#92=CIRCLE('',#6733,0.015);
#93=CIRCLE('',#6734,0.015);
#94=CIRCLE('',#6735,0.015);
#95=CIRCLE('',#6736,0.015);
#96=CIRCLE('',#6737,0.015);
#97=CIRCLE('',#6738,0.015);
#98=CIRCLE('',#6739,0.015);
#99=CIRCLE('',#6740,0.015);
#100=CIRCLE('',#6741,0.015);
#101=CIRCLE('',#6742,0.015);
#102=CIRCLE('',#6898,0.015);
#103=CIRCLE('',#6899,0.015);
#104=CIRCLE('',#6900,0.00499999999999997);
#105=CIRCLE('',#6901,0.03);
#106=CIRCLE('',#6902,0.015);
#107=CIRCLE('',#6903,0.00500000000000001);
#108=CIRCLE('',#6904,0.015);
#109=CIRCLE('',#6905,0.00500000000000001);
#110=CIRCLE('',#6907,0.015);
#111=CIRCLE('',#6908,0.015);
#112=CIRCLE('',#6909,0.00500000000000001);
#113=CIRCLE('',#6910,0.015);
#114=CIRCLE('',#6911,0.00500000000000001);
#115=CIRCLE('',#6912,0.015);
#116=CIRCLE('',#6913,0.03);
#117=CIRCLE('',#6914,0.00499999999999997);
#118=CIRCLE('',#6916,0.015);
#119=CIRCLE('',#6918,0.015);
#120=CIRCLE('',#6919,0.015);
#121=CIRCLE('',#6921,0.015);
#122=CIRCLE('',#6922,0.015);
#123=CIRCLE('',#6924,0.015);
#124=CIRCLE('',#6925,0.015);
#125=CIRCLE('',#6927,0.015);
#126=CIRCLE('',#6928,0.015);
#127=CIRCLE('',#6930,0.015);
#128=CIRCLE('',#6938,0.015);
#129=CIRCLE('',#6940,0.015);
#130=CIRCLE('',#6941,0.015);
#131=CIRCLE('',#6943,0.015);
#132=CIRCLE('',#6944,0.015);
#133=CIRCLE('',#6946,0.015);
#134=CIRCLE('',#6947,0.015);
#135=CIRCLE('',#6949,0.015);
#136=CIRCLE('',#6950,0.015);
#137=CIRCLE('',#6952,0.015);
#138=CIRCLE('',#6972,0.00499999999999997);
#139=CIRCLE('',#6974,0.00499999999999997);
#140=CIRCLE('',#6975,0.00499999999999997);
#141=CIRCLE('',#6977,0.00499999999999997);
#142=CIRCLE('',#6978,0.00499999999999997);
#143=CIRCLE('',#6980,0.00499999999999997);
#144=CIRCLE('',#6981,0.00499999999999997);
#145=CIRCLE('',#6983,0.00499999999999997);
#146=CIRCLE('',#6984,0.00499999999999997);
#147=CIRCLE('',#6986,0.00499999999999997);
#148=CIRCLE('',#6994,0.03);
#149=CIRCLE('',#6996,0.03);
#150=CIRCLE('',#6997,0.03);
#151=CIRCLE('',#6999,0.03);
#152=CIRCLE('',#7000,0.03);
#153=CIRCLE('',#7002,0.03);
#154=CIRCLE('',#7003,0.03);
#155=CIRCLE('',#7005,0.03);
#156=CIRCLE('',#7006,0.03);
#157=CIRCLE('',#7008,0.03);
#158=CIRCLE('',#7028,0.015);
#159=CIRCLE('',#7030,0.015);
#160=CIRCLE('',#7031,0.015);
#161=CIRCLE('',#7033,0.015);
#162=CIRCLE('',#7034,0.015);
#163=CIRCLE('',#7036,0.015);
#164=CIRCLE('',#7037,0.015);
#165=CIRCLE('',#7039,0.015);
#166=CIRCLE('',#7040,0.015);
#167=CIRCLE('',#7042,0.015);
#168=CIRCLE('',#7050,0.00500000000000001);
#169=CIRCLE('',#7052,0.00500000000000001);
#170=CIRCLE('',#7053,0.00500000000000001);
#171=CIRCLE('',#7055,0.00500000000000001);
#172=CIRCLE('',#7056,0.00500000000000001);
#173=CIRCLE('',#7058,0.00500000000000001);
#174=CIRCLE('',#7059,0.00500000000000001);
#175=CIRCLE('',#7061,0.00500000000000001);
#176=CIRCLE('',#7062,0.00500000000000001);
#177=CIRCLE('',#7064,0.00500000000000001);
#178=CIRCLE('',#7066,0.015);
#179=CIRCLE('',#7068,0.015);
#180=CIRCLE('',#7069,0.015);
#181=CIRCLE('',#7071,0.015);
#182=CIRCLE('',#7072,0.015);
#183=CIRCLE('',#7074,0.015);
#184=CIRCLE('',#7075,0.015);
#185=CIRCLE('',#7077,0.015);
#186=CIRCLE('',#7078,0.015);
#187=CIRCLE('',#7080,0.015);
#188=CIRCLE('',#7088,0.00500000000000001);
#189=CIRCLE('',#7090,0.00500000000000001);
#190=CIRCLE('',#7091,0.00500000000000001);
#191=CIRCLE('',#7093,0.00500000000000001);
#192=CIRCLE('',#7094,0.00500000000000001);
#193=CIRCLE('',#7096,0.00500000000000001);
#194=CIRCLE('',#7097,0.00500000000000001);
#195=CIRCLE('',#7099,0.00500000000000001);
#196=CIRCLE('',#7100,0.00500000000000001);
#197=CIRCLE('',#7102,0.00500000000000001);
#198=ORIENTED_EDGE('',*,*,#2094,.F.);
#199=ORIENTED_EDGE('',*,*,#2095,.F.);
#200=ORIENTED_EDGE('',*,*,#2096,.F.);
#201=ORIENTED_EDGE('',*,*,#2097,.F.);
#202=ORIENTED_EDGE('',*,*,#2098,.F.);
#203=ORIENTED_EDGE('',*,*,#2099,.F.);
#204=ORIENTED_EDGE('',*,*,#2100,.F.);
#205=ORIENTED_EDGE('',*,*,#2101,.F.);
#206=ORIENTED_EDGE('',*,*,#2102,.F.);
#207=ORIENTED_EDGE('',*,*,#2103,.F.);
#208=ORIENTED_EDGE('',*,*,#2104,.F.);
#209=ORIENTED_EDGE('',*,*,#2105,.F.);
#210=ORIENTED_EDGE('',*,*,#2106,.F.);
#211=ORIENTED_EDGE('',*,*,#2107,.F.);
#212=ORIENTED_EDGE('',*,*,#2108,.F.);
#213=ORIENTED_EDGE('',*,*,#2109,.F.);
#214=ORIENTED_EDGE('',*,*,#2110,.F.);
#215=ORIENTED_EDGE('',*,*,#2111,.F.);
#216=ORIENTED_EDGE('',*,*,#2112,.F.);
#217=ORIENTED_EDGE('',*,*,#2113,.F.);
#218=ORIENTED_EDGE('',*,*,#2114,.F.);
#219=ORIENTED_EDGE('',*,*,#2115,.F.);
#220=ORIENTED_EDGE('',*,*,#2116,.F.);
#221=ORIENTED_EDGE('',*,*,#2117,.F.);
#222=ORIENTED_EDGE('',*,*,#2118,.F.);
#223=ORIENTED_EDGE('',*,*,#2119,.F.);
#224=ORIENTED_EDGE('',*,*,#2120,.F.);
#225=ORIENTED_EDGE('',*,*,#2121,.F.);
#226=ORIENTED_EDGE('',*,*,#2122,.F.);
#227=ORIENTED_EDGE('',*,*,#2123,.F.);
#228=ORIENTED_EDGE('',*,*,#2124,.F.);
#229=ORIENTED_EDGE('',*,*,#2125,.F.);
#230=ORIENTED_EDGE('',*,*,#2126,.F.);
#231=ORIENTED_EDGE('',*,*,#2127,.F.);
#232=ORIENTED_EDGE('',*,*,#2128,.F.);
#233=ORIENTED_EDGE('',*,*,#2129,.F.);
#234=ORIENTED_EDGE('',*,*,#2130,.F.);
#235=ORIENTED_EDGE('',*,*,#2131,.F.);
#236=ORIENTED_EDGE('',*,*,#2132,.F.);
#237=ORIENTED_EDGE('',*,*,#2133,.F.);
#238=ORIENTED_EDGE('',*,*,#2134,.F.);
#239=ORIENTED_EDGE('',*,*,#2135,.F.);
#240=ORIENTED_EDGE('',*,*,#2136,.F.);
#241=ORIENTED_EDGE('',*,*,#2137,.F.);
#242=ORIENTED_EDGE('',*,*,#2138,.F.);
#243=ORIENTED_EDGE('',*,*,#2139,.F.);
#244=ORIENTED_EDGE('',*,*,#2140,.F.);
#245=ORIENTED_EDGE('',*,*,#2141,.F.);
#246=ORIENTED_EDGE('',*,*,#2142,.F.);
#247=ORIENTED_EDGE('',*,*,#2143,.F.);
#248=ORIENTED_EDGE('',*,*,#2144,.F.);
#249=ORIENTED_EDGE('',*,*,#2145,.F.);
#250=ORIENTED_EDGE('',*,*,#2146,.F.);
#251=ORIENTED_EDGE('',*,*,#2147,.F.);
#252=ORIENTED_EDGE('',*,*,#2148,.F.);
#253=ORIENTED_EDGE('',*,*,#2149,.F.);
#254=ORIENTED_EDGE('',*,*,#2150,.F.);
#255=ORIENTED_EDGE('',*,*,#2151,.F.);
#256=ORIENTED_EDGE('',*,*,#2152,.F.);
#257=ORIENTED_EDGE('',*,*,#2153,.F.);
#258=ORIENTED_EDGE('',*,*,#2154,.F.);
#259=ORIENTED_EDGE('',*,*,#2155,.F.);
#260=ORIENTED_EDGE('',*,*,#2156,.F.);
#261=ORIENTED_EDGE('',*,*,#2129,.T.);
#262=ORIENTED_EDGE('',*,*,#2157,.F.);
#263=ORIENTED_EDGE('',*,*,#2158,.F.);
#264=ORIENTED_EDGE('',*,*,#2159,.F.);
#265=ORIENTED_EDGE('',*,*,#2160,.F.);
#266=ORIENTED_EDGE('',*,*,#2161,.F.);
#267=ORIENTED_EDGE('',*,*,#2162,.F.);
#268=ORIENTED_EDGE('',*,*,#2163,.F.);
#269=ORIENTED_EDGE('',*,*,#2133,.T.);
#270=ORIENTED_EDGE('',*,*,#2164,.F.);
#271=ORIENTED_EDGE('',*,*,#2165,.F.);
#272=ORIENTED_EDGE('',*,*,#2166,.F.);
#273=ORIENTED_EDGE('',*,*,#2167,.F.);
#274=ORIENTED_EDGE('',*,*,#2168,.F.);
#275=ORIENTED_EDGE('',*,*,#2169,.F.);
#276=ORIENTED_EDGE('',*,*,#2170,.F.);
#277=ORIENTED_EDGE('',*,*,#2137,.T.);
#278=ORIENTED_EDGE('',*,*,#2171,.F.);
#279=ORIENTED_EDGE('',*,*,#2172,.F.);
#280=ORIENTED_EDGE('',*,*,#2173,.F.);
#281=ORIENTED_EDGE('',*,*,#2174,.F.);
#282=ORIENTED_EDGE('',*,*,#2175,.F.);
#283=ORIENTED_EDGE('',*,*,#2176,.F.);
#284=ORIENTED_EDGE('',*,*,#2177,.F.);
#285=ORIENTED_EDGE('',*,*,#2141,.T.);
#286=ORIENTED_EDGE('',*,*,#2178,.F.);
#287=ORIENTED_EDGE('',*,*,#2179,.F.);
#288=ORIENTED_EDGE('',*,*,#2180,.F.);
#289=ORIENTED_EDGE('',*,*,#2181,.F.);
#290=ORIENTED_EDGE('',*,*,#2182,.F.);
#291=ORIENTED_EDGE('',*,*,#2183,.F.);
#292=ORIENTED_EDGE('',*,*,#2184,.F.);
#293=ORIENTED_EDGE('',*,*,#2145,.T.);
#294=ORIENTED_EDGE('',*,*,#2185,.F.);
#295=ORIENTED_EDGE('',*,*,#2186,.F.);
#296=ORIENTED_EDGE('',*,*,#2187,.F.);
#297=ORIENTED_EDGE('',*,*,#2188,.F.);
#298=ORIENTED_EDGE('',*,*,#2189,.F.);
#299=ORIENTED_EDGE('',*,*,#2190,.F.);
#300=ORIENTED_EDGE('',*,*,#2191,.F.);
#301=ORIENTED_EDGE('',*,*,#2149,.T.);
#302=ORIENTED_EDGE('',*,*,#2192,.F.);
#303=ORIENTED_EDGE('',*,*,#2193,.F.);
#304=ORIENTED_EDGE('',*,*,#2194,.T.);
#305=ORIENTED_EDGE('',*,*,#2123,.T.);
#306=ORIENTED_EDGE('',*,*,#2195,.T.);
#307=ORIENTED_EDGE('',*,*,#2196,.T.);
#308=ORIENTED_EDGE('',*,*,#2197,.T.);
#309=ORIENTED_EDGE('',*,*,#2198,.T.);
#310=ORIENTED_EDGE('',*,*,#2199,.T.);
#311=ORIENTED_EDGE('',*,*,#2200,.T.);
#312=ORIENTED_EDGE('',*,*,#2201,.T.);
#313=ORIENTED_EDGE('',*,*,#2202,.T.);
#314=ORIENTED_EDGE('',*,*,#2203,.T.);
#315=ORIENTED_EDGE('',*,*,#2204,.T.);
#316=ORIENTED_EDGE('',*,*,#2205,.T.);
#317=ORIENTED_EDGE('',*,*,#2206,.T.);
#318=ORIENTED_EDGE('',*,*,#2207,.F.);
#319=ORIENTED_EDGE('',*,*,#2097,.T.);
#320=ORIENTED_EDGE('',*,*,#2208,.F.);
#321=ORIENTED_EDGE('',*,*,#2209,.F.);
#322=ORIENTED_EDGE('',*,*,#2210,.T.);
#323=ORIENTED_EDGE('',*,*,#2119,.T.);
#324=ORIENTED_EDGE('',*,*,#2211,.F.);
#325=ORIENTED_EDGE('',*,*,#2212,.F.);
#326=ORIENTED_EDGE('',*,*,#2213,.F.);
#327=ORIENTED_EDGE('',*,*,#2214,.F.);
#328=ORIENTED_EDGE('',*,*,#2215,.F.);
#329=ORIENTED_EDGE('',*,*,#2216,.F.);
#330=ORIENTED_EDGE('',*,*,#2217,.F.);
#331=ORIENTED_EDGE('',*,*,#2115,.T.);
#332=ORIENTED_EDGE('',*,*,#2218,.F.);
#333=ORIENTED_EDGE('',*,*,#2219,.F.);
#334=ORIENTED_EDGE('',*,*,#2220,.F.);
#335=ORIENTED_EDGE('',*,*,#2221,.F.);
#336=ORIENTED_EDGE('',*,*,#2222,.F.);
#337=ORIENTED_EDGE('',*,*,#2223,.F.);
#338=ORIENTED_EDGE('',*,*,#2224,.F.);
#339=ORIENTED_EDGE('',*,*,#2111,.T.);
#340=ORIENTED_EDGE('',*,*,#2225,.F.);
#341=ORIENTED_EDGE('',*,*,#2226,.F.);
#342=ORIENTED_EDGE('',*,*,#2227,.F.);
#343=ORIENTED_EDGE('',*,*,#2228,.F.);
#344=ORIENTED_EDGE('',*,*,#2229,.F.);
#345=ORIENTED_EDGE('',*,*,#2230,.F.);
#346=ORIENTED_EDGE('',*,*,#2231,.F.);
#347=ORIENTED_EDGE('',*,*,#2107,.T.);
#348=ORIENTED_EDGE('',*,*,#2232,.F.);
#349=ORIENTED_EDGE('',*,*,#2233,.F.);
#350=ORIENTED_EDGE('',*,*,#2234,.F.);
#351=ORIENTED_EDGE('',*,*,#2235,.F.);
#352=ORIENTED_EDGE('',*,*,#2236,.F.);
#353=ORIENTED_EDGE('',*,*,#2237,.F.);
#354=ORIENTED_EDGE('',*,*,#2238,.F.);
#355=ORIENTED_EDGE('',*,*,#2103,.T.);
#356=ORIENTED_EDGE('',*,*,#2239,.F.);
#357=ORIENTED_EDGE('',*,*,#2240,.F.);
#358=ORIENTED_EDGE('',*,*,#2241,.F.);
#359=ORIENTED_EDGE('',*,*,#2242,.F.);
#360=ORIENTED_EDGE('',*,*,#2243,.F.);
#361=ORIENTED_EDGE('',*,*,#2244,.F.);
#362=ORIENTED_EDGE('',*,*,#2245,.F.);
#363=ORIENTED_EDGE('',*,*,#2099,.T.);
#364=ORIENTED_EDGE('',*,*,#2246,.F.);
#365=ORIENTED_EDGE('',*,*,#2247,.F.);
#366=ORIENTED_EDGE('',*,*,#2248,.F.);
#367=ORIENTED_EDGE('',*,*,#2249,.F.);
#368=ORIENTED_EDGE('',*,*,#2250,.F.);
#369=ORIENTED_EDGE('',*,*,#2251,.F.);
#370=ORIENTED_EDGE('',*,*,#2095,.T.);
#371=ORIENTED_EDGE('',*,*,#2252,.T.);
#372=ORIENTED_EDGE('',*,*,#2253,.F.);
#373=ORIENTED_EDGE('',*,*,#2254,.T.);
#374=ORIENTED_EDGE('',*,*,#2255,.F.);
#375=ORIENTED_EDGE('',*,*,#2256,.T.);
#376=ORIENTED_EDGE('',*,*,#2257,.T.);
#377=ORIENTED_EDGE('',*,*,#2258,.T.);
#378=ORIENTED_EDGE('',*,*,#2259,.F.);
#379=ORIENTED_EDGE('',*,*,#2260,.T.);
#380=ORIENTED_EDGE('',*,*,#2101,.T.);
#381=ORIENTED_EDGE('',*,*,#2261,.T.);
#382=ORIENTED_EDGE('',*,*,#2262,.F.);
#383=ORIENTED_EDGE('',*,*,#2263,.T.);
#384=ORIENTED_EDGE('',*,*,#2264,.T.);
#385=ORIENTED_EDGE('',*,*,#2265,.T.);
#386=ORIENTED_EDGE('',*,*,#2266,.F.);
#387=ORIENTED_EDGE('',*,*,#2267,.T.);
#388=ORIENTED_EDGE('',*,*,#2105,.T.);
#389=ORIENTED_EDGE('',*,*,#2268,.T.);
#390=ORIENTED_EDGE('',*,*,#2269,.F.);
#391=ORIENTED_EDGE('',*,*,#2270,.T.);
#392=ORIENTED_EDGE('',*,*,#2271,.T.);
#393=ORIENTED_EDGE('',*,*,#2272,.T.);
#394=ORIENTED_EDGE('',*,*,#2273,.F.);
#395=ORIENTED_EDGE('',*,*,#2274,.T.);
#396=ORIENTED_EDGE('',*,*,#2109,.T.);
#397=ORIENTED_EDGE('',*,*,#2275,.T.);
#398=ORIENTED_EDGE('',*,*,#2276,.F.);
#399=ORIENTED_EDGE('',*,*,#2277,.T.);
#400=ORIENTED_EDGE('',*,*,#2278,.T.);
#401=ORIENTED_EDGE('',*,*,#2279,.T.);
#402=ORIENTED_EDGE('',*,*,#2280,.F.);
#403=ORIENTED_EDGE('',*,*,#2281,.T.);
#404=ORIENTED_EDGE('',*,*,#2113,.T.);
#405=ORIENTED_EDGE('',*,*,#2282,.T.);
#406=ORIENTED_EDGE('',*,*,#2283,.F.);
#407=ORIENTED_EDGE('',*,*,#2284,.T.);
#408=ORIENTED_EDGE('',*,*,#2285,.T.);
#409=ORIENTED_EDGE('',*,*,#2286,.T.);
#410=ORIENTED_EDGE('',*,*,#2287,.F.);
#411=ORIENTED_EDGE('',*,*,#2288,.T.);
#412=ORIENTED_EDGE('',*,*,#2117,.T.);
#413=ORIENTED_EDGE('',*,*,#2289,.T.);
#414=ORIENTED_EDGE('',*,*,#2290,.F.);
#415=ORIENTED_EDGE('',*,*,#2291,.T.);
#416=ORIENTED_EDGE('',*,*,#2292,.T.);
#417=ORIENTED_EDGE('',*,*,#2293,.T.);
#418=ORIENTED_EDGE('',*,*,#2294,.F.);
#419=ORIENTED_EDGE('',*,*,#2295,.T.);
#420=ORIENTED_EDGE('',*,*,#2121,.T.);
#421=ORIENTED_EDGE('',*,*,#2296,.T.);
#422=ORIENTED_EDGE('',*,*,#2297,.T.);
#423=ORIENTED_EDGE('',*,*,#2298,.T.);
#424=ORIENTED_EDGE('',*,*,#2125,.T.);
#425=ORIENTED_EDGE('',*,*,#2299,.T.);
#426=ORIENTED_EDGE('',*,*,#2300,.T.);
#427=ORIENTED_EDGE('',*,*,#2301,.T.);
#428=ORIENTED_EDGE('',*,*,#2302,.T.);
#429=ORIENTED_EDGE('',*,*,#2303,.T.);
#430=ORIENTED_EDGE('',*,*,#2127,.T.);
#431=ORIENTED_EDGE('',*,*,#2304,.T.);
#432=ORIENTED_EDGE('',*,*,#2305,.T.);
#433=ORIENTED_EDGE('',*,*,#2306,.T.);
#434=ORIENTED_EDGE('',*,*,#2307,.T.);
#435=ORIENTED_EDGE('',*,*,#2308,.T.);
#436=ORIENTED_EDGE('',*,*,#2309,.T.);
#437=ORIENTED_EDGE('',*,*,#2310,.T.);
#438=ORIENTED_EDGE('',*,*,#2131,.T.);
#439=ORIENTED_EDGE('',*,*,#2311,.T.);
#440=ORIENTED_EDGE('',*,*,#2312,.T.);
#441=ORIENTED_EDGE('',*,*,#2313,.T.);
#442=ORIENTED_EDGE('',*,*,#2314,.T.);
#443=ORIENTED_EDGE('',*,*,#2315,.T.);
#444=ORIENTED_EDGE('',*,*,#2316,.T.);
#445=ORIENTED_EDGE('',*,*,#2317,.T.);
#446=ORIENTED_EDGE('',*,*,#2135,.T.);
#447=ORIENTED_EDGE('',*,*,#2318,.T.);
#448=ORIENTED_EDGE('',*,*,#2319,.T.);
#449=ORIENTED_EDGE('',*,*,#2320,.T.);
#450=ORIENTED_EDGE('',*,*,#2321,.T.);
#451=ORIENTED_EDGE('',*,*,#2322,.T.);
#452=ORIENTED_EDGE('',*,*,#2323,.T.);
#453=ORIENTED_EDGE('',*,*,#2324,.T.);
#454=ORIENTED_EDGE('',*,*,#2139,.T.);
#455=ORIENTED_EDGE('',*,*,#2325,.T.);
#456=ORIENTED_EDGE('',*,*,#2326,.T.);
#457=ORIENTED_EDGE('',*,*,#2327,.T.);
#458=ORIENTED_EDGE('',*,*,#2328,.T.);
#459=ORIENTED_EDGE('',*,*,#2329,.T.);
#460=ORIENTED_EDGE('',*,*,#2330,.T.);
#461=ORIENTED_EDGE('',*,*,#2331,.T.);
#462=ORIENTED_EDGE('',*,*,#2143,.T.);
#463=ORIENTED_EDGE('',*,*,#2332,.T.);
#464=ORIENTED_EDGE('',*,*,#2333,.T.);
#465=ORIENTED_EDGE('',*,*,#2334,.T.);
#466=ORIENTED_EDGE('',*,*,#2335,.T.);
#467=ORIENTED_EDGE('',*,*,#2336,.T.);
#468=ORIENTED_EDGE('',*,*,#2337,.T.);
#469=ORIENTED_EDGE('',*,*,#2338,.T.);
#470=ORIENTED_EDGE('',*,*,#2147,.T.);
#471=ORIENTED_EDGE('',*,*,#2339,.T.);
#472=ORIENTED_EDGE('',*,*,#2340,.T.);
#473=ORIENTED_EDGE('',*,*,#2341,.T.);
#474=ORIENTED_EDGE('',*,*,#2296,.F.);
#475=ORIENTED_EDGE('',*,*,#2120,.T.);
#476=ORIENTED_EDGE('',*,*,#2210,.F.);
#477=ORIENTED_EDGE('',*,*,#2342,.F.);
#478=ORIENTED_EDGE('',*,*,#2192,.T.);
#479=ORIENTED_EDGE('',*,*,#2148,.T.);
#480=ORIENTED_EDGE('',*,*,#2341,.F.);
#481=ORIENTED_EDGE('',*,*,#2343,.F.);
#482=ORIENTED_EDGE('',*,*,#2344,.T.);
#483=ORIENTED_EDGE('',*,*,#2345,.T.);
#484=ORIENTED_EDGE('',*,*,#2346,.F.);
#485=ORIENTED_EDGE('',*,*,#2347,.T.);
#486=ORIENTED_EDGE('',*,*,#2346,.T.);
#487=ORIENTED_EDGE('',*,*,#2348,.T.);
#488=ORIENTED_EDGE('',*,*,#2349,.F.);
#489=ORIENTED_EDGE('',*,*,#2350,.T.);
#490=ORIENTED_EDGE('',*,*,#2349,.T.);
#491=ORIENTED_EDGE('',*,*,#2351,.T.);
#492=ORIENTED_EDGE('',*,*,#2352,.F.);
#493=ORIENTED_EDGE('',*,*,#2353,.T.);
#494=ORIENTED_EDGE('',*,*,#2354,.T.);
#495=ORIENTED_EDGE('',*,*,#2355,.T.);
#496=ORIENTED_EDGE('',*,*,#2356,.F.);
#497=ORIENTED_EDGE('',*,*,#2357,.T.);
#498=ORIENTED_EDGE('',*,*,#2356,.T.);
#499=ORIENTED_EDGE('',*,*,#2358,.T.);
#500=ORIENTED_EDGE('',*,*,#2359,.F.);
#501=ORIENTED_EDGE('',*,*,#2360,.T.);
#502=ORIENTED_EDGE('',*,*,#2359,.T.);
#503=ORIENTED_EDGE('',*,*,#2361,.T.);
#504=ORIENTED_EDGE('',*,*,#2362,.F.);
#505=ORIENTED_EDGE('',*,*,#2363,.T.);
#506=ORIENTED_EDGE('',*,*,#2364,.T.);
#507=ORIENTED_EDGE('',*,*,#2365,.T.);
#508=ORIENTED_EDGE('',*,*,#2366,.F.);
#509=ORIENTED_EDGE('',*,*,#2367,.T.);
#510=ORIENTED_EDGE('',*,*,#2366,.T.);
#511=ORIENTED_EDGE('',*,*,#2368,.T.);
#512=ORIENTED_EDGE('',*,*,#2369,.F.);
#513=ORIENTED_EDGE('',*,*,#2370,.T.);
#514=ORIENTED_EDGE('',*,*,#2369,.T.);
#515=ORIENTED_EDGE('',*,*,#2371,.T.);
#516=ORIENTED_EDGE('',*,*,#2372,.F.);
#517=ORIENTED_EDGE('',*,*,#2373,.T.);
#518=ORIENTED_EDGE('',*,*,#2374,.T.);
#519=ORIENTED_EDGE('',*,*,#2375,.T.);
#520=ORIENTED_EDGE('',*,*,#2376,.F.);
#521=ORIENTED_EDGE('',*,*,#2377,.T.);
#522=ORIENTED_EDGE('',*,*,#2376,.T.);
#523=ORIENTED_EDGE('',*,*,#2378,.T.);
#524=ORIENTED_EDGE('',*,*,#2379,.F.);
#525=ORIENTED_EDGE('',*,*,#2380,.T.);
#526=ORIENTED_EDGE('',*,*,#2379,.T.);
#527=ORIENTED_EDGE('',*,*,#2381,.T.);
#528=ORIENTED_EDGE('',*,*,#2382,.F.);
#529=ORIENTED_EDGE('',*,*,#2383,.T.);
#530=ORIENTED_EDGE('',*,*,#2384,.T.);
#531=ORIENTED_EDGE('',*,*,#2385,.T.);
#532=ORIENTED_EDGE('',*,*,#2386,.F.);
#533=ORIENTED_EDGE('',*,*,#2387,.T.);
#534=ORIENTED_EDGE('',*,*,#2386,.T.);
#535=ORIENTED_EDGE('',*,*,#2388,.T.);
#536=ORIENTED_EDGE('',*,*,#2389,.F.);
#537=ORIENTED_EDGE('',*,*,#2390,.T.);
#538=ORIENTED_EDGE('',*,*,#2389,.T.);
#539=ORIENTED_EDGE('',*,*,#2391,.T.);
#540=ORIENTED_EDGE('',*,*,#2392,.F.);
#541=ORIENTED_EDGE('',*,*,#2393,.T.);
#542=ORIENTED_EDGE('',*,*,#2394,.T.);
#543=ORIENTED_EDGE('',*,*,#2395,.T.);
#544=ORIENTED_EDGE('',*,*,#2396,.F.);
#545=ORIENTED_EDGE('',*,*,#2397,.T.);
#546=ORIENTED_EDGE('',*,*,#2396,.T.);
#547=ORIENTED_EDGE('',*,*,#2398,.T.);
#548=ORIENTED_EDGE('',*,*,#2399,.F.);
#549=ORIENTED_EDGE('',*,*,#2400,.T.);
#550=ORIENTED_EDGE('',*,*,#2399,.T.);
#551=ORIENTED_EDGE('',*,*,#2401,.T.);
#552=ORIENTED_EDGE('',*,*,#2402,.F.);
#553=ORIENTED_EDGE('',*,*,#2403,.T.);
#554=ORIENTED_EDGE('',*,*,#2352,.T.);
#555=ORIENTED_EDGE('',*,*,#2404,.T.);
#556=ORIENTED_EDGE('',*,*,#2344,.F.);
#557=ORIENTED_EDGE('',*,*,#2405,.T.);
#558=ORIENTED_EDGE('',*,*,#2362,.T.);
#559=ORIENTED_EDGE('',*,*,#2406,.T.);
#560=ORIENTED_EDGE('',*,*,#2354,.F.);
#561=ORIENTED_EDGE('',*,*,#2407,.T.);
#562=ORIENTED_EDGE('',*,*,#2372,.T.);
#563=ORIENTED_EDGE('',*,*,#2408,.T.);
#564=ORIENTED_EDGE('',*,*,#2364,.F.);
#565=ORIENTED_EDGE('',*,*,#2409,.T.);
#566=ORIENTED_EDGE('',*,*,#2382,.T.);
#567=ORIENTED_EDGE('',*,*,#2410,.T.);
#568=ORIENTED_EDGE('',*,*,#2374,.F.);
#569=ORIENTED_EDGE('',*,*,#2411,.T.);
#570=ORIENTED_EDGE('',*,*,#2392,.T.);
#571=ORIENTED_EDGE('',*,*,#2412,.T.);
#572=ORIENTED_EDGE('',*,*,#2384,.F.);
#573=ORIENTED_EDGE('',*,*,#2413,.T.);
#574=ORIENTED_EDGE('',*,*,#2402,.T.);
#575=ORIENTED_EDGE('',*,*,#2414,.T.);
#576=ORIENTED_EDGE('',*,*,#2394,.F.);
#577=ORIENTED_EDGE('',*,*,#2415,.T.);
#578=ORIENTED_EDGE('',*,*,#2254,.F.);
#579=ORIENTED_EDGE('',*,*,#2416,.F.);
#580=ORIENTED_EDGE('',*,*,#2299,.F.);
#581=ORIENTED_EDGE('',*,*,#2124,.T.);
#582=ORIENTED_EDGE('',*,*,#2194,.F.);
#583=ORIENTED_EDGE('',*,*,#2417,.F.);
#584=ORIENTED_EDGE('',*,*,#2208,.T.);
#585=ORIENTED_EDGE('',*,*,#2096,.T.);
#586=ORIENTED_EDGE('',*,*,#2418,.F.);
#587=ORIENTED_EDGE('',*,*,#2419,.T.);
#588=ORIENTED_EDGE('',*,*,#2420,.T.);
#589=ORIENTED_EDGE('',*,*,#2421,.F.);
#590=ORIENTED_EDGE('',*,*,#2422,.F.);
#591=ORIENTED_EDGE('',*,*,#2423,.T.);
#592=ORIENTED_EDGE('',*,*,#2424,.T.);
#593=ORIENTED_EDGE('',*,*,#2425,.F.);
#594=ORIENTED_EDGE('',*,*,#2426,.F.);
#595=ORIENTED_EDGE('',*,*,#2427,.T.);
#596=ORIENTED_EDGE('',*,*,#2428,.T.);
#597=ORIENTED_EDGE('',*,*,#2429,.F.);
#598=ORIENTED_EDGE('',*,*,#2430,.F.);
#599=ORIENTED_EDGE('',*,*,#2431,.T.);
#600=ORIENTED_EDGE('',*,*,#2432,.T.);
#601=ORIENTED_EDGE('',*,*,#2433,.T.);
#602=ORIENTED_EDGE('',*,*,#2434,.F.);
#603=ORIENTED_EDGE('',*,*,#2435,.T.);
#604=ORIENTED_EDGE('',*,*,#2436,.T.);
#605=ORIENTED_EDGE('',*,*,#2437,.F.);
#606=ORIENTED_EDGE('',*,*,#2397,.F.);
#607=ORIENTED_EDGE('',*,*,#2400,.F.);
#608=ORIENTED_EDGE('',*,*,#2403,.F.);
#609=ORIENTED_EDGE('',*,*,#2415,.F.);
#610=ORIENTED_EDGE('',*,*,#2347,.F.);
#611=ORIENTED_EDGE('',*,*,#2350,.F.);
#612=ORIENTED_EDGE('',*,*,#2353,.F.);
#613=ORIENTED_EDGE('',*,*,#2405,.F.);
#614=ORIENTED_EDGE('',*,*,#2193,.T.);
#615=ORIENTED_EDGE('',*,*,#2342,.T.);
#616=ORIENTED_EDGE('',*,*,#2209,.T.);
#617=ORIENTED_EDGE('',*,*,#2417,.T.);
#618=ORIENTED_EDGE('',*,*,#2357,.F.);
#619=ORIENTED_EDGE('',*,*,#2360,.F.);
#620=ORIENTED_EDGE('',*,*,#2363,.F.);
#621=ORIENTED_EDGE('',*,*,#2407,.F.);
#622=ORIENTED_EDGE('',*,*,#2367,.F.);
#623=ORIENTED_EDGE('',*,*,#2370,.F.);
#624=ORIENTED_EDGE('',*,*,#2373,.F.);
#625=ORIENTED_EDGE('',*,*,#2409,.F.);
#626=ORIENTED_EDGE('',*,*,#2377,.F.);
#627=ORIENTED_EDGE('',*,*,#2380,.F.);
#628=ORIENTED_EDGE('',*,*,#2383,.F.);
#629=ORIENTED_EDGE('',*,*,#2411,.F.);
#630=ORIENTED_EDGE('',*,*,#2387,.F.);
#631=ORIENTED_EDGE('',*,*,#2390,.F.);
#632=ORIENTED_EDGE('',*,*,#2393,.F.);
#633=ORIENTED_EDGE('',*,*,#2413,.F.);
#634=ORIENTED_EDGE('',*,*,#2438,.F.);
#635=ORIENTED_EDGE('',*,*,#2337,.F.);
#636=ORIENTED_EDGE('',*,*,#2439,.T.);
#637=ORIENTED_EDGE('',*,*,#2186,.T.);
#638=ORIENTED_EDGE('',*,*,#2440,.F.);
#639=ORIENTED_EDGE('',*,*,#2333,.F.);
#640=ORIENTED_EDGE('',*,*,#2441,.T.);
#641=ORIENTED_EDGE('',*,*,#2183,.T.);
#642=ORIENTED_EDGE('',*,*,#2442,.F.);
#643=ORIENTED_EDGE('',*,*,#2330,.F.);
#644=ORIENTED_EDGE('',*,*,#2443,.T.);
#645=ORIENTED_EDGE('',*,*,#2179,.T.);
#646=ORIENTED_EDGE('',*,*,#2444,.F.);
#647=ORIENTED_EDGE('',*,*,#2326,.F.);
#648=ORIENTED_EDGE('',*,*,#2445,.T.);
#649=ORIENTED_EDGE('',*,*,#2176,.T.);
#650=ORIENTED_EDGE('',*,*,#2446,.F.);
#651=ORIENTED_EDGE('',*,*,#2323,.F.);
#652=ORIENTED_EDGE('',*,*,#2447,.T.);
#653=ORIENTED_EDGE('',*,*,#2172,.T.);
#654=ORIENTED_EDGE('',*,*,#2448,.F.);
#655=ORIENTED_EDGE('',*,*,#2319,.F.);
#656=ORIENTED_EDGE('',*,*,#2449,.T.);
#657=ORIENTED_EDGE('',*,*,#2169,.T.);
#658=ORIENTED_EDGE('',*,*,#2450,.F.);
#659=ORIENTED_EDGE('',*,*,#2316,.F.);
#660=ORIENTED_EDGE('',*,*,#2451,.T.);
#661=ORIENTED_EDGE('',*,*,#2165,.T.);
#662=ORIENTED_EDGE('',*,*,#2452,.F.);
#663=ORIENTED_EDGE('',*,*,#2312,.F.);
#664=ORIENTED_EDGE('',*,*,#2453,.T.);
#665=ORIENTED_EDGE('',*,*,#2162,.T.);
#666=ORIENTED_EDGE('',*,*,#2454,.F.);
#667=ORIENTED_EDGE('',*,*,#2309,.F.);
#668=ORIENTED_EDGE('',*,*,#2455,.T.);
#669=ORIENTED_EDGE('',*,*,#2158,.T.);
#670=ORIENTED_EDGE('',*,*,#2456,.F.);
#671=ORIENTED_EDGE('',*,*,#2305,.F.);
#672=ORIENTED_EDGE('',*,*,#2457,.T.);
#673=ORIENTED_EDGE('',*,*,#2155,.T.);
#674=ORIENTED_EDGE('',*,*,#2458,.F.);
#675=ORIENTED_EDGE('',*,*,#2302,.F.);
#676=ORIENTED_EDGE('',*,*,#2459,.T.);
#677=ORIENTED_EDGE('',*,*,#2151,.T.);
#678=ORIENTED_EDGE('',*,*,#2460,.F.);
#679=ORIENTED_EDGE('',*,*,#2297,.F.);
#680=ORIENTED_EDGE('',*,*,#2416,.T.);
#681=ORIENTED_EDGE('',*,*,#2253,.T.);
#682=ORIENTED_EDGE('',*,*,#2461,.F.);
#683=ORIENTED_EDGE('',*,*,#2251,.T.);
#684=ORIENTED_EDGE('',*,*,#2462,.T.);
#685=ORIENTED_EDGE('',*,*,#2255,.T.);
#686=ORIENTED_EDGE('',*,*,#2463,.F.);
#687=ORIENTED_EDGE('',*,*,#2247,.T.);
#688=ORIENTED_EDGE('',*,*,#2464,.T.);
#689=ORIENTED_EDGE('',*,*,#2259,.T.);
#690=ORIENTED_EDGE('',*,*,#2465,.F.);
#691=ORIENTED_EDGE('',*,*,#2244,.T.);
#692=ORIENTED_EDGE('',*,*,#2466,.T.);
#693=ORIENTED_EDGE('',*,*,#2262,.T.);
#694=ORIENTED_EDGE('',*,*,#2467,.F.);
#695=ORIENTED_EDGE('',*,*,#2240,.T.);
#696=ORIENTED_EDGE('',*,*,#2468,.T.);
#697=ORIENTED_EDGE('',*,*,#2266,.T.);
#698=ORIENTED_EDGE('',*,*,#2469,.F.);
#699=ORIENTED_EDGE('',*,*,#2237,.T.);
#700=ORIENTED_EDGE('',*,*,#2470,.T.);
#701=ORIENTED_EDGE('',*,*,#2269,.T.);
#702=ORIENTED_EDGE('',*,*,#2471,.F.);
#703=ORIENTED_EDGE('',*,*,#2233,.T.);
#704=ORIENTED_EDGE('',*,*,#2472,.T.);
#705=ORIENTED_EDGE('',*,*,#2273,.T.);
#706=ORIENTED_EDGE('',*,*,#2473,.F.);
#707=ORIENTED_EDGE('',*,*,#2230,.T.);
#708=ORIENTED_EDGE('',*,*,#2474,.T.);
#709=ORIENTED_EDGE('',*,*,#2276,.T.);
#710=ORIENTED_EDGE('',*,*,#2475,.F.);
#711=ORIENTED_EDGE('',*,*,#2226,.T.);
#712=ORIENTED_EDGE('',*,*,#2476,.T.);
#713=ORIENTED_EDGE('',*,*,#2280,.T.);
#714=ORIENTED_EDGE('',*,*,#2477,.F.);
#715=ORIENTED_EDGE('',*,*,#2223,.T.);
#716=ORIENTED_EDGE('',*,*,#2478,.T.);
#717=ORIENTED_EDGE('',*,*,#2283,.T.);
#718=ORIENTED_EDGE('',*,*,#2479,.F.);
#719=ORIENTED_EDGE('',*,*,#2219,.T.);
#720=ORIENTED_EDGE('',*,*,#2480,.T.);
#721=ORIENTED_EDGE('',*,*,#2287,.T.);
#722=ORIENTED_EDGE('',*,*,#2481,.F.);
#723=ORIENTED_EDGE('',*,*,#2216,.T.);
#724=ORIENTED_EDGE('',*,*,#2482,.T.);
#725=ORIENTED_EDGE('',*,*,#2290,.T.);
#726=ORIENTED_EDGE('',*,*,#2483,.F.);
#727=ORIENTED_EDGE('',*,*,#2212,.T.);
#728=ORIENTED_EDGE('',*,*,#2484,.T.);
#729=ORIENTED_EDGE('',*,*,#2294,.T.);
#730=ORIENTED_EDGE('',*,*,#2343,.T.);
#731=ORIENTED_EDGE('',*,*,#2340,.F.);
#732=ORIENTED_EDGE('',*,*,#2485,.T.);
#733=ORIENTED_EDGE('',*,*,#2190,.T.);
#734=ORIENTED_EDGE('',*,*,#2414,.F.);
#735=ORIENTED_EDGE('',*,*,#2401,.F.);
#736=ORIENTED_EDGE('',*,*,#2398,.F.);
#737=ORIENTED_EDGE('',*,*,#2395,.F.);
#738=ORIENTED_EDGE('',*,*,#2412,.F.);
#739=ORIENTED_EDGE('',*,*,#2391,.F.);
#740=ORIENTED_EDGE('',*,*,#2388,.F.);
#741=ORIENTED_EDGE('',*,*,#2385,.F.);
#742=ORIENTED_EDGE('',*,*,#2410,.F.);
#743=ORIENTED_EDGE('',*,*,#2381,.F.);
#744=ORIENTED_EDGE('',*,*,#2378,.F.);
#745=ORIENTED_EDGE('',*,*,#2375,.F.);
#746=ORIENTED_EDGE('',*,*,#2408,.F.);
#747=ORIENTED_EDGE('',*,*,#2371,.F.);
#748=ORIENTED_EDGE('',*,*,#2368,.F.);
#749=ORIENTED_EDGE('',*,*,#2365,.F.);
#750=ORIENTED_EDGE('',*,*,#2406,.F.);
#751=ORIENTED_EDGE('',*,*,#2361,.F.);
#752=ORIENTED_EDGE('',*,*,#2358,.F.);
#753=ORIENTED_EDGE('',*,*,#2355,.F.);
#754=ORIENTED_EDGE('',*,*,#2404,.F.);
#755=ORIENTED_EDGE('',*,*,#2351,.F.);
#756=ORIENTED_EDGE('',*,*,#2348,.F.);
#757=ORIENTED_EDGE('',*,*,#2345,.F.);
#758=ORIENTED_EDGE('',*,*,#2191,.T.);
#759=ORIENTED_EDGE('',*,*,#2485,.F.);
#760=ORIENTED_EDGE('',*,*,#2339,.F.);
#761=ORIENTED_EDGE('',*,*,#2146,.T.);
#762=ORIENTED_EDGE('',*,*,#2189,.T.);
#763=ORIENTED_EDGE('',*,*,#2486,.F.);
#764=ORIENTED_EDGE('',*,*,#2338,.F.);
#765=ORIENTED_EDGE('',*,*,#2438,.T.);
#766=ORIENTED_EDGE('',*,*,#2188,.T.);
#767=ORIENTED_EDGE('',*,*,#2487,.F.);
#768=ORIENTED_EDGE('',*,*,#2335,.F.);
#769=ORIENTED_EDGE('',*,*,#2486,.T.);
#770=ORIENTED_EDGE('',*,*,#2187,.T.);
#771=ORIENTED_EDGE('',*,*,#2439,.F.);
#772=ORIENTED_EDGE('',*,*,#2336,.F.);
#773=ORIENTED_EDGE('',*,*,#2487,.T.);
#774=ORIENTED_EDGE('',*,*,#2185,.T.);
#775=ORIENTED_EDGE('',*,*,#2144,.T.);
#776=ORIENTED_EDGE('',*,*,#2334,.F.);
#777=ORIENTED_EDGE('',*,*,#2440,.T.);
#778=ORIENTED_EDGE('',*,*,#2184,.T.);
#779=ORIENTED_EDGE('',*,*,#2441,.F.);
#780=ORIENTED_EDGE('',*,*,#2332,.F.);
#781=ORIENTED_EDGE('',*,*,#2142,.T.);
#782=ORIENTED_EDGE('',*,*,#2182,.T.);
#783=ORIENTED_EDGE('',*,*,#2488,.F.);
#784=ORIENTED_EDGE('',*,*,#2331,.F.);
#785=ORIENTED_EDGE('',*,*,#2442,.T.);
#786=ORIENTED_EDGE('',*,*,#2181,.T.);
#787=ORIENTED_EDGE('',*,*,#2489,.F.);
#788=ORIENTED_EDGE('',*,*,#2328,.F.);
#789=ORIENTED_EDGE('',*,*,#2488,.T.);
#790=ORIENTED_EDGE('',*,*,#2180,.T.);
#791=ORIENTED_EDGE('',*,*,#2443,.F.);
#792=ORIENTED_EDGE('',*,*,#2329,.F.);
#793=ORIENTED_EDGE('',*,*,#2489,.T.);
#794=ORIENTED_EDGE('',*,*,#2178,.T.);
#795=ORIENTED_EDGE('',*,*,#2140,.T.);
#796=ORIENTED_EDGE('',*,*,#2327,.F.);
#797=ORIENTED_EDGE('',*,*,#2444,.T.);
#798=ORIENTED_EDGE('',*,*,#2177,.T.);
#799=ORIENTED_EDGE('',*,*,#2445,.F.);
#800=ORIENTED_EDGE('',*,*,#2325,.F.);
#801=ORIENTED_EDGE('',*,*,#2138,.T.);
#802=ORIENTED_EDGE('',*,*,#2175,.T.);
#803=ORIENTED_EDGE('',*,*,#2490,.F.);
#804=ORIENTED_EDGE('',*,*,#2324,.F.);
#805=ORIENTED_EDGE('',*,*,#2446,.T.);
#806=ORIENTED_EDGE('',*,*,#2174,.T.);
#807=ORIENTED_EDGE('',*,*,#2491,.F.);
#808=ORIENTED_EDGE('',*,*,#2321,.F.);
#809=ORIENTED_EDGE('',*,*,#2490,.T.);
#810=ORIENTED_EDGE('',*,*,#2173,.T.);
#811=ORIENTED_EDGE('',*,*,#2447,.F.);
#812=ORIENTED_EDGE('',*,*,#2322,.F.);
#813=ORIENTED_EDGE('',*,*,#2491,.T.);
#814=ORIENTED_EDGE('',*,*,#2171,.T.);
#815=ORIENTED_EDGE('',*,*,#2136,.T.);
#816=ORIENTED_EDGE('',*,*,#2320,.F.);
#817=ORIENTED_EDGE('',*,*,#2448,.T.);
#818=ORIENTED_EDGE('',*,*,#2170,.T.);
#819=ORIENTED_EDGE('',*,*,#2449,.F.);
#820=ORIENTED_EDGE('',*,*,#2318,.F.);
#821=ORIENTED_EDGE('',*,*,#2134,.T.);
#822=ORIENTED_EDGE('',*,*,#2168,.T.);
#823=ORIENTED_EDGE('',*,*,#2492,.F.);
#824=ORIENTED_EDGE('',*,*,#2317,.F.);
#825=ORIENTED_EDGE('',*,*,#2450,.T.);
#826=ORIENTED_EDGE('',*,*,#2167,.T.);
#827=ORIENTED_EDGE('',*,*,#2493,.F.);
#828=ORIENTED_EDGE('',*,*,#2314,.F.);
#829=ORIENTED_EDGE('',*,*,#2492,.T.);
#830=ORIENTED_EDGE('',*,*,#2166,.T.);
#831=ORIENTED_EDGE('',*,*,#2451,.F.);
#832=ORIENTED_EDGE('',*,*,#2315,.F.);
#833=ORIENTED_EDGE('',*,*,#2493,.T.);
#834=ORIENTED_EDGE('',*,*,#2164,.T.);
#835=ORIENTED_EDGE('',*,*,#2132,.T.);
#836=ORIENTED_EDGE('',*,*,#2313,.F.);
#837=ORIENTED_EDGE('',*,*,#2452,.T.);
#838=ORIENTED_EDGE('',*,*,#2163,.T.);
#839=ORIENTED_EDGE('',*,*,#2453,.F.);
#840=ORIENTED_EDGE('',*,*,#2311,.F.);
#841=ORIENTED_EDGE('',*,*,#2130,.T.);
#842=ORIENTED_EDGE('',*,*,#2161,.T.);
#843=ORIENTED_EDGE('',*,*,#2494,.F.);
#844=ORIENTED_EDGE('',*,*,#2310,.F.);
#845=ORIENTED_EDGE('',*,*,#2454,.T.);
#846=ORIENTED_EDGE('',*,*,#2160,.T.);
#847=ORIENTED_EDGE('',*,*,#2495,.F.);
#848=ORIENTED_EDGE('',*,*,#2307,.F.);
#849=ORIENTED_EDGE('',*,*,#2494,.T.);
#850=ORIENTED_EDGE('',*,*,#2159,.T.);
#851=ORIENTED_EDGE('',*,*,#2455,.F.);
#852=ORIENTED_EDGE('',*,*,#2308,.F.);
#853=ORIENTED_EDGE('',*,*,#2495,.T.);
#854=ORIENTED_EDGE('',*,*,#2157,.T.);
#855=ORIENTED_EDGE('',*,*,#2128,.T.);
#856=ORIENTED_EDGE('',*,*,#2306,.F.);
#857=ORIENTED_EDGE('',*,*,#2456,.T.);
#858=ORIENTED_EDGE('',*,*,#2156,.T.);
#859=ORIENTED_EDGE('',*,*,#2457,.F.);
#860=ORIENTED_EDGE('',*,*,#2304,.F.);
#861=ORIENTED_EDGE('',*,*,#2126,.T.);
#862=ORIENTED_EDGE('',*,*,#2154,.T.);
#863=ORIENTED_EDGE('',*,*,#2496,.F.);
#864=ORIENTED_EDGE('',*,*,#2303,.F.);
#865=ORIENTED_EDGE('',*,*,#2458,.T.);
#866=ORIENTED_EDGE('',*,*,#2153,.T.);
#867=ORIENTED_EDGE('',*,*,#2497,.F.);
#868=ORIENTED_EDGE('',*,*,#2300,.F.);
#869=ORIENTED_EDGE('',*,*,#2496,.T.);
#870=ORIENTED_EDGE('',*,*,#2152,.T.);
#871=ORIENTED_EDGE('',*,*,#2459,.F.);
#872=ORIENTED_EDGE('',*,*,#2301,.F.);
#873=ORIENTED_EDGE('',*,*,#2497,.T.);
#874=ORIENTED_EDGE('',*,*,#2150,.T.);
#875=ORIENTED_EDGE('',*,*,#2122,.T.);
#876=ORIENTED_EDGE('',*,*,#2298,.F.);
#877=ORIENTED_EDGE('',*,*,#2460,.T.);
#878=ORIENTED_EDGE('',*,*,#2211,.T.);
#879=ORIENTED_EDGE('',*,*,#2118,.T.);
#880=ORIENTED_EDGE('',*,*,#2295,.F.);
#881=ORIENTED_EDGE('',*,*,#2484,.F.);
#882=ORIENTED_EDGE('',*,*,#2213,.T.);
#883=ORIENTED_EDGE('',*,*,#2483,.T.);
#884=ORIENTED_EDGE('',*,*,#2293,.F.);
#885=ORIENTED_EDGE('',*,*,#2498,.F.);
#886=ORIENTED_EDGE('',*,*,#2214,.T.);
#887=ORIENTED_EDGE('',*,*,#2498,.T.);
#888=ORIENTED_EDGE('',*,*,#2292,.F.);
#889=ORIENTED_EDGE('',*,*,#2499,.F.);
#890=ORIENTED_EDGE('',*,*,#2215,.T.);
#891=ORIENTED_EDGE('',*,*,#2499,.T.);
#892=ORIENTED_EDGE('',*,*,#2291,.F.);
#893=ORIENTED_EDGE('',*,*,#2482,.F.);
#894=ORIENTED_EDGE('',*,*,#2217,.T.);
#895=ORIENTED_EDGE('',*,*,#2481,.T.);
#896=ORIENTED_EDGE('',*,*,#2289,.F.);
#897=ORIENTED_EDGE('',*,*,#2116,.T.);
#898=ORIENTED_EDGE('',*,*,#2218,.T.);
#899=ORIENTED_EDGE('',*,*,#2114,.T.);
#900=ORIENTED_EDGE('',*,*,#2288,.F.);
#901=ORIENTED_EDGE('',*,*,#2480,.F.);
#902=ORIENTED_EDGE('',*,*,#2220,.T.);
#903=ORIENTED_EDGE('',*,*,#2479,.T.);
#904=ORIENTED_EDGE('',*,*,#2286,.F.);
#905=ORIENTED_EDGE('',*,*,#2500,.F.);
#906=ORIENTED_EDGE('',*,*,#2221,.T.);
#907=ORIENTED_EDGE('',*,*,#2500,.T.);
#908=ORIENTED_EDGE('',*,*,#2285,.F.);
#909=ORIENTED_EDGE('',*,*,#2501,.F.);
#910=ORIENTED_EDGE('',*,*,#2222,.T.);
#911=ORIENTED_EDGE('',*,*,#2501,.T.);
#912=ORIENTED_EDGE('',*,*,#2284,.F.);
#913=ORIENTED_EDGE('',*,*,#2478,.F.);
#914=ORIENTED_EDGE('',*,*,#2224,.T.);
#915=ORIENTED_EDGE('',*,*,#2477,.T.);
#916=ORIENTED_EDGE('',*,*,#2282,.F.);
#917=ORIENTED_EDGE('',*,*,#2112,.T.);
#918=ORIENTED_EDGE('',*,*,#2225,.T.);
#919=ORIENTED_EDGE('',*,*,#2110,.T.);
#920=ORIENTED_EDGE('',*,*,#2281,.F.);
#921=ORIENTED_EDGE('',*,*,#2476,.F.);
#922=ORIENTED_EDGE('',*,*,#2227,.T.);
#923=ORIENTED_EDGE('',*,*,#2475,.T.);
#924=ORIENTED_EDGE('',*,*,#2279,.F.);
#925=ORIENTED_EDGE('',*,*,#2502,.F.);
#926=ORIENTED_EDGE('',*,*,#2228,.T.);
#927=ORIENTED_EDGE('',*,*,#2502,.T.);
#928=ORIENTED_EDGE('',*,*,#2278,.F.);
#929=ORIENTED_EDGE('',*,*,#2503,.F.);
#930=ORIENTED_EDGE('',*,*,#2229,.T.);
#931=ORIENTED_EDGE('',*,*,#2503,.T.);
#932=ORIENTED_EDGE('',*,*,#2277,.F.);
#933=ORIENTED_EDGE('',*,*,#2474,.F.);
#934=ORIENTED_EDGE('',*,*,#2231,.T.);
#935=ORIENTED_EDGE('',*,*,#2473,.T.);
#936=ORIENTED_EDGE('',*,*,#2275,.F.);
#937=ORIENTED_EDGE('',*,*,#2108,.T.);
#938=ORIENTED_EDGE('',*,*,#2232,.T.);
#939=ORIENTED_EDGE('',*,*,#2106,.T.);
#940=ORIENTED_EDGE('',*,*,#2274,.F.);
#941=ORIENTED_EDGE('',*,*,#2472,.F.);
#942=ORIENTED_EDGE('',*,*,#2234,.T.);
#943=ORIENTED_EDGE('',*,*,#2471,.T.);
#944=ORIENTED_EDGE('',*,*,#2272,.F.);
#945=ORIENTED_EDGE('',*,*,#2504,.F.);
#946=ORIENTED_EDGE('',*,*,#2235,.T.);
#947=ORIENTED_EDGE('',*,*,#2504,.T.);
#948=ORIENTED_EDGE('',*,*,#2271,.F.);
#949=ORIENTED_EDGE('',*,*,#2505,.F.);
#950=ORIENTED_EDGE('',*,*,#2236,.T.);
#951=ORIENTED_EDGE('',*,*,#2505,.T.);
#952=ORIENTED_EDGE('',*,*,#2270,.F.);
#953=ORIENTED_EDGE('',*,*,#2470,.F.);
#954=ORIENTED_EDGE('',*,*,#2238,.T.);
#955=ORIENTED_EDGE('',*,*,#2469,.T.);
#956=ORIENTED_EDGE('',*,*,#2268,.F.);
#957=ORIENTED_EDGE('',*,*,#2104,.T.);
#958=ORIENTED_EDGE('',*,*,#2239,.T.);
#959=ORIENTED_EDGE('',*,*,#2102,.T.);
#960=ORIENTED_EDGE('',*,*,#2267,.F.);
#961=ORIENTED_EDGE('',*,*,#2468,.F.);
#962=ORIENTED_EDGE('',*,*,#2241,.T.);
#963=ORIENTED_EDGE('',*,*,#2467,.T.);
#964=ORIENTED_EDGE('',*,*,#2265,.F.);
#965=ORIENTED_EDGE('',*,*,#2506,.F.);
#966=ORIENTED_EDGE('',*,*,#2242,.T.);
#967=ORIENTED_EDGE('',*,*,#2506,.T.);
#968=ORIENTED_EDGE('',*,*,#2264,.F.);
#969=ORIENTED_EDGE('',*,*,#2507,.F.);
#970=ORIENTED_EDGE('',*,*,#2243,.T.);
#971=ORIENTED_EDGE('',*,*,#2507,.T.);
#972=ORIENTED_EDGE('',*,*,#2263,.F.);
#973=ORIENTED_EDGE('',*,*,#2466,.F.);
#974=ORIENTED_EDGE('',*,*,#2245,.T.);
#975=ORIENTED_EDGE('',*,*,#2465,.T.);
#976=ORIENTED_EDGE('',*,*,#2261,.F.);
#977=ORIENTED_EDGE('',*,*,#2100,.T.);
#978=ORIENTED_EDGE('',*,*,#2207,.T.);
#979=ORIENTED_EDGE('',*,*,#2461,.T.);
#980=ORIENTED_EDGE('',*,*,#2252,.F.);
#981=ORIENTED_EDGE('',*,*,#2094,.T.);
#982=ORIENTED_EDGE('',*,*,#2250,.T.);
#983=ORIENTED_EDGE('',*,*,#2508,.T.);
#984=ORIENTED_EDGE('',*,*,#2256,.F.);
#985=ORIENTED_EDGE('',*,*,#2462,.F.);
#986=ORIENTED_EDGE('',*,*,#2249,.T.);
#987=ORIENTED_EDGE('',*,*,#2509,.T.);
#988=ORIENTED_EDGE('',*,*,#2257,.F.);
#989=ORIENTED_EDGE('',*,*,#2508,.F.);
#990=ORIENTED_EDGE('',*,*,#2248,.T.);
#991=ORIENTED_EDGE('',*,*,#2463,.T.);
#992=ORIENTED_EDGE('',*,*,#2258,.F.);
#993=ORIENTED_EDGE('',*,*,#2509,.F.);
#994=ORIENTED_EDGE('',*,*,#2246,.T.);
#995=ORIENTED_EDGE('',*,*,#2098,.T.);
#996=ORIENTED_EDGE('',*,*,#2260,.F.);
#997=ORIENTED_EDGE('',*,*,#2464,.F.);
#998=ORIENTED_EDGE('',*,*,#2510,.F.);
#999=ORIENTED_EDGE('',*,*,#2511,.F.);
#1000=ORIENTED_EDGE('',*,*,#2512,.T.);
#1001=ORIENTED_EDGE('',*,*,#2513,.T.);
#1002=ORIENTED_EDGE('',*,*,#2430,.T.);
#1003=ORIENTED_EDGE('',*,*,#2514,.F.);
#1004=ORIENTED_EDGE('',*,*,#2512,.F.);
#1005=ORIENTED_EDGE('',*,*,#2515,.F.);
#1006=ORIENTED_EDGE('',*,*,#2516,.T.);
#1007=ORIENTED_EDGE('',*,*,#2510,.T.);
#1008=ORIENTED_EDGE('',*,*,#2517,.T.);
#1009=ORIENTED_EDGE('',*,*,#2432,.F.);
#1010=ORIENTED_EDGE('',*,*,#2517,.F.);
#1011=ORIENTED_EDGE('',*,*,#2513,.F.);
#1012=ORIENTED_EDGE('',*,*,#2514,.T.);
#1013=ORIENTED_EDGE('',*,*,#2433,.F.);
#1014=ORIENTED_EDGE('',*,*,#2516,.F.);
#1015=ORIENTED_EDGE('',*,*,#2431,.F.);
#1016=ORIENTED_EDGE('',*,*,#2515,.T.);
#1017=ORIENTED_EDGE('',*,*,#2511,.T.);
#1018=ORIENTED_EDGE('',*,*,#2518,.F.);
#1019=ORIENTED_EDGE('',*,*,#2519,.F.);
#1020=ORIENTED_EDGE('',*,*,#2520,.T.);
#1021=ORIENTED_EDGE('',*,*,#2521,.T.);
#1022=ORIENTED_EDGE('',*,*,#2426,.T.);
#1023=ORIENTED_EDGE('',*,*,#2522,.F.);
#1024=ORIENTED_EDGE('',*,*,#2520,.F.);
#1025=ORIENTED_EDGE('',*,*,#2523,.F.);
#1026=ORIENTED_EDGE('',*,*,#2524,.T.);
#1027=ORIENTED_EDGE('',*,*,#2518,.T.);
#1028=ORIENTED_EDGE('',*,*,#2525,.T.);
#1029=ORIENTED_EDGE('',*,*,#2428,.F.);
#1030=ORIENTED_EDGE('',*,*,#2525,.F.);
#1031=ORIENTED_EDGE('',*,*,#2521,.F.);
#1032=ORIENTED_EDGE('',*,*,#2522,.T.);
#1033=ORIENTED_EDGE('',*,*,#2429,.T.);
#1034=ORIENTED_EDGE('',*,*,#2524,.F.);
#1035=ORIENTED_EDGE('',*,*,#2427,.F.);
#1036=ORIENTED_EDGE('',*,*,#2523,.T.);
#1037=ORIENTED_EDGE('',*,*,#2519,.T.);
#1038=ORIENTED_EDGE('',*,*,#2526,.F.);
#1039=ORIENTED_EDGE('',*,*,#2527,.F.);
#1040=ORIENTED_EDGE('',*,*,#2528,.T.);
#1041=ORIENTED_EDGE('',*,*,#2529,.T.);
#1042=ORIENTED_EDGE('',*,*,#2422,.T.);
#1043=ORIENTED_EDGE('',*,*,#2530,.F.);
#1044=ORIENTED_EDGE('',*,*,#2528,.F.);
#1045=ORIENTED_EDGE('',*,*,#2531,.F.);
#1046=ORIENTED_EDGE('',*,*,#2532,.T.);
#1047=ORIENTED_EDGE('',*,*,#2526,.T.);
#1048=ORIENTED_EDGE('',*,*,#2533,.T.);
#1049=ORIENTED_EDGE('',*,*,#2424,.F.);
#1050=ORIENTED_EDGE('',*,*,#2533,.F.);
#1051=ORIENTED_EDGE('',*,*,#2529,.F.);
#1052=ORIENTED_EDGE('',*,*,#2530,.T.);
#1053=ORIENTED_EDGE('',*,*,#2425,.T.);
#1054=ORIENTED_EDGE('',*,*,#2532,.F.);
#1055=ORIENTED_EDGE('',*,*,#2423,.F.);
#1056=ORIENTED_EDGE('',*,*,#2531,.T.);
#1057=ORIENTED_EDGE('',*,*,#2527,.T.);
#1058=ORIENTED_EDGE('',*,*,#2534,.F.);
#1059=ORIENTED_EDGE('',*,*,#2535,.F.);
#1060=ORIENTED_EDGE('',*,*,#2536,.T.);
#1061=ORIENTED_EDGE('',*,*,#2537,.T.);
#1062=ORIENTED_EDGE('',*,*,#2418,.T.);
#1063=ORIENTED_EDGE('',*,*,#2538,.F.);
#1064=ORIENTED_EDGE('',*,*,#2536,.F.);
#1065=ORIENTED_EDGE('',*,*,#2539,.F.);
#1066=ORIENTED_EDGE('',*,*,#2540,.T.);
#1067=ORIENTED_EDGE('',*,*,#2534,.T.);
#1068=ORIENTED_EDGE('',*,*,#2541,.T.);
#1069=ORIENTED_EDGE('',*,*,#2420,.F.);
#1070=ORIENTED_EDGE('',*,*,#2541,.F.);
#1071=ORIENTED_EDGE('',*,*,#2537,.F.);
#1072=ORIENTED_EDGE('',*,*,#2538,.T.);
#1073=ORIENTED_EDGE('',*,*,#2421,.T.);
#1074=ORIENTED_EDGE('',*,*,#2540,.F.);
#1075=ORIENTED_EDGE('',*,*,#2419,.F.);
#1076=ORIENTED_EDGE('',*,*,#2539,.T.);
#1077=ORIENTED_EDGE('',*,*,#2535,.T.);
#1078=ORIENTED_EDGE('',*,*,#2434,.T.);
#1079=ORIENTED_EDGE('',*,*,#2542,.F.);
#1080=ORIENTED_EDGE('',*,*,#2543,.F.);
#1081=ORIENTED_EDGE('',*,*,#2544,.F.);
#1082=ORIENTED_EDGE('',*,*,#2545,.T.);
#1083=ORIENTED_EDGE('',*,*,#2546,.T.);
#1084=ORIENTED_EDGE('',*,*,#2547,.T.);
#1085=ORIENTED_EDGE('',*,*,#2436,.F.);
#1086=ORIENTED_EDGE('',*,*,#2544,.T.);
#1087=ORIENTED_EDGE('',*,*,#2548,.T.);
#1088=ORIENTED_EDGE('',*,*,#2545,.F.);
#1089=ORIENTED_EDGE('',*,*,#2435,.F.);
#1090=ORIENTED_EDGE('',*,*,#2546,.F.);
#1091=ORIENTED_EDGE('',*,*,#2548,.F.);
#1092=ORIENTED_EDGE('',*,*,#2543,.T.);
#1093=ORIENTED_EDGE('',*,*,#2549,.T.);
#1094=ORIENTED_EDGE('',*,*,#2547,.F.);
#1095=ORIENTED_EDGE('',*,*,#2549,.F.);
#1096=ORIENTED_EDGE('',*,*,#2542,.T.);
#1097=ORIENTED_EDGE('',*,*,#2437,.T.);
#1098=ORIENTED_EDGE('',*,*,#2206,.F.);
#1099=ORIENTED_EDGE('',*,*,#2205,.F.);
#1100=ORIENTED_EDGE('',*,*,#2204,.F.);
#1101=ORIENTED_EDGE('',*,*,#2203,.F.);
#1102=ORIENTED_EDGE('',*,*,#2202,.F.);
#1103=ORIENTED_EDGE('',*,*,#2201,.F.);
#1104=ORIENTED_EDGE('',*,*,#2200,.F.);
#1105=ORIENTED_EDGE('',*,*,#2199,.F.);
#1106=ORIENTED_EDGE('',*,*,#2198,.F.);
#1107=ORIENTED_EDGE('',*,*,#2197,.F.);
#1108=ORIENTED_EDGE('',*,*,#2196,.F.);
#1109=ORIENTED_EDGE('',*,*,#2195,.F.);
#1110=ORIENTED_EDGE('',*,*,#2550,.F.);
#1111=ORIENTED_EDGE('',*,*,#2551,.F.);
#1112=ORIENTED_EDGE('',*,*,#2552,.F.);
#1113=ORIENTED_EDGE('',*,*,#2553,.F.);
#1114=ORIENTED_EDGE('',*,*,#2554,.F.);
#1115=ORIENTED_EDGE('',*,*,#2555,.F.);
#1116=ORIENTED_EDGE('',*,*,#2556,.F.);
#1117=ORIENTED_EDGE('',*,*,#2557,.F.);
#1118=ORIENTED_EDGE('',*,*,#2558,.F.);
#1119=ORIENTED_EDGE('',*,*,#2559,.F.);
#1120=ORIENTED_EDGE('',*,*,#2560,.F.);
#1121=ORIENTED_EDGE('',*,*,#2561,.F.);
#1122=ORIENTED_EDGE('',*,*,#2562,.F.);
#1123=ORIENTED_EDGE('',*,*,#2563,.F.);
#1124=ORIENTED_EDGE('',*,*,#2564,.F.);
#1125=ORIENTED_EDGE('',*,*,#2565,.F.);
#1126=ORIENTED_EDGE('',*,*,#2566,.F.);
#1127=ORIENTED_EDGE('',*,*,#2567,.F.);
#1128=ORIENTED_EDGE('',*,*,#2568,.F.);
#1129=ORIENTED_EDGE('',*,*,#2569,.F.);
#1130=ORIENTED_EDGE('',*,*,#2570,.F.);
#1131=ORIENTED_EDGE('',*,*,#2571,.T.);
#1132=ORIENTED_EDGE('',*,*,#2572,.F.);
#1133=ORIENTED_EDGE('',*,*,#2573,.F.);
#1134=ORIENTED_EDGE('',*,*,#2574,.F.);
#1135=ORIENTED_EDGE('',*,*,#2575,.T.);
#1136=ORIENTED_EDGE('',*,*,#2576,.F.);
#1137=ORIENTED_EDGE('',*,*,#2577,.F.);
#1138=ORIENTED_EDGE('',*,*,#2578,.F.);
#1139=ORIENTED_EDGE('',*,*,#2579,.T.);
#1140=ORIENTED_EDGE('',*,*,#2580,.F.);
#1141=ORIENTED_EDGE('',*,*,#2581,.F.);
#1142=ORIENTED_EDGE('',*,*,#2582,.F.);
#1143=ORIENTED_EDGE('',*,*,#2583,.T.);
#1144=ORIENTED_EDGE('',*,*,#2584,.F.);
#1145=ORIENTED_EDGE('',*,*,#2585,.F.);
#1146=ORIENTED_EDGE('',*,*,#2586,.F.);
#1147=ORIENTED_EDGE('',*,*,#2587,.T.);
#1148=ORIENTED_EDGE('',*,*,#2588,.F.);
#1149=ORIENTED_EDGE('',*,*,#2589,.F.);
#1150=ORIENTED_EDGE('',*,*,#2590,.F.);
#1151=ORIENTED_EDGE('',*,*,#2591,.T.);
#1152=ORIENTED_EDGE('',*,*,#2592,.T.);
#1153=ORIENTED_EDGE('',*,*,#2593,.F.);
#1154=ORIENTED_EDGE('',*,*,#2594,.F.);
#1155=ORIENTED_EDGE('',*,*,#2595,.T.);
#1156=ORIENTED_EDGE('',*,*,#2596,.T.);
#1157=ORIENTED_EDGE('',*,*,#2597,.F.);
#1158=ORIENTED_EDGE('',*,*,#2598,.F.);
#1159=ORIENTED_EDGE('',*,*,#2599,.F.);
#1160=ORIENTED_EDGE('',*,*,#2600,.F.);
#1161=ORIENTED_EDGE('',*,*,#2601,.F.);
#1162=ORIENTED_EDGE('',*,*,#2602,.F.);
#1163=ORIENTED_EDGE('',*,*,#2603,.F.);
#1164=ORIENTED_EDGE('',*,*,#2604,.F.);
#1165=ORIENTED_EDGE('',*,*,#2605,.F.);
#1166=ORIENTED_EDGE('',*,*,#2606,.F.);
#1167=ORIENTED_EDGE('',*,*,#2607,.F.);
#1168=ORIENTED_EDGE('',*,*,#2608,.F.);
#1169=ORIENTED_EDGE('',*,*,#2609,.F.);
#1170=ORIENTED_EDGE('',*,*,#2610,.F.);
#1171=ORIENTED_EDGE('',*,*,#2611,.F.);
#1172=ORIENTED_EDGE('',*,*,#2612,.F.);
#1173=ORIENTED_EDGE('',*,*,#2613,.F.);
#1174=ORIENTED_EDGE('',*,*,#2614,.F.);
#1175=ORIENTED_EDGE('',*,*,#2615,.F.);
#1176=ORIENTED_EDGE('',*,*,#2616,.F.);
#1177=ORIENTED_EDGE('',*,*,#2617,.F.);
#1178=ORIENTED_EDGE('',*,*,#2618,.F.);
#1179=ORIENTED_EDGE('',*,*,#2619,.T.);
#1180=ORIENTED_EDGE('',*,*,#2620,.F.);
#1181=ORIENTED_EDGE('',*,*,#2621,.F.);
#1182=ORIENTED_EDGE('',*,*,#2622,.F.);
#1183=ORIENTED_EDGE('',*,*,#2623,.T.);
#1184=ORIENTED_EDGE('',*,*,#2624,.F.);
#1185=ORIENTED_EDGE('',*,*,#2625,.F.);
#1186=ORIENTED_EDGE('',*,*,#2626,.F.);
#1187=ORIENTED_EDGE('',*,*,#2627,.T.);
#1188=ORIENTED_EDGE('',*,*,#2628,.F.);
#1189=ORIENTED_EDGE('',*,*,#2629,.F.);
#1190=ORIENTED_EDGE('',*,*,#2630,.F.);
#1191=ORIENTED_EDGE('',*,*,#2631,.T.);
#1192=ORIENTED_EDGE('',*,*,#2632,.F.);
#1193=ORIENTED_EDGE('',*,*,#2633,.F.);
#1194=ORIENTED_EDGE('',*,*,#2634,.F.);
#1195=ORIENTED_EDGE('',*,*,#2635,.T.);
#1196=ORIENTED_EDGE('',*,*,#2636,.F.);
#1197=ORIENTED_EDGE('',*,*,#2637,.F.);
#1198=ORIENTED_EDGE('',*,*,#2570,.T.);
#1199=ORIENTED_EDGE('',*,*,#2638,.F.);
#1200=ORIENTED_EDGE('',*,*,#2639,.T.);
#1201=ORIENTED_EDGE('',*,*,#2640,.T.);
#1202=ORIENTED_EDGE('',*,*,#2641,.T.);
#1203=ORIENTED_EDGE('',*,*,#2642,.F.);
#1204=ORIENTED_EDGE('',*,*,#2643,.T.);
#1205=ORIENTED_EDGE('',*,*,#2644,.F.);
#1206=ORIENTED_EDGE('',*,*,#2645,.T.);
#1207=ORIENTED_EDGE('',*,*,#2646,.T.);
#1208=ORIENTED_EDGE('',*,*,#2618,.T.);
#1209=ORIENTED_EDGE('',*,*,#2647,.T.);
#1210=ORIENTED_EDGE('',*,*,#2648,.T.);
#1211=ORIENTED_EDGE('',*,*,#2649,.F.);
#1212=ORIENTED_EDGE('',*,*,#2650,.T.);
#1213=ORIENTED_EDGE('',*,*,#2651,.T.);
#1214=ORIENTED_EDGE('',*,*,#2652,.T.);
#1215=ORIENTED_EDGE('',*,*,#2653,.T.);
#1216=ORIENTED_EDGE('',*,*,#2654,.T.);
#1217=ORIENTED_EDGE('',*,*,#2655,.F.);
#1218=ORIENTED_EDGE('',*,*,#2656,.T.);
#1219=ORIENTED_EDGE('',*,*,#2657,.F.);
#1220=ORIENTED_EDGE('',*,*,#2658,.F.);
#1221=ORIENTED_EDGE('',*,*,#2659,.F.);
#1222=ORIENTED_EDGE('',*,*,#2660,.T.);
#1223=ORIENTED_EDGE('',*,*,#2592,.F.);
#1224=ORIENTED_EDGE('',*,*,#2661,.T.);
#1225=ORIENTED_EDGE('',*,*,#2662,.F.);
#1226=ORIENTED_EDGE('',*,*,#2663,.F.);
#1227=ORIENTED_EDGE('',*,*,#2664,.F.);
#1228=ORIENTED_EDGE('',*,*,#2665,.F.);
#1229=ORIENTED_EDGE('',*,*,#2666,.F.);
#1230=ORIENTED_EDGE('',*,*,#2667,.T.);
#1231=ORIENTED_EDGE('',*,*,#2668,.F.);
#1232=ORIENTED_EDGE('',*,*,#2669,.F.);
#1233=ORIENTED_EDGE('',*,*,#2596,.F.);
#1234=ORIENTED_EDGE('',*,*,#2670,.F.);
#1235=ORIENTED_EDGE('',*,*,#2671,.F.);
#1236=ORIENTED_EDGE('',*,*,#2672,.T.);
#1237=ORIENTED_EDGE('',*,*,#2673,.F.);
#1238=ORIENTED_EDGE('',*,*,#2674,.F.);
#1239=ORIENTED_EDGE('',*,*,#2675,.T.);
#1240=ORIENTED_EDGE('',*,*,#2593,.T.);
#1241=ORIENTED_EDGE('',*,*,#2660,.F.);
#1242=ORIENTED_EDGE('',*,*,#2553,.T.);
#1243=ORIENTED_EDGE('',*,*,#2676,.T.);
#1244=ORIENTED_EDGE('',*,*,#2677,.F.);
#1245=ORIENTED_EDGE('',*,*,#2678,.T.);
#1246=ORIENTED_EDGE('',*,*,#2557,.T.);
#1247=ORIENTED_EDGE('',*,*,#2679,.T.);
#1248=ORIENTED_EDGE('',*,*,#2680,.F.);
#1249=ORIENTED_EDGE('',*,*,#2681,.T.);
#1250=ORIENTED_EDGE('',*,*,#2561,.T.);
#1251=ORIENTED_EDGE('',*,*,#2682,.T.);
#1252=ORIENTED_EDGE('',*,*,#2683,.F.);
#1253=ORIENTED_EDGE('',*,*,#2684,.T.);
#1254=ORIENTED_EDGE('',*,*,#2565,.T.);
#1255=ORIENTED_EDGE('',*,*,#2685,.T.);
#1256=ORIENTED_EDGE('',*,*,#2686,.F.);
#1257=ORIENTED_EDGE('',*,*,#2687,.T.);
#1258=ORIENTED_EDGE('',*,*,#2569,.T.);
#1259=ORIENTED_EDGE('',*,*,#2688,.T.);
#1260=ORIENTED_EDGE('',*,*,#2689,.F.);
#1261=ORIENTED_EDGE('',*,*,#2638,.T.);
#1262=ORIENTED_EDGE('',*,*,#2690,.F.);
#1263=ORIENTED_EDGE('',*,*,#2674,.T.);
#1264=ORIENTED_EDGE('',*,*,#2659,.T.);
#1265=ORIENTED_EDGE('',*,*,#2691,.F.);
#1266=ORIENTED_EDGE('',*,*,#2692,.F.);
#1267=ORIENTED_EDGE('',*,*,#2693,.F.);
#1268=ORIENTED_EDGE('',*,*,#2694,.F.);
#1269=ORIENTED_EDGE('',*,*,#2677,.T.);
#1270=ORIENTED_EDGE('',*,*,#2695,.F.);
#1271=ORIENTED_EDGE('',*,*,#2696,.F.);
#1272=ORIENTED_EDGE('',*,*,#2697,.F.);
#1273=ORIENTED_EDGE('',*,*,#2680,.T.);
#1274=ORIENTED_EDGE('',*,*,#2698,.F.);
#1275=ORIENTED_EDGE('',*,*,#2699,.F.);
#1276=ORIENTED_EDGE('',*,*,#2700,.F.);
#1277=ORIENTED_EDGE('',*,*,#2683,.T.);
#1278=ORIENTED_EDGE('',*,*,#2701,.F.);
#1279=ORIENTED_EDGE('',*,*,#2702,.F.);
#1280=ORIENTED_EDGE('',*,*,#2703,.F.);
#1281=ORIENTED_EDGE('',*,*,#2686,.T.);
#1282=ORIENTED_EDGE('',*,*,#2704,.F.);
#1283=ORIENTED_EDGE('',*,*,#2705,.F.);
#1284=ORIENTED_EDGE('',*,*,#2639,.F.);
#1285=ORIENTED_EDGE('',*,*,#2689,.T.);
#1286=ORIENTED_EDGE('',*,*,#2706,.F.);
#1287=ORIENTED_EDGE('',*,*,#2691,.T.);
#1288=ORIENTED_EDGE('',*,*,#2658,.T.);
#1289=ORIENTED_EDGE('',*,*,#2707,.F.);
#1290=ORIENTED_EDGE('',*,*,#2708,.F.);
#1291=ORIENTED_EDGE('',*,*,#2709,.F.);
#1292=ORIENTED_EDGE('',*,*,#2710,.F.);
#1293=ORIENTED_EDGE('',*,*,#2693,.T.);
#1294=ORIENTED_EDGE('',*,*,#2711,.F.);
#1295=ORIENTED_EDGE('',*,*,#2712,.F.);
#1296=ORIENTED_EDGE('',*,*,#2713,.F.);
#1297=ORIENTED_EDGE('',*,*,#2696,.T.);
#1298=ORIENTED_EDGE('',*,*,#2714,.F.);
#1299=ORIENTED_EDGE('',*,*,#2715,.F.);
#1300=ORIENTED_EDGE('',*,*,#2716,.F.);
#1301=ORIENTED_EDGE('',*,*,#2699,.T.);
#1302=ORIENTED_EDGE('',*,*,#2717,.F.);
#1303=ORIENTED_EDGE('',*,*,#2718,.F.);
#1304=ORIENTED_EDGE('',*,*,#2719,.F.);
#1305=ORIENTED_EDGE('',*,*,#2702,.T.);
#1306=ORIENTED_EDGE('',*,*,#2720,.F.);
#1307=ORIENTED_EDGE('',*,*,#2721,.F.);
#1308=ORIENTED_EDGE('',*,*,#2640,.F.);
#1309=ORIENTED_EDGE('',*,*,#2705,.T.);
#1310=ORIENTED_EDGE('',*,*,#2722,.F.);
#1311=ORIENTED_EDGE('',*,*,#2723,.F.);
#1312=ORIENTED_EDGE('',*,*,#2724,.F.);
#1313=ORIENTED_EDGE('',*,*,#2725,.F.);
#1314=ORIENTED_EDGE('',*,*,#2707,.T.);
#1315=ORIENTED_EDGE('',*,*,#2657,.T.);
#1316=ORIENTED_EDGE('',*,*,#2726,.F.);
#1317=ORIENTED_EDGE('',*,*,#2727,.F.);
#1318=ORIENTED_EDGE('',*,*,#2728,.F.);
#1319=ORIENTED_EDGE('',*,*,#2729,.F.);
#1320=ORIENTED_EDGE('',*,*,#2730,.F.);
#1321=ORIENTED_EDGE('',*,*,#2709,.T.);
#1322=ORIENTED_EDGE('',*,*,#2731,.F.);
#1323=ORIENTED_EDGE('',*,*,#2732,.F.);
#1324=ORIENTED_EDGE('',*,*,#2733,.F.);
#1325=ORIENTED_EDGE('',*,*,#2734,.F.);
#1326=ORIENTED_EDGE('',*,*,#2735,.F.);
#1327=ORIENTED_EDGE('',*,*,#2712,.T.);
#1328=ORIENTED_EDGE('',*,*,#2736,.F.);
#1329=ORIENTED_EDGE('',*,*,#2737,.F.);
#1330=ORIENTED_EDGE('',*,*,#2738,.F.);
#1331=ORIENTED_EDGE('',*,*,#2739,.F.);
#1332=ORIENTED_EDGE('',*,*,#2740,.F.);
#1333=ORIENTED_EDGE('',*,*,#2715,.T.);
#1334=ORIENTED_EDGE('',*,*,#2741,.F.);
#1335=ORIENTED_EDGE('',*,*,#2742,.F.);
#1336=ORIENTED_EDGE('',*,*,#2743,.F.);
#1337=ORIENTED_EDGE('',*,*,#2744,.F.);
#1338=ORIENTED_EDGE('',*,*,#2745,.F.);
#1339=ORIENTED_EDGE('',*,*,#2718,.T.);
#1340=ORIENTED_EDGE('',*,*,#2746,.F.);
#1341=ORIENTED_EDGE('',*,*,#2747,.F.);
#1342=ORIENTED_EDGE('',*,*,#2748,.F.);
#1343=ORIENTED_EDGE('',*,*,#2749,.F.);
#1344=ORIENTED_EDGE('',*,*,#2641,.F.);
#1345=ORIENTED_EDGE('',*,*,#2721,.T.);
#1346=ORIENTED_EDGE('',*,*,#2750,.F.);
#1347=ORIENTED_EDGE('',*,*,#2751,.F.);
#1348=ORIENTED_EDGE('',*,*,#2752,.T.);
#1349=ORIENTED_EDGE('',*,*,#2723,.T.);
#1350=ORIENTED_EDGE('',*,*,#2753,.F.);
#1351=ORIENTED_EDGE('',*,*,#2754,.F.);
#1352=ORIENTED_EDGE('',*,*,#2755,.T.);
#1353=ORIENTED_EDGE('',*,*,#2728,.T.);
#1354=ORIENTED_EDGE('',*,*,#2756,.F.);
#1355=ORIENTED_EDGE('',*,*,#2757,.F.);
#1356=ORIENTED_EDGE('',*,*,#2758,.T.);
#1357=ORIENTED_EDGE('',*,*,#2733,.T.);
#1358=ORIENTED_EDGE('',*,*,#2759,.F.);
#1359=ORIENTED_EDGE('',*,*,#2760,.F.);
#1360=ORIENTED_EDGE('',*,*,#2761,.T.);
#1361=ORIENTED_EDGE('',*,*,#2738,.T.);
#1362=ORIENTED_EDGE('',*,*,#2762,.F.);
#1363=ORIENTED_EDGE('',*,*,#2763,.F.);
#1364=ORIENTED_EDGE('',*,*,#2764,.T.);
#1365=ORIENTED_EDGE('',*,*,#2743,.T.);
#1366=ORIENTED_EDGE('',*,*,#2765,.F.);
#1367=ORIENTED_EDGE('',*,*,#2766,.F.);
#1368=ORIENTED_EDGE('',*,*,#2767,.T.);
#1369=ORIENTED_EDGE('',*,*,#2748,.T.);
#1370=ORIENTED_EDGE('',*,*,#2768,.F.);
#1371=ORIENTED_EDGE('',*,*,#2673,.T.);
#1372=ORIENTED_EDGE('',*,*,#2769,.F.);
#1373=ORIENTED_EDGE('',*,*,#2770,.F.);
#1374=ORIENTED_EDGE('',*,*,#2771,.F.);
#1375=ORIENTED_EDGE('',*,*,#2751,.T.);
#1376=ORIENTED_EDGE('',*,*,#2772,.F.);
#1377=ORIENTED_EDGE('',*,*,#2773,.F.);
#1378=ORIENTED_EDGE('',*,*,#2774,.F.);
#1379=ORIENTED_EDGE('',*,*,#2775,.F.);
#1380=ORIENTED_EDGE('',*,*,#2754,.T.);
#1381=ORIENTED_EDGE('',*,*,#2776,.F.);
#1382=ORIENTED_EDGE('',*,*,#2777,.F.);
#1383=ORIENTED_EDGE('',*,*,#2778,.F.);
#1384=ORIENTED_EDGE('',*,*,#2779,.F.);
#1385=ORIENTED_EDGE('',*,*,#2780,.F.);
#1386=ORIENTED_EDGE('',*,*,#2757,.T.);
#1387=ORIENTED_EDGE('',*,*,#2781,.F.);
#1388=ORIENTED_EDGE('',*,*,#2782,.F.);
#1389=ORIENTED_EDGE('',*,*,#2783,.F.);
#1390=ORIENTED_EDGE('',*,*,#2784,.F.);
#1391=ORIENTED_EDGE('',*,*,#2785,.F.);
#1392=ORIENTED_EDGE('',*,*,#2760,.T.);
#1393=ORIENTED_EDGE('',*,*,#2786,.F.);
#1394=ORIENTED_EDGE('',*,*,#2787,.F.);
#1395=ORIENTED_EDGE('',*,*,#2788,.F.);
#1396=ORIENTED_EDGE('',*,*,#2789,.F.);
#1397=ORIENTED_EDGE('',*,*,#2790,.F.);
#1398=ORIENTED_EDGE('',*,*,#2763,.T.);
#1399=ORIENTED_EDGE('',*,*,#2791,.F.);
#1400=ORIENTED_EDGE('',*,*,#2792,.F.);
#1401=ORIENTED_EDGE('',*,*,#2793,.F.);
#1402=ORIENTED_EDGE('',*,*,#2643,.F.);
#1403=ORIENTED_EDGE('',*,*,#2794,.F.);
#1404=ORIENTED_EDGE('',*,*,#2766,.T.);
#1405=ORIENTED_EDGE('',*,*,#2795,.F.);
#1406=ORIENTED_EDGE('',*,*,#2796,.F.);
#1407=ORIENTED_EDGE('',*,*,#2797,.T.);
#1408=ORIENTED_EDGE('',*,*,#2769,.T.);
#1409=ORIENTED_EDGE('',*,*,#2672,.F.);
#1410=ORIENTED_EDGE('',*,*,#2773,.T.);
#1411=ORIENTED_EDGE('',*,*,#2798,.T.);
#1412=ORIENTED_EDGE('',*,*,#2799,.F.);
#1413=ORIENTED_EDGE('',*,*,#2800,.T.);
#1414=ORIENTED_EDGE('',*,*,#2778,.T.);
#1415=ORIENTED_EDGE('',*,*,#2801,.T.);
#1416=ORIENTED_EDGE('',*,*,#2802,.F.);
#1417=ORIENTED_EDGE('',*,*,#2803,.T.);
#1418=ORIENTED_EDGE('',*,*,#2783,.T.);
#1419=ORIENTED_EDGE('',*,*,#2804,.T.);
#1420=ORIENTED_EDGE('',*,*,#2805,.F.);
#1421=ORIENTED_EDGE('',*,*,#2806,.T.);
#1422=ORIENTED_EDGE('',*,*,#2788,.T.);
#1423=ORIENTED_EDGE('',*,*,#2807,.T.);
#1424=ORIENTED_EDGE('',*,*,#2808,.F.);
#1425=ORIENTED_EDGE('',*,*,#2809,.T.);
#1426=ORIENTED_EDGE('',*,*,#2793,.T.);
#1427=ORIENTED_EDGE('',*,*,#2810,.T.);
#1428=ORIENTED_EDGE('',*,*,#2811,.F.);
#1429=ORIENTED_EDGE('',*,*,#2644,.T.);
#1430=ORIENTED_EDGE('',*,*,#2812,.F.);
#1431=ORIENTED_EDGE('',*,*,#2796,.T.);
#1432=ORIENTED_EDGE('',*,*,#2671,.T.);
#1433=ORIENTED_EDGE('',*,*,#2813,.F.);
#1434=ORIENTED_EDGE('',*,*,#2814,.F.);
#1435=ORIENTED_EDGE('',*,*,#2815,.F.);
#1436=ORIENTED_EDGE('',*,*,#2816,.F.);
#1437=ORIENTED_EDGE('',*,*,#2799,.T.);
#1438=ORIENTED_EDGE('',*,*,#2817,.F.);
#1439=ORIENTED_EDGE('',*,*,#2818,.F.);
#1440=ORIENTED_EDGE('',*,*,#2819,.F.);
#1441=ORIENTED_EDGE('',*,*,#2802,.T.);
#1442=ORIENTED_EDGE('',*,*,#2820,.F.);
#1443=ORIENTED_EDGE('',*,*,#2821,.F.);
#1444=ORIENTED_EDGE('',*,*,#2822,.F.);
#1445=ORIENTED_EDGE('',*,*,#2805,.T.);
#1446=ORIENTED_EDGE('',*,*,#2823,.F.);
#1447=ORIENTED_EDGE('',*,*,#2824,.F.);
#1448=ORIENTED_EDGE('',*,*,#2825,.F.);
#1449=ORIENTED_EDGE('',*,*,#2808,.T.);
#1450=ORIENTED_EDGE('',*,*,#2826,.F.);
#1451=ORIENTED_EDGE('',*,*,#2827,.F.);
#1452=ORIENTED_EDGE('',*,*,#2645,.F.);
#1453=ORIENTED_EDGE('',*,*,#2811,.T.);
#1454=ORIENTED_EDGE('',*,*,#2828,.F.);
#1455=ORIENTED_EDGE('',*,*,#2813,.T.);
#1456=ORIENTED_EDGE('',*,*,#2670,.T.);
#1457=ORIENTED_EDGE('',*,*,#2595,.F.);
#1458=ORIENTED_EDGE('',*,*,#2829,.F.);
#1459=ORIENTED_EDGE('',*,*,#2635,.F.);
#1460=ORIENTED_EDGE('',*,*,#2830,.F.);
#1461=ORIENTED_EDGE('',*,*,#2815,.T.);
#1462=ORIENTED_EDGE('',*,*,#2831,.F.);
#1463=ORIENTED_EDGE('',*,*,#2631,.F.);
#1464=ORIENTED_EDGE('',*,*,#2832,.F.);
#1465=ORIENTED_EDGE('',*,*,#2818,.T.);
#1466=ORIENTED_EDGE('',*,*,#2833,.F.);
#1467=ORIENTED_EDGE('',*,*,#2627,.F.);
#1468=ORIENTED_EDGE('',*,*,#2834,.F.);
#1469=ORIENTED_EDGE('',*,*,#2821,.T.);
#1470=ORIENTED_EDGE('',*,*,#2835,.F.);
#1471=ORIENTED_EDGE('',*,*,#2623,.F.);
#1472=ORIENTED_EDGE('',*,*,#2836,.F.);
#1473=ORIENTED_EDGE('',*,*,#2824,.T.);
#1474=ORIENTED_EDGE('',*,*,#2837,.F.);
#1475=ORIENTED_EDGE('',*,*,#2619,.F.);
#1476=ORIENTED_EDGE('',*,*,#2646,.F.);
#1477=ORIENTED_EDGE('',*,*,#2827,.T.);
#1478=ORIENTED_EDGE('',*,*,#2838,.F.);
#1479=ORIENTED_EDGE('',*,*,#2839,.F.);
#1480=ORIENTED_EDGE('',*,*,#2840,.F.);
#1481=ORIENTED_EDGE('',*,*,#2841,.F.);
#1482=ORIENTED_EDGE('',*,*,#2842,.T.);
#1483=ORIENTED_EDGE('',*,*,#2666,.T.);
#1484=ORIENTED_EDGE('',*,*,#2843,.F.);
#1485=ORIENTED_EDGE('',*,*,#2650,.F.);
#1486=ORIENTED_EDGE('',*,*,#2844,.T.);
#1487=ORIENTED_EDGE('',*,*,#2845,.F.);
#1488=ORIENTED_EDGE('',*,*,#2846,.F.);
#1489=ORIENTED_EDGE('',*,*,#2847,.F.);
#1490=ORIENTED_EDGE('',*,*,#2848,.F.);
#1491=ORIENTED_EDGE('',*,*,#2849,.T.);
#1492=ORIENTED_EDGE('',*,*,#2850,.F.);
#1493=ORIENTED_EDGE('',*,*,#2851,.F.);
#1494=ORIENTED_EDGE('',*,*,#2852,.F.);
#1495=ORIENTED_EDGE('',*,*,#2853,.F.);
#1496=ORIENTED_EDGE('',*,*,#2854,.F.);
#1497=ORIENTED_EDGE('',*,*,#2855,.T.);
#1498=ORIENTED_EDGE('',*,*,#2856,.F.);
#1499=ORIENTED_EDGE('',*,*,#2857,.F.);
#1500=ORIENTED_EDGE('',*,*,#2858,.F.);
#1501=ORIENTED_EDGE('',*,*,#2859,.F.);
#1502=ORIENTED_EDGE('',*,*,#2860,.F.);
#1503=ORIENTED_EDGE('',*,*,#2861,.T.);
#1504=ORIENTED_EDGE('',*,*,#2862,.F.);
#1505=ORIENTED_EDGE('',*,*,#2863,.F.);
#1506=ORIENTED_EDGE('',*,*,#2864,.F.);
#1507=ORIENTED_EDGE('',*,*,#2865,.F.);
#1508=ORIENTED_EDGE('',*,*,#2866,.F.);
#1509=ORIENTED_EDGE('',*,*,#2867,.T.);
#1510=ORIENTED_EDGE('',*,*,#2868,.F.);
#1511=ORIENTED_EDGE('',*,*,#2869,.F.);
#1512=ORIENTED_EDGE('',*,*,#2870,.F.);
#1513=ORIENTED_EDGE('',*,*,#2871,.F.);
#1514=ORIENTED_EDGE('',*,*,#2872,.T.);
#1515=ORIENTED_EDGE('',*,*,#2873,.F.);
#1516=ORIENTED_EDGE('',*,*,#2874,.F.);
#1517=ORIENTED_EDGE('',*,*,#2839,.T.);
#1518=ORIENTED_EDGE('',*,*,#2875,.F.);
#1519=ORIENTED_EDGE('',*,*,#2847,.T.);
#1520=ORIENTED_EDGE('',*,*,#2876,.T.);
#1521=ORIENTED_EDGE('',*,*,#2877,.F.);
#1522=ORIENTED_EDGE('',*,*,#2878,.F.);
#1523=ORIENTED_EDGE('',*,*,#2852,.T.);
#1524=ORIENTED_EDGE('',*,*,#2879,.T.);
#1525=ORIENTED_EDGE('',*,*,#2880,.F.);
#1526=ORIENTED_EDGE('',*,*,#2881,.F.);
#1527=ORIENTED_EDGE('',*,*,#2858,.T.);
#1528=ORIENTED_EDGE('',*,*,#2882,.T.);
#1529=ORIENTED_EDGE('',*,*,#2883,.F.);
#1530=ORIENTED_EDGE('',*,*,#2884,.F.);
#1531=ORIENTED_EDGE('',*,*,#2864,.T.);
#1532=ORIENTED_EDGE('',*,*,#2885,.T.);
#1533=ORIENTED_EDGE('',*,*,#2886,.F.);
#1534=ORIENTED_EDGE('',*,*,#2887,.F.);
#1535=ORIENTED_EDGE('',*,*,#2870,.T.);
#1536=ORIENTED_EDGE('',*,*,#2888,.T.);
#1537=ORIENTED_EDGE('',*,*,#2889,.F.);
#1538=ORIENTED_EDGE('',*,*,#2890,.F.);
#1539=ORIENTED_EDGE('',*,*,#2664,.T.);
#1540=ORIENTED_EDGE('',*,*,#2891,.F.);
#1541=ORIENTED_EDGE('',*,*,#2892,.F.);
#1542=ORIENTED_EDGE('',*,*,#2893,.F.);
#1543=ORIENTED_EDGE('',*,*,#2873,.T.);
#1544=ORIENTED_EDGE('',*,*,#2894,.F.);
#1545=ORIENTED_EDGE('',*,*,#2877,.T.);
#1546=ORIENTED_EDGE('',*,*,#2895,.F.);
#1547=ORIENTED_EDGE('',*,*,#2896,.F.);
#1548=ORIENTED_EDGE('',*,*,#2897,.F.);
#1549=ORIENTED_EDGE('',*,*,#2652,.F.);
#1550=ORIENTED_EDGE('',*,*,#2898,.F.);
#1551=ORIENTED_EDGE('',*,*,#2899,.F.);
#1552=ORIENTED_EDGE('',*,*,#2880,.T.);
#1553=ORIENTED_EDGE('',*,*,#2900,.F.);
#1554=ORIENTED_EDGE('',*,*,#2901,.F.);
#1555=ORIENTED_EDGE('',*,*,#2902,.F.);
#1556=ORIENTED_EDGE('',*,*,#2903,.F.);
#1557=ORIENTED_EDGE('',*,*,#2904,.F.);
#1558=ORIENTED_EDGE('',*,*,#2883,.T.);
#1559=ORIENTED_EDGE('',*,*,#2905,.F.);
#1560=ORIENTED_EDGE('',*,*,#2906,.F.);
#1561=ORIENTED_EDGE('',*,*,#2907,.F.);
#1562=ORIENTED_EDGE('',*,*,#2908,.F.);
#1563=ORIENTED_EDGE('',*,*,#2909,.F.);
#1564=ORIENTED_EDGE('',*,*,#2886,.T.);
#1565=ORIENTED_EDGE('',*,*,#2910,.F.);
#1566=ORIENTED_EDGE('',*,*,#2911,.F.);
#1567=ORIENTED_EDGE('',*,*,#2912,.F.);
#1568=ORIENTED_EDGE('',*,*,#2913,.F.);
#1569=ORIENTED_EDGE('',*,*,#2914,.F.);
#1570=ORIENTED_EDGE('',*,*,#2889,.T.);
#1571=ORIENTED_EDGE('',*,*,#2915,.F.);
#1572=ORIENTED_EDGE('',*,*,#2916,.F.);
#1573=ORIENTED_EDGE('',*,*,#2917,.F.);
#1574=ORIENTED_EDGE('',*,*,#2918,.F.);
#1575=ORIENTED_EDGE('',*,*,#2919,.F.);
#1576=ORIENTED_EDGE('',*,*,#2653,.F.);
#1577=ORIENTED_EDGE('',*,*,#2897,.T.);
#1578=ORIENTED_EDGE('',*,*,#2920,.F.);
#1579=ORIENTED_EDGE('',*,*,#2902,.T.);
#1580=ORIENTED_EDGE('',*,*,#2921,.F.);
#1581=ORIENTED_EDGE('',*,*,#2922,.F.);
#1582=ORIENTED_EDGE('',*,*,#2923,.F.);
#1583=ORIENTED_EDGE('',*,*,#2907,.T.);
#1584=ORIENTED_EDGE('',*,*,#2924,.F.);
#1585=ORIENTED_EDGE('',*,*,#2925,.F.);
#1586=ORIENTED_EDGE('',*,*,#2926,.F.);
#1587=ORIENTED_EDGE('',*,*,#2912,.T.);
#1588=ORIENTED_EDGE('',*,*,#2927,.F.);
#1589=ORIENTED_EDGE('',*,*,#2928,.F.);
#1590=ORIENTED_EDGE('',*,*,#2929,.F.);
#1591=ORIENTED_EDGE('',*,*,#2917,.T.);
#1592=ORIENTED_EDGE('',*,*,#2930,.F.);
#1593=ORIENTED_EDGE('',*,*,#2931,.F.);
#1594=ORIENTED_EDGE('',*,*,#2932,.F.);
#1595=ORIENTED_EDGE('',*,*,#2891,.T.);
#1596=ORIENTED_EDGE('',*,*,#2663,.T.);
#1597=ORIENTED_EDGE('',*,*,#2933,.F.);
#1598=ORIENTED_EDGE('',*,*,#2934,.F.);
#1599=ORIENTED_EDGE('',*,*,#2935,.F.);
#1600=ORIENTED_EDGE('',*,*,#2654,.F.);
#1601=ORIENTED_EDGE('',*,*,#2919,.T.);
#1602=ORIENTED_EDGE('',*,*,#2936,.F.);
#1603=ORIENTED_EDGE('',*,*,#2922,.T.);
#1604=ORIENTED_EDGE('',*,*,#2937,.F.);
#1605=ORIENTED_EDGE('',*,*,#2938,.F.);
#1606=ORIENTED_EDGE('',*,*,#2939,.F.);
#1607=ORIENTED_EDGE('',*,*,#2925,.T.);
#1608=ORIENTED_EDGE('',*,*,#2940,.F.);
#1609=ORIENTED_EDGE('',*,*,#2941,.F.);
#1610=ORIENTED_EDGE('',*,*,#2942,.F.);
#1611=ORIENTED_EDGE('',*,*,#2928,.T.);
#1612=ORIENTED_EDGE('',*,*,#2943,.F.);
#1613=ORIENTED_EDGE('',*,*,#2944,.F.);
#1614=ORIENTED_EDGE('',*,*,#2945,.F.);
#1615=ORIENTED_EDGE('',*,*,#2931,.T.);
#1616=ORIENTED_EDGE('',*,*,#2946,.F.);
#1617=ORIENTED_EDGE('',*,*,#2947,.F.);
#1618=ORIENTED_EDGE('',*,*,#2948,.F.);
#1619=ORIENTED_EDGE('',*,*,#2933,.T.);
#1620=ORIENTED_EDGE('',*,*,#2662,.T.);
#1621=ORIENTED_EDGE('',*,*,#2949,.F.);
#1622=ORIENTED_EDGE('',*,*,#2935,.T.);
#1623=ORIENTED_EDGE('',*,*,#2950,.T.);
#1624=ORIENTED_EDGE('',*,*,#2571,.F.);
#1625=ORIENTED_EDGE('',*,*,#2655,.T.);
#1626=ORIENTED_EDGE('',*,*,#2575,.F.);
#1627=ORIENTED_EDGE('',*,*,#2951,.T.);
#1628=ORIENTED_EDGE('',*,*,#2938,.T.);
#1629=ORIENTED_EDGE('',*,*,#2952,.T.);
#1630=ORIENTED_EDGE('',*,*,#2579,.F.);
#1631=ORIENTED_EDGE('',*,*,#2953,.T.);
#1632=ORIENTED_EDGE('',*,*,#2941,.T.);
#1633=ORIENTED_EDGE('',*,*,#2954,.T.);
#1634=ORIENTED_EDGE('',*,*,#2583,.F.);
#1635=ORIENTED_EDGE('',*,*,#2955,.T.);
#1636=ORIENTED_EDGE('',*,*,#2944,.T.);
#1637=ORIENTED_EDGE('',*,*,#2956,.T.);
#1638=ORIENTED_EDGE('',*,*,#2587,.F.);
#1639=ORIENTED_EDGE('',*,*,#2957,.T.);
#1640=ORIENTED_EDGE('',*,*,#2947,.T.);
#1641=ORIENTED_EDGE('',*,*,#2958,.T.);
#1642=ORIENTED_EDGE('',*,*,#2591,.F.);
#1643=ORIENTED_EDGE('',*,*,#2959,.T.);
#1644=ORIENTED_EDGE('',*,*,#2949,.T.);
#1645=ORIENTED_EDGE('',*,*,#2661,.F.);
#1646=ORIENTED_EDGE('',*,*,#2960,.F.);
#1647=ORIENTED_EDGE('',*,*,#2961,.F.);
#1648=ORIENTED_EDGE('',*,*,#2647,.F.);
#1649=ORIENTED_EDGE('',*,*,#2617,.T.);
#1650=ORIENTED_EDGE('',*,*,#2962,.F.);
#1651=ORIENTED_EDGE('',*,*,#2613,.T.);
#1652=ORIENTED_EDGE('',*,*,#2963,.F.);
#1653=ORIENTED_EDGE('',*,*,#2964,.F.);
#1654=ORIENTED_EDGE('',*,*,#2965,.F.);
#1655=ORIENTED_EDGE('',*,*,#2609,.T.);
#1656=ORIENTED_EDGE('',*,*,#2966,.F.);
#1657=ORIENTED_EDGE('',*,*,#2967,.F.);
#1658=ORIENTED_EDGE('',*,*,#2968,.F.);
#1659=ORIENTED_EDGE('',*,*,#2605,.T.);
#1660=ORIENTED_EDGE('',*,*,#2969,.F.);
#1661=ORIENTED_EDGE('',*,*,#2970,.F.);
#1662=ORIENTED_EDGE('',*,*,#2971,.F.);
#1663=ORIENTED_EDGE('',*,*,#2601,.T.);
#1664=ORIENTED_EDGE('',*,*,#2972,.F.);
#1665=ORIENTED_EDGE('',*,*,#2973,.F.);
#1666=ORIENTED_EDGE('',*,*,#2974,.F.);
#1667=ORIENTED_EDGE('',*,*,#2597,.T.);
#1668=ORIENTED_EDGE('',*,*,#2669,.T.);
#1669=ORIENTED_EDGE('',*,*,#2975,.F.);
#1670=ORIENTED_EDGE('',*,*,#2976,.F.);
#1671=ORIENTED_EDGE('',*,*,#2977,.F.);
#1672=ORIENTED_EDGE('',*,*,#2648,.F.);
#1673=ORIENTED_EDGE('',*,*,#2961,.T.);
#1674=ORIENTED_EDGE('',*,*,#2978,.F.);
#1675=ORIENTED_EDGE('',*,*,#2964,.T.);
#1676=ORIENTED_EDGE('',*,*,#2979,.F.);
#1677=ORIENTED_EDGE('',*,*,#2980,.F.);
#1678=ORIENTED_EDGE('',*,*,#2981,.F.);
#1679=ORIENTED_EDGE('',*,*,#2967,.T.);
#1680=ORIENTED_EDGE('',*,*,#2982,.F.);
#1681=ORIENTED_EDGE('',*,*,#2983,.F.);
#1682=ORIENTED_EDGE('',*,*,#2984,.F.);
#1683=ORIENTED_EDGE('',*,*,#2970,.T.);
#1684=ORIENTED_EDGE('',*,*,#2985,.F.);
#1685=ORIENTED_EDGE('',*,*,#2986,.F.);
#1686=ORIENTED_EDGE('',*,*,#2987,.F.);
#1687=ORIENTED_EDGE('',*,*,#2973,.T.);
#1688=ORIENTED_EDGE('',*,*,#2988,.F.);
#1689=ORIENTED_EDGE('',*,*,#2989,.F.);
#1690=ORIENTED_EDGE('',*,*,#2990,.F.);
#1691=ORIENTED_EDGE('',*,*,#2975,.T.);
#1692=ORIENTED_EDGE('',*,*,#2668,.T.);
#1693=ORIENTED_EDGE('',*,*,#2991,.F.);
#1694=ORIENTED_EDGE('',*,*,#2977,.T.);
#1695=ORIENTED_EDGE('',*,*,#2992,.T.);
#1696=ORIENTED_EDGE('',*,*,#2844,.F.);
#1697=ORIENTED_EDGE('',*,*,#2649,.T.);
#1698=ORIENTED_EDGE('',*,*,#2849,.F.);
#1699=ORIENTED_EDGE('',*,*,#2993,.T.);
#1700=ORIENTED_EDGE('',*,*,#2980,.T.);
#1701=ORIENTED_EDGE('',*,*,#2994,.T.);
#1702=ORIENTED_EDGE('',*,*,#2855,.F.);
#1703=ORIENTED_EDGE('',*,*,#2995,.T.);
#1704=ORIENTED_EDGE('',*,*,#2983,.T.);
#1705=ORIENTED_EDGE('',*,*,#2996,.T.);
#1706=ORIENTED_EDGE('',*,*,#2861,.F.);
#1707=ORIENTED_EDGE('',*,*,#2997,.T.);
#1708=ORIENTED_EDGE('',*,*,#2986,.T.);
#1709=ORIENTED_EDGE('',*,*,#2998,.T.);
#1710=ORIENTED_EDGE('',*,*,#2867,.F.);
#1711=ORIENTED_EDGE('',*,*,#2999,.T.);
#1712=ORIENTED_EDGE('',*,*,#2989,.T.);
#1713=ORIENTED_EDGE('',*,*,#3000,.T.);
#1714=ORIENTED_EDGE('',*,*,#2842,.F.);
#1715=ORIENTED_EDGE('',*,*,#3001,.T.);
#1716=ORIENTED_EDGE('',*,*,#2991,.T.);
#1717=ORIENTED_EDGE('',*,*,#2667,.F.);
#1718=ORIENTED_EDGE('',*,*,#2838,.T.);
#1719=ORIENTED_EDGE('',*,*,#2665,.T.);
#1720=ORIENTED_EDGE('',*,*,#2890,.T.);
#1721=ORIENTED_EDGE('',*,*,#2872,.F.);
#1722=ORIENTED_EDGE('',*,*,#2843,.T.);
#1723=ORIENTED_EDGE('',*,*,#2875,.T.);
#1724=ORIENTED_EDGE('',*,*,#2894,.T.);
#1725=ORIENTED_EDGE('',*,*,#2651,.F.);
#1726=ORIENTED_EDGE('',*,*,#2916,.T.);
#1727=ORIENTED_EDGE('',*,*,#3002,.F.);
#1728=ORIENTED_EDGE('',*,*,#2868,.T.);
#1729=ORIENTED_EDGE('',*,*,#3000,.F.);
#1730=ORIENTED_EDGE('',*,*,#2988,.T.);
#1731=ORIENTED_EDGE('',*,*,#2972,.T.);
#1732=ORIENTED_EDGE('',*,*,#2600,.T.);
#1733=ORIENTED_EDGE('',*,*,#3003,.T.);
#1734=ORIENTED_EDGE('',*,*,#2588,.T.);
#1735=ORIENTED_EDGE('',*,*,#2958,.F.);
#1736=ORIENTED_EDGE('',*,*,#2946,.T.);
#1737=ORIENTED_EDGE('',*,*,#2930,.T.);
#1738=ORIENTED_EDGE('',*,*,#2892,.T.);
#1739=ORIENTED_EDGE('',*,*,#2932,.T.);
#1740=ORIENTED_EDGE('',*,*,#2948,.T.);
#1741=ORIENTED_EDGE('',*,*,#2959,.F.);
#1742=ORIENTED_EDGE('',*,*,#2590,.T.);
#1743=ORIENTED_EDGE('',*,*,#3004,.F.);
#1744=ORIENTED_EDGE('',*,*,#2598,.T.);
#1745=ORIENTED_EDGE('',*,*,#2974,.T.);
#1746=ORIENTED_EDGE('',*,*,#2990,.T.);
#1747=ORIENTED_EDGE('',*,*,#3001,.F.);
#1748=ORIENTED_EDGE('',*,*,#2841,.T.);
#1749=ORIENTED_EDGE('',*,*,#3005,.T.);
#1750=ORIENTED_EDGE('',*,*,#2589,.T.);
#1751=ORIENTED_EDGE('',*,*,#3003,.F.);
#1752=ORIENTED_EDGE('',*,*,#2599,.T.);
#1753=ORIENTED_EDGE('',*,*,#3004,.T.);
#1754=ORIENTED_EDGE('',*,*,#2840,.T.);
#1755=ORIENTED_EDGE('',*,*,#2874,.T.);
#1756=ORIENTED_EDGE('',*,*,#2893,.T.);
#1757=ORIENTED_EDGE('',*,*,#3005,.F.);
#1758=ORIENTED_EDGE('',*,*,#2869,.T.);
#1759=ORIENTED_EDGE('',*,*,#3002,.T.);
#1760=ORIENTED_EDGE('',*,*,#2915,.T.);
#1761=ORIENTED_EDGE('',*,*,#2888,.F.);
#1762=ORIENTED_EDGE('',*,*,#2911,.T.);
#1763=ORIENTED_EDGE('',*,*,#3006,.F.);
#1764=ORIENTED_EDGE('',*,*,#2862,.T.);
#1765=ORIENTED_EDGE('',*,*,#2998,.F.);
#1766=ORIENTED_EDGE('',*,*,#2985,.T.);
#1767=ORIENTED_EDGE('',*,*,#2969,.T.);
#1768=ORIENTED_EDGE('',*,*,#2604,.T.);
#1769=ORIENTED_EDGE('',*,*,#3007,.T.);
#1770=ORIENTED_EDGE('',*,*,#2584,.T.);
#1771=ORIENTED_EDGE('',*,*,#2956,.F.);
#1772=ORIENTED_EDGE('',*,*,#2943,.T.);
#1773=ORIENTED_EDGE('',*,*,#2927,.T.);
#1774=ORIENTED_EDGE('',*,*,#2913,.T.);
#1775=ORIENTED_EDGE('',*,*,#2929,.T.);
#1776=ORIENTED_EDGE('',*,*,#2945,.T.);
#1777=ORIENTED_EDGE('',*,*,#2957,.F.);
#1778=ORIENTED_EDGE('',*,*,#2586,.T.);
#1779=ORIENTED_EDGE('',*,*,#3008,.F.);
#1780=ORIENTED_EDGE('',*,*,#2602,.T.);
#1781=ORIENTED_EDGE('',*,*,#2971,.T.);
#1782=ORIENTED_EDGE('',*,*,#2987,.T.);
#1783=ORIENTED_EDGE('',*,*,#2999,.F.);
#1784=ORIENTED_EDGE('',*,*,#2866,.T.);
#1785=ORIENTED_EDGE('',*,*,#3009,.T.);
#1786=ORIENTED_EDGE('',*,*,#2585,.T.);
#1787=ORIENTED_EDGE('',*,*,#3007,.F.);
#1788=ORIENTED_EDGE('',*,*,#2603,.T.);
#1789=ORIENTED_EDGE('',*,*,#3008,.T.);
#1790=ORIENTED_EDGE('',*,*,#2871,.T.);
#1791=ORIENTED_EDGE('',*,*,#2887,.T.);
#1792=ORIENTED_EDGE('',*,*,#2914,.T.);
#1793=ORIENTED_EDGE('',*,*,#3009,.F.);
#1794=ORIENTED_EDGE('',*,*,#2863,.T.);
#1795=ORIENTED_EDGE('',*,*,#3006,.T.);
#1796=ORIENTED_EDGE('',*,*,#2910,.T.);
#1797=ORIENTED_EDGE('',*,*,#2885,.F.);
#1798=ORIENTED_EDGE('',*,*,#2906,.T.);
#1799=ORIENTED_EDGE('',*,*,#3010,.F.);
#1800=ORIENTED_EDGE('',*,*,#2856,.T.);
#1801=ORIENTED_EDGE('',*,*,#2996,.F.);
#1802=ORIENTED_EDGE('',*,*,#2982,.T.);
#1803=ORIENTED_EDGE('',*,*,#2966,.T.);
#1804=ORIENTED_EDGE('',*,*,#2608,.T.);
#1805=ORIENTED_EDGE('',*,*,#3011,.T.);
#1806=ORIENTED_EDGE('',*,*,#2580,.T.);
#1807=ORIENTED_EDGE('',*,*,#2954,.F.);
#1808=ORIENTED_EDGE('',*,*,#2940,.T.);
#1809=ORIENTED_EDGE('',*,*,#2924,.T.);
#1810=ORIENTED_EDGE('',*,*,#2908,.T.);
#1811=ORIENTED_EDGE('',*,*,#2926,.T.);
#1812=ORIENTED_EDGE('',*,*,#2942,.T.);
#1813=ORIENTED_EDGE('',*,*,#2955,.F.);
#1814=ORIENTED_EDGE('',*,*,#2582,.T.);
#1815=ORIENTED_EDGE('',*,*,#3012,.F.);
#1816=ORIENTED_EDGE('',*,*,#2606,.T.);
#1817=ORIENTED_EDGE('',*,*,#2968,.T.);
#1818=ORIENTED_EDGE('',*,*,#2984,.T.);
#1819=ORIENTED_EDGE('',*,*,#2997,.F.);
#1820=ORIENTED_EDGE('',*,*,#2860,.T.);
#1821=ORIENTED_EDGE('',*,*,#3013,.T.);
#1822=ORIENTED_EDGE('',*,*,#2581,.T.);
#1823=ORIENTED_EDGE('',*,*,#3011,.F.);
#1824=ORIENTED_EDGE('',*,*,#2607,.T.);
#1825=ORIENTED_EDGE('',*,*,#3012,.T.);
#1826=ORIENTED_EDGE('',*,*,#2865,.T.);
#1827=ORIENTED_EDGE('',*,*,#2884,.T.);
#1828=ORIENTED_EDGE('',*,*,#2909,.T.);
#1829=ORIENTED_EDGE('',*,*,#3013,.F.);
#1830=ORIENTED_EDGE('',*,*,#2857,.T.);
#1831=ORIENTED_EDGE('',*,*,#3010,.T.);
#1832=ORIENTED_EDGE('',*,*,#2905,.T.);
#1833=ORIENTED_EDGE('',*,*,#2882,.F.);
#1834=ORIENTED_EDGE('',*,*,#2901,.T.);
#1835=ORIENTED_EDGE('',*,*,#3014,.F.);
#1836=ORIENTED_EDGE('',*,*,#2850,.T.);
#1837=ORIENTED_EDGE('',*,*,#2994,.F.);
#1838=ORIENTED_EDGE('',*,*,#2979,.T.);
#1839=ORIENTED_EDGE('',*,*,#2963,.T.);
#1840=ORIENTED_EDGE('',*,*,#2612,.T.);
#1841=ORIENTED_EDGE('',*,*,#3015,.T.);
#1842=ORIENTED_EDGE('',*,*,#2576,.T.);
#1843=ORIENTED_EDGE('',*,*,#2952,.F.);
#1844=ORIENTED_EDGE('',*,*,#2937,.T.);
#1845=ORIENTED_EDGE('',*,*,#2921,.T.);
#1846=ORIENTED_EDGE('',*,*,#2903,.T.);
#1847=ORIENTED_EDGE('',*,*,#2923,.T.);
#1848=ORIENTED_EDGE('',*,*,#2939,.T.);
#1849=ORIENTED_EDGE('',*,*,#2953,.F.);
#1850=ORIENTED_EDGE('',*,*,#2578,.T.);
#1851=ORIENTED_EDGE('',*,*,#3016,.F.);
#1852=ORIENTED_EDGE('',*,*,#2610,.T.);
#1853=ORIENTED_EDGE('',*,*,#2965,.T.);
#1854=ORIENTED_EDGE('',*,*,#2981,.T.);
#1855=ORIENTED_EDGE('',*,*,#2995,.F.);
#1856=ORIENTED_EDGE('',*,*,#2854,.T.);
#1857=ORIENTED_EDGE('',*,*,#3017,.T.);
#1858=ORIENTED_EDGE('',*,*,#2577,.T.);
#1859=ORIENTED_EDGE('',*,*,#3015,.F.);
#1860=ORIENTED_EDGE('',*,*,#2611,.T.);
#1861=ORIENTED_EDGE('',*,*,#3016,.T.);
#1862=ORIENTED_EDGE('',*,*,#2859,.T.);
#1863=ORIENTED_EDGE('',*,*,#2881,.T.);
#1864=ORIENTED_EDGE('',*,*,#2904,.T.);
#1865=ORIENTED_EDGE('',*,*,#3017,.F.);
#1866=ORIENTED_EDGE('',*,*,#2851,.T.);
#1867=ORIENTED_EDGE('',*,*,#3014,.T.);
#1868=ORIENTED_EDGE('',*,*,#2900,.T.);
#1869=ORIENTED_EDGE('',*,*,#2879,.F.);
#1870=ORIENTED_EDGE('',*,*,#2846,.T.);
#1871=ORIENTED_EDGE('',*,*,#3018,.T.);
#1872=ORIENTED_EDGE('',*,*,#2895,.T.);
#1873=ORIENTED_EDGE('',*,*,#2876,.F.);
#1874=ORIENTED_EDGE('',*,*,#2853,.T.);
#1875=ORIENTED_EDGE('',*,*,#2878,.T.);
#1876=ORIENTED_EDGE('',*,*,#2899,.T.);
#1877=ORIENTED_EDGE('',*,*,#3019,.F.);
#1878=ORIENTED_EDGE('',*,*,#2573,.T.);
#1879=ORIENTED_EDGE('',*,*,#3020,.F.);
#1880=ORIENTED_EDGE('',*,*,#2615,.T.);
#1881=ORIENTED_EDGE('',*,*,#3021,.T.);
#1882=ORIENTED_EDGE('',*,*,#2896,.T.);
#1883=ORIENTED_EDGE('',*,*,#3018,.F.);
#1884=ORIENTED_EDGE('',*,*,#2845,.T.);
#1885=ORIENTED_EDGE('',*,*,#2992,.F.);
#1886=ORIENTED_EDGE('',*,*,#2976,.T.);
#1887=ORIENTED_EDGE('',*,*,#2960,.T.);
#1888=ORIENTED_EDGE('',*,*,#2616,.T.);
#1889=ORIENTED_EDGE('',*,*,#3020,.T.);
#1890=ORIENTED_EDGE('',*,*,#2572,.T.);
#1891=ORIENTED_EDGE('',*,*,#2950,.F.);
#1892=ORIENTED_EDGE('',*,*,#2934,.T.);
#1893=ORIENTED_EDGE('',*,*,#2918,.T.);
#1894=ORIENTED_EDGE('',*,*,#2898,.T.);
#1895=ORIENTED_EDGE('',*,*,#2920,.T.);
#1896=ORIENTED_EDGE('',*,*,#2936,.T.);
#1897=ORIENTED_EDGE('',*,*,#2951,.F.);
#1898=ORIENTED_EDGE('',*,*,#2574,.T.);
#1899=ORIENTED_EDGE('',*,*,#3021,.F.);
#1900=ORIENTED_EDGE('',*,*,#2614,.T.);
#1901=ORIENTED_EDGE('',*,*,#2962,.T.);
#1902=ORIENTED_EDGE('',*,*,#2978,.T.);
#1903=ORIENTED_EDGE('',*,*,#2993,.F.);
#1904=ORIENTED_EDGE('',*,*,#2848,.T.);
#1905=ORIENTED_EDGE('',*,*,#3019,.T.);
#1906=ORIENTED_EDGE('',*,*,#2566,.T.);
#1907=ORIENTED_EDGE('',*,*,#2687,.F.);
#1908=ORIENTED_EDGE('',*,*,#2703,.T.);
#1909=ORIENTED_EDGE('',*,*,#2719,.T.);
#1910=ORIENTED_EDGE('',*,*,#2745,.T.);
#1911=ORIENTED_EDGE('',*,*,#3022,.F.);
#1912=ORIENTED_EDGE('',*,*,#2789,.T.);
#1913=ORIENTED_EDGE('',*,*,#2809,.F.);
#1914=ORIENTED_EDGE('',*,*,#2825,.T.);
#1915=ORIENTED_EDGE('',*,*,#2836,.T.);
#1916=ORIENTED_EDGE('',*,*,#2622,.T.);
#1917=ORIENTED_EDGE('',*,*,#3023,.T.);
#1918=ORIENTED_EDGE('',*,*,#2744,.T.);
#1919=ORIENTED_EDGE('',*,*,#2764,.F.);
#1920=ORIENTED_EDGE('',*,*,#2790,.T.);
#1921=ORIENTED_EDGE('',*,*,#3022,.T.);
#1922=ORIENTED_EDGE('',*,*,#2568,.T.);
#1923=ORIENTED_EDGE('',*,*,#3024,.F.);
#1924=ORIENTED_EDGE('',*,*,#2620,.T.);
#1925=ORIENTED_EDGE('',*,*,#2837,.T.);
#1926=ORIENTED_EDGE('',*,*,#2826,.T.);
#1927=ORIENTED_EDGE('',*,*,#2810,.F.);
#1928=ORIENTED_EDGE('',*,*,#2792,.T.);
#1929=ORIENTED_EDGE('',*,*,#3025,.T.);
#1930=ORIENTED_EDGE('',*,*,#2746,.T.);
#1931=ORIENTED_EDGE('',*,*,#2720,.T.);
#1932=ORIENTED_EDGE('',*,*,#2704,.T.);
#1933=ORIENTED_EDGE('',*,*,#2688,.F.);
#1934=ORIENTED_EDGE('',*,*,#2747,.T.);
#1935=ORIENTED_EDGE('',*,*,#3025,.F.);
#1936=ORIENTED_EDGE('',*,*,#2795,.T.);
#1937=ORIENTED_EDGE('',*,*,#2765,.T.);
#1938=ORIENTED_EDGE('',*,*,#2567,.T.);
#1939=ORIENTED_EDGE('',*,*,#3023,.F.);
#1940=ORIENTED_EDGE('',*,*,#2621,.T.);
#1941=ORIENTED_EDGE('',*,*,#3024,.T.);
#1942=ORIENTED_EDGE('',*,*,#2562,.T.);
#1943=ORIENTED_EDGE('',*,*,#2684,.F.);
#1944=ORIENTED_EDGE('',*,*,#2700,.T.);
#1945=ORIENTED_EDGE('',*,*,#2716,.T.);
#1946=ORIENTED_EDGE('',*,*,#2740,.T.);
#1947=ORIENTED_EDGE('',*,*,#3026,.F.);
#1948=ORIENTED_EDGE('',*,*,#2784,.T.);
#1949=ORIENTED_EDGE('',*,*,#2806,.F.);
#1950=ORIENTED_EDGE('',*,*,#2822,.T.);
#1951=ORIENTED_EDGE('',*,*,#2834,.T.);
#1952=ORIENTED_EDGE('',*,*,#2626,.T.);
#1953=ORIENTED_EDGE('',*,*,#3027,.T.);
#1954=ORIENTED_EDGE('',*,*,#2739,.T.);
#1955=ORIENTED_EDGE('',*,*,#2761,.F.);
#1956=ORIENTED_EDGE('',*,*,#2785,.T.);
#1957=ORIENTED_EDGE('',*,*,#3026,.T.);
#1958=ORIENTED_EDGE('',*,*,#2564,.T.);
#1959=ORIENTED_EDGE('',*,*,#3028,.F.);
#1960=ORIENTED_EDGE('',*,*,#2624,.T.);
#1961=ORIENTED_EDGE('',*,*,#2835,.T.);
#1962=ORIENTED_EDGE('',*,*,#2823,.T.);
#1963=ORIENTED_EDGE('',*,*,#2807,.F.);
#1964=ORIENTED_EDGE('',*,*,#2787,.T.);
#1965=ORIENTED_EDGE('',*,*,#3029,.T.);
#1966=ORIENTED_EDGE('',*,*,#2741,.T.);
#1967=ORIENTED_EDGE('',*,*,#2717,.T.);
#1968=ORIENTED_EDGE('',*,*,#2701,.T.);
#1969=ORIENTED_EDGE('',*,*,#2685,.F.);
#1970=ORIENTED_EDGE('',*,*,#2742,.T.);
#1971=ORIENTED_EDGE('',*,*,#3029,.F.);
#1972=ORIENTED_EDGE('',*,*,#2791,.T.);
#1973=ORIENTED_EDGE('',*,*,#2762,.T.);
#1974=ORIENTED_EDGE('',*,*,#2563,.T.);
#1975=ORIENTED_EDGE('',*,*,#3027,.F.);
#1976=ORIENTED_EDGE('',*,*,#2625,.T.);
#1977=ORIENTED_EDGE('',*,*,#3028,.T.);
#1978=ORIENTED_EDGE('',*,*,#2558,.T.);
#1979=ORIENTED_EDGE('',*,*,#2681,.F.);
#1980=ORIENTED_EDGE('',*,*,#2697,.T.);
#1981=ORIENTED_EDGE('',*,*,#2713,.T.);
#1982=ORIENTED_EDGE('',*,*,#2735,.T.);
#1983=ORIENTED_EDGE('',*,*,#3030,.F.);
#1984=ORIENTED_EDGE('',*,*,#2779,.T.);
#1985=ORIENTED_EDGE('',*,*,#2803,.F.);
#1986=ORIENTED_EDGE('',*,*,#2819,.T.);
#1987=ORIENTED_EDGE('',*,*,#2832,.T.);
#1988=ORIENTED_EDGE('',*,*,#2630,.T.);
#1989=ORIENTED_EDGE('',*,*,#3031,.T.);
#1990=ORIENTED_EDGE('',*,*,#2734,.T.);
#1991=ORIENTED_EDGE('',*,*,#2758,.F.);
#1992=ORIENTED_EDGE('',*,*,#2780,.T.);
#1993=ORIENTED_EDGE('',*,*,#3030,.T.);
#1994=ORIENTED_EDGE('',*,*,#2560,.T.);
#1995=ORIENTED_EDGE('',*,*,#3032,.F.);
#1996=ORIENTED_EDGE('',*,*,#2628,.T.);
#1997=ORIENTED_EDGE('',*,*,#2833,.T.);
#1998=ORIENTED_EDGE('',*,*,#2820,.T.);
#1999=ORIENTED_EDGE('',*,*,#2804,.F.);
#2000=ORIENTED_EDGE('',*,*,#2782,.T.);
#2001=ORIENTED_EDGE('',*,*,#3033,.T.);
#2002=ORIENTED_EDGE('',*,*,#2736,.T.);
#2003=ORIENTED_EDGE('',*,*,#2714,.T.);
#2004=ORIENTED_EDGE('',*,*,#2698,.T.);
#2005=ORIENTED_EDGE('',*,*,#2682,.F.);
#2006=ORIENTED_EDGE('',*,*,#2737,.T.);
#2007=ORIENTED_EDGE('',*,*,#3033,.F.);
#2008=ORIENTED_EDGE('',*,*,#2786,.T.);
#2009=ORIENTED_EDGE('',*,*,#2759,.T.);
#2010=ORIENTED_EDGE('',*,*,#2559,.T.);
#2011=ORIENTED_EDGE('',*,*,#3031,.F.);
#2012=ORIENTED_EDGE('',*,*,#2629,.T.);
#2013=ORIENTED_EDGE('',*,*,#3032,.T.);
#2014=ORIENTED_EDGE('',*,*,#2554,.T.);
#2015=ORIENTED_EDGE('',*,*,#2678,.F.);
#2016=ORIENTED_EDGE('',*,*,#2694,.T.);
#2017=ORIENTED_EDGE('',*,*,#2710,.T.);
#2018=ORIENTED_EDGE('',*,*,#2730,.T.);
#2019=ORIENTED_EDGE('',*,*,#3034,.F.);
#2020=ORIENTED_EDGE('',*,*,#2774,.T.);
#2021=ORIENTED_EDGE('',*,*,#2800,.F.);
#2022=ORIENTED_EDGE('',*,*,#2816,.T.);
#2023=ORIENTED_EDGE('',*,*,#2830,.T.);
#2024=ORIENTED_EDGE('',*,*,#2634,.T.);
#2025=ORIENTED_EDGE('',*,*,#3035,.T.);
#2026=ORIENTED_EDGE('',*,*,#2729,.T.);
#2027=ORIENTED_EDGE('',*,*,#2755,.F.);
#2028=ORIENTED_EDGE('',*,*,#2775,.T.);
#2029=ORIENTED_EDGE('',*,*,#3034,.T.);
#2030=ORIENTED_EDGE('',*,*,#2556,.T.);
#2031=ORIENTED_EDGE('',*,*,#3036,.F.);
#2032=ORIENTED_EDGE('',*,*,#2632,.T.);
#2033=ORIENTED_EDGE('',*,*,#2831,.T.);
#2034=ORIENTED_EDGE('',*,*,#2817,.T.);
#2035=ORIENTED_EDGE('',*,*,#2801,.F.);
#2036=ORIENTED_EDGE('',*,*,#2777,.T.);
#2037=ORIENTED_EDGE('',*,*,#3037,.T.);
#2038=ORIENTED_EDGE('',*,*,#2731,.T.);
#2039=ORIENTED_EDGE('',*,*,#2711,.T.);
#2040=ORIENTED_EDGE('',*,*,#2695,.T.);
#2041=ORIENTED_EDGE('',*,*,#2679,.F.);
#2042=ORIENTED_EDGE('',*,*,#2732,.T.);
#2043=ORIENTED_EDGE('',*,*,#3037,.F.);
#2044=ORIENTED_EDGE('',*,*,#2781,.T.);
#2045=ORIENTED_EDGE('',*,*,#2756,.T.);
#2046=ORIENTED_EDGE('',*,*,#2555,.T.);
#2047=ORIENTED_EDGE('',*,*,#3035,.F.);
#2048=ORIENTED_EDGE('',*,*,#2633,.T.);
#2049=ORIENTED_EDGE('',*,*,#3036,.T.);
#2050=ORIENTED_EDGE('',*,*,#2550,.T.);
#2051=ORIENTED_EDGE('',*,*,#2675,.F.);
#2052=ORIENTED_EDGE('',*,*,#2690,.T.);
#2053=ORIENTED_EDGE('',*,*,#2706,.T.);
#2054=ORIENTED_EDGE('',*,*,#2725,.T.);
#2055=ORIENTED_EDGE('',*,*,#3038,.F.);
#2056=ORIENTED_EDGE('',*,*,#2770,.T.);
#2057=ORIENTED_EDGE('',*,*,#2797,.F.);
#2058=ORIENTED_EDGE('',*,*,#2812,.T.);
#2059=ORIENTED_EDGE('',*,*,#2828,.T.);
#2060=ORIENTED_EDGE('',*,*,#2594,.T.);
#2061=ORIENTED_EDGE('',*,*,#3039,.T.);
#2062=ORIENTED_EDGE('',*,*,#2724,.T.);
#2063=ORIENTED_EDGE('',*,*,#2752,.F.);
#2064=ORIENTED_EDGE('',*,*,#2771,.T.);
#2065=ORIENTED_EDGE('',*,*,#3038,.T.);
#2066=ORIENTED_EDGE('',*,*,#2552,.T.);
#2067=ORIENTED_EDGE('',*,*,#3040,.F.);
#2068=ORIENTED_EDGE('',*,*,#2636,.T.);
#2069=ORIENTED_EDGE('',*,*,#2829,.T.);
#2070=ORIENTED_EDGE('',*,*,#2814,.T.);
#2071=ORIENTED_EDGE('',*,*,#2798,.F.);
#2072=ORIENTED_EDGE('',*,*,#2772,.T.);
#2073=ORIENTED_EDGE('',*,*,#3041,.T.);
#2074=ORIENTED_EDGE('',*,*,#2726,.T.);
#2075=ORIENTED_EDGE('',*,*,#2708,.T.);
#2076=ORIENTED_EDGE('',*,*,#2692,.T.);
#2077=ORIENTED_EDGE('',*,*,#2676,.F.);
#2078=ORIENTED_EDGE('',*,*,#2727,.T.);
#2079=ORIENTED_EDGE('',*,*,#3041,.F.);
#2080=ORIENTED_EDGE('',*,*,#2776,.T.);
#2081=ORIENTED_EDGE('',*,*,#2753,.T.);
#2082=ORIENTED_EDGE('',*,*,#2551,.T.);
#2083=ORIENTED_EDGE('',*,*,#3039,.F.);
#2084=ORIENTED_EDGE('',*,*,#2637,.T.);
#2085=ORIENTED_EDGE('',*,*,#3040,.T.);
#2086=ORIENTED_EDGE('',*,*,#2749,.T.);
#2087=ORIENTED_EDGE('',*,*,#2767,.F.);
#2088=ORIENTED_EDGE('',*,*,#2794,.T.);
#2089=ORIENTED_EDGE('',*,*,#2642,.T.);
#2090=ORIENTED_EDGE('',*,*,#2722,.T.);
#2091=ORIENTED_EDGE('',*,*,#2656,.F.);
#2092=ORIENTED_EDGE('',*,*,#2768,.T.);
#2093=ORIENTED_EDGE('',*,*,#2750,.T.);
#2094=EDGE_CURVE('',#3042,#3043,#3678,.T.);
#2095=EDGE_CURVE('',#3044,#3042,#3679,.T.);
#2096=EDGE_CURVE('',#3045,#3044,#3680,.T.);
#2097=EDGE_CURVE('',#3043,#3045,#3681,.T.);
#2098=EDGE_CURVE('',#3046,#3047,#3682,.T.);
#2099=EDGE_CURVE('',#3048,#3046,#3683,.T.);
#2100=EDGE_CURVE('',#3049,#3048,#3684,.T.);
#2101=EDGE_CURVE('',#3047,#3049,#3685,.T.);
#2102=EDGE_CURVE('',#3050,#3051,#3686,.T.);
#2103=EDGE_CURVE('',#3052,#3050,#3687,.T.);
#2104=EDGE_CURVE('',#3053,#3052,#3688,.T.);
#2105=EDGE_CURVE('',#3051,#3053,#3689,.T.);
#2106=EDGE_CURVE('',#3054,#3055,#3690,.T.);
#2107=EDGE_CURVE('',#3056,#3054,#3691,.T.);
#2108=EDGE_CURVE('',#3057,#3056,#3692,.T.);
#2109=EDGE_CURVE('',#3055,#3057,#3693,.T.);
#2110=EDGE_CURVE('',#3058,#3059,#3694,.T.);
#2111=EDGE_CURVE('',#3060,#3058,#3695,.T.);
#2112=EDGE_CURVE('',#3061,#3060,#3696,.T.);
#2113=EDGE_CURVE('',#3059,#3061,#3697,.T.);
#2114=EDGE_CURVE('',#3062,#3063,#3698,.T.);
#2115=EDGE_CURVE('',#3064,#3062,#3699,.T.);
#2116=EDGE_CURVE('',#3065,#3064,#3700,.T.);
#2117=EDGE_CURVE('',#3063,#3065,#3701,.T.);
#2118=EDGE_CURVE('',#3066,#3067,#3702,.T.);
#2119=EDGE_CURVE('',#3068,#3066,#3703,.T.);
#2120=EDGE_CURVE('',#3069,#3068,#3704,.T.);
#2121=EDGE_CURVE('',#3067,#3069,#3705,.T.);
#2122=EDGE_CURVE('',#3070,#3071,#3706,.T.);
#2123=EDGE_CURVE('',#3072,#3070,#3707,.T.);
#2124=EDGE_CURVE('',#3073,#3072,#3708,.T.);
#2125=EDGE_CURVE('',#3071,#3073,#3709,.T.);
#2126=EDGE_CURVE('',#3074,#3075,#3710,.T.);
#2127=EDGE_CURVE('',#3076,#3074,#3711,.T.);
#2128=EDGE_CURVE('',#3077,#3076,#3712,.T.);
#2129=EDGE_CURVE('',#3075,#3077,#3713,.T.);
#2130=EDGE_CURVE('',#3078,#3079,#3714,.T.);
#2131=EDGE_CURVE('',#3080,#3078,#3715,.T.);
#2132=EDGE_CURVE('',#3081,#3080,#3716,.T.);
#2133=EDGE_CURVE('',#3079,#3081,#3717,.T.);
#2134=EDGE_CURVE('',#3082,#3083,#3718,.T.);
#2135=EDGE_CURVE('',#3084,#3082,#3719,.T.);
#2136=EDGE_CURVE('',#3085,#3084,#3720,.T.);
#2137=EDGE_CURVE('',#3083,#3085,#3721,.T.);
#2138=EDGE_CURVE('',#3086,#3087,#3722,.T.);
#2139=EDGE_CURVE('',#3088,#3086,#3723,.T.);
#2140=EDGE_CURVE('',#3089,#3088,#3724,.T.);
#2141=EDGE_CURVE('',#3087,#3089,#3725,.T.);
#2142=EDGE_CURVE('',#3090,#3091,#3726,.T.);
#2143=EDGE_CURVE('',#3092,#3090,#3727,.T.);
#2144=EDGE_CURVE('',#3093,#3092,#3728,.T.);
#2145=EDGE_CURVE('',#3091,#3093,#3729,.T.);
#2146=EDGE_CURVE('',#3094,#3095,#3730,.T.);
#2147=EDGE_CURVE('',#3096,#3094,#3731,.T.);
#2148=EDGE_CURVE('',#3097,#3096,#3732,.T.);
#2149=EDGE_CURVE('',#3095,#3097,#3733,.T.);
#2150=EDGE_CURVE('',#3098,#3070,#3734,.T.);
#2151=EDGE_CURVE('',#3099,#3098,#3735,.T.);
#2152=EDGE_CURVE('',#3100,#3099,#3736,.T.);
#2153=EDGE_CURVE('',#3101,#3100,#3737,.T.);
#2154=EDGE_CURVE('',#3102,#3101,#3738,.T.);
#2155=EDGE_CURVE('',#3103,#3102,#3739,.T.);
#2156=EDGE_CURVE('',#3075,#3103,#3740,.T.);
#2157=EDGE_CURVE('',#3104,#3077,#3741,.T.);
#2158=EDGE_CURVE('',#3105,#3104,#3742,.T.);
#2159=EDGE_CURVE('',#3106,#3105,#3743,.T.);
#2160=EDGE_CURVE('',#3107,#3106,#3744,.T.);
#2161=EDGE_CURVE('',#3108,#3107,#3745,.T.);
#2162=EDGE_CURVE('',#3109,#3108,#3746,.T.);
#2163=EDGE_CURVE('',#3079,#3109,#3747,.T.);
#2164=EDGE_CURVE('',#3110,#3081,#3748,.T.);
#2165=EDGE_CURVE('',#3111,#3110,#3749,.T.);
#2166=EDGE_CURVE('',#3112,#3111,#3750,.T.);
#2167=EDGE_CURVE('',#3113,#3112,#3751,.T.);
#2168=EDGE_CURVE('',#3114,#3113,#3752,.T.);
#2169=EDGE_CURVE('',#3115,#3114,#3753,.T.);
#2170=EDGE_CURVE('',#3083,#3115,#3754,.T.);
#2171=EDGE_CURVE('',#3116,#3085,#3755,.T.);
#2172=EDGE_CURVE('',#3117,#3116,#3756,.T.);
#2173=EDGE_CURVE('',#3118,#3117,#3757,.T.);
#2174=EDGE_CURVE('',#3119,#3118,#3758,.T.);
#2175=EDGE_CURVE('',#3120,#3119,#3759,.T.);
#2176=EDGE_CURVE('',#3121,#3120,#3760,.T.);
#2177=EDGE_CURVE('',#3087,#3121,#3761,.T.);
#2178=EDGE_CURVE('',#3122,#3089,#3762,.T.);
#2179=EDGE_CURVE('',#3123,#3122,#3763,.T.);
#2180=EDGE_CURVE('',#3124,#3123,#3764,.T.);
#2181=EDGE_CURVE('',#3125,#3124,#3765,.T.);
#2182=EDGE_CURVE('',#3126,#3125,#3766,.T.);
#2183=EDGE_CURVE('',#3127,#3126,#3767,.T.);
#2184=EDGE_CURVE('',#3091,#3127,#3768,.T.);
#2185=EDGE_CURVE('',#3128,#3093,#3769,.T.);
#2186=EDGE_CURVE('',#3129,#3128,#3770,.T.);
#2187=EDGE_CURVE('',#3130,#3129,#3771,.T.);
#2188=EDGE_CURVE('',#3131,#3130,#3772,.T.);
#2189=EDGE_CURVE('',#3132,#3131,#3773,.T.);
#2190=EDGE_CURVE('',#3133,#3132,#3774,.T.);
#2191=EDGE_CURVE('',#3095,#3133,#3775,.T.);
#2192=EDGE_CURVE('',#3134,#3097,#3776,.T.);
#2193=EDGE_CURVE('',#3135,#3134,#3777,.T.);
#2194=EDGE_CURVE('',#3135,#3072,#3778,.T.);
#2195=EDGE_CURVE('',#3136,#3136,#90,.T.);
#2196=EDGE_CURVE('',#3137,#3137,#91,.T.);
#2197=EDGE_CURVE('',#3138,#3138,#92,.T.);
#2198=EDGE_CURVE('',#3139,#3139,#93,.T.);
#2199=EDGE_CURVE('',#3140,#3140,#94,.T.);
#2200=EDGE_CURVE('',#3141,#3141,#95,.T.);
#2201=EDGE_CURVE('',#3142,#3142,#96,.T.);
#2202=EDGE_CURVE('',#3143,#3143,#97,.T.);
#2203=EDGE_CURVE('',#3144,#3144,#98,.T.);
#2204=EDGE_CURVE('',#3145,#3145,#99,.T.);
#2205=EDGE_CURVE('',#3146,#3146,#100,.T.);
#2206=EDGE_CURVE('',#3147,#3147,#101,.T.);
#2207=EDGE_CURVE('',#3043,#3148,#3779,.T.);
#2208=EDGE_CURVE('',#3149,#3045,#3780,.T.);
#2209=EDGE_CURVE('',#3150,#3149,#3781,.T.);
#2210=EDGE_CURVE('',#3150,#3068,#3782,.T.);
#2211=EDGE_CURVE('',#3151,#3066,#3783,.T.);
#2212=EDGE_CURVE('',#3152,#3151,#3784,.T.);
#2213=EDGE_CURVE('',#3153,#3152,#3785,.T.);
#2214=EDGE_CURVE('',#3154,#3153,#3786,.T.);
#2215=EDGE_CURVE('',#3155,#3154,#3787,.T.);
#2216=EDGE_CURVE('',#3156,#3155,#3788,.T.);
#2217=EDGE_CURVE('',#3064,#3156,#3789,.T.);
#2218=EDGE_CURVE('',#3157,#3062,#3790,.T.);
#2219=EDGE_CURVE('',#3158,#3157,#3791,.T.);
#2220=EDGE_CURVE('',#3159,#3158,#3792,.T.);
#2221=EDGE_CURVE('',#3160,#3159,#3793,.T.);
#2222=EDGE_CURVE('',#3161,#3160,#3794,.T.);
#2223=EDGE_CURVE('',#3162,#3161,#3795,.T.);
#2224=EDGE_CURVE('',#3060,#3162,#3796,.T.);
#2225=EDGE_CURVE('',#3163,#3058,#3797,.T.);
#2226=EDGE_CURVE('',#3164,#3163,#3798,.T.);
#2227=EDGE_CURVE('',#3165,#3164,#3799,.T.);
#2228=EDGE_CURVE('',#3166,#3165,#3800,.T.);
#2229=EDGE_CURVE('',#3167,#3166,#3801,.T.);
#2230=EDGE_CURVE('',#3168,#3167,#3802,.T.);
#2231=EDGE_CURVE('',#3056,#3168,#3803,.T.);
#2232=EDGE_CURVE('',#3169,#3054,#3804,.T.);
#2233=EDGE_CURVE('',#3170,#3169,#3805,.T.);
#2234=EDGE_CURVE('',#3171,#3170,#3806,.T.);
#2235=EDGE_CURVE('',#3172,#3171,#3807,.T.);
#2236=EDGE_CURVE('',#3173,#3172,#3808,.T.);
#2237=EDGE_CURVE('',#3174,#3173,#3809,.T.);
#2238=EDGE_CURVE('',#3052,#3174,#3810,.T.);
#2239=EDGE_CURVE('',#3175,#3050,#3811,.T.);
#2240=EDGE_CURVE('',#3176,#3175,#3812,.T.);
#2241=EDGE_CURVE('',#3177,#3176,#3813,.T.);
#2242=EDGE_CURVE('',#3178,#3177,#3814,.T.);
#2243=EDGE_CURVE('',#3179,#3178,#3815,.T.);
#2244=EDGE_CURVE('',#3180,#3179,#3816,.T.);
#2245=EDGE_CURVE('',#3048,#3180,#3817,.T.);
#2246=EDGE_CURVE('',#3181,#3046,#3818,.T.);
#2247=EDGE_CURVE('',#3182,#3181,#3819,.T.);
#2248=EDGE_CURVE('',#3183,#3182,#3820,.T.);
#2249=EDGE_CURVE('',#3184,#3183,#3821,.T.);
#2250=EDGE_CURVE('',#3185,#3184,#3822,.T.);
#2251=EDGE_CURVE('',#3148,#3185,#3823,.T.);
#2252=EDGE_CURVE('',#3042,#3186,#3824,.T.);
#2253=EDGE_CURVE('',#3187,#3186,#3825,.T.);
#2254=EDGE_CURVE('',#3187,#3044,#3826,.T.);
#2255=EDGE_CURVE('',#3188,#3189,#3827,.T.);
#2256=EDGE_CURVE('',#3188,#3190,#3828,.T.);
#2257=EDGE_CURVE('',#3190,#3191,#3829,.T.);
#2258=EDGE_CURVE('',#3191,#3189,#3830,.T.);
#2259=EDGE_CURVE('',#3192,#3193,#3831,.T.);
#2260=EDGE_CURVE('',#3192,#3047,#3832,.T.);
#2261=EDGE_CURVE('',#3049,#3193,#3833,.T.);
#2262=EDGE_CURVE('',#3194,#3195,#3834,.T.);
#2263=EDGE_CURVE('',#3194,#3196,#3835,.T.);
#2264=EDGE_CURVE('',#3196,#3197,#3836,.T.);
#2265=EDGE_CURVE('',#3197,#3195,#3837,.T.);
#2266=EDGE_CURVE('',#3198,#3199,#3838,.T.);
#2267=EDGE_CURVE('',#3198,#3051,#3839,.T.);
#2268=EDGE_CURVE('',#3053,#3199,#3840,.T.);
#2269=EDGE_CURVE('',#3200,#3201,#3841,.T.);
#2270=EDGE_CURVE('',#3200,#3202,#3842,.T.);
#2271=EDGE_CURVE('',#3202,#3203,#3843,.T.);
#2272=EDGE_CURVE('',#3203,#3201,#3844,.T.);
#2273=EDGE_CURVE('',#3204,#3205,#3845,.T.);
#2274=EDGE_CURVE('',#3204,#3055,#3846,.T.);
#2275=EDGE_CURVE('',#3057,#3205,#3847,.T.);
#2276=EDGE_CURVE('',#3206,#3207,#3848,.T.);
#2277=EDGE_CURVE('',#3206,#3208,#3849,.T.);
#2278=EDGE_CURVE('',#3208,#3209,#3850,.T.);
#2279=EDGE_CURVE('',#3209,#3207,#3851,.T.);
#2280=EDGE_CURVE('',#3210,#3211,#3852,.T.);
#2281=EDGE_CURVE('',#3210,#3059,#3853,.T.);
#2282=EDGE_CURVE('',#3061,#3211,#3854,.T.);
#2283=EDGE_CURVE('',#3212,#3213,#3855,.T.);
#2284=EDGE_CURVE('',#3212,#3214,#3856,.T.);
#2285=EDGE_CURVE('',#3214,#3215,#3857,.T.);
#2286=EDGE_CURVE('',#3215,#3213,#3858,.T.);
#2287=EDGE_CURVE('',#3216,#3217,#3859,.T.);
#2288=EDGE_CURVE('',#3216,#3063,#3860,.T.);
#2289=EDGE_CURVE('',#3065,#3217,#3861,.T.);
#2290=EDGE_CURVE('',#3218,#3219,#3862,.T.);
#2291=EDGE_CURVE('',#3218,#3220,#3863,.T.);
#2292=EDGE_CURVE('',#3220,#3221,#3864,.T.);
#2293=EDGE_CURVE('',#3221,#3219,#3865,.T.);
#2294=EDGE_CURVE('',#3222,#3223,#3866,.T.);
#2295=EDGE_CURVE('',#3222,#3067,#3867,.T.);
#2296=EDGE_CURVE('',#3069,#3223,#3868,.T.);
#2297=EDGE_CURVE('',#3224,#3225,#3869,.T.);
#2298=EDGE_CURVE('',#3225,#3071,#3870,.T.);
#2299=EDGE_CURVE('',#3073,#3224,#3871,.T.);
#2300=EDGE_CURVE('',#3226,#3227,#3872,.T.);
#2301=EDGE_CURVE('',#3227,#3228,#3873,.T.);
#2302=EDGE_CURVE('',#3228,#3229,#3874,.T.);
#2303=EDGE_CURVE('',#3229,#3226,#3875,.T.);
#2304=EDGE_CURVE('',#3074,#3230,#3876,.T.);
#2305=EDGE_CURVE('',#3230,#3231,#3877,.T.);
#2306=EDGE_CURVE('',#3231,#3076,#3878,.T.);
#2307=EDGE_CURVE('',#3232,#3233,#3879,.T.);
#2308=EDGE_CURVE('',#3233,#3234,#3880,.T.);
#2309=EDGE_CURVE('',#3234,#3235,#3881,.T.);
#2310=EDGE_CURVE('',#3235,#3232,#3882,.T.);
#2311=EDGE_CURVE('',#3078,#3236,#3883,.T.);
#2312=EDGE_CURVE('',#3236,#3237,#3884,.T.);
#2313=EDGE_CURVE('',#3237,#3080,#3885,.T.);
#2314=EDGE_CURVE('',#3238,#3239,#3886,.T.);
#2315=EDGE_CURVE('',#3239,#3240,#3887,.T.);
#2316=EDGE_CURVE('',#3240,#3241,#3888,.T.);
#2317=EDGE_CURVE('',#3241,#3238,#3889,.T.);
#2318=EDGE_CURVE('',#3082,#3242,#3890,.T.);
#2319=EDGE_CURVE('',#3242,#3243,#3891,.T.);
#2320=EDGE_CURVE('',#3243,#3084,#3892,.T.);
#2321=EDGE_CURVE('',#3244,#3245,#3893,.T.);
#2322=EDGE_CURVE('',#3245,#3246,#3894,.T.);
#2323=EDGE_CURVE('',#3246,#3247,#3895,.T.);
#2324=EDGE_CURVE('',#3247,#3244,#3896,.T.);
#2325=EDGE_CURVE('',#3086,#3248,#3897,.T.);
#2326=EDGE_CURVE('',#3248,#3249,#3898,.T.);
#2327=EDGE_CURVE('',#3249,#3088,#3899,.T.);
#2328=EDGE_CURVE('',#3250,#3251,#3900,.T.);
#2329=EDGE_CURVE('',#3251,#3252,#3901,.T.);
#2330=EDGE_CURVE('',#3252,#3253,#3902,.T.);
#2331=EDGE_CURVE('',#3253,#3250,#3903,.T.);
#2332=EDGE_CURVE('',#3090,#3254,#3904,.T.);
#2333=EDGE_CURVE('',#3254,#3255,#3905,.T.);
#2334=EDGE_CURVE('',#3255,#3092,#3906,.T.);
#2335=EDGE_CURVE('',#3256,#3257,#3907,.T.);
#2336=EDGE_CURVE('',#3257,#3258,#3908,.T.);
#2337=EDGE_CURVE('',#3258,#3259,#3909,.T.);
#2338=EDGE_CURVE('',#3259,#3256,#3910,.T.);
#2339=EDGE_CURVE('',#3094,#3260,#3911,.T.);
#2340=EDGE_CURVE('',#3260,#3261,#3912,.T.);
#2341=EDGE_CURVE('',#3261,#3096,#3913,.T.);
#2342=EDGE_CURVE('',#3134,#3150,#3914,.T.);
#2343=EDGE_CURVE('',#3223,#3261,#3915,.T.);
#2344=EDGE_CURVE('',#3262,#3263,#3916,.T.);
#2345=EDGE_CURVE('',#3263,#3264,#3917,.T.);
#2346=EDGE_CURVE('',#3265,#3264,#3918,.T.);
#2347=EDGE_CURVE('',#3265,#3262,#3919,.T.);
#2348=EDGE_CURVE('',#3264,#3266,#3920,.T.);
#2349=EDGE_CURVE('',#3267,#3266,#3921,.T.);
#2350=EDGE_CURVE('',#3267,#3265,#3922,.T.);
#2351=EDGE_CURVE('',#3266,#3268,#3923,.T.);
#2352=EDGE_CURVE('',#3269,#3268,#3924,.T.);
#2353=EDGE_CURVE('',#3269,#3267,#3925,.T.);
#2354=EDGE_CURVE('',#3270,#3271,#3926,.T.);
#2355=EDGE_CURVE('',#3271,#3272,#3927,.T.);
#2356=EDGE_CURVE('',#3273,#3272,#3928,.T.);
#2357=EDGE_CURVE('',#3273,#3270,#3929,.T.);
#2358=EDGE_CURVE('',#3272,#3274,#3930,.T.);
#2359=EDGE_CURVE('',#3275,#3274,#3931,.T.);
#2360=EDGE_CURVE('',#3275,#3273,#3932,.T.);
#2361=EDGE_CURVE('',#3274,#3276,#3933,.T.);
#2362=EDGE_CURVE('',#3277,#3276,#3934,.T.);
#2363=EDGE_CURVE('',#3277,#3275,#3935,.T.);
#2364=EDGE_CURVE('',#3278,#3279,#3936,.T.);
#2365=EDGE_CURVE('',#3279,#3280,#3937,.T.);
#2366=EDGE_CURVE('',#3281,#3280,#3938,.T.);
#2367=EDGE_CURVE('',#3281,#3278,#3939,.T.);
#2368=EDGE_CURVE('',#3280,#3282,#3940,.T.);
#2369=EDGE_CURVE('',#3283,#3282,#3941,.T.);
#2370=EDGE_CURVE('',#3283,#3281,#3942,.T.);
#2371=EDGE_CURVE('',#3282,#3284,#3943,.T.);
#2372=EDGE_CURVE('',#3285,#3284,#3944,.T.);
#2373=EDGE_CURVE('',#3285,#3283,#3945,.T.);
#2374=EDGE_CURVE('',#3286,#3287,#3946,.T.);
#2375=EDGE_CURVE('',#3287,#3288,#3947,.T.);
#2376=EDGE_CURVE('',#3289,#3288,#3948,.T.);
#2377=EDGE_CURVE('',#3289,#3286,#3949,.T.);
#2378=EDGE_CURVE('',#3288,#3290,#3950,.T.);
#2379=EDGE_CURVE('',#3291,#3290,#3951,.T.);
#2380=EDGE_CURVE('',#3291,#3289,#3952,.T.);
#2381=EDGE_CURVE('',#3290,#3292,#3953,.T.);
#2382=EDGE_CURVE('',#3293,#3292,#3954,.T.);
#2383=EDGE_CURVE('',#3293,#3291,#3955,.T.);
#2384=EDGE_CURVE('',#3294,#3295,#3956,.T.);
#2385=EDGE_CURVE('',#3295,#3296,#3957,.T.);
#2386=EDGE_CURVE('',#3297,#3296,#3958,.T.);
#2387=EDGE_CURVE('',#3297,#3294,#3959,.T.);
#2388=EDGE_CURVE('',#3296,#3298,#3960,.T.);
#2389=EDGE_CURVE('',#3299,#3298,#3961,.T.);
#2390=EDGE_CURVE('',#3299,#3297,#3962,.T.);
#2391=EDGE_CURVE('',#3298,#3300,#3963,.T.);
#2392=EDGE_CURVE('',#3301,#3300,#3964,.T.);
#2393=EDGE_CURVE('',#3301,#3299,#3965,.T.);
#2394=EDGE_CURVE('',#3302,#3303,#3966,.T.);
#2395=EDGE_CURVE('',#3303,#3304,#3967,.T.);
#2396=EDGE_CURVE('',#3305,#3304,#3968,.T.);
#2397=EDGE_CURVE('',#3305,#3302,#3969,.T.);
#2398=EDGE_CURVE('',#3304,#3306,#3970,.T.);
#2399=EDGE_CURVE('',#3307,#3306,#3971,.T.);
#2400=EDGE_CURVE('',#3307,#3305,#3972,.T.);
#2401=EDGE_CURVE('',#3306,#3308,#3973,.T.);
#2402=EDGE_CURVE('',#3309,#3308,#3974,.T.);
#2403=EDGE_CURVE('',#3309,#3307,#3975,.T.);
#2404=EDGE_CURVE('',#3268,#3263,#3976,.T.);
#2405=EDGE_CURVE('',#3262,#3269,#3977,.T.);
#2406=EDGE_CURVE('',#3276,#3271,#3978,.T.);
#2407=EDGE_CURVE('',#3270,#3277,#3979,.T.);
#2408=EDGE_CURVE('',#3284,#3279,#3980,.T.);
#2409=EDGE_CURVE('',#3278,#3285,#3981,.T.);
#2410=EDGE_CURVE('',#3292,#3287,#3982,.T.);
#2411=EDGE_CURVE('',#3286,#3293,#3983,.T.);
#2412=EDGE_CURVE('',#3300,#3295,#3984,.T.);
#2413=EDGE_CURVE('',#3294,#3301,#3985,.T.);
#2414=EDGE_CURVE('',#3308,#3303,#3986,.T.);
#2415=EDGE_CURVE('',#3302,#3309,#3987,.T.);
#2416=EDGE_CURVE('',#3224,#3187,#3988,.T.);
#2417=EDGE_CURVE('',#3149,#3135,#3989,.T.);
#2418=EDGE_CURVE('',#3310,#3311,#3990,.T.);
#2419=EDGE_CURVE('',#3310,#3312,#3991,.T.);
#2420=EDGE_CURVE('',#3312,#3313,#3992,.T.);
#2421=EDGE_CURVE('',#3311,#3313,#3993,.T.);
#2422=EDGE_CURVE('',#3314,#3315,#3994,.T.);
#2423=EDGE_CURVE('',#3314,#3316,#3995,.T.);
#2424=EDGE_CURVE('',#3316,#3317,#3996,.T.);
#2425=EDGE_CURVE('',#3315,#3317,#3997,.T.);
#2426=EDGE_CURVE('',#3318,#3319,#3998,.T.);
#2427=EDGE_CURVE('',#3318,#3320,#3999,.T.);
#2428=EDGE_CURVE('',#3320,#3321,#4000,.T.);
#2429=EDGE_CURVE('',#3319,#3321,#4001,.T.);
#2430=EDGE_CURVE('',#3322,#3323,#4002,.T.);
#2431=EDGE_CURVE('',#3322,#3324,#4003,.T.);
#2432=EDGE_CURVE('',#3324,#3325,#4004,.T.);
#2433=EDGE_CURVE('',#3325,#3323,#4005,.T.);
#2434=EDGE_CURVE('',#3326,#3327,#4006,.T.);
#2435=EDGE_CURVE('',#3326,#3328,#4007,.T.);
#2436=EDGE_CURVE('',#3328,#3329,#4008,.T.);
#2437=EDGE_CURVE('',#3327,#3329,#4009,.T.);
#2438=EDGE_CURVE('',#3259,#3132,#4010,.T.);
#2439=EDGE_CURVE('',#3258,#3129,#4011,.T.);
#2440=EDGE_CURVE('',#3255,#3128,#4012,.T.);
#2441=EDGE_CURVE('',#3254,#3127,#4013,.T.);
#2442=EDGE_CURVE('',#3253,#3126,#4014,.T.);
#2443=EDGE_CURVE('',#3252,#3123,#4015,.T.);
#2444=EDGE_CURVE('',#3249,#3122,#4016,.T.);
#2445=EDGE_CURVE('',#3248,#3121,#4017,.T.);
#2446=EDGE_CURVE('',#3247,#3120,#4018,.T.);
#2447=EDGE_CURVE('',#3246,#3117,#4019,.T.);
#2448=EDGE_CURVE('',#3243,#3116,#4020,.T.);
#2449=EDGE_CURVE('',#3242,#3115,#4021,.T.);
#2450=EDGE_CURVE('',#3241,#3114,#4022,.T.);
#2451=EDGE_CURVE('',#3240,#3111,#4023,.T.);
#2452=EDGE_CURVE('',#3237,#3110,#4024,.T.);
#2453=EDGE_CURVE('',#3236,#3109,#4025,.T.);
#2454=EDGE_CURVE('',#3235,#3108,#4026,.T.);
#2455=EDGE_CURVE('',#3234,#3105,#4027,.T.);
#2456=EDGE_CURVE('',#3231,#3104,#4028,.T.);
#2457=EDGE_CURVE('',#3230,#3103,#4029,.T.);
#2458=EDGE_CURVE('',#3229,#3102,#4030,.T.);
#2459=EDGE_CURVE('',#3228,#3099,#4031,.T.);
#2460=EDGE_CURVE('',#3225,#3098,#4032,.T.);
#2461=EDGE_CURVE('',#3148,#3186,#4033,.T.);
#2462=EDGE_CURVE('',#3185,#3188,#4034,.T.);
#2463=EDGE_CURVE('',#3182,#3189,#4035,.T.);
#2464=EDGE_CURVE('',#3181,#3192,#4036,.T.);
#2465=EDGE_CURVE('',#3180,#3193,#4037,.T.);
#2466=EDGE_CURVE('',#3179,#3194,#4038,.T.);
#2467=EDGE_CURVE('',#3176,#3195,#4039,.T.);
#2468=EDGE_CURVE('',#3175,#3198,#4040,.T.);
#2469=EDGE_CURVE('',#3174,#3199,#4041,.T.);
#2470=EDGE_CURVE('',#3173,#3200,#4042,.T.);
#2471=EDGE_CURVE('',#3170,#3201,#4043,.T.);
#2472=EDGE_CURVE('',#3169,#3204,#4044,.T.);
#2473=EDGE_CURVE('',#3168,#3205,#4045,.T.);
#2474=EDGE_CURVE('',#3167,#3206,#4046,.T.);
#2475=EDGE_CURVE('',#3164,#3207,#4047,.T.);
#2476=EDGE_CURVE('',#3163,#3210,#4048,.T.);
#2477=EDGE_CURVE('',#3162,#3211,#4049,.T.);
#2478=EDGE_CURVE('',#3161,#3212,#4050,.T.);
#2479=EDGE_CURVE('',#3158,#3213,#4051,.T.);
#2480=EDGE_CURVE('',#3157,#3216,#4052,.T.);
#2481=EDGE_CURVE('',#3156,#3217,#4053,.T.);
#2482=EDGE_CURVE('',#3155,#3218,#4054,.T.);
#2483=EDGE_CURVE('',#3152,#3219,#4055,.T.);
#2484=EDGE_CURVE('',#3151,#3222,#4056,.T.);
#2485=EDGE_CURVE('',#3260,#3133,#4057,.T.);
#2486=EDGE_CURVE('',#3256,#3131,#4058,.T.);
#2487=EDGE_CURVE('',#3257,#3130,#4059,.T.);
#2488=EDGE_CURVE('',#3250,#3125,#4060,.T.);
#2489=EDGE_CURVE('',#3251,#3124,#4061,.T.);
#2490=EDGE_CURVE('',#3244,#3119,#4062,.T.);
#2491=EDGE_CURVE('',#3245,#3118,#4063,.T.);
#2492=EDGE_CURVE('',#3238,#3113,#4064,.T.);
#2493=EDGE_CURVE('',#3239,#3112,#4065,.T.);
#2494=EDGE_CURVE('',#3232,#3107,#4066,.T.);
#2495=EDGE_CURVE('',#3233,#3106,#4067,.T.);
#2496=EDGE_CURVE('',#3226,#3101,#4068,.T.);
#2497=EDGE_CURVE('',#3227,#3100,#4069,.T.);
#2498=EDGE_CURVE('',#3153,#3221,#4070,.T.);
#2499=EDGE_CURVE('',#3154,#3220,#4071,.T.);
#2500=EDGE_CURVE('',#3159,#3215,#4072,.T.);
#2501=EDGE_CURVE('',#3160,#3214,#4073,.T.);
#2502=EDGE_CURVE('',#3165,#3209,#4074,.T.);
#2503=EDGE_CURVE('',#3166,#3208,#4075,.T.);
#2504=EDGE_CURVE('',#3171,#3203,#4076,.T.);
#2505=EDGE_CURVE('',#3172,#3202,#4077,.T.);
#2506=EDGE_CURVE('',#3177,#3197,#4078,.T.);
#2507=EDGE_CURVE('',#3178,#3196,#4079,.T.);
#2508=EDGE_CURVE('',#3184,#3190,#4080,.T.);
#2509=EDGE_CURVE('',#3183,#3191,#4081,.T.);
#2510=EDGE_CURVE('',#3330,#3331,#4082,.T.);
#2511=EDGE_CURVE('',#3332,#3330,#4083,.T.);
#2512=EDGE_CURVE('',#3332,#3333,#4084,.T.);
#2513=EDGE_CURVE('',#3333,#3331,#4085,.T.);
#2514=EDGE_CURVE('',#3333,#3323,#4086,.T.);
#2515=EDGE_CURVE('',#3322,#3332,#4087,.T.);
#2516=EDGE_CURVE('',#3324,#3330,#4088,.T.);
#2517=EDGE_CURVE('',#3331,#3325,#4089,.T.);
#2518=EDGE_CURVE('',#3334,#3335,#4090,.T.);
#2519=EDGE_CURVE('',#3336,#3334,#4091,.T.);
#2520=EDGE_CURVE('',#3336,#3337,#4092,.T.);
#2521=EDGE_CURVE('',#3337,#3335,#4093,.T.);
#2522=EDGE_CURVE('',#3337,#3319,#4094,.T.);
#2523=EDGE_CURVE('',#3318,#3336,#4095,.T.);
#2524=EDGE_CURVE('',#3320,#3334,#4096,.T.);
#2525=EDGE_CURVE('',#3335,#3321,#4097,.T.);
#2526=EDGE_CURVE('',#3338,#3339,#4098,.T.);
#2527=EDGE_CURVE('',#3340,#3338,#4099,.T.);
#2528=EDGE_CURVE('',#3340,#3341,#4100,.T.);
#2529=EDGE_CURVE('',#3341,#3339,#4101,.T.);
#2530=EDGE_CURVE('',#3341,#3315,#4102,.T.);
#2531=EDGE_CURVE('',#3314,#3340,#4103,.T.);
#2532=EDGE_CURVE('',#3316,#3338,#4104,.T.);
#2533=EDGE_CURVE('',#3339,#3317,#4105,.T.);
#2534=EDGE_CURVE('',#3342,#3343,#4106,.T.);
#2535=EDGE_CURVE('',#3344,#3342,#4107,.T.);
#2536=EDGE_CURVE('',#3344,#3345,#4108,.T.);
#2537=EDGE_CURVE('',#3345,#3343,#4109,.T.);
#2538=EDGE_CURVE('',#3345,#3311,#4110,.T.);
#2539=EDGE_CURVE('',#3310,#3344,#4111,.T.);
#2540=EDGE_CURVE('',#3312,#3342,#4112,.T.);
#2541=EDGE_CURVE('',#3343,#3313,#4113,.T.);
#2542=EDGE_CURVE('',#3346,#3327,#4114,.T.);
#2543=EDGE_CURVE('',#3347,#3346,#4115,.T.);
#2544=EDGE_CURVE('',#3326,#3347,#4116,.T.);
#2545=EDGE_CURVE('',#3328,#3348,#4117,.T.);
#2546=EDGE_CURVE('',#3348,#3349,#4118,.T.);
#2547=EDGE_CURVE('',#3349,#3329,#4119,.T.);
#2548=EDGE_CURVE('',#3347,#3348,#4120,.T.);
#2549=EDGE_CURVE('',#3346,#3349,#4121,.T.);
#2550=EDGE_CURVE('',#3350,#3351,#4122,.T.);
#2551=EDGE_CURVE('',#3352,#3350,#4123,.T.);
#2552=EDGE_CURVE('',#3353,#3352,#4124,.T.);
#2553=EDGE_CURVE('',#3354,#3353,#4125,.T.);
#2554=EDGE_CURVE('',#3355,#3354,#4126,.T.);
#2555=EDGE_CURVE('',#3356,#3355,#4127,.T.);
#2556=EDGE_CURVE('',#3357,#3356,#4128,.T.);
#2557=EDGE_CURVE('',#3358,#3357,#4129,.T.);
#2558=EDGE_CURVE('',#3359,#3358,#4130,.T.);
#2559=EDGE_CURVE('',#3360,#3359,#4131,.T.);
#2560=EDGE_CURVE('',#3361,#3360,#4132,.T.);
#2561=EDGE_CURVE('',#3362,#3361,#4133,.T.);
#2562=EDGE_CURVE('',#3363,#3362,#4134,.T.);
#2563=EDGE_CURVE('',#3364,#3363,#4135,.T.);
#2564=EDGE_CURVE('',#3365,#3364,#4136,.T.);
#2565=EDGE_CURVE('',#3366,#3365,#4137,.T.);
#2566=EDGE_CURVE('',#3367,#3366,#4138,.T.);
#2567=EDGE_CURVE('',#3368,#3367,#4139,.T.);
#2568=EDGE_CURVE('',#3369,#3368,#4140,.T.);
#2569=EDGE_CURVE('',#3370,#3369,#4141,.T.);
#2570=EDGE_CURVE('',#3371,#3370,#4142,.T.);
#2571=EDGE_CURVE('',#3371,#3372,#4143,.T.);
#2572=EDGE_CURVE('',#3373,#3372,#4144,.T.);
#2573=EDGE_CURVE('',#3374,#3373,#4145,.T.);
#2574=EDGE_CURVE('',#3375,#3374,#4146,.T.);
#2575=EDGE_CURVE('',#3375,#3376,#4147,.T.);
#2576=EDGE_CURVE('',#3377,#3376,#4148,.T.);
#2577=EDGE_CURVE('',#3378,#3377,#4149,.T.);
#2578=EDGE_CURVE('',#3379,#3378,#4150,.T.);
#2579=EDGE_CURVE('',#3379,#3380,#4151,.T.);
#2580=EDGE_CURVE('',#3381,#3380,#4152,.T.);
#2581=EDGE_CURVE('',#3382,#3381,#4153,.T.);
#2582=EDGE_CURVE('',#3383,#3382,#4154,.T.);
#2583=EDGE_CURVE('',#3383,#3384,#4155,.T.);
#2584=EDGE_CURVE('',#3385,#3384,#4156,.T.);
#2585=EDGE_CURVE('',#3386,#3385,#4157,.T.);
#2586=EDGE_CURVE('',#3387,#3386,#4158,.T.);
#2587=EDGE_CURVE('',#3387,#3388,#4159,.T.);
#2588=EDGE_CURVE('',#3389,#3388,#4160,.T.);
#2589=EDGE_CURVE('',#3390,#3389,#4161,.T.);
#2590=EDGE_CURVE('',#3391,#3390,#4162,.T.);
#2591=EDGE_CURVE('',#3391,#3392,#4163,.T.);
#2592=EDGE_CURVE('',#3392,#3393,#4164,.T.);
#2593=EDGE_CURVE('',#3351,#3393,#4165,.T.);
#2594=EDGE_CURVE('',#3394,#3395,#4166,.T.);
#2595=EDGE_CURVE('',#3394,#3396,#4167,.T.);
#2596=EDGE_CURVE('',#3396,#3397,#4168,.T.);
#2597=EDGE_CURVE('',#3398,#3397,#4169,.T.);
#2598=EDGE_CURVE('',#3399,#3398,#4170,.T.);
#2599=EDGE_CURVE('',#3400,#3399,#4171,.T.);
#2600=EDGE_CURVE('',#3401,#3400,#4172,.T.);
#2601=EDGE_CURVE('',#3402,#3401,#4173,.T.);
#2602=EDGE_CURVE('',#3403,#3402,#4174,.T.);
#2603=EDGE_CURVE('',#3404,#3403,#4175,.T.);
#2604=EDGE_CURVE('',#3405,#3404,#4176,.T.);
#2605=EDGE_CURVE('',#3406,#3405,#4177,.T.);
#2606=EDGE_CURVE('',#3407,#3406,#4178,.T.);
#2607=EDGE_CURVE('',#3408,#3407,#4179,.T.);
#2608=EDGE_CURVE('',#3409,#3408,#4180,.T.);
#2609=EDGE_CURVE('',#3410,#3409,#4181,.T.);
#2610=EDGE_CURVE('',#3411,#3410,#4182,.T.);
#2611=EDGE_CURVE('',#3412,#3411,#4183,.T.);
#2612=EDGE_CURVE('',#3413,#3412,#4184,.T.);
#2613=EDGE_CURVE('',#3414,#3413,#4185,.T.);
#2614=EDGE_CURVE('',#3415,#3414,#4186,.T.);
#2615=EDGE_CURVE('',#3416,#3415,#4187,.T.);
#2616=EDGE_CURVE('',#3417,#3416,#4188,.T.);
#2617=EDGE_CURVE('',#3418,#3417,#4189,.T.);
#2618=EDGE_CURVE('',#3419,#3418,#4190,.T.);
#2619=EDGE_CURVE('',#3419,#3420,#4191,.T.);
#2620=EDGE_CURVE('',#3421,#3420,#4192,.T.);
#2621=EDGE_CURVE('',#3422,#3421,#4193,.T.);
#2622=EDGE_CURVE('',#3423,#3422,#4194,.T.);
#2623=EDGE_CURVE('',#3423,#3424,#4195,.T.);
#2624=EDGE_CURVE('',#3425,#3424,#4196,.T.);
#2625=EDGE_CURVE('',#3426,#3425,#4197,.T.);
#2626=EDGE_CURVE('',#3427,#3426,#4198,.T.);
#2627=EDGE_CURVE('',#3427,#3428,#4199,.T.);
#2628=EDGE_CURVE('',#3429,#3428,#4200,.T.);
#2629=EDGE_CURVE('',#3430,#3429,#4201,.T.);
#2630=EDGE_CURVE('',#3431,#3430,#4202,.T.);
#2631=EDGE_CURVE('',#3431,#3432,#4203,.T.);
#2632=EDGE_CURVE('',#3433,#3432,#4204,.T.);
#2633=EDGE_CURVE('',#3434,#3433,#4205,.T.);
#2634=EDGE_CURVE('',#3435,#3434,#4206,.T.);
#2635=EDGE_CURVE('',#3435,#3436,#4207,.T.);
#2636=EDGE_CURVE('',#3437,#3436,#4208,.T.);
#2637=EDGE_CURVE('',#3395,#3437,#4209,.T.);
#2638=EDGE_CURVE('',#3438,#3370,#102,.T.);
#2639=EDGE_CURVE('',#3438,#3439,#4210,.T.);
#2640=EDGE_CURVE('',#3439,#3440,#103,.T.);
#2641=EDGE_CURVE('',#3440,#3441,#4211,.T.);
#2642=EDGE_CURVE('',#3442,#3441,#4212,.T.);
#2643=EDGE_CURVE('',#3442,#3443,#4213,.T.);
#2644=EDGE_CURVE('',#3444,#3443,#104,.T.);
#2645=EDGE_CURVE('',#3444,#3445,#4214,.T.);
#2646=EDGE_CURVE('',#3445,#3419,#105,.T.);
#2647=EDGE_CURVE('',#3418,#3446,#106,.T.);
#2648=EDGE_CURVE('',#3446,#3447,#4215,.T.);
#2649=EDGE_CURVE('',#3448,#3447,#107,.T.);
#2650=EDGE_CURVE('',#3448,#3449,#4216,.T.);
#2651=EDGE_CURVE('',#3449,#3450,#4217,.T.);
#2652=EDGE_CURVE('',#3450,#3451,#4218,.T.);
#2653=EDGE_CURVE('',#3451,#3452,#108,.T.);
#2654=EDGE_CURVE('',#3452,#3453,#4219,.T.);
#2655=EDGE_CURVE('',#3371,#3453,#109,.T.);
#2656=EDGE_CURVE('',#3454,#3455,#4220,.T.);
#2657=EDGE_CURVE('',#3456,#3455,#4221,.T.);
#2658=EDGE_CURVE('',#3457,#3456,#110,.T.);
#2659=EDGE_CURVE('',#3458,#3457,#4222,.T.);
#2660=EDGE_CURVE('',#3458,#3393,#111,.T.);
#2661=EDGE_CURVE('',#3392,#3459,#112,.T.);
#2662=EDGE_CURVE('',#3460,#3459,#4223,.T.);
#2663=EDGE_CURVE('',#3461,#3460,#113,.T.);
#2664=EDGE_CURVE('',#3462,#3461,#4224,.T.);
#2665=EDGE_CURVE('',#3463,#3462,#4225,.T.);
#2666=EDGE_CURVE('',#3464,#3463,#4226,.T.);
#2667=EDGE_CURVE('',#3464,#3465,#114,.T.);
#2668=EDGE_CURVE('',#3466,#3465,#4227,.T.);
#2669=EDGE_CURVE('',#3397,#3466,#115,.T.);
#2670=EDGE_CURVE('',#3467,#3396,#116,.T.);
#2671=EDGE_CURVE('',#3468,#3467,#4228,.T.);
#2672=EDGE_CURVE('',#3468,#3469,#117,.T.);
#2673=EDGE_CURVE('',#3454,#3469,#4229,.T.);
#2674=EDGE_CURVE('',#3470,#3458,#4230,.T.);
#2675=EDGE_CURVE('',#3470,#3351,#118,.T.);
#2676=EDGE_CURVE('',#3353,#3471,#119,.T.);
#2677=EDGE_CURVE('',#3472,#3471,#4231,.T.);
#2678=EDGE_CURVE('',#3472,#3354,#120,.T.);
#2679=EDGE_CURVE('',#3357,#3473,#121,.T.);
#2680=EDGE_CURVE('',#3474,#3473,#4232,.T.);
#2681=EDGE_CURVE('',#3474,#3358,#122,.T.);
#2682=EDGE_CURVE('',#3361,#3475,#123,.T.);
#2683=EDGE_CURVE('',#3476,#3475,#4233,.T.);
#2684=EDGE_CURVE('',#3476,#3362,#124,.T.);
#2685=EDGE_CURVE('',#3365,#3477,#125,.T.);
#2686=EDGE_CURVE('',#3478,#3477,#4234,.T.);
#2687=EDGE_CURVE('',#3478,#3366,#126,.T.);
#2688=EDGE_CURVE('',#3369,#3479,#127,.T.);
#2689=EDGE_CURVE('',#3438,#3479,#4235,.T.);
#2690=EDGE_CURVE('',#3470,#3480,#4236,.T.);
#2691=EDGE_CURVE('',#3480,#3457,#4237,.T.);
#2692=EDGE_CURVE('',#3481,#3471,#4238,.T.);
#2693=EDGE_CURVE('',#3482,#3481,#4239,.T.);
#2694=EDGE_CURVE('',#3472,#3482,#4240,.T.);
#2695=EDGE_CURVE('',#3483,#3473,#4241,.T.);
#2696=EDGE_CURVE('',#3484,#3483,#4242,.T.);
#2697=EDGE_CURVE('',#3474,#3484,#4243,.T.);
#2698=EDGE_CURVE('',#3485,#3475,#4244,.T.);
#2699=EDGE_CURVE('',#3486,#3485,#4245,.T.);
#2700=EDGE_CURVE('',#3476,#3486,#4246,.T.);
#2701=EDGE_CURVE('',#3487,#3477,#4247,.T.);
#2702=EDGE_CURVE('',#3488,#3487,#4248,.T.);
#2703=EDGE_CURVE('',#3478,#3488,#4249,.T.);
#2704=EDGE_CURVE('',#3489,#3479,#4250,.T.);
#2705=EDGE_CURVE('',#3439,#3489,#4251,.T.);
#2706=EDGE_CURVE('',#3480,#3490,#128,.T.);
#2707=EDGE_CURVE('',#3490,#3456,#4252,.T.);
#2708=EDGE_CURVE('',#3491,#3481,#129,.T.);
#2709=EDGE_CURVE('',#3492,#3491,#4253,.T.);
#2710=EDGE_CURVE('',#3482,#3492,#130,.T.);
#2711=EDGE_CURVE('',#3493,#3483,#131,.T.);
#2712=EDGE_CURVE('',#3494,#3493,#4254,.T.);
#2713=EDGE_CURVE('',#3484,#3494,#132,.T.);
#2714=EDGE_CURVE('',#3495,#3485,#133,.T.);
#2715=EDGE_CURVE('',#3496,#3495,#4255,.T.);
#2716=EDGE_CURVE('',#3486,#3496,#134,.T.);
#2717=EDGE_CURVE('',#3497,#3487,#135,.T.);
#2718=EDGE_CURVE('',#3498,#3497,#4256,.T.);
#2719=EDGE_CURVE('',#3488,#3498,#136,.T.);
#2720=EDGE_CURVE('',#3499,#3489,#137,.T.);
#2721=EDGE_CURVE('',#3440,#3499,#4257,.T.);
#2722=EDGE_CURVE('',#3500,#3455,#4258,.T.);
#2723=EDGE_CURVE('',#3501,#3500,#4259,.T.);
#2724=EDGE_CURVE('',#3502,#3501,#4260,.T.);
#2725=EDGE_CURVE('',#3490,#3502,#4261,.T.);
#2726=EDGE_CURVE('',#3503,#3491,#4262,.T.);
#2727=EDGE_CURVE('',#3504,#3503,#4263,.T.);
#2728=EDGE_CURVE('',#3505,#3504,#4264,.T.);
#2729=EDGE_CURVE('',#3506,#3505,#4265,.T.);
#2730=EDGE_CURVE('',#3492,#3506,#4266,.T.);
#2731=EDGE_CURVE('',#3507,#3493,#4267,.T.);
#2732=EDGE_CURVE('',#3508,#3507,#4268,.T.);
#2733=EDGE_CURVE('',#3509,#3508,#4269,.T.);
#2734=EDGE_CURVE('',#3510,#3509,#4270,.T.);
#2735=EDGE_CURVE('',#3494,#3510,#4271,.T.);
#2736=EDGE_CURVE('',#3511,#3495,#4272,.T.);
#2737=EDGE_CURVE('',#3512,#3511,#4273,.T.);
#2738=EDGE_CURVE('',#3513,#3512,#4274,.T.);
#2739=EDGE_CURVE('',#3514,#3513,#4275,.T.);
#2740=EDGE_CURVE('',#3496,#3514,#4276,.T.);
#2741=EDGE_CURVE('',#3515,#3497,#4277,.T.);
#2742=EDGE_CURVE('',#3516,#3515,#4278,.T.);
#2743=EDGE_CURVE('',#3517,#3516,#4279,.T.);
#2744=EDGE_CURVE('',#3518,#3517,#4280,.T.);
#2745=EDGE_CURVE('',#3498,#3518,#4281,.T.);
#2746=EDGE_CURVE('',#3519,#3499,#4282,.T.);
#2747=EDGE_CURVE('',#3520,#3519,#4283,.T.);
#2748=EDGE_CURVE('',#3521,#3520,#4284,.T.);
#2749=EDGE_CURVE('',#3441,#3521,#4285,.T.);
#2750=EDGE_CURVE('',#3522,#3500,#4286,.T.);
#2751=EDGE_CURVE('',#3523,#3522,#4287,.T.);
#2752=EDGE_CURVE('',#3523,#3501,#4288,.T.);
#2753=EDGE_CURVE('',#3524,#3504,#4289,.T.);
#2754=EDGE_CURVE('',#3525,#3524,#4290,.T.);
#2755=EDGE_CURVE('',#3525,#3505,#4291,.T.);
#2756=EDGE_CURVE('',#3526,#3508,#4292,.T.);
#2757=EDGE_CURVE('',#3527,#3526,#4293,.T.);
#2758=EDGE_CURVE('',#3527,#3509,#4294,.T.);
#2759=EDGE_CURVE('',#3528,#3512,#4295,.T.);
#2760=EDGE_CURVE('',#3529,#3528,#4296,.T.);
#2761=EDGE_CURVE('',#3529,#3513,#4297,.T.);
#2762=EDGE_CURVE('',#3530,#3516,#4298,.T.);
#2763=EDGE_CURVE('',#3531,#3530,#4299,.T.);
#2764=EDGE_CURVE('',#3531,#3517,#4300,.T.);
#2765=EDGE_CURVE('',#3532,#3520,#4301,.T.);
#2766=EDGE_CURVE('',#3533,#3532,#4302,.T.);
#2767=EDGE_CURVE('',#3533,#3521,#4303,.T.);
#2768=EDGE_CURVE('',#3454,#3522,#4304,.T.);
#2769=EDGE_CURVE('',#3534,#3469,#4305,.T.);
#2770=EDGE_CURVE('',#3535,#3534,#4306,.T.);
#2771=EDGE_CURVE('',#3523,#3535,#4307,.T.);
#2772=EDGE_CURVE('',#3536,#3537,#4308,.T.);
#2773=EDGE_CURVE('',#3538,#3536,#4309,.T.);
#2774=EDGE_CURVE('',#3539,#3538,#4310,.T.);
#2775=EDGE_CURVE('',#3525,#3539,#4311,.T.);
#2776=EDGE_CURVE('',#3537,#3524,#4312,.T.);
#2777=EDGE_CURVE('',#3540,#3541,#4313,.T.);
#2778=EDGE_CURVE('',#3542,#3540,#4314,.T.);
#2779=EDGE_CURVE('',#3543,#3542,#4315,.T.);
#2780=EDGE_CURVE('',#3527,#3543,#4316,.T.);
#2781=EDGE_CURVE('',#3541,#3526,#4317,.T.);
#2782=EDGE_CURVE('',#3544,#3545,#4318,.T.);
#2783=EDGE_CURVE('',#3546,#3544,#4319,.T.);
#2784=EDGE_CURVE('',#3547,#3546,#4320,.T.);
#2785=EDGE_CURVE('',#3529,#3547,#4321,.T.);
#2786=EDGE_CURVE('',#3545,#3528,#4322,.T.);
#2787=EDGE_CURVE('',#3548,#3549,#4323,.T.);
#2788=EDGE_CURVE('',#3550,#3548,#4324,.T.);
#2789=EDGE_CURVE('',#3551,#3550,#4325,.T.);
#2790=EDGE_CURVE('',#3531,#3551,#4326,.T.);
#2791=EDGE_CURVE('',#3549,#3530,#4327,.T.);
#2792=EDGE_CURVE('',#3552,#3553,#4328,.T.);
#2793=EDGE_CURVE('',#3443,#3552,#4329,.T.);
#2794=EDGE_CURVE('',#3533,#3442,#4330,.T.);
#2795=EDGE_CURVE('',#3553,#3532,#4331,.T.);
#2796=EDGE_CURVE('',#3554,#3468,#4332,.T.);
#2797=EDGE_CURVE('',#3554,#3534,#138,.T.);
#2798=EDGE_CURVE('',#3536,#3555,#139,.T.);
#2799=EDGE_CURVE('',#3556,#3555,#4333,.T.);
#2800=EDGE_CURVE('',#3556,#3538,#140,.T.);
#2801=EDGE_CURVE('',#3540,#3557,#141,.T.);
#2802=EDGE_CURVE('',#3558,#3557,#4334,.T.);
#2803=EDGE_CURVE('',#3558,#3542,#142,.T.);
#2804=EDGE_CURVE('',#3544,#3559,#143,.T.);
#2805=EDGE_CURVE('',#3560,#3559,#4335,.T.);
#2806=EDGE_CURVE('',#3560,#3546,#144,.T.);
#2807=EDGE_CURVE('',#3548,#3561,#145,.T.);
#2808=EDGE_CURVE('',#3562,#3561,#4336,.T.);
#2809=EDGE_CURVE('',#3562,#3550,#146,.T.);
#2810=EDGE_CURVE('',#3552,#3563,#147,.T.);
#2811=EDGE_CURVE('',#3444,#3563,#4337,.T.);
#2812=EDGE_CURVE('',#3554,#3564,#4338,.T.);
#2813=EDGE_CURVE('',#3564,#3467,#4339,.T.);
#2814=EDGE_CURVE('',#3565,#3555,#4340,.T.);
#2815=EDGE_CURVE('',#3566,#3565,#4341,.T.);
#2816=EDGE_CURVE('',#3556,#3566,#4342,.T.);
#2817=EDGE_CURVE('',#3567,#3557,#4343,.T.);
#2818=EDGE_CURVE('',#3568,#3567,#4344,.T.);
#2819=EDGE_CURVE('',#3558,#3568,#4345,.T.);
#2820=EDGE_CURVE('',#3569,#3559,#4346,.T.);
#2821=EDGE_CURVE('',#3570,#3569,#4347,.T.);
#2822=EDGE_CURVE('',#3560,#3570,#4348,.T.);
#2823=EDGE_CURVE('',#3571,#3561,#4349,.T.);
#2824=EDGE_CURVE('',#3572,#3571,#4350,.T.);
#2825=EDGE_CURVE('',#3562,#3572,#4351,.T.);
#2826=EDGE_CURVE('',#3573,#3563,#4352,.T.);
#2827=EDGE_CURVE('',#3445,#3573,#4353,.T.);
#2828=EDGE_CURVE('',#3564,#3394,#148,.T.);
#2829=EDGE_CURVE('',#3436,#3565,#149,.T.);
#2830=EDGE_CURVE('',#3566,#3435,#150,.T.);
#2831=EDGE_CURVE('',#3432,#3567,#151,.T.);
#2832=EDGE_CURVE('',#3568,#3431,#152,.T.);
#2833=EDGE_CURVE('',#3428,#3569,#153,.T.);
#2834=EDGE_CURVE('',#3570,#3427,#154,.T.);
#2835=EDGE_CURVE('',#3424,#3571,#155,.T.);
#2836=EDGE_CURVE('',#3572,#3423,#156,.T.);
#2837=EDGE_CURVE('',#3420,#3573,#157,.T.);
#2838=EDGE_CURVE('',#3574,#3463,#4354,.T.);
#2839=EDGE_CURVE('',#3575,#3574,#4355,.T.);
#2840=EDGE_CURVE('',#3576,#3575,#4356,.T.);
#2841=EDGE_CURVE('',#3577,#3576,#4357,.T.);
#2842=EDGE_CURVE('',#3577,#3464,#4358,.T.);
#2843=EDGE_CURVE('',#3449,#3578,#4359,.T.);
#2844=EDGE_CURVE('',#3448,#3579,#4360,.T.);
#2845=EDGE_CURVE('',#3580,#3579,#4361,.T.);
#2846=EDGE_CURVE('',#3581,#3580,#4362,.T.);
#2847=EDGE_CURVE('',#3578,#3581,#4363,.T.);
#2848=EDGE_CURVE('',#3582,#3583,#4364,.T.);
#2849=EDGE_CURVE('',#3582,#3584,#4365,.T.);
#2850=EDGE_CURVE('',#3585,#3584,#4366,.T.);
#2851=EDGE_CURVE('',#3586,#3585,#4367,.T.);
#2852=EDGE_CURVE('',#3587,#3586,#4368,.T.);
#2853=EDGE_CURVE('',#3583,#3587,#4369,.T.);
#2854=EDGE_CURVE('',#3588,#3589,#4370,.T.);
#2855=EDGE_CURVE('',#3588,#3590,#4371,.T.);
#2856=EDGE_CURVE('',#3591,#3590,#4372,.T.);
#2857=EDGE_CURVE('',#3592,#3591,#4373,.T.);
#2858=EDGE_CURVE('',#3593,#3592,#4374,.T.);
#2859=EDGE_CURVE('',#3589,#3593,#4375,.T.);
#2860=EDGE_CURVE('',#3594,#3595,#4376,.T.);
#2861=EDGE_CURVE('',#3594,#3596,#4377,.T.);
#2862=EDGE_CURVE('',#3597,#3596,#4378,.T.);
#2863=EDGE_CURVE('',#3598,#3597,#4379,.T.);
#2864=EDGE_CURVE('',#3599,#3598,#4380,.T.);
#2865=EDGE_CURVE('',#3595,#3599,#4381,.T.);
#2866=EDGE_CURVE('',#3600,#3601,#4382,.T.);
#2867=EDGE_CURVE('',#3600,#3602,#4383,.T.);
#2868=EDGE_CURVE('',#3603,#3602,#4384,.T.);
#2869=EDGE_CURVE('',#3604,#3603,#4385,.T.);
#2870=EDGE_CURVE('',#3605,#3604,#4386,.T.);
#2871=EDGE_CURVE('',#3601,#3605,#4387,.T.);
#2872=EDGE_CURVE('',#3574,#3606,#4388,.T.);
#2873=EDGE_CURVE('',#3607,#3606,#4389,.T.);
#2874=EDGE_CURVE('',#3575,#3607,#4390,.T.);
#2875=EDGE_CURVE('',#3578,#3608,#4391,.T.);
#2876=EDGE_CURVE('',#3581,#3609,#4392,.T.);
#2877=EDGE_CURVE('',#3608,#3609,#4393,.T.);
#2878=EDGE_CURVE('',#3587,#3610,#4394,.T.);
#2879=EDGE_CURVE('',#3586,#3611,#4395,.T.);
#2880=EDGE_CURVE('',#3610,#3611,#4396,.T.);
#2881=EDGE_CURVE('',#3593,#3612,#4397,.T.);
#2882=EDGE_CURVE('',#3592,#3613,#4398,.T.);
#2883=EDGE_CURVE('',#3612,#3613,#4399,.T.);
#2884=EDGE_CURVE('',#3599,#3614,#4400,.T.);
#2885=EDGE_CURVE('',#3598,#3615,#4401,.T.);
#2886=EDGE_CURVE('',#3614,#3615,#4402,.T.);
#2887=EDGE_CURVE('',#3605,#3616,#4403,.T.);
#2888=EDGE_CURVE('',#3604,#3617,#4404,.T.);
#2889=EDGE_CURVE('',#3616,#3617,#4405,.T.);
#2890=EDGE_CURVE('',#3462,#3606,#4406,.T.);
#2891=EDGE_CURVE('',#3618,#3461,#4407,.T.);
#2892=EDGE_CURVE('',#3619,#3618,#4408,.T.);
#2893=EDGE_CURVE('',#3607,#3619,#4409,.T.);
#2894=EDGE_CURVE('',#3608,#3450,#4410,.T.);
#2895=EDGE_CURVE('',#3620,#3609,#4411,.T.);
#2896=EDGE_CURVE('',#3621,#3620,#4412,.T.);
#2897=EDGE_CURVE('',#3451,#3621,#4413,.T.);
#2898=EDGE_CURVE('',#3622,#3623,#4414,.T.);
#2899=EDGE_CURVE('',#3610,#3622,#4415,.T.);
#2900=EDGE_CURVE('',#3624,#3611,#4416,.T.);
#2901=EDGE_CURVE('',#3625,#3624,#4417,.T.);
#2902=EDGE_CURVE('',#3623,#3625,#4418,.T.);
#2903=EDGE_CURVE('',#3626,#3627,#4419,.T.);
#2904=EDGE_CURVE('',#3612,#3626,#4420,.T.);
#2905=EDGE_CURVE('',#3628,#3613,#4421,.T.);
#2906=EDGE_CURVE('',#3629,#3628,#4422,.T.);
#2907=EDGE_CURVE('',#3627,#3629,#4423,.T.);
#2908=EDGE_CURVE('',#3630,#3631,#4424,.T.);
#2909=EDGE_CURVE('',#3614,#3630,#4425,.T.);
#2910=EDGE_CURVE('',#3632,#3615,#4426,.T.);
#2911=EDGE_CURVE('',#3633,#3632,#4427,.T.);
#2912=EDGE_CURVE('',#3631,#3633,#4428,.T.);
#2913=EDGE_CURVE('',#3634,#3635,#4429,.T.);
#2914=EDGE_CURVE('',#3616,#3634,#4430,.T.);
#2915=EDGE_CURVE('',#3636,#3617,#4431,.T.);
#2916=EDGE_CURVE('',#3637,#3636,#4432,.T.);
#2917=EDGE_CURVE('',#3635,#3637,#4433,.T.);
#2918=EDGE_CURVE('',#3638,#3621,#158,.T.);
#2919=EDGE_CURVE('',#3452,#3638,#4434,.T.);
#2920=EDGE_CURVE('',#3623,#3639,#159,.T.);
#2921=EDGE_CURVE('',#3640,#3625,#160,.T.);
#2922=EDGE_CURVE('',#3639,#3640,#4435,.T.);
#2923=EDGE_CURVE('',#3627,#3641,#161,.T.);
#2924=EDGE_CURVE('',#3642,#3629,#162,.T.);
#2925=EDGE_CURVE('',#3641,#3642,#4436,.T.);
#2926=EDGE_CURVE('',#3631,#3643,#163,.T.);
#2927=EDGE_CURVE('',#3644,#3633,#164,.T.);
#2928=EDGE_CURVE('',#3643,#3644,#4437,.T.);
#2929=EDGE_CURVE('',#3635,#3645,#165,.T.);
#2930=EDGE_CURVE('',#3646,#3637,#166,.T.);
#2931=EDGE_CURVE('',#3645,#3646,#4438,.T.);
#2932=EDGE_CURVE('',#3618,#3647,#167,.T.);
#2933=EDGE_CURVE('',#3647,#3460,#4439,.T.);
#2934=EDGE_CURVE('',#3648,#3638,#4440,.T.);
#2935=EDGE_CURVE('',#3453,#3648,#4441,.T.);
#2936=EDGE_CURVE('',#3639,#3649,#4442,.T.);
#2937=EDGE_CURVE('',#3650,#3640,#4443,.T.);
#2938=EDGE_CURVE('',#3649,#3650,#4444,.T.);
#2939=EDGE_CURVE('',#3641,#3651,#4445,.T.);
#2940=EDGE_CURVE('',#3652,#3642,#4446,.T.);
#2941=EDGE_CURVE('',#3651,#3652,#4447,.T.);
#2942=EDGE_CURVE('',#3643,#3653,#4448,.T.);
#2943=EDGE_CURVE('',#3654,#3644,#4449,.T.);
#2944=EDGE_CURVE('',#3653,#3654,#4450,.T.);
#2945=EDGE_CURVE('',#3645,#3655,#4451,.T.);
#2946=EDGE_CURVE('',#3656,#3646,#4452,.T.);
#2947=EDGE_CURVE('',#3655,#3656,#4453,.T.);
#2948=EDGE_CURVE('',#3647,#3657,#4454,.T.);
#2949=EDGE_CURVE('',#3657,#3459,#4455,.T.);
#2950=EDGE_CURVE('',#3648,#3372,#168,.T.);
#2951=EDGE_CURVE('',#3375,#3649,#169,.T.);
#2952=EDGE_CURVE('',#3650,#3376,#170,.T.);
#2953=EDGE_CURVE('',#3379,#3651,#171,.T.);
#2954=EDGE_CURVE('',#3652,#3380,#172,.T.);
#2955=EDGE_CURVE('',#3383,#3653,#173,.T.);
#2956=EDGE_CURVE('',#3654,#3384,#174,.T.);
#2957=EDGE_CURVE('',#3387,#3655,#175,.T.);
#2958=EDGE_CURVE('',#3656,#3388,#176,.T.);
#2959=EDGE_CURVE('',#3391,#3657,#177,.T.);
#2960=EDGE_CURVE('',#3658,#3417,#178,.T.);
#2961=EDGE_CURVE('',#3446,#3658,#4456,.T.);
#2962=EDGE_CURVE('',#3414,#3659,#179,.T.);
#2963=EDGE_CURVE('',#3660,#3413,#180,.T.);
#2964=EDGE_CURVE('',#3659,#3660,#4457,.T.);
#2965=EDGE_CURVE('',#3410,#3661,#181,.T.);
#2966=EDGE_CURVE('',#3662,#3409,#182,.T.);
#2967=EDGE_CURVE('',#3661,#3662,#4458,.T.);
#2968=EDGE_CURVE('',#3406,#3663,#183,.T.);
#2969=EDGE_CURVE('',#3664,#3405,#184,.T.);
#2970=EDGE_CURVE('',#3663,#3664,#4459,.T.);
#2971=EDGE_CURVE('',#3402,#3665,#185,.T.);
#2972=EDGE_CURVE('',#3666,#3401,#186,.T.);
#2973=EDGE_CURVE('',#3665,#3666,#4460,.T.);
#2974=EDGE_CURVE('',#3398,#3667,#187,.T.);
#2975=EDGE_CURVE('',#3667,#3466,#4461,.T.);
#2976=EDGE_CURVE('',#3668,#3658,#4462,.T.);
#2977=EDGE_CURVE('',#3447,#3668,#4463,.T.);
#2978=EDGE_CURVE('',#3659,#3669,#4464,.T.);
#2979=EDGE_CURVE('',#3670,#3660,#4465,.T.);
#2980=EDGE_CURVE('',#3669,#3670,#4466,.T.);
#2981=EDGE_CURVE('',#3661,#3671,#4467,.T.);
#2982=EDGE_CURVE('',#3672,#3662,#4468,.T.);
#2983=EDGE_CURVE('',#3671,#3672,#4469,.T.);
#2984=EDGE_CURVE('',#3663,#3673,#4470,.T.);
#2985=EDGE_CURVE('',#3674,#3664,#4471,.T.);
#2986=EDGE_CURVE('',#3673,#3674,#4472,.T.);
#2987=EDGE_CURVE('',#3665,#3675,#4473,.T.);
#2988=EDGE_CURVE('',#3676,#3666,#4474,.T.);
#2989=EDGE_CURVE('',#3675,#3676,#4475,.T.);
#2990=EDGE_CURVE('',#3667,#3677,#4476,.T.);
#2991=EDGE_CURVE('',#3677,#3465,#4477,.T.);
#2992=EDGE_CURVE('',#3668,#3579,#188,.T.);
#2993=EDGE_CURVE('',#3582,#3669,#189,.T.);
#2994=EDGE_CURVE('',#3670,#3584,#190,.T.);
#2995=EDGE_CURVE('',#3588,#3671,#191,.T.);
#2996=EDGE_CURVE('',#3672,#3590,#192,.T.);
#2997=EDGE_CURVE('',#3594,#3673,#193,.T.);
#2998=EDGE_CURVE('',#3674,#3596,#194,.T.);
#2999=EDGE_CURVE('',#3600,#3675,#195,.T.);
#3000=EDGE_CURVE('',#3676,#3602,#196,.T.);
#3001=EDGE_CURVE('',#3577,#3677,#197,.T.);
#3002=EDGE_CURVE('',#3603,#3636,#4478,.T.);
#3003=EDGE_CURVE('',#3400,#3389,#4479,.T.);
#3004=EDGE_CURVE('',#3399,#3390,#4480,.T.);
#3005=EDGE_CURVE('',#3576,#3619,#4481,.T.);
#3006=EDGE_CURVE('',#3597,#3632,#4482,.T.);
#3007=EDGE_CURVE('',#3404,#3385,#4483,.T.);
#3008=EDGE_CURVE('',#3403,#3386,#4484,.T.);
#3009=EDGE_CURVE('',#3601,#3634,#4485,.T.);
#3010=EDGE_CURVE('',#3591,#3628,#4486,.T.);
#3011=EDGE_CURVE('',#3408,#3381,#4487,.T.);
#3012=EDGE_CURVE('',#3407,#3382,#4488,.T.);
#3013=EDGE_CURVE('',#3595,#3630,#4489,.T.);
#3014=EDGE_CURVE('',#3585,#3624,#4490,.T.);
#3015=EDGE_CURVE('',#3412,#3377,#4491,.T.);
#3016=EDGE_CURVE('',#3411,#3378,#4492,.T.);
#3017=EDGE_CURVE('',#3589,#3626,#4493,.T.);
#3018=EDGE_CURVE('',#3580,#3620,#4494,.T.);
#3019=EDGE_CURVE('',#3583,#3622,#4495,.T.);
#3020=EDGE_CURVE('',#3416,#3373,#4496,.T.);
#3021=EDGE_CURVE('',#3415,#3374,#4497,.T.);
#3022=EDGE_CURVE('',#3551,#3518,#4498,.T.);
#3023=EDGE_CURVE('',#3422,#3367,#4499,.T.);
#3024=EDGE_CURVE('',#3421,#3368,#4500,.T.);
#3025=EDGE_CURVE('',#3553,#3519,#4501,.T.);
#3026=EDGE_CURVE('',#3547,#3514,#4502,.T.);
#3027=EDGE_CURVE('',#3426,#3363,#4503,.T.);
#3028=EDGE_CURVE('',#3425,#3364,#4504,.T.);
#3029=EDGE_CURVE('',#3549,#3515,#4505,.T.);
#3030=EDGE_CURVE('',#3543,#3510,#4506,.T.);
#3031=EDGE_CURVE('',#3430,#3359,#4507,.T.);
#3032=EDGE_CURVE('',#3429,#3360,#4508,.T.);
#3033=EDGE_CURVE('',#3545,#3511,#4509,.T.);
#3034=EDGE_CURVE('',#3539,#3506,#4510,.T.);
#3035=EDGE_CURVE('',#3434,#3355,#4511,.T.);
#3036=EDGE_CURVE('',#3433,#3356,#4512,.T.);
#3037=EDGE_CURVE('',#3541,#3507,#4513,.T.);
#3038=EDGE_CURVE('',#3535,#3502,#4514,.T.);
#3039=EDGE_CURVE('',#3395,#3350,#4515,.T.);
#3040=EDGE_CURVE('',#3437,#3352,#4516,.T.);
#3041=EDGE_CURVE('',#3537,#3503,#4517,.T.);
#3042=VERTEX_POINT('',#8889);
#3043=VERTEX_POINT('',#8890);
#3044=VERTEX_POINT('',#8892);
#3045=VERTEX_POINT('',#8894);
#3046=VERTEX_POINT('',#8898);
#3047=VERTEX_POINT('',#8899);
#3048=VERTEX_POINT('',#8901);
#3049=VERTEX_POINT('',#8903);
#3050=VERTEX_POINT('',#8907);
#3051=VERTEX_POINT('',#8908);
#3052=VERTEX_POINT('',#8910);
#3053=VERTEX_POINT('',#8912);
#3054=VERTEX_POINT('',#8916);
#3055=VERTEX_POINT('',#8917);
#3056=VERTEX_POINT('',#8919);
#3057=VERTEX_POINT('',#8921);
#3058=VERTEX_POINT('',#8925);
#3059=VERTEX_POINT('',#8926);
#3060=VERTEX_POINT('',#8928);
#3061=VERTEX_POINT('',#8930);
#3062=VERTEX_POINT('',#8934);
#3063=VERTEX_POINT('',#8935);
#3064=VERTEX_POINT('',#8937);
#3065=VERTEX_POINT('',#8939);
#3066=VERTEX_POINT('',#8943);
#3067=VERTEX_POINT('',#8944);
#3068=VERTEX_POINT('',#8946);
#3069=VERTEX_POINT('',#8948);
#3070=VERTEX_POINT('',#8952);
#3071=VERTEX_POINT('',#8953);
#3072=VERTEX_POINT('',#8955);
#3073=VERTEX_POINT('',#8957);
#3074=VERTEX_POINT('',#8961);
#3075=VERTEX_POINT('',#8962);
#3076=VERTEX_POINT('',#8964);
#3077=VERTEX_POINT('',#8966);
#3078=VERTEX_POINT('',#8970);
#3079=VERTEX_POINT('',#8971);
#3080=VERTEX_POINT('',#8973);
#3081=VERTEX_POINT('',#8975);
#3082=VERTEX_POINT('',#8979);
#3083=VERTEX_POINT('',#8980);
#3084=VERTEX_POINT('',#8982);
#3085=VERTEX_POINT('',#8984);
#3086=VERTEX_POINT('',#8988);
#3087=VERTEX_POINT('',#8989);
#3088=VERTEX_POINT('',#8991);
#3089=VERTEX_POINT('',#8993);
#3090=VERTEX_POINT('',#8997);
#3091=VERTEX_POINT('',#8998);
#3092=VERTEX_POINT('',#9000);
#3093=VERTEX_POINT('',#9002);
#3094=VERTEX_POINT('',#9006);
#3095=VERTEX_POINT('',#9007);
#3096=VERTEX_POINT('',#9009);
#3097=VERTEX_POINT('',#9011);
#3098=VERTEX_POINT('',#9015);
#3099=VERTEX_POINT('',#9017);
#3100=VERTEX_POINT('',#9019);
#3101=VERTEX_POINT('',#9021);
#3102=VERTEX_POINT('',#9023);
#3103=VERTEX_POINT('',#9025);
#3104=VERTEX_POINT('',#9028);
#3105=VERTEX_POINT('',#9030);
#3106=VERTEX_POINT('',#9032);
#3107=VERTEX_POINT('',#9034);
#3108=VERTEX_POINT('',#9036);
#3109=VERTEX_POINT('',#9038);
#3110=VERTEX_POINT('',#9041);
#3111=VERTEX_POINT('',#9043);
#3112=VERTEX_POINT('',#9045);
#3113=VERTEX_POINT('',#9047);
#3114=VERTEX_POINT('',#9049);
#3115=VERTEX_POINT('',#9051);
#3116=VERTEX_POINT('',#9054);
#3117=VERTEX_POINT('',#9056);
#3118=VERTEX_POINT('',#9058);
#3119=VERTEX_POINT('',#9060);
#3120=VERTEX_POINT('',#9062);
#3121=VERTEX_POINT('',#9064);
#3122=VERTEX_POINT('',#9067);
#3123=VERTEX_POINT('',#9069);
#3124=VERTEX_POINT('',#9071);
#3125=VERTEX_POINT('',#9073);
#3126=VERTEX_POINT('',#9075);
#3127=VERTEX_POINT('',#9077);
#3128=VERTEX_POINT('',#9080);
#3129=VERTEX_POINT('',#9082);
#3130=VERTEX_POINT('',#9084);
#3131=VERTEX_POINT('',#9086);
#3132=VERTEX_POINT('',#9088);
#3133=VERTEX_POINT('',#9090);
#3134=VERTEX_POINT('',#9093);
#3135=VERTEX_POINT('',#9095);
#3136=VERTEX_POINT('',#9099);
#3137=VERTEX_POINT('',#9101);
#3138=VERTEX_POINT('',#9103);
#3139=VERTEX_POINT('',#9105);
#3140=VERTEX_POINT('',#9107);
#3141=VERTEX_POINT('',#9109);
#3142=VERTEX_POINT('',#9111);
#3143=VERTEX_POINT('',#9113);
#3144=VERTEX_POINT('',#9115);
#3145=VERTEX_POINT('',#9117);
#3146=VERTEX_POINT('',#9119);
#3147=VERTEX_POINT('',#9121);
#3148=VERTEX_POINT('',#9123);
#3149=VERTEX_POINT('',#9125);
#3150=VERTEX_POINT('',#9127);
#3151=VERTEX_POINT('',#9130);
#3152=VERTEX_POINT('',#9132);
#3153=VERTEX_POINT('',#9134);
#3154=VERTEX_POINT('',#9136);
#3155=VERTEX_POINT('',#9138);
#3156=VERTEX_POINT('',#9140);
#3157=VERTEX_POINT('',#9143);
#3158=VERTEX_POINT('',#9145);
#3159=VERTEX_POINT('',#9147);
#3160=VERTEX_POINT('',#9149);
#3161=VERTEX_POINT('',#9151);
#3162=VERTEX_POINT('',#9153);
#3163=VERTEX_POINT('',#9156);
#3164=VERTEX_POINT('',#9158);
#3165=VERTEX_POINT('',#9160);
#3166=VERTEX_POINT('',#9162);
#3167=VERTEX_POINT('',#9164);
#3168=VERTEX_POINT('',#9166);
#3169=VERTEX_POINT('',#9169);
#3170=VERTEX_POINT('',#9171);
#3171=VERTEX_POINT('',#9173);
#3172=VERTEX_POINT('',#9175);
#3173=VERTEX_POINT('',#9177);
#3174=VERTEX_POINT('',#9179);
#3175=VERTEX_POINT('',#9182);
#3176=VERTEX_POINT('',#9184);
#3177=VERTEX_POINT('',#9186);
#3178=VERTEX_POINT('',#9188);
#3179=VERTEX_POINT('',#9190);
#3180=VERTEX_POINT('',#9192);
#3181=VERTEX_POINT('',#9195);
#3182=VERTEX_POINT('',#9197);
#3183=VERTEX_POINT('',#9199);
#3184=VERTEX_POINT('',#9201);
#3185=VERTEX_POINT('',#9203);
#3186=VERTEX_POINT('',#9207);
#3187=VERTEX_POINT('',#9209);
#3188=VERTEX_POINT('',#9213);
#3189=VERTEX_POINT('',#9214);
#3190=VERTEX_POINT('',#9216);
#3191=VERTEX_POINT('',#9218);
#3192=VERTEX_POINT('',#9222);
#3193=VERTEX_POINT('',#9223);
#3194=VERTEX_POINT('',#9228);
#3195=VERTEX_POINT('',#9229);
#3196=VERTEX_POINT('',#9231);
#3197=VERTEX_POINT('',#9233);
#3198=VERTEX_POINT('',#9237);
#3199=VERTEX_POINT('',#9238);
#3200=VERTEX_POINT('',#9243);
#3201=VERTEX_POINT('',#9244);
#3202=VERTEX_POINT('',#9246);
#3203=VERTEX_POINT('',#9248);
#3204=VERTEX_POINT('',#9252);
#3205=VERTEX_POINT('',#9253);
#3206=VERTEX_POINT('',#9258);
#3207=VERTEX_POINT('',#9259);
#3208=VERTEX_POINT('',#9261);
#3209=VERTEX_POINT('',#9263);
#3210=VERTEX_POINT('',#9267);
#3211=VERTEX_POINT('',#9268);
#3212=VERTEX_POINT('',#9273);
#3213=VERTEX_POINT('',#9274);
#3214=VERTEX_POINT('',#9276);
#3215=VERTEX_POINT('',#9278);
#3216=VERTEX_POINT('',#9282);
#3217=VERTEX_POINT('',#9283);
#3218=VERTEX_POINT('',#9288);
#3219=VERTEX_POINT('',#9289);
#3220=VERTEX_POINT('',#9291);
#3221=VERTEX_POINT('',#9293);
#3222=VERTEX_POINT('',#9297);
#3223=VERTEX_POINT('',#9298);
#3224=VERTEX_POINT('',#9303);
#3225=VERTEX_POINT('',#9304);
#3226=VERTEX_POINT('',#9309);
#3227=VERTEX_POINT('',#9310);
#3228=VERTEX_POINT('',#9312);
#3229=VERTEX_POINT('',#9314);
#3230=VERTEX_POINT('',#9318);
#3231=VERTEX_POINT('',#9320);
#3232=VERTEX_POINT('',#9324);
#3233=VERTEX_POINT('',#9325);
#3234=VERTEX_POINT('',#9327);
#3235=VERTEX_POINT('',#9329);
#3236=VERTEX_POINT('',#9333);
#3237=VERTEX_POINT('',#9335);
#3238=VERTEX_POINT('',#9339);
#3239=VERTEX_POINT('',#9340);
#3240=VERTEX_POINT('',#9342);
#3241=VERTEX_POINT('',#9344);
#3242=VERTEX_POINT('',#9348);
#3243=VERTEX_POINT('',#9350);
#3244=VERTEX_POINT('',#9354);
#3245=VERTEX_POINT('',#9355);
#3246=VERTEX_POINT('',#9357);
#3247=VERTEX_POINT('',#9359);
#3248=VERTEX_POINT('',#9363);
#3249=VERTEX_POINT('',#9365);
#3250=VERTEX_POINT('',#9369);
#3251=VERTEX_POINT('',#9370);
#3252=VERTEX_POINT('',#9372);
#3253=VERTEX_POINT('',#9374);
#3254=VERTEX_POINT('',#9378);
#3255=VERTEX_POINT('',#9380);
#3256=VERTEX_POINT('',#9384);
#3257=VERTEX_POINT('',#9385);
#3258=VERTEX_POINT('',#9387);
#3259=VERTEX_POINT('',#9389);
#3260=VERTEX_POINT('',#9393);
#3261=VERTEX_POINT('',#9395);
#3262=VERTEX_POINT('',#9402);
#3263=VERTEX_POINT('',#9403);
#3264=VERTEX_POINT('',#9405);
#3265=VERTEX_POINT('',#9407);
#3266=VERTEX_POINT('',#9411);
#3267=VERTEX_POINT('',#9413);
#3268=VERTEX_POINT('',#9417);
#3269=VERTEX_POINT('',#9419);
#3270=VERTEX_POINT('',#9423);
#3271=VERTEX_POINT('',#9424);
#3272=VERTEX_POINT('',#9426);
#3273=VERTEX_POINT('',#9428);
#3274=VERTEX_POINT('',#9432);
#3275=VERTEX_POINT('',#9434);
#3276=VERTEX_POINT('',#9438);
#3277=VERTEX_POINT('',#9440);
#3278=VERTEX_POINT('',#9444);
#3279=VERTEX_POINT('',#9445);
#3280=VERTEX_POINT('',#9447);
#3281=VERTEX_POINT('',#9449);
#3282=VERTEX_POINT('',#9453);
#3283=VERTEX_POINT('',#9455);
#3284=VERTEX_POINT('',#9459);
#3285=VERTEX_POINT('',#9461);
#3286=VERTEX_POINT('',#9465);
#3287=VERTEX_POINT('',#9466);
#3288=VERTEX_POINT('',#9468);
#3289=VERTEX_POINT('',#9470);
#3290=VERTEX_POINT('',#9474);
#3291=VERTEX_POINT('',#9476);
#3292=VERTEX_POINT('',#9480);
#3293=VERTEX_POINT('',#9482);
#3294=VERTEX_POINT('',#9486);
#3295=VERTEX_POINT('',#9487);
#3296=VERTEX_POINT('',#9489);
#3297=VERTEX_POINT('',#9491);
#3298=VERTEX_POINT('',#9495);
#3299=VERTEX_POINT('',#9497);
#3300=VERTEX_POINT('',#9501);
#3301=VERTEX_POINT('',#9503);
#3302=VERTEX_POINT('',#9507);
#3303=VERTEX_POINT('',#9508);
#3304=VERTEX_POINT('',#9510);
#3305=VERTEX_POINT('',#9512);
#3306=VERTEX_POINT('',#9516);
#3307=VERTEX_POINT('',#9518);
#3308=VERTEX_POINT('',#9522);
#3309=VERTEX_POINT('',#9524);
#3310=VERTEX_POINT('',#9549);
#3311=VERTEX_POINT('',#9550);
#3312=VERTEX_POINT('',#9552);
#3313=VERTEX_POINT('',#9554);
#3314=VERTEX_POINT('',#9557);
#3315=VERTEX_POINT('',#9558);
#3316=VERTEX_POINT('',#9560);
#3317=VERTEX_POINT('',#9562);
#3318=VERTEX_POINT('',#9565);
#3319=VERTEX_POINT('',#9566);
#3320=VERTEX_POINT('',#9568);
#3321=VERTEX_POINT('',#9570);
#3322=VERTEX_POINT('',#9573);
#3323=VERTEX_POINT('',#9574);
#3324=VERTEX_POINT('',#9576);
#3325=VERTEX_POINT('',#9578);
#3326=VERTEX_POINT('',#9581);
#3327=VERTEX_POINT('',#9582);
#3328=VERTEX_POINT('',#9584);
#3329=VERTEX_POINT('',#9586);
#3330=VERTEX_POINT('',#9723);
#3331=VERTEX_POINT('',#9724);
#3332=VERTEX_POINT('',#9726);
#3333=VERTEX_POINT('',#9728);
#3334=VERTEX_POINT('',#9740);
#3335=VERTEX_POINT('',#9741);
#3336=VERTEX_POINT('',#9743);
#3337=VERTEX_POINT('',#9745);
#3338=VERTEX_POINT('',#9757);
#3339=VERTEX_POINT('',#9758);
#3340=VERTEX_POINT('',#9760);
#3341=VERTEX_POINT('',#9762);
#3342=VERTEX_POINT('',#9774);
#3343=VERTEX_POINT('',#9775);
#3344=VERTEX_POINT('',#9777);
#3345=VERTEX_POINT('',#9779);
#3346=VERTEX_POINT('',#9791);
#3347=VERTEX_POINT('',#9793);
#3348=VERTEX_POINT('',#9797);
#3349=VERTEX_POINT('',#9799);
#3350=VERTEX_POINT('',#9821);
#3351=VERTEX_POINT('',#9822);
#3352=VERTEX_POINT('',#9824);
#3353=VERTEX_POINT('',#9826);
#3354=VERTEX_POINT('',#9828);
#3355=VERTEX_POINT('',#9830);
#3356=VERTEX_POINT('',#9832);
#3357=VERTEX_POINT('',#9834);
#3358=VERTEX_POINT('',#9836);
#3359=VERTEX_POINT('',#9838);
#3360=VERTEX_POINT('',#9840);
#3361=VERTEX_POINT('',#9842);
#3362=VERTEX_POINT('',#9844);
#3363=VERTEX_POINT('',#9846);
#3364=VERTEX_POINT('',#9848);
#3365=VERTEX_POINT('',#9850);
#3366=VERTEX_POINT('',#9852);
#3367=VERTEX_POINT('',#9854);
#3368=VERTEX_POINT('',#9856);
#3369=VERTEX_POINT('',#9858);
#3370=VERTEX_POINT('',#9860);
#3371=VERTEX_POINT('',#9862);
#3372=VERTEX_POINT('',#9864);
#3373=VERTEX_POINT('',#9866);
#3374=VERTEX_POINT('',#9868);
#3375=VERTEX_POINT('',#9870);
#3376=VERTEX_POINT('',#9872);
#3377=VERTEX_POINT('',#9874);
#3378=VERTEX_POINT('',#9876);
#3379=VERTEX_POINT('',#9878);
#3380=VERTEX_POINT('',#9880);
#3381=VERTEX_POINT('',#9882);
#3382=VERTEX_POINT('',#9884);
#3383=VERTEX_POINT('',#9886);
#3384=VERTEX_POINT('',#9888);
#3385=VERTEX_POINT('',#9890);
#3386=VERTEX_POINT('',#9892);
#3387=VERTEX_POINT('',#9894);
#3388=VERTEX_POINT('',#9896);
#3389=VERTEX_POINT('',#9898);
#3390=VERTEX_POINT('',#9900);
#3391=VERTEX_POINT('',#9902);
#3392=VERTEX_POINT('',#9904);
#3393=VERTEX_POINT('',#9906);
#3394=VERTEX_POINT('',#9910);
#3395=VERTEX_POINT('',#9911);
#3396=VERTEX_POINT('',#9913);
#3397=VERTEX_POINT('',#9915);
#3398=VERTEX_POINT('',#9917);
#3399=VERTEX_POINT('',#9919);
#3400=VERTEX_POINT('',#9921);
#3401=VERTEX_POINT('',#9923);
#3402=VERTEX_POINT('',#9925);
#3403=VERTEX_POINT('',#9927);
#3404=VERTEX_POINT('',#9929);
#3405=VERTEX_POINT('',#9931);
#3406=VERTEX_POINT('',#9933);
#3407=VERTEX_POINT('',#9935);
#3408=VERTEX_POINT('',#9937);
#3409=VERTEX_POINT('',#9939);
#3410=VERTEX_POINT('',#9941);
#3411=VERTEX_POINT('',#9943);
#3412=VERTEX_POINT('',#9945);
#3413=VERTEX_POINT('',#9947);
#3414=VERTEX_POINT('',#9949);
#3415=VERTEX_POINT('',#9951);
#3416=VERTEX_POINT('',#9953);
#3417=VERTEX_POINT('',#9955);
#3418=VERTEX_POINT('',#9957);
#3419=VERTEX_POINT('',#9959);
#3420=VERTEX_POINT('',#9961);
#3421=VERTEX_POINT('',#9963);
#3422=VERTEX_POINT('',#9965);
#3423=VERTEX_POINT('',#9967);
#3424=VERTEX_POINT('',#9969);
#3425=VERTEX_POINT('',#9971);
#3426=VERTEX_POINT('',#9973);
#3427=VERTEX_POINT('',#9975);
#3428=VERTEX_POINT('',#9977);
#3429=VERTEX_POINT('',#9979);
#3430=VERTEX_POINT('',#9981);
#3431=VERTEX_POINT('',#9983);
#3432=VERTEX_POINT('',#9985);
#3433=VERTEX_POINT('',#9987);
#3434=VERTEX_POINT('',#9989);
#3435=VERTEX_POINT('',#9991);
#3436=VERTEX_POINT('',#9993);
#3437=VERTEX_POINT('',#9995);
#3438=VERTEX_POINT('',#9999);
#3439=VERTEX_POINT('',#10001);
#3440=VERTEX_POINT('',#10003);
#3441=VERTEX_POINT('',#10005);
#3442=VERTEX_POINT('',#10007);
#3443=VERTEX_POINT('',#10009);
#3444=VERTEX_POINT('',#10011);
#3445=VERTEX_POINT('',#10013);
#3446=VERTEX_POINT('',#10016);
#3447=VERTEX_POINT('',#10018);
#3448=VERTEX_POINT('',#10020);
#3449=VERTEX_POINT('',#10022);
#3450=VERTEX_POINT('',#10024);
#3451=VERTEX_POINT('',#10026);
#3452=VERTEX_POINT('',#10028);
#3453=VERTEX_POINT('',#10030);
#3454=VERTEX_POINT('',#10034);
#3455=VERTEX_POINT('',#10035);
#3456=VERTEX_POINT('',#10037);
#3457=VERTEX_POINT('',#10039);
#3458=VERTEX_POINT('',#10041);
#3459=VERTEX_POINT('',#10044);
#3460=VERTEX_POINT('',#10046);
#3461=VERTEX_POINT('',#10048);
#3462=VERTEX_POINT('',#10050);
#3463=VERTEX_POINT('',#10052);
#3464=VERTEX_POINT('',#10054);
#3465=VERTEX_POINT('',#10056);
#3466=VERTEX_POINT('',#10058);
#3467=VERTEX_POINT('',#10061);
#3468=VERTEX_POINT('',#10063);
#3469=VERTEX_POINT('',#10065);
#3470=VERTEX_POINT('',#10069);
#3471=VERTEX_POINT('',#10073);
#3472=VERTEX_POINT('',#10075);
#3473=VERTEX_POINT('',#10079);
#3474=VERTEX_POINT('',#10081);
#3475=VERTEX_POINT('',#10085);
#3476=VERTEX_POINT('',#10087);
#3477=VERTEX_POINT('',#10091);
#3478=VERTEX_POINT('',#10093);
#3479=VERTEX_POINT('',#10097);
#3480=VERTEX_POINT('',#10101);
#3481=VERTEX_POINT('',#10105);
#3482=VERTEX_POINT('',#10107);
#3483=VERTEX_POINT('',#10111);
#3484=VERTEX_POINT('',#10113);
#3485=VERTEX_POINT('',#10117);
#3486=VERTEX_POINT('',#10119);
#3487=VERTEX_POINT('',#10123);
#3488=VERTEX_POINT('',#10125);
#3489=VERTEX_POINT('',#10129);
#3490=VERTEX_POINT('',#10133);
#3491=VERTEX_POINT('',#10137);
#3492=VERTEX_POINT('',#10139);
#3493=VERTEX_POINT('',#10143);
#3494=VERTEX_POINT('',#10145);
#3495=VERTEX_POINT('',#10149);
#3496=VERTEX_POINT('',#10151);
#3497=VERTEX_POINT('',#10155);
#3498=VERTEX_POINT('',#10157);
#3499=VERTEX_POINT('',#10161);
#3500=VERTEX_POINT('',#10165);
#3501=VERTEX_POINT('',#10167);
#3502=VERTEX_POINT('',#10169);
#3503=VERTEX_POINT('',#10173);
#3504=VERTEX_POINT('',#10175);
#3505=VERTEX_POINT('',#10177);
#3506=VERTEX_POINT('',#10179);
#3507=VERTEX_POINT('',#10183);
#3508=VERTEX_POINT('',#10185);
#3509=VERTEX_POINT('',#10187);
#3510=VERTEX_POINT('',#10189);
#3511=VERTEX_POINT('',#10193);
#3512=VERTEX_POINT('',#10195);
#3513=VERTEX_POINT('',#10197);
#3514=VERTEX_POINT('',#10199);
#3515=VERTEX_POINT('',#10203);
#3516=VERTEX_POINT('',#10205);
#3517=VERTEX_POINT('',#10207);
#3518=VERTEX_POINT('',#10209);
#3519=VERTEX_POINT('',#10213);
#3520=VERTEX_POINT('',#10215);
#3521=VERTEX_POINT('',#10217);
#3522=VERTEX_POINT('',#10221);
#3523=VERTEX_POINT('',#10223);
#3524=VERTEX_POINT('',#10227);
#3525=VERTEX_POINT('',#10229);
#3526=VERTEX_POINT('',#10233);
#3527=VERTEX_POINT('',#10235);
#3528=VERTEX_POINT('',#10239);
#3529=VERTEX_POINT('',#10241);
#3530=VERTEX_POINT('',#10245);
#3531=VERTEX_POINT('',#10247);
#3532=VERTEX_POINT('',#10251);
#3533=VERTEX_POINT('',#10253);
#3534=VERTEX_POINT('',#10258);
#3535=VERTEX_POINT('',#10260);
#3536=VERTEX_POINT('',#10264);
#3537=VERTEX_POINT('',#10265);
#3538=VERTEX_POINT('',#10267);
#3539=VERTEX_POINT('',#10269);
#3540=VERTEX_POINT('',#10274);
#3541=VERTEX_POINT('',#10275);
#3542=VERTEX_POINT('',#10277);
#3543=VERTEX_POINT('',#10279);
#3544=VERTEX_POINT('',#10284);
#3545=VERTEX_POINT('',#10285);
#3546=VERTEX_POINT('',#10287);
#3547=VERTEX_POINT('',#10289);
#3548=VERTEX_POINT('',#10294);
#3549=VERTEX_POINT('',#10295);
#3550=VERTEX_POINT('',#10297);
#3551=VERTEX_POINT('',#10299);
#3552=VERTEX_POINT('',#10304);
#3553=VERTEX_POINT('',#10305);
#3554=VERTEX_POINT('',#10311);
#3555=VERTEX_POINT('',#10315);
#3556=VERTEX_POINT('',#10317);
#3557=VERTEX_POINT('',#10321);
#3558=VERTEX_POINT('',#10323);
#3559=VERTEX_POINT('',#10327);
#3560=VERTEX_POINT('',#10329);
#3561=VERTEX_POINT('',#10333);
#3562=VERTEX_POINT('',#10335);
#3563=VERTEX_POINT('',#10339);
#3564=VERTEX_POINT('',#10343);
#3565=VERTEX_POINT('',#10347);
#3566=VERTEX_POINT('',#10349);
#3567=VERTEX_POINT('',#10353);
#3568=VERTEX_POINT('',#10355);
#3569=VERTEX_POINT('',#10359);
#3570=VERTEX_POINT('',#10361);
#3571=VERTEX_POINT('',#10365);
#3572=VERTEX_POINT('',#10367);
#3573=VERTEX_POINT('',#10371);
#3574=VERTEX_POINT('',#10391);
#3575=VERTEX_POINT('',#10393);
#3576=VERTEX_POINT('',#10395);
#3577=VERTEX_POINT('',#10397);
#3578=VERTEX_POINT('',#10401);
#3579=VERTEX_POINT('',#10403);
#3580=VERTEX_POINT('',#10405);
#3581=VERTEX_POINT('',#10407);
#3582=VERTEX_POINT('',#10411);
#3583=VERTEX_POINT('',#10412);
#3584=VERTEX_POINT('',#10414);
#3585=VERTEX_POINT('',#10416);
#3586=VERTEX_POINT('',#10418);
#3587=VERTEX_POINT('',#10420);
#3588=VERTEX_POINT('',#10424);
#3589=VERTEX_POINT('',#10425);
#3590=VERTEX_POINT('',#10427);
#3591=VERTEX_POINT('',#10429);
#3592=VERTEX_POINT('',#10431);
#3593=VERTEX_POINT('',#10433);
#3594=VERTEX_POINT('',#10437);
#3595=VERTEX_POINT('',#10438);
#3596=VERTEX_POINT('',#10440);
#3597=VERTEX_POINT('',#10442);
#3598=VERTEX_POINT('',#10444);
#3599=VERTEX_POINT('',#10446);
#3600=VERTEX_POINT('',#10450);
#3601=VERTEX_POINT('',#10451);
#3602=VERTEX_POINT('',#10453);
#3603=VERTEX_POINT('',#10455);
#3604=VERTEX_POINT('',#10457);
#3605=VERTEX_POINT('',#10459);
#3606=VERTEX_POINT('',#10463);
#3607=VERTEX_POINT('',#10465);
#3608=VERTEX_POINT('',#10469);
#3609=VERTEX_POINT('',#10471);
#3610=VERTEX_POINT('',#10475);
#3611=VERTEX_POINT('',#10477);
#3612=VERTEX_POINT('',#10481);
#3613=VERTEX_POINT('',#10483);
#3614=VERTEX_POINT('',#10487);
#3615=VERTEX_POINT('',#10489);
#3616=VERTEX_POINT('',#10493);
#3617=VERTEX_POINT('',#10495);
#3618=VERTEX_POINT('',#10500);
#3619=VERTEX_POINT('',#10502);
#3620=VERTEX_POINT('',#10507);
#3621=VERTEX_POINT('',#10509);
#3622=VERTEX_POINT('',#10513);
#3623=VERTEX_POINT('',#10514);
#3624=VERTEX_POINT('',#10517);
#3625=VERTEX_POINT('',#10519);
#3626=VERTEX_POINT('',#10523);
#3627=VERTEX_POINT('',#10524);
#3628=VERTEX_POINT('',#10527);
#3629=VERTEX_POINT('',#10529);
#3630=VERTEX_POINT('',#10533);
#3631=VERTEX_POINT('',#10534);
#3632=VERTEX_POINT('',#10537);
#3633=VERTEX_POINT('',#10539);
#3634=VERTEX_POINT('',#10543);
#3635=VERTEX_POINT('',#10544);
#3636=VERTEX_POINT('',#10547);
#3637=VERTEX_POINT('',#10549);
#3638=VERTEX_POINT('',#10553);
#3639=VERTEX_POINT('',#10557);
#3640=VERTEX_POINT('',#10559);
#3641=VERTEX_POINT('',#10563);
#3642=VERTEX_POINT('',#10565);
#3643=VERTEX_POINT('',#10569);
#3644=VERTEX_POINT('',#10571);
#3645=VERTEX_POINT('',#10575);
#3646=VERTEX_POINT('',#10577);
#3647=VERTEX_POINT('',#10581);
#3648=VERTEX_POINT('',#10585);
#3649=VERTEX_POINT('',#10589);
#3650=VERTEX_POINT('',#10591);
#3651=VERTEX_POINT('',#10595);
#3652=VERTEX_POINT('',#10597);
#3653=VERTEX_POINT('',#10601);
#3654=VERTEX_POINT('',#10603);
#3655=VERTEX_POINT('',#10607);
#3656=VERTEX_POINT('',#10609);
#3657=VERTEX_POINT('',#10613);
#3658=VERTEX_POINT('',#10633);
#3659=VERTEX_POINT('',#10637);
#3660=VERTEX_POINT('',#10639);
#3661=VERTEX_POINT('',#10643);
#3662=VERTEX_POINT('',#10645);
#3663=VERTEX_POINT('',#10649);
#3664=VERTEX_POINT('',#10651);
#3665=VERTEX_POINT('',#10655);
#3666=VERTEX_POINT('',#10657);
#3667=VERTEX_POINT('',#10661);
#3668=VERTEX_POINT('',#10665);
#3669=VERTEX_POINT('',#10669);
#3670=VERTEX_POINT('',#10671);
#3671=VERTEX_POINT('',#10675);
#3672=VERTEX_POINT('',#10677);
#3673=VERTEX_POINT('',#10681);
#3674=VERTEX_POINT('',#10683);
#3675=VERTEX_POINT('',#10687);
#3676=VERTEX_POINT('',#10689);
#3677=VERTEX_POINT('',#10693);
#3678=LINE('',#8888,#4518);
#3679=LINE('',#8891,#4519);
#3680=LINE('',#8893,#4520);
#3681=LINE('',#8895,#4521);
#3682=LINE('',#8897,#4522);
#3683=LINE('',#8900,#4523);
#3684=LINE('',#8902,#4524);
#3685=LINE('',#8904,#4525);
#3686=LINE('',#8906,#4526);
#3687=LINE('',#8909,#4527);
#3688=LINE('',#8911,#4528);
#3689=LINE('',#8913,#4529);
#3690=LINE('',#8915,#4530);
#3691=LINE('',#8918,#4531);
#3692=LINE('',#8920,#4532);
#3693=LINE('',#8922,#4533);
#3694=LINE('',#8924,#4534);
#3695=LINE('',#8927,#4535);
#3696=LINE('',#8929,#4536);
#3697=LINE('',#8931,#4537);
#3698=LINE('',#8933,#4538);
#3699=LINE('',#8936,#4539);
#3700=LINE('',#8938,#4540);
#3701=LINE('',#8940,#4541);
#3702=LINE('',#8942,#4542);
#3703=LINE('',#8945,#4543);
#3704=LINE('',#8947,#4544);
#3705=LINE('',#8949,#4545);
#3706=LINE('',#8951,#4546);
#3707=LINE('',#8954,#4547);
#3708=LINE('',#8956,#4548);
#3709=LINE('',#8958,#4549);
#3710=LINE('',#8960,#4550);
#3711=LINE('',#8963,#4551);
#3712=LINE('',#8965,#4552);
#3713=LINE('',#8967,#4553);
#3714=LINE('',#8969,#4554);
#3715=LINE('',#8972,#4555);
#3716=LINE('',#8974,#4556);
#3717=LINE('',#8976,#4557);
#3718=LINE('',#8978,#4558);
#3719=LINE('',#8981,#4559);
#3720=LINE('',#8983,#4560);
#3721=LINE('',#8985,#4561);
#3722=LINE('',#8987,#4562);
#3723=LINE('',#8990,#4563);
#3724=LINE('',#8992,#4564);
#3725=LINE('',#8994,#4565);
#3726=LINE('',#8996,#4566);
#3727=LINE('',#8999,#4567);
#3728=LINE('',#9001,#4568);
#3729=LINE('',#9003,#4569);
#3730=LINE('',#9005,#4570);
#3731=LINE('',#9008,#4571);
#3732=LINE('',#9010,#4572);
#3733=LINE('',#9012,#4573);
#3734=LINE('',#9014,#4574);
#3735=LINE('',#9016,#4575);
#3736=LINE('',#9018,#4576);
#3737=LINE('',#9020,#4577);
#3738=LINE('',#9022,#4578);
#3739=LINE('',#9024,#4579);
#3740=LINE('',#9026,#4580);
#3741=LINE('',#9027,#4581);
#3742=LINE('',#9029,#4582);
#3743=LINE('',#9031,#4583);
#3744=LINE('',#9033,#4584);
#3745=LINE('',#9035,#4585);
#3746=LINE('',#9037,#4586);
#3747=LINE('',#9039,#4587);
#3748=LINE('',#9040,#4588);
#3749=LINE('',#9042,#4589);
#3750=LINE('',#9044,#4590);
#3751=LINE('',#9046,#4591);
#3752=LINE('',#9048,#4592);
#3753=LINE('',#9050,#4593);
#3754=LINE('',#9052,#4594);
#3755=LINE('',#9053,#4595);
#3756=LINE('',#9055,#4596);
#3757=LINE('',#9057,#4597);
#3758=LINE('',#9059,#4598);
#3759=LINE('',#9061,#4599);
#3760=LINE('',#9063,#4600);
#3761=LINE('',#9065,#4601);
#3762=LINE('',#9066,#4602);
#3763=LINE('',#9068,#4603);
#3764=LINE('',#9070,#4604);
#3765=LINE('',#9072,#4605);
#3766=LINE('',#9074,#4606);
#3767=LINE('',#9076,#4607);
#3768=LINE('',#9078,#4608);
#3769=LINE('',#9079,#4609);
#3770=LINE('',#9081,#4610);
#3771=LINE('',#9083,#4611);
#3772=LINE('',#9085,#4612);
#3773=LINE('',#9087,#4613);
#3774=LINE('',#9089,#4614);
#3775=LINE('',#9091,#4615);
#3776=LINE('',#9092,#4616);
#3777=LINE('',#9094,#4617);
#3778=LINE('',#9096,#4618);
#3779=LINE('',#9122,#4619);
#3780=LINE('',#9124,#4620);
#3781=LINE('',#9126,#4621);
#3782=LINE('',#9128,#4622);
#3783=LINE('',#9129,#4623);
#3784=LINE('',#9131,#4624);
#3785=LINE('',#9133,#4625);
#3786=LINE('',#9135,#4626);
#3787=LINE('',#9137,#4627);
#3788=LINE('',#9139,#4628);
#3789=LINE('',#9141,#4629);
#3790=LINE('',#9142,#4630);
#3791=LINE('',#9144,#4631);
#3792=LINE('',#9146,#4632);
#3793=LINE('',#9148,#4633);
#3794=LINE('',#9150,#4634);
#3795=LINE('',#9152,#4635);
#3796=LINE('',#9154,#4636);
#3797=LINE('',#9155,#4637);
#3798=LINE('',#9157,#4638);
#3799=LINE('',#9159,#4639);
#3800=LINE('',#9161,#4640);
#3801=LINE('',#9163,#4641);
#3802=LINE('',#9165,#4642);
#3803=LINE('',#9167,#4643);
#3804=LINE('',#9168,#4644);
#3805=LINE('',#9170,#4645);
#3806=LINE('',#9172,#4646);
#3807=LINE('',#9174,#4647);
#3808=LINE('',#9176,#4648);
#3809=LINE('',#9178,#4649);
#3810=LINE('',#9180,#4650);
#3811=LINE('',#9181,#4651);
#3812=LINE('',#9183,#4652);
#3813=LINE('',#9185,#4653);
#3814=LINE('',#9187,#4654);
#3815=LINE('',#9189,#4655);
#3816=LINE('',#9191,#4656);
#3817=LINE('',#9193,#4657);
#3818=LINE('',#9194,#4658);
#3819=LINE('',#9196,#4659);
#3820=LINE('',#9198,#4660);
#3821=LINE('',#9200,#4661);
#3822=LINE('',#9202,#4662);
#3823=LINE('',#9204,#4663);
#3824=LINE('',#9206,#4664);
#3825=LINE('',#9208,#4665);
#3826=LINE('',#9210,#4666);
#3827=LINE('',#9212,#4667);
#3828=LINE('',#9215,#4668);
#3829=LINE('',#9217,#4669);
#3830=LINE('',#9219,#4670);
#3831=LINE('',#9221,#4671);
#3832=LINE('',#9224,#4672);
#3833=LINE('',#9225,#4673);
#3834=LINE('',#9227,#4674);
#3835=LINE('',#9230,#4675);
#3836=LINE('',#9232,#4676);
#3837=LINE('',#9234,#4677);
#3838=LINE('',#9236,#4678);
#3839=LINE('',#9239,#4679);
#3840=LINE('',#9240,#4680);
#3841=LINE('',#9242,#4681);
#3842=LINE('',#9245,#4682);
#3843=LINE('',#9247,#4683);
#3844=LINE('',#9249,#4684);
#3845=LINE('',#9251,#4685);
#3846=LINE('',#9254,#4686);
#3847=LINE('',#9255,#4687);
#3848=LINE('',#9257,#4688);
#3849=LINE('',#9260,#4689);
#3850=LINE('',#9262,#4690);
#3851=LINE('',#9264,#4691);
#3852=LINE('',#9266,#4692);
#3853=LINE('',#9269,#4693);
#3854=LINE('',#9270,#4694);
#3855=LINE('',#9272,#4695);
#3856=LINE('',#9275,#4696);
#3857=LINE('',#9277,#4697);
#3858=LINE('',#9279,#4698);
#3859=LINE('',#9281,#4699);
#3860=LINE('',#9284,#4700);
#3861=LINE('',#9285,#4701);
#3862=LINE('',#9287,#4702);
#3863=LINE('',#9290,#4703);
#3864=LINE('',#9292,#4704);
#3865=LINE('',#9294,#4705);
#3866=LINE('',#9296,#4706);
#3867=LINE('',#9299,#4707);
#3868=LINE('',#9300,#4708);
#3869=LINE('',#9302,#4709);
#3870=LINE('',#9305,#4710);
#3871=LINE('',#9306,#4711);
#3872=LINE('',#9308,#4712);
#3873=LINE('',#9311,#4713);
#3874=LINE('',#9313,#4714);
#3875=LINE('',#9315,#4715);
#3876=LINE('',#9317,#4716);
#3877=LINE('',#9319,#4717);
#3878=LINE('',#9321,#4718);
#3879=LINE('',#9323,#4719);
#3880=LINE('',#9326,#4720);
#3881=LINE('',#9328,#4721);
#3882=LINE('',#9330,#4722);
#3883=LINE('',#9332,#4723);
#3884=LINE('',#9334,#4724);
#3885=LINE('',#9336,#4725);
#3886=LINE('',#9338,#4726);
#3887=LINE('',#9341,#4727);
#3888=LINE('',#9343,#4728);
#3889=LINE('',#9345,#4729);
#3890=LINE('',#9347,#4730);
#3891=LINE('',#9349,#4731);
#3892=LINE('',#9351,#4732);
#3893=LINE('',#9353,#4733);
#3894=LINE('',#9356,#4734);
#3895=LINE('',#9358,#4735);
#3896=LINE('',#9360,#4736);
#3897=LINE('',#9362,#4737);
#3898=LINE('',#9364,#4738);
#3899=LINE('',#9366,#4739);
#3900=LINE('',#9368,#4740);
#3901=LINE('',#9371,#4741);
#3902=LINE('',#9373,#4742);
#3903=LINE('',#9375,#4743);
#3904=LINE('',#9377,#4744);
#3905=LINE('',#9379,#4745);
#3906=LINE('',#9381,#4746);
#3907=LINE('',#9383,#4747);
#3908=LINE('',#9386,#4748);
#3909=LINE('',#9388,#4749);
#3910=LINE('',#9390,#4750);
#3911=LINE('',#9392,#4751);
#3912=LINE('',#9394,#4752);
#3913=LINE('',#9396,#4753);
#3914=LINE('',#9398,#4754);
#3915=LINE('',#9399,#4755);
#3916=LINE('',#9401,#4756);
#3917=LINE('',#9404,#4757);
#3918=LINE('',#9406,#4758);
#3919=LINE('',#9408,#4759);
#3920=LINE('',#9410,#4760);
#3921=LINE('',#9412,#4761);
#3922=LINE('',#9414,#4762);
#3923=LINE('',#9416,#4763);
#3924=LINE('',#9418,#4764);
#3925=LINE('',#9420,#4765);
#3926=LINE('',#9422,#4766);
#3927=LINE('',#9425,#4767);
#3928=LINE('',#9427,#4768);
#3929=LINE('',#9429,#4769);
#3930=LINE('',#9431,#4770);
#3931=LINE('',#9433,#4771);
#3932=LINE('',#9435,#4772);
#3933=LINE('',#9437,#4773);
#3934=LINE('',#9439,#4774);
#3935=LINE('',#9441,#4775);
#3936=LINE('',#9443,#4776);
#3937=LINE('',#9446,#4777);
#3938=LINE('',#9448,#4778);
#3939=LINE('',#9450,#4779);
#3940=LINE('',#9452,#4780);
#3941=LINE('',#9454,#4781);
#3942=LINE('',#9456,#4782);
#3943=LINE('',#9458,#4783);
#3944=LINE('',#9460,#4784);
#3945=LINE('',#9462,#4785);
#3946=LINE('',#9464,#4786);
#3947=LINE('',#9467,#4787);
#3948=LINE('',#9469,#4788);
#3949=LINE('',#9471,#4789);
#3950=LINE('',#9473,#4790);
#3951=LINE('',#9475,#4791);
#3952=LINE('',#9477,#4792);
#3953=LINE('',#9479,#4793);
#3954=LINE('',#9481,#4794);
#3955=LINE('',#9483,#4795);
#3956=LINE('',#9485,#4796);
#3957=LINE('',#9488,#4797);
#3958=LINE('',#9490,#4798);
#3959=LINE('',#9492,#4799);
#3960=LINE('',#9494,#4800);
#3961=LINE('',#9496,#4801);
#3962=LINE('',#9498,#4802);
#3963=LINE('',#9500,#4803);
#3964=LINE('',#9502,#4804);
#3965=LINE('',#9504,#4805);
#3966=LINE('',#9506,#4806);
#3967=LINE('',#9509,#4807);
#3968=LINE('',#9511,#4808);
#3969=LINE('',#9513,#4809);
#3970=LINE('',#9515,#4810);
#3971=LINE('',#9517,#4811);
#3972=LINE('',#9519,#4812);
#3973=LINE('',#9521,#4813);
#3974=LINE('',#9523,#4814);
#3975=LINE('',#9525,#4815);
#3976=LINE('',#9527,#4816);
#3977=LINE('',#9528,#4817);
#3978=LINE('',#9530,#4818);
#3979=LINE('',#9531,#4819);
#3980=LINE('',#9533,#4820);
#3981=LINE('',#9534,#4821);
#3982=LINE('',#9536,#4822);
#3983=LINE('',#9537,#4823);
#3984=LINE('',#9539,#4824);
#3985=LINE('',#9540,#4825);
#3986=LINE('',#9542,#4826);
#3987=LINE('',#9543,#4827);
#3988=LINE('',#9545,#4828);
#3989=LINE('',#9546,#4829);
#3990=LINE('',#9548,#4830);
#3991=LINE('',#9551,#4831);
#3992=LINE('',#9553,#4832);
#3993=LINE('',#9555,#4833);
#3994=LINE('',#9556,#4834);
#3995=LINE('',#9559,#4835);
#3996=LINE('',#9561,#4836);
#3997=LINE('',#9563,#4837);
#3998=LINE('',#9564,#4838);
#3999=LINE('',#9567,#4839);
#4000=LINE('',#9569,#4840);
#4001=LINE('',#9571,#4841);
#4002=LINE('',#9572,#4842);
#4003=LINE('',#9575,#4843);
#4004=LINE('',#9577,#4844);
#4005=LINE('',#9579,#4845);
#4006=LINE('',#9580,#4846);
#4007=LINE('',#9583,#4847);
#4008=LINE('',#9585,#4848);
#4009=LINE('',#9587,#4849);
#4010=LINE('',#9589,#4850);
#4011=LINE('',#9590,#4851);
#4012=LINE('',#9591,#4852);
#4013=LINE('',#9592,#4853);
#4014=LINE('',#9593,#4854);
#4015=LINE('',#9594,#4855);
#4016=LINE('',#9595,#4856);
#4017=LINE('',#9596,#4857);
#4018=LINE('',#9597,#4858);
#4019=LINE('',#9598,#4859);
#4020=LINE('',#9599,#4860);
#4021=LINE('',#9600,#4861);
#4022=LINE('',#9601,#4862);
#4023=LINE('',#9602,#4863);
#4024=LINE('',#9603,#4864);
#4025=LINE('',#9604,#4865);
#4026=LINE('',#9605,#4866);
#4027=LINE('',#9606,#4867);
#4028=LINE('',#9607,#4868);
#4029=LINE('',#9608,#4869);
#4030=LINE('',#9609,#4870);
#4031=LINE('',#9610,#4871);
#4032=LINE('',#9611,#4872);
#4033=LINE('',#9612,#4873);
#4034=LINE('',#9613,#4874);
#4035=LINE('',#9614,#4875);
#4036=LINE('',#9615,#4876);
#4037=LINE('',#9616,#4877);
#4038=LINE('',#9617,#4878);
#4039=LINE('',#9618,#4879);
#4040=LINE('',#9619,#4880);
#4041=LINE('',#9620,#4881);
#4042=LINE('',#9621,#4882);
#4043=LINE('',#9622,#4883);
#4044=LINE('',#9623,#4884);
#4045=LINE('',#9624,#4885);
#4046=LINE('',#9625,#4886);
#4047=LINE('',#9626,#4887);
#4048=LINE('',#9627,#4888);
#4049=LINE('',#9628,#4889);
#4050=LINE('',#9629,#4890);
#4051=LINE('',#9630,#4891);
#4052=LINE('',#9631,#4892);
#4053=LINE('',#9632,#4893);
#4054=LINE('',#9633,#4894);
#4055=LINE('',#9634,#4895);
#4056=LINE('',#9635,#4896);
#4057=LINE('',#9636,#4897);
#4058=LINE('',#9639,#4898);
#4059=LINE('',#9641,#4899);
#4060=LINE('',#9646,#4900);
#4061=LINE('',#9648,#4901);
#4062=LINE('',#9653,#4902);
#4063=LINE('',#9655,#4903);
#4064=LINE('',#9660,#4904);
#4065=LINE('',#9662,#4905);
#4066=LINE('',#9667,#4906);
#4067=LINE('',#9669,#4907);
#4068=LINE('',#9674,#4908);
#4069=LINE('',#9676,#4909);
#4070=LINE('',#9681,#4910);
#4071=LINE('',#9683,#4911);
#4072=LINE('',#9688,#4912);
#4073=LINE('',#9690,#4913);
#4074=LINE('',#9695,#4914);
#4075=LINE('',#9697,#4915);
#4076=LINE('',#9702,#4916);
#4077=LINE('',#9704,#4917);
#4078=LINE('',#9709,#4918);
#4079=LINE('',#9711,#4919);
#4080=LINE('',#9716,#4920);
#4081=LINE('',#9718,#4921);
#4082=LINE('',#9722,#4922);
#4083=LINE('',#9725,#4923);
#4084=LINE('',#9727,#4924);
#4085=LINE('',#9729,#4925);
#4086=LINE('',#9731,#4926);
#4087=LINE('',#9732,#4927);
#4088=LINE('',#9734,#4928);
#4089=LINE('',#9735,#4929);
#4090=LINE('',#9739,#4930);
#4091=LINE('',#9742,#4931);
#4092=LINE('',#9744,#4932);
#4093=LINE('',#9746,#4933);
#4094=LINE('',#9748,#4934);
#4095=LINE('',#9749,#4935);
#4096=LINE('',#9751,#4936);
#4097=LINE('',#9752,#4937);
#4098=LINE('',#9756,#4938);
#4099=LINE('',#9759,#4939);
#4100=LINE('',#9761,#4940);
#4101=LINE('',#9763,#4941);
#4102=LINE('',#9765,#4942);
#4103=LINE('',#9766,#4943);
#4104=LINE('',#9768,#4944);
#4105=LINE('',#9769,#4945);
#4106=LINE('',#9773,#4946);
#4107=LINE('',#9776,#4947);
#4108=LINE('',#9778,#4948);
#4109=LINE('',#9780,#4949);
#4110=LINE('',#9782,#4950);
#4111=LINE('',#9783,#4951);
#4112=LINE('',#9785,#4952);
#4113=LINE('',#9786,#4953);
#4114=LINE('',#9790,#4954);
#4115=LINE('',#9792,#4955);
#4116=LINE('',#9794,#4956);
#4117=LINE('',#9796,#4957);
#4118=LINE('',#9798,#4958);
#4119=LINE('',#9800,#4959);
#4120=LINE('',#9802,#4960);
#4121=LINE('',#9804,#4961);
#4122=LINE('',#9820,#4962);
#4123=LINE('',#9823,#4963);
#4124=LINE('',#9825,#4964);
#4125=LINE('',#9827,#4965);
#4126=LINE('',#9829,#4966);
#4127=LINE('',#9831,#4967);
#4128=LINE('',#9833,#4968);
#4129=LINE('',#9835,#4969);
#4130=LINE('',#9837,#4970);
#4131=LINE('',#9839,#4971);
#4132=LINE('',#9841,#4972);
#4133=LINE('',#9843,#4973);
#4134=LINE('',#9845,#4974);
#4135=LINE('',#9847,#4975);
#4136=LINE('',#9849,#4976);
#4137=LINE('',#9851,#4977);
#4138=LINE('',#9853,#4978);
#4139=LINE('',#9855,#4979);
#4140=LINE('',#9857,#4980);
#4141=LINE('',#9859,#4981);
#4142=LINE('',#9861,#4982);
#4143=LINE('',#9863,#4983);
#4144=LINE('',#9865,#4984);
#4145=LINE('',#9867,#4985);
#4146=LINE('',#9869,#4986);
#4147=LINE('',#9871,#4987);
#4148=LINE('',#9873,#4988);
#4149=LINE('',#9875,#4989);
#4150=LINE('',#9877,#4990);
#4151=LINE('',#9879,#4991);
#4152=LINE('',#9881,#4992);
#4153=LINE('',#9883,#4993);
#4154=LINE('',#9885,#4994);
#4155=LINE('',#9887,#4995);
#4156=LINE('',#9889,#4996);
#4157=LINE('',#9891,#4997);
#4158=LINE('',#9893,#4998);
#4159=LINE('',#9895,#4999);
#4160=LINE('',#9897,#5000);
#4161=LINE('',#9899,#5001);
#4162=LINE('',#9901,#5002);
#4163=LINE('',#9903,#5003);
#4164=LINE('',#9905,#5004);
#4165=LINE('',#9907,#5005);
#4166=LINE('',#9909,#5006);
#4167=LINE('',#9912,#5007);
#4168=LINE('',#9914,#5008);
#4169=LINE('',#9916,#5009);
#4170=LINE('',#9918,#5010);
#4171=LINE('',#9920,#5011);
#4172=LINE('',#9922,#5012);
#4173=LINE('',#9924,#5013);
#4174=LINE('',#9926,#5014);
#4175=LINE('',#9928,#5015);
#4176=LINE('',#9930,#5016);
#4177=LINE('',#9932,#5017);
#4178=LINE('',#9934,#5018);
#4179=LINE('',#9936,#5019);
#4180=LINE('',#9938,#5020);
#4181=LINE('',#9940,#5021);
#4182=LINE('',#9942,#5022);
#4183=LINE('',#9944,#5023);
#4184=LINE('',#9946,#5024);
#4185=LINE('',#9948,#5025);
#4186=LINE('',#9950,#5026);
#4187=LINE('',#9952,#5027);
#4188=LINE('',#9954,#5028);
#4189=LINE('',#9956,#5029);
#4190=LINE('',#9958,#5030);
#4191=LINE('',#9960,#5031);
#4192=LINE('',#9962,#5032);
#4193=LINE('',#9964,#5033);
#4194=LINE('',#9966,#5034);
#4195=LINE('',#9968,#5035);
#4196=LINE('',#9970,#5036);
#4197=LINE('',#9972,#5037);
#4198=LINE('',#9974,#5038);
#4199=LINE('',#9976,#5039);
#4200=LINE('',#9978,#5040);
#4201=LINE('',#9980,#5041);
#4202=LINE('',#9982,#5042);
#4203=LINE('',#9984,#5043);
#4204=LINE('',#9986,#5044);
#4205=LINE('',#9988,#5045);
#4206=LINE('',#9990,#5046);
#4207=LINE('',#9992,#5047);
#4208=LINE('',#9994,#5048);
#4209=LINE('',#9996,#5049);
#4210=LINE('',#10000,#5050);
#4211=LINE('',#10004,#5051);
#4212=LINE('',#10006,#5052);
#4213=LINE('',#10008,#5053);
#4214=LINE('',#10012,#5054);
#4215=LINE('',#10017,#5055);
#4216=LINE('',#10021,#5056);
#4217=LINE('',#10023,#5057);
#4218=LINE('',#10025,#5058);
#4219=LINE('',#10029,#5059);
#4220=LINE('',#10033,#5060);
#4221=LINE('',#10036,#5061);
#4222=LINE('',#10040,#5062);
#4223=LINE('',#10045,#5063);
#4224=LINE('',#10049,#5064);
#4225=LINE('',#10051,#5065);
#4226=LINE('',#10053,#5066);
#4227=LINE('',#10057,#5067);
#4228=LINE('',#10062,#5068);
#4229=LINE('',#10066,#5069);
#4230=LINE('',#10068,#5070);
#4231=LINE('',#10074,#5071);
#4232=LINE('',#10080,#5072);
#4233=LINE('',#10086,#5073);
#4234=LINE('',#10092,#5074);
#4235=LINE('',#10098,#5075);
#4236=LINE('',#10100,#5076);
#4237=LINE('',#10102,#5077);
#4238=LINE('',#10104,#5078);
#4239=LINE('',#10106,#5079);
#4240=LINE('',#10108,#5080);
#4241=LINE('',#10110,#5081);
#4242=LINE('',#10112,#5082);
#4243=LINE('',#10114,#5083);
#4244=LINE('',#10116,#5084);
#4245=LINE('',#10118,#5085);
#4246=LINE('',#10120,#5086);
#4247=LINE('',#10122,#5087);
#4248=LINE('',#10124,#5088);
#4249=LINE('',#10126,#5089);
#4250=LINE('',#10128,#5090);
#4251=LINE('',#10130,#5091);
#4252=LINE('',#10134,#5092);
#4253=LINE('',#10138,#5093);
#4254=LINE('',#10144,#5094);
#4255=LINE('',#10150,#5095);
#4256=LINE('',#10156,#5096);
#4257=LINE('',#10162,#5097);
#4258=LINE('',#10164,#5098);
#4259=LINE('',#10166,#5099);
#4260=LINE('',#10168,#5100);
#4261=LINE('',#10170,#5101);
#4262=LINE('',#10172,#5102);
#4263=LINE('',#10174,#5103);
#4264=LINE('',#10176,#5104);
#4265=LINE('',#10178,#5105);
#4266=LINE('',#10180,#5106);
#4267=LINE('',#10182,#5107);
#4268=LINE('',#10184,#5108);
#4269=LINE('',#10186,#5109);
#4270=LINE('',#10188,#5110);
#4271=LINE('',#10190,#5111);
#4272=LINE('',#10192,#5112);
#4273=LINE('',#10194,#5113);
#4274=LINE('',#10196,#5114);
#4275=LINE('',#10198,#5115);
#4276=LINE('',#10200,#5116);
#4277=LINE('',#10202,#5117);
#4278=LINE('',#10204,#5118);
#4279=LINE('',#10206,#5119);
#4280=LINE('',#10208,#5120);
#4281=LINE('',#10210,#5121);
#4282=LINE('',#10212,#5122);
#4283=LINE('',#10214,#5123);
#4284=LINE('',#10216,#5124);
#4285=LINE('',#10218,#5125);
#4286=LINE('',#10220,#5126);
#4287=LINE('',#10222,#5127);
#4288=LINE('',#10224,#5128);
#4289=LINE('',#10226,#5129);
#4290=LINE('',#10228,#5130);
#4291=LINE('',#10230,#5131);
#4292=LINE('',#10232,#5132);
#4293=LINE('',#10234,#5133);
#4294=LINE('',#10236,#5134);
#4295=LINE('',#10238,#5135);
#4296=LINE('',#10240,#5136);
#4297=LINE('',#10242,#5137);
#4298=LINE('',#10244,#5138);
#4299=LINE('',#10246,#5139);
#4300=LINE('',#10248,#5140);
#4301=LINE('',#10250,#5141);
#4302=LINE('',#10252,#5142);
#4303=LINE('',#10254,#5143);
#4304=LINE('',#10256,#5144);
#4305=LINE('',#10257,#5145);
#4306=LINE('',#10259,#5146);
#4307=LINE('',#10261,#5147);
#4308=LINE('',#10263,#5148);
#4309=LINE('',#10266,#5149);
#4310=LINE('',#10268,#5150);
#4311=LINE('',#10270,#5151);
#4312=LINE('',#10271,#5152);
#4313=LINE('',#10273,#5153);
#4314=LINE('',#10276,#5154);
#4315=LINE('',#10278,#5155);
#4316=LINE('',#10280,#5156);
#4317=LINE('',#10281,#5157);
#4318=LINE('',#10283,#5158);
#4319=LINE('',#10286,#5159);
#4320=LINE('',#10288,#5160);
#4321=LINE('',#10290,#5161);
#4322=LINE('',#10291,#5162);
#4323=LINE('',#10293,#5163);
#4324=LINE('',#10296,#5164);
#4325=LINE('',#10298,#5165);
#4326=LINE('',#10300,#5166);
#4327=LINE('',#10301,#5167);
#4328=LINE('',#10303,#5168);
#4329=LINE('',#10306,#5169);
#4330=LINE('',#10307,#5170);
#4331=LINE('',#10308,#5171);
#4332=LINE('',#10310,#5172);
#4333=LINE('',#10316,#5173);
#4334=LINE('',#10322,#5174);
#4335=LINE('',#10328,#5175);
#4336=LINE('',#10334,#5176);
#4337=LINE('',#10340,#5177);
#4338=LINE('',#10342,#5178);
#4339=LINE('',#10344,#5179);
#4340=LINE('',#10346,#5180);
#4341=LINE('',#10348,#5181);
#4342=LINE('',#10350,#5182);
#4343=LINE('',#10352,#5183);
#4344=LINE('',#10354,#5184);
#4345=LINE('',#10356,#5185);
#4346=LINE('',#10358,#5186);
#4347=LINE('',#10360,#5187);
#4348=LINE('',#10362,#5188);
#4349=LINE('',#10364,#5189);
#4350=LINE('',#10366,#5190);
#4351=LINE('',#10368,#5191);
#4352=LINE('',#10370,#5192);
#4353=LINE('',#10372,#5193);
#4354=LINE('',#10390,#5194);
#4355=LINE('',#10392,#5195);
#4356=LINE('',#10394,#5196);
#4357=LINE('',#10396,#5197);
#4358=LINE('',#10398,#5198);
#4359=LINE('',#10400,#5199);
#4360=LINE('',#10402,#5200);
#4361=LINE('',#10404,#5201);
#4362=LINE('',#10406,#5202);
#4363=LINE('',#10408,#5203);
#4364=LINE('',#10410,#5204);
#4365=LINE('',#10413,#5205);
#4366=LINE('',#10415,#5206);
#4367=LINE('',#10417,#5207);
#4368=LINE('',#10419,#5208);
#4369=LINE('',#10421,#5209);
#4370=LINE('',#10423,#5210);
#4371=LINE('',#10426,#5211);
#4372=LINE('',#10428,#5212);
#4373=LINE('',#10430,#5213);
#4374=LINE('',#10432,#5214);
#4375=LINE('',#10434,#5215);
#4376=LINE('',#10436,#5216);
#4377=LINE('',#10439,#5217);
#4378=LINE('',#10441,#5218);
#4379=LINE('',#10443,#5219);
#4380=LINE('',#10445,#5220);
#4381=LINE('',#10447,#5221);
#4382=LINE('',#10449,#5222);
#4383=LINE('',#10452,#5223);
#4384=LINE('',#10454,#5224);
#4385=LINE('',#10456,#5225);
#4386=LINE('',#10458,#5226);
#4387=LINE('',#10460,#5227);
#4388=LINE('',#10462,#5228);
#4389=LINE('',#10464,#5229);
#4390=LINE('',#10466,#5230);
#4391=LINE('',#10468,#5231);
#4392=LINE('',#10470,#5232);
#4393=LINE('',#10472,#5233);
#4394=LINE('',#10474,#5234);
#4395=LINE('',#10476,#5235);
#4396=LINE('',#10478,#5236);
#4397=LINE('',#10480,#5237);
#4398=LINE('',#10482,#5238);
#4399=LINE('',#10484,#5239);
#4400=LINE('',#10486,#5240);
#4401=LINE('',#10488,#5241);
#4402=LINE('',#10490,#5242);
#4403=LINE('',#10492,#5243);
#4404=LINE('',#10494,#5244);
#4405=LINE('',#10496,#5245);
#4406=LINE('',#10498,#5246);
#4407=LINE('',#10499,#5247);
#4408=LINE('',#10501,#5248);
#4409=LINE('',#10503,#5249);
#4410=LINE('',#10505,#5250);
#4411=LINE('',#10506,#5251);
#4412=LINE('',#10508,#5252);
#4413=LINE('',#10510,#5253);
#4414=LINE('',#10512,#5254);
#4415=LINE('',#10515,#5255);
#4416=LINE('',#10516,#5256);
#4417=LINE('',#10518,#5257);
#4418=LINE('',#10520,#5258);
#4419=LINE('',#10522,#5259);
#4420=LINE('',#10525,#5260);
#4421=LINE('',#10526,#5261);
#4422=LINE('',#10528,#5262);
#4423=LINE('',#10530,#5263);
#4424=LINE('',#10532,#5264);
#4425=LINE('',#10535,#5265);
#4426=LINE('',#10536,#5266);
#4427=LINE('',#10538,#5267);
#4428=LINE('',#10540,#5268);
#4429=LINE('',#10542,#5269);
#4430=LINE('',#10545,#5270);
#4431=LINE('',#10546,#5271);
#4432=LINE('',#10548,#5272);
#4433=LINE('',#10550,#5273);
#4434=LINE('',#10554,#5274);
#4435=LINE('',#10560,#5275);
#4436=LINE('',#10566,#5276);
#4437=LINE('',#10572,#5277);
#4438=LINE('',#10578,#5278);
#4439=LINE('',#10582,#5279);
#4440=LINE('',#10584,#5280);
#4441=LINE('',#10586,#5281);
#4442=LINE('',#10588,#5282);
#4443=LINE('',#10590,#5283);
#4444=LINE('',#10592,#5284);
#4445=LINE('',#10594,#5285);
#4446=LINE('',#10596,#5286);
#4447=LINE('',#10598,#5287);
#4448=LINE('',#10600,#5288);
#4449=LINE('',#10602,#5289);
#4450=LINE('',#10604,#5290);
#4451=LINE('',#10606,#5291);
#4452=LINE('',#10608,#5292);
#4453=LINE('',#10610,#5293);
#4454=LINE('',#10612,#5294);
#4455=LINE('',#10614,#5295);
#4456=LINE('',#10634,#5296);
#4457=LINE('',#10640,#5297);
#4458=LINE('',#10646,#5298);
#4459=LINE('',#10652,#5299);
#4460=LINE('',#10658,#5300);
#4461=LINE('',#10662,#5301);
#4462=LINE('',#10664,#5302);
#4463=LINE('',#10666,#5303);
#4464=LINE('',#10668,#5304);
#4465=LINE('',#10670,#5305);
#4466=LINE('',#10672,#5306);
#4467=LINE('',#10674,#5307);
#4468=LINE('',#10676,#5308);
#4469=LINE('',#10678,#5309);
#4470=LINE('',#10680,#5310);
#4471=LINE('',#10682,#5311);
#4472=LINE('',#10684,#5312);
#4473=LINE('',#10686,#5313);
#4474=LINE('',#10688,#5314);
#4475=LINE('',#10690,#5315);
#4476=LINE('',#10692,#5316);
#4477=LINE('',#10694,#5317);
#4478=LINE('',#10714,#5318);
#4479=LINE('',#10715,#5319);
#4480=LINE('',#10717,#5320);
#4481=LINE('',#10718,#5321);
#4482=LINE('',#10723,#5322);
#4483=LINE('',#10724,#5323);
#4484=LINE('',#10726,#5324);
#4485=LINE('',#10727,#5325);
#4486=LINE('',#10732,#5326);
#4487=LINE('',#10733,#5327);
#4488=LINE('',#10735,#5328);
#4489=LINE('',#10736,#5329);
#4490=LINE('',#10741,#5330);
#4491=LINE('',#10742,#5331);
#4492=LINE('',#10744,#5332);
#4493=LINE('',#10745,#5333);
#4494=LINE('',#10750,#5334);
#4495=LINE('',#10752,#5335);
#4496=LINE('',#10754,#5336);
#4497=LINE('',#10755,#5337);
#4498=LINE('',#10759,#5338);
#4499=LINE('',#10760,#5339);
#4500=LINE('',#10763,#5340);
#4501=LINE('',#10764,#5341);
#4502=LINE('',#10768,#5342);
#4503=LINE('',#10769,#5343);
#4504=LINE('',#10772,#5344);
#4505=LINE('',#10773,#5345);
#4506=LINE('',#10777,#5346);
#4507=LINE('',#10778,#5347);
#4508=LINE('',#10781,#5348);
#4509=LINE('',#10782,#5349);
#4510=LINE('',#10786,#5350);
#4511=LINE('',#10787,#5351);
#4512=LINE('',#10790,#5352);
#4513=LINE('',#10791,#5353);
#4514=LINE('',#10795,#5354);
#4515=LINE('',#10796,#5355);
#4516=LINE('',#10799,#5356);
#4517=LINE('',#10800,#5357);
#4518=VECTOR('',#7162,39.3700787401575);
#4519=VECTOR('',#7163,39.3700787401575);
#4520=VECTOR('',#7164,39.3700787401575);
#4521=VECTOR('',#7165,39.3700787401575);
#4522=VECTOR('',#7168,39.3700787401575);
#4523=VECTOR('',#7169,39.3700787401575);
#4524=VECTOR('',#7170,39.3700787401575);
#4525=VECTOR('',#7171,39.3700787401575);
#4526=VECTOR('',#7174,39.3700787401575);
#4527=VECTOR('',#7175,39.3700787401575);
#4528=VECTOR('',#7176,39.3700787401575);
#4529=VECTOR('',#7177,39.3700787401575);
#4530=VECTOR('',#7180,39.3700787401575);
#4531=VECTOR('',#7181,39.3700787401575);
#4532=VECTOR('',#7182,39.3700787401575);
#4533=VECTOR('',#7183,39.3700787401575);
#4534=VECTOR('',#7186,39.3700787401575);
#4535=VECTOR('',#7187,39.3700787401575);
#4536=VECTOR('',#7188,39.3700787401575);
#4537=VECTOR('',#7189,39.3700787401575);
#4538=VECTOR('',#7192,39.3700787401575);
#4539=VECTOR('',#7193,39.3700787401575);
#4540=VECTOR('',#7194,39.3700787401575);
#4541=VECTOR('',#7195,39.3700787401575);
#4542=VECTOR('',#7198,39.3700787401575);
#4543=VECTOR('',#7199,39.3700787401575);
#4544=VECTOR('',#7200,39.3700787401575);
#4545=VECTOR('',#7201,39.3700787401575);
#4546=VECTOR('',#7204,39.3700787401575);
#4547=VECTOR('',#7205,39.3700787401575);
#4548=VECTOR('',#7206,39.3700787401575);
#4549=VECTOR('',#7207,39.3700787401575);
#4550=VECTOR('',#7210,39.3700787401575);
#4551=VECTOR('',#7211,39.3700787401575);
#4552=VECTOR('',#7212,39.3700787401575);
#4553=VECTOR('',#7213,39.3700787401575);
#4554=VECTOR('',#7216,39.3700787401575);
#4555=VECTOR('',#7217,39.3700787401575);
#4556=VECTOR('',#7218,39.3700787401575);
#4557=VECTOR('',#7219,39.3700787401575);
#4558=VECTOR('',#7222,39.3700787401575);
#4559=VECTOR('',#7223,39.3700787401575);
#4560=VECTOR('',#7224,39.3700787401575);
#4561=VECTOR('',#7225,39.3700787401575);
#4562=VECTOR('',#7228,39.3700787401575);
#4563=VECTOR('',#7229,39.3700787401575);
#4564=VECTOR('',#7230,39.3700787401575);
#4565=VECTOR('',#7231,39.3700787401575);
#4566=VECTOR('',#7234,39.3700787401575);
#4567=VECTOR('',#7235,39.3700787401575);
#4568=VECTOR('',#7236,39.3700787401575);
#4569=VECTOR('',#7237,39.3700787401575);
#4570=VECTOR('',#7240,39.3700787401575);
#4571=VECTOR('',#7241,39.3700787401575);
#4572=VECTOR('',#7242,39.3700787401575);
#4573=VECTOR('',#7243,39.3700787401575);
#4574=VECTOR('',#7246,39.3700787401575);
#4575=VECTOR('',#7247,39.3700787401575);
#4576=VECTOR('',#7248,39.3700787401575);
#4577=VECTOR('',#7249,39.3700787401575);
#4578=VECTOR('',#7250,39.3700787401575);
#4579=VECTOR('',#7251,39.3700787401575);
#4580=VECTOR('',#7252,39.3700787401575);
#4581=VECTOR('',#7253,39.3700787401575);
#4582=VECTOR('',#7254,39.3700787401575);
#4583=VECTOR('',#7255,39.3700787401575);
#4584=VECTOR('',#7256,39.3700787401575);
#4585=VECTOR('',#7257,39.3700787401575);
#4586=VECTOR('',#7258,39.3700787401575);
#4587=VECTOR('',#7259,39.3700787401575);
#4588=VECTOR('',#7260,39.3700787401575);
#4589=VECTOR('',#7261,39.3700787401575);
#4590=VECTOR('',#7262,39.3700787401575);
#4591=VECTOR('',#7263,39.3700787401575);
#4592=VECTOR('',#7264,39.3700787401575);
#4593=VECTOR('',#7265,39.3700787401575);
#4594=VECTOR('',#7266,39.3700787401575);
#4595=VECTOR('',#7267,39.3700787401575);
#4596=VECTOR('',#7268,39.3700787401575);
#4597=VECTOR('',#7269,39.3700787401575);
#4598=VECTOR('',#7270,39.3700787401575);
#4599=VECTOR('',#7271,39.3700787401575);
#4600=VECTOR('',#7272,39.3700787401575);
#4601=VECTOR('',#7273,39.3700787401575);
#4602=VECTOR('',#7274,39.3700787401575);
#4603=VECTOR('',#7275,39.3700787401575);
#4604=VECTOR('',#7276,39.3700787401575);
#4605=VECTOR('',#7277,39.3700787401575);
#4606=VECTOR('',#7278,39.3700787401575);
#4607=VECTOR('',#7279,39.3700787401575);
#4608=VECTOR('',#7280,39.3700787401575);
#4609=VECTOR('',#7281,39.3700787401575);
#4610=VECTOR('',#7282,39.3700787401575);
#4611=VECTOR('',#7283,39.3700787401575);
#4612=VECTOR('',#7284,39.3700787401575);
#4613=VECTOR('',#7285,39.3700787401575);
#4614=VECTOR('',#7286,39.3700787401575);
#4615=VECTOR('',#7287,39.3700787401575);
#4616=VECTOR('',#7288,39.3700787401575);
#4617=VECTOR('',#7289,39.3700787401575);
#4618=VECTOR('',#7290,39.3700787401575);
#4619=VECTOR('',#7317,39.3700787401575);
#4620=VECTOR('',#7318,39.3700787401575);
#4621=VECTOR('',#7319,39.3700787401575);
#4622=VECTOR('',#7320,39.3700787401575);
#4623=VECTOR('',#7321,39.3700787401575);
#4624=VECTOR('',#7322,39.3700787401575);
#4625=VECTOR('',#7323,39.3700787401575);
#4626=VECTOR('',#7324,39.3700787401575);
#4627=VECTOR('',#7325,39.3700787401575);
#4628=VECTOR('',#7326,39.3700787401575);
#4629=VECTOR('',#7327,39.3700787401575);
#4630=VECTOR('',#7328,39.3700787401575);
#4631=VECTOR('',#7329,39.3700787401575);
#4632=VECTOR('',#7330,39.3700787401575);
#4633=VECTOR('',#7331,39.3700787401575);
#4634=VECTOR('',#7332,39.3700787401575);
#4635=VECTOR('',#7333,39.3700787401575);
#4636=VECTOR('',#7334,39.3700787401575);
#4637=VECTOR('',#7335,39.3700787401575);
#4638=VECTOR('',#7336,39.3700787401575);
#4639=VECTOR('',#7337,39.3700787401575);
#4640=VECTOR('',#7338,39.3700787401575);
#4641=VECTOR('',#7339,39.3700787401575);
#4642=VECTOR('',#7340,39.3700787401575);
#4643=VECTOR('',#7341,39.3700787401575);
#4644=VECTOR('',#7342,39.3700787401575);
#4645=VECTOR('',#7343,39.3700787401575);
#4646=VECTOR('',#7344,39.3700787401575);
#4647=VECTOR('',#7345,39.3700787401575);
#4648=VECTOR('',#7346,39.3700787401575);
#4649=VECTOR('',#7347,39.3700787401575);
#4650=VECTOR('',#7348,39.3700787401575);
#4651=VECTOR('',#7349,39.3700787401575);
#4652=VECTOR('',#7350,39.3700787401575);
#4653=VECTOR('',#7351,39.3700787401575);
#4654=VECTOR('',#7352,39.3700787401575);
#4655=VECTOR('',#7353,39.3700787401575);
#4656=VECTOR('',#7354,39.3700787401575);
#4657=VECTOR('',#7355,39.3700787401575);
#4658=VECTOR('',#7356,39.3700787401575);
#4659=VECTOR('',#7357,39.3700787401575);
#4660=VECTOR('',#7358,39.3700787401575);
#4661=VECTOR('',#7359,39.3700787401575);
#4662=VECTOR('',#7360,39.3700787401575);
#4663=VECTOR('',#7361,39.3700787401575);
#4664=VECTOR('',#7364,39.3700787401575);
#4665=VECTOR('',#7365,39.3700787401575);
#4666=VECTOR('',#7366,39.3700787401575);
#4667=VECTOR('',#7369,39.3700787401575);
#4668=VECTOR('',#7370,39.3700787401575);
#4669=VECTOR('',#7371,39.3700787401575);
#4670=VECTOR('',#7372,39.3700787401575);
#4671=VECTOR('',#7375,39.3700787401575);
#4672=VECTOR('',#7376,39.3700787401575);
#4673=VECTOR('',#7377,39.3700787401575);
#4674=VECTOR('',#7380,39.3700787401575);
#4675=VECTOR('',#7381,39.3700787401575);
#4676=VECTOR('',#7382,39.3700787401575);
#4677=VECTOR('',#7383,39.3700787401575);
#4678=VECTOR('',#7386,39.3700787401575);
#4679=VECTOR('',#7387,39.3700787401575);
#4680=VECTOR('',#7388,39.3700787401575);
#4681=VECTOR('',#7391,39.3700787401575);
#4682=VECTOR('',#7392,39.3700787401575);
#4683=VECTOR('',#7393,39.3700787401575);
#4684=VECTOR('',#7394,39.3700787401575);
#4685=VECTOR('',#7397,39.3700787401575);
#4686=VECTOR('',#7398,39.3700787401575);
#4687=VECTOR('',#7399,39.3700787401575);
#4688=VECTOR('',#7402,39.3700787401575);
#4689=VECTOR('',#7403,39.3700787401575);
#4690=VECTOR('',#7404,39.3700787401575);
#4691=VECTOR('',#7405,39.3700787401575);
#4692=VECTOR('',#7408,39.3700787401575);
#4693=VECTOR('',#7409,39.3700787401575);
#4694=VECTOR('',#7410,39.3700787401575);
#4695=VECTOR('',#7413,39.3700787401575);
#4696=VECTOR('',#7414,39.3700787401575);
#4697=VECTOR('',#7415,39.3700787401575);
#4698=VECTOR('',#7416,39.3700787401575);
#4699=VECTOR('',#7419,39.3700787401575);
#4700=VECTOR('',#7420,39.3700787401575);
#4701=VECTOR('',#7421,39.3700787401575);
#4702=VECTOR('',#7424,39.3700787401575);
#4703=VECTOR('',#7425,39.3700787401575);
#4704=VECTOR('',#7426,39.3700787401575);
#4705=VECTOR('',#7427,39.3700787401575);
#4706=VECTOR('',#7430,39.3700787401575);
#4707=VECTOR('',#7431,39.3700787401575);
#4708=VECTOR('',#7432,39.3700787401575);
#4709=VECTOR('',#7435,39.3700787401575);
#4710=VECTOR('',#7436,39.3700787401575);
#4711=VECTOR('',#7437,39.3700787401575);
#4712=VECTOR('',#7440,39.3700787401575);
#4713=VECTOR('',#7441,39.3700787401575);
#4714=VECTOR('',#7442,39.3700787401575);
#4715=VECTOR('',#7443,39.3700787401575);
#4716=VECTOR('',#7446,39.3700787401575);
#4717=VECTOR('',#7447,39.3700787401575);
#4718=VECTOR('',#7448,39.3700787401575);
#4719=VECTOR('',#7451,39.3700787401575);
#4720=VECTOR('',#7452,39.3700787401575);
#4721=VECTOR('',#7453,39.3700787401575);
#4722=VECTOR('',#7454,39.3700787401575);
#4723=VECTOR('',#7457,39.3700787401575);
#4724=VECTOR('',#7458,39.3700787401575);
#4725=VECTOR('',#7459,39.3700787401575);
#4726=VECTOR('',#7462,39.3700787401575);
#4727=VECTOR('',#7463,39.3700787401575);
#4728=VECTOR('',#7464,39.3700787401575);
#4729=VECTOR('',#7465,39.3700787401575);
#4730=VECTOR('',#7468,39.3700787401575);
#4731=VECTOR('',#7469,39.3700787401575);
#4732=VECTOR('',#7470,39.3700787401575);
#4733=VECTOR('',#7473,39.3700787401575);
#4734=VECTOR('',#7474,39.3700787401575);
#4735=VECTOR('',#7475,39.3700787401575);
#4736=VECTOR('',#7476,39.3700787401575);
#4737=VECTOR('',#7479,39.3700787401575);
#4738=VECTOR('',#7480,39.3700787401575);
#4739=VECTOR('',#7481,39.3700787401575);
#4740=VECTOR('',#7484,39.3700787401575);
#4741=VECTOR('',#7485,39.3700787401575);
#4742=VECTOR('',#7486,39.3700787401575);
#4743=VECTOR('',#7487,39.3700787401575);
#4744=VECTOR('',#7490,39.3700787401575);
#4745=VECTOR('',#7491,39.3700787401575);
#4746=VECTOR('',#7492,39.3700787401575);
#4747=VECTOR('',#7495,39.3700787401575);
#4748=VECTOR('',#7496,39.3700787401575);
#4749=VECTOR('',#7497,39.3700787401575);
#4750=VECTOR('',#7498,39.3700787401575);
#4751=VECTOR('',#7501,39.3700787401575);
#4752=VECTOR('',#7502,39.3700787401575);
#4753=VECTOR('',#7503,39.3700787401575);
#4754=VECTOR('',#7506,39.3700787401575);
#4755=VECTOR('',#7507,39.3700787401575);
#4756=VECTOR('',#7510,39.3700787401575);
#4757=VECTOR('',#7511,39.3700787401575);
#4758=VECTOR('',#7512,39.3700787401575);
#4759=VECTOR('',#7513,39.3700787401575);
#4760=VECTOR('',#7516,39.3700787401575);
#4761=VECTOR('',#7517,39.3700787401575);
#4762=VECTOR('',#7518,39.3700787401575);
#4763=VECTOR('',#7521,39.3700787401575);
#4764=VECTOR('',#7522,39.3700787401575);
#4765=VECTOR('',#7523,39.3700787401575);
#4766=VECTOR('',#7526,39.3700787401575);
#4767=VECTOR('',#7527,39.3700787401575);
#4768=VECTOR('',#7528,39.3700787401575);
#4769=VECTOR('',#7529,39.3700787401575);
#4770=VECTOR('',#7532,39.3700787401575);
#4771=VECTOR('',#7533,39.3700787401575);
#4772=VECTOR('',#7534,39.3700787401575);
#4773=VECTOR('',#7537,39.3700787401575);
#4774=VECTOR('',#7538,39.3700787401575);
#4775=VECTOR('',#7539,39.3700787401575);
#4776=VECTOR('',#7542,39.3700787401575);
#4777=VECTOR('',#7543,39.3700787401575);
#4778=VECTOR('',#7544,39.3700787401575);
#4779=VECTOR('',#7545,39.3700787401575);
#4780=VECTOR('',#7548,39.3700787401575);
#4781=VECTOR('',#7549,39.3700787401575);
#4782=VECTOR('',#7550,39.3700787401575);
#4783=VECTOR('',#7553,39.3700787401575);
#4784=VECTOR('',#7554,39.3700787401575);
#4785=VECTOR('',#7555,39.3700787401575);
#4786=VECTOR('',#7558,39.3700787401575);
#4787=VECTOR('',#7559,39.3700787401575);
#4788=VECTOR('',#7560,39.3700787401575);
#4789=VECTOR('',#7561,39.3700787401575);
#4790=VECTOR('',#7564,39.3700787401575);
#4791=VECTOR('',#7565,39.3700787401575);
#4792=VECTOR('',#7566,39.3700787401575);
#4793=VECTOR('',#7569,39.3700787401575);
#4794=VECTOR('',#7570,39.3700787401575);
#4795=VECTOR('',#7571,39.3700787401575);
#4796=VECTOR('',#7574,39.3700787401575);
#4797=VECTOR('',#7575,39.3700787401575);
#4798=VECTOR('',#7576,39.3700787401575);
#4799=VECTOR('',#7577,39.3700787401575);
#4800=VECTOR('',#7580,39.3700787401575);
#4801=VECTOR('',#7581,39.3700787401575);
#4802=VECTOR('',#7582,39.3700787401575);
#4803=VECTOR('',#7585,39.3700787401575);
#4804=VECTOR('',#7586,39.3700787401575);
#4805=VECTOR('',#7587,39.3700787401575);
#4806=VECTOR('',#7590,39.3700787401575);
#4807=VECTOR('',#7591,39.3700787401575);
#4808=VECTOR('',#7592,39.3700787401575);
#4809=VECTOR('',#7593,39.3700787401575);
#4810=VECTOR('',#7596,39.3700787401575);
#4811=VECTOR('',#7597,39.3700787401575);
#4812=VECTOR('',#7598,39.3700787401575);
#4813=VECTOR('',#7601,39.3700787401575);
#4814=VECTOR('',#7602,39.3700787401575);
#4815=VECTOR('',#7603,39.3700787401575);
#4816=VECTOR('',#7606,39.3700787401575);
#4817=VECTOR('',#7607,39.3700787401575);
#4818=VECTOR('',#7610,39.3700787401575);
#4819=VECTOR('',#7611,39.3700787401575);
#4820=VECTOR('',#7614,39.3700787401575);
#4821=VECTOR('',#7615,39.3700787401575);
#4822=VECTOR('',#7618,39.3700787401575);
#4823=VECTOR('',#7619,39.3700787401575);
#4824=VECTOR('',#7622,39.3700787401575);
#4825=VECTOR('',#7623,39.3700787401575);
#4826=VECTOR('',#7626,39.3700787401575);
#4827=VECTOR('',#7627,39.3700787401575);
#4828=VECTOR('',#7630,39.3700787401575);
#4829=VECTOR('',#7631,39.3700787401575);
#4830=VECTOR('',#7634,39.3700787401575);
#4831=VECTOR('',#7635,39.3700787401575);
#4832=VECTOR('',#7636,39.3700787401575);
#4833=VECTOR('',#7637,39.3700787401575);
#4834=VECTOR('',#7638,39.3700787401575);
#4835=VECTOR('',#7639,39.3700787401575);
#4836=VECTOR('',#7640,39.3700787401575);
#4837=VECTOR('',#7641,39.3700787401575);
#4838=VECTOR('',#7642,39.3700787401575);
#4839=VECTOR('',#7643,39.3700787401575);
#4840=VECTOR('',#7644,39.3700787401575);
#4841=VECTOR('',#7645,39.3700787401575);
#4842=VECTOR('',#7646,39.3700787401575);
#4843=VECTOR('',#7647,39.3700787401575);
#4844=VECTOR('',#7648,39.3700787401575);
#4845=VECTOR('',#7649,39.3700787401575);
#4846=VECTOR('',#7650,39.3700787401575);
#4847=VECTOR('',#7651,39.3700787401575);
#4848=VECTOR('',#7652,39.3700787401575);
#4849=VECTOR('',#7653,39.3700787401575);
#4850=VECTOR('',#7656,39.3700787401575);
#4851=VECTOR('',#7657,39.3700787401575);
#4852=VECTOR('',#7658,39.3700787401575);
#4853=VECTOR('',#7659,39.3700787401575);
#4854=VECTOR('',#7660,39.3700787401575);
#4855=VECTOR('',#7661,39.3700787401575);
#4856=VECTOR('',#7662,39.3700787401575);
#4857=VECTOR('',#7663,39.3700787401575);
#4858=VECTOR('',#7664,39.3700787401575);
#4859=VECTOR('',#7665,39.3700787401575);
#4860=VECTOR('',#7666,39.3700787401575);
#4861=VECTOR('',#7667,39.3700787401575);
#4862=VECTOR('',#7668,39.3700787401575);
#4863=VECTOR('',#7669,39.3700787401575);
#4864=VECTOR('',#7670,39.3700787401575);
#4865=VECTOR('',#7671,39.3700787401575);
#4866=VECTOR('',#7672,39.3700787401575);
#4867=VECTOR('',#7673,39.3700787401575);
#4868=VECTOR('',#7674,39.3700787401575);
#4869=VECTOR('',#7675,39.3700787401575);
#4870=VECTOR('',#7676,39.3700787401575);
#4871=VECTOR('',#7677,39.3700787401575);
#4872=VECTOR('',#7678,39.3700787401575);
#4873=VECTOR('',#7679,39.3700787401575);
#4874=VECTOR('',#7680,39.3700787401575);
#4875=VECTOR('',#7681,39.3700787401575);
#4876=VECTOR('',#7682,39.3700787401575);
#4877=VECTOR('',#7683,39.3700787401575);
#4878=VECTOR('',#7684,39.3700787401575);
#4879=VECTOR('',#7685,39.3700787401575);
#4880=VECTOR('',#7686,39.3700787401575);
#4881=VECTOR('',#7687,39.3700787401575);
#4882=VECTOR('',#7688,39.3700787401575);
#4883=VECTOR('',#7689,39.3700787401575);
#4884=VECTOR('',#7690,39.3700787401575);
#4885=VECTOR('',#7691,39.3700787401575);
#4886=VECTOR('',#7692,39.3700787401575);
#4887=VECTOR('',#7693,39.3700787401575);
#4888=VECTOR('',#7694,39.3700787401575);
#4889=VECTOR('',#7695,39.3700787401575);
#4890=VECTOR('',#7696,39.3700787401575);
#4891=VECTOR('',#7697,39.3700787401575);
#4892=VECTOR('',#7698,39.3700787401575);
#4893=VECTOR('',#7699,39.3700787401575);
#4894=VECTOR('',#7700,39.3700787401575);
#4895=VECTOR('',#7701,39.3700787401575);
#4896=VECTOR('',#7702,39.3700787401575);
#4897=VECTOR('',#7703,39.3700787401575);
#4898=VECTOR('',#7708,39.3700787401575);
#4899=VECTOR('',#7711,39.3700787401575);
#4900=VECTOR('',#7720,39.3700787401575);
#4901=VECTOR('',#7723,39.3700787401575);
#4902=VECTOR('',#7732,39.3700787401575);
#4903=VECTOR('',#7735,39.3700787401575);
#4904=VECTOR('',#7744,39.3700787401575);
#4905=VECTOR('',#7747,39.3700787401575);
#4906=VECTOR('',#7756,39.3700787401575);
#4907=VECTOR('',#7759,39.3700787401575);
#4908=VECTOR('',#7768,39.3700787401575);
#4909=VECTOR('',#7771,39.3700787401575);
#4910=VECTOR('',#7780,39.3700787401575);
#4911=VECTOR('',#7783,39.3700787401575);
#4912=VECTOR('',#7792,39.3700787401575);
#4913=VECTOR('',#7795,39.3700787401575);
#4914=VECTOR('',#7804,39.3700787401575);
#4915=VECTOR('',#7807,39.3700787401575);
#4916=VECTOR('',#7816,39.3700787401575);
#4917=VECTOR('',#7819,39.3700787401575);
#4918=VECTOR('',#7828,39.3700787401575);
#4919=VECTOR('',#7831,39.3700787401575);
#4920=VECTOR('',#7840,39.3700787401575);
#4921=VECTOR('',#7843,39.3700787401575);
#4922=VECTOR('',#7850,39.3700787401575);
#4923=VECTOR('',#7851,39.3700787401575);
#4924=VECTOR('',#7852,39.3700787401575);
#4925=VECTOR('',#7853,39.3700787401575);
#4926=VECTOR('',#7856,39.3700787401575);
#4927=VECTOR('',#7857,39.3700787401575);
#4928=VECTOR('',#7860,39.3700787401575);
#4929=VECTOR('',#7861,39.3700787401575);
#4930=VECTOR('',#7868,39.3700787401575);
#4931=VECTOR('',#7869,39.3700787401575);
#4932=VECTOR('',#7870,39.3700787401575);
#4933=VECTOR('',#7871,39.3700787401575);
#4934=VECTOR('',#7874,39.3700787401575);
#4935=VECTOR('',#7875,39.3700787401575);
#4936=VECTOR('',#7878,39.3700787401575);
#4937=VECTOR('',#7879,39.3700787401575);
#4938=VECTOR('',#7886,39.3700787401575);
#4939=VECTOR('',#7887,39.3700787401575);
#4940=VECTOR('',#7888,39.3700787401575);
#4941=VECTOR('',#7889,39.3700787401575);
#4942=VECTOR('',#7892,39.3700787401575);
#4943=VECTOR('',#7893,39.3700787401575);
#4944=VECTOR('',#7896,39.3700787401575);
#4945=VECTOR('',#7897,39.3700787401575);
#4946=VECTOR('',#7904,39.3700787401575);
#4947=VECTOR('',#7905,39.3700787401575);
#4948=VECTOR('',#7906,39.3700787401575);
#4949=VECTOR('',#7907,39.3700787401575);
#4950=VECTOR('',#7910,39.3700787401575);
#4951=VECTOR('',#7911,39.3700787401575);
#4952=VECTOR('',#7914,39.3700787401575);
#4953=VECTOR('',#7915,39.3700787401575);
#4954=VECTOR('',#7922,39.3700787401575);
#4955=VECTOR('',#7923,39.3700787401575);
#4956=VECTOR('',#7924,39.3700787401575);
#4957=VECTOR('',#7927,39.3700787401575);
#4958=VECTOR('',#7928,39.3700787401575);
#4959=VECTOR('',#7929,39.3700787401575);
#4960=VECTOR('',#7932,39.3700787401575);
#4961=VECTOR('',#7935,39.3700787401575);
#4962=VECTOR('',#7966,39.3700787401575);
#4963=VECTOR('',#7967,39.3700787401575);
#4964=VECTOR('',#7968,39.3700787401575);
#4965=VECTOR('',#7969,39.3700787401575);
#4966=VECTOR('',#7970,39.3700787401575);
#4967=VECTOR('',#7971,39.3700787401575);
#4968=VECTOR('',#7972,39.3700787401575);
#4969=VECTOR('',#7973,39.3700787401575);
#4970=VECTOR('',#7974,39.3700787401575);
#4971=VECTOR('',#7975,39.3700787401575);
#4972=VECTOR('',#7976,39.3700787401575);
#4973=VECTOR('',#7977,39.3700787401575);
#4974=VECTOR('',#7978,39.3700787401575);
#4975=VECTOR('',#7979,39.3700787401575);
#4976=VECTOR('',#7980,39.3700787401575);
#4977=VECTOR('',#7981,39.3700787401575);
#4978=VECTOR('',#7982,39.3700787401575);
#4979=VECTOR('',#7983,39.3700787401575);
#4980=VECTOR('',#7984,39.3700787401575);
#4981=VECTOR('',#7985,39.3700787401575);
#4982=VECTOR('',#7986,39.3700787401575);
#4983=VECTOR('',#7987,39.3700787401575);
#4984=VECTOR('',#7988,39.3700787401575);
#4985=VECTOR('',#7989,39.3700787401575);
#4986=VECTOR('',#7990,39.3700787401575);
#4987=VECTOR('',#7991,39.3700787401575);
#4988=VECTOR('',#7992,39.3700787401575);
#4989=VECTOR('',#7993,39.3700787401575);
#4990=VECTOR('',#7994,39.3700787401575);
#4991=VECTOR('',#7995,39.3700787401575);
#4992=VECTOR('',#7996,39.3700787401575);
#4993=VECTOR('',#7997,39.3700787401575);
#4994=VECTOR('',#7998,39.3700787401575);
#4995=VECTOR('',#7999,39.3700787401575);
#4996=VECTOR('',#8000,39.3700787401575);
#4997=VECTOR('',#8001,39.3700787401575);
#4998=VECTOR('',#8002,39.3700787401575);
#4999=VECTOR('',#8003,39.3700787401575);
#5000=VECTOR('',#8004,39.3700787401575);
#5001=VECTOR('',#8005,39.3700787401575);
#5002=VECTOR('',#8006,39.3700787401575);
#5003=VECTOR('',#8007,39.3700787401575);
#5004=VECTOR('',#8008,39.3700787401575);
#5005=VECTOR('',#8009,39.3700787401575);
#5006=VECTOR('',#8012,39.3700787401575);
#5007=VECTOR('',#8013,39.3700787401575);
#5008=VECTOR('',#8014,39.3700787401575);
#5009=VECTOR('',#8015,39.3700787401575);
#5010=VECTOR('',#8016,39.3700787401575);
#5011=VECTOR('',#8017,39.3700787401575);
#5012=VECTOR('',#8018,39.3700787401575);
#5013=VECTOR('',#8019,39.3700787401575);
#5014=VECTOR('',#8020,39.3700787401575);
#5015=VECTOR('',#8021,39.3700787401575);
#5016=VECTOR('',#8022,39.3700787401575);
#5017=VECTOR('',#8023,39.3700787401575);
#5018=VECTOR('',#8024,39.3700787401575);
#5019=VECTOR('',#8025,39.3700787401575);
#5020=VECTOR('',#8026,39.3700787401575);
#5021=VECTOR('',#8027,39.3700787401575);
#5022=VECTOR('',#8028,39.3700787401575);
#5023=VECTOR('',#8029,39.3700787401575);
#5024=VECTOR('',#8030,39.3700787401575);
#5025=VECTOR('',#8031,39.3700787401575);
#5026=VECTOR('',#8032,39.3700787401575);
#5027=VECTOR('',#8033,39.3700787401575);
#5028=VECTOR('',#8034,39.3700787401575);
#5029=VECTOR('',#8035,39.3700787401575);
#5030=VECTOR('',#8036,39.3700787401575);
#5031=VECTOR('',#8037,39.3700787401575);
#5032=VECTOR('',#8038,39.3700787401575);
#5033=VECTOR('',#8039,39.3700787401575);
#5034=VECTOR('',#8040,39.3700787401575);
#5035=VECTOR('',#8041,39.3700787401575);
#5036=VECTOR('',#8042,39.3700787401575);
#5037=VECTOR('',#8043,39.3700787401575);
#5038=VECTOR('',#8044,39.3700787401575);
#5039=VECTOR('',#8045,39.3700787401575);
#5040=VECTOR('',#8046,39.3700787401575);
#5041=VECTOR('',#8047,39.3700787401575);
#5042=VECTOR('',#8048,39.3700787401575);
#5043=VECTOR('',#8049,39.3700787401575);
#5044=VECTOR('',#8050,39.3700787401575);
#5045=VECTOR('',#8051,39.3700787401575);
#5046=VECTOR('',#8052,39.3700787401575);
#5047=VECTOR('',#8053,39.3700787401575);
#5048=VECTOR('',#8054,39.3700787401575);
#5049=VECTOR('',#8055,39.3700787401575);
#5050=VECTOR('',#8060,39.3700787401575);
#5051=VECTOR('',#8063,39.3700787401575);
#5052=VECTOR('',#8064,39.3700787401575);
#5053=VECTOR('',#8065,39.3700787401575);
#5054=VECTOR('',#8068,39.3700787401575);
#5055=VECTOR('',#8073,39.3700787401575);
#5056=VECTOR('',#8076,39.3700787401575);
#5057=VECTOR('',#8077,39.3700787401575);
#5058=VECTOR('',#8078,39.3700787401575);
#5059=VECTOR('',#8081,39.3700787401575);
#5060=VECTOR('',#8086,39.3700787401575);
#5061=VECTOR('',#8087,39.3700787401575);
#5062=VECTOR('',#8090,39.3700787401575);
#5063=VECTOR('',#8095,39.3700787401575);
#5064=VECTOR('',#8098,39.3700787401575);
#5065=VECTOR('',#8099,39.3700787401575);
#5066=VECTOR('',#8100,39.3700787401575);
#5067=VECTOR('',#8103,39.3700787401575);
#5068=VECTOR('',#8108,39.3700787401575);
#5069=VECTOR('',#8111,39.3700787401575);
#5070=VECTOR('',#8114,39.3700787401575);
#5071=VECTOR('',#8121,39.3700787401575);
#5072=VECTOR('',#8128,39.3700787401575);
#5073=VECTOR('',#8135,39.3700787401575);
#5074=VECTOR('',#8142,39.3700787401575);
#5075=VECTOR('',#8149,39.3700787401575);
#5076=VECTOR('',#8152,39.3700787401575);
#5077=VECTOR('',#8153,39.3700787401575);
#5078=VECTOR('',#8156,39.3700787401575);
#5079=VECTOR('',#8157,39.3700787401575);
#5080=VECTOR('',#8158,39.3700787401575);
#5081=VECTOR('',#8161,39.3700787401575);
#5082=VECTOR('',#8162,39.3700787401575);
#5083=VECTOR('',#8163,39.3700787401575);
#5084=VECTOR('',#8166,39.3700787401575);
#5085=VECTOR('',#8167,39.3700787401575);
#5086=VECTOR('',#8168,39.3700787401575);
#5087=VECTOR('',#8171,39.3700787401575);
#5088=VECTOR('',#8172,39.3700787401575);
#5089=VECTOR('',#8173,39.3700787401575);
#5090=VECTOR('',#8176,39.3700787401575);
#5091=VECTOR('',#8177,39.3700787401575);
#5092=VECTOR('',#8182,39.3700787401575);
#5093=VECTOR('',#8187,39.3700787401575);
#5094=VECTOR('',#8194,39.3700787401575);
#5095=VECTOR('',#8201,39.3700787401575);
#5096=VECTOR('',#8208,39.3700787401575);
#5097=VECTOR('',#8215,39.3700787401575);
#5098=VECTOR('',#8218,39.3700787401575);
#5099=VECTOR('',#8219,39.3700787401575);
#5100=VECTOR('',#8220,39.3700787401575);
#5101=VECTOR('',#8221,39.3700787401575);
#5102=VECTOR('',#8224,39.3700787401575);
#5103=VECTOR('',#8225,39.3700787401575);
#5104=VECTOR('',#8226,39.3700787401575);
#5105=VECTOR('',#8227,39.3700787401575);
#5106=VECTOR('',#8228,39.3700787401575);
#5107=VECTOR('',#8231,39.3700787401575);
#5108=VECTOR('',#8232,39.3700787401575);
#5109=VECTOR('',#8233,39.3700787401575);
#5110=VECTOR('',#8234,39.3700787401575);
#5111=VECTOR('',#8235,39.3700787401575);
#5112=VECTOR('',#8238,39.3700787401575);
#5113=VECTOR('',#8239,39.3700787401575);
#5114=VECTOR('',#8240,39.3700787401575);
#5115=VECTOR('',#8241,39.3700787401575);
#5116=VECTOR('',#8242,39.3700787401575);
#5117=VECTOR('',#8245,39.3700787401575);
#5118=VECTOR('',#8246,39.3700787401575);
#5119=VECTOR('',#8247,39.3700787401575);
#5120=VECTOR('',#8248,39.3700787401575);
#5121=VECTOR('',#8249,39.3700787401575);
#5122=VECTOR('',#8252,39.3700787401575);
#5123=VECTOR('',#8253,39.3700787401575);
#5124=VECTOR('',#8254,39.3700787401575);
#5125=VECTOR('',#8255,39.3700787401575);
#5126=VECTOR('',#8258,39.3700787401575);
#5127=VECTOR('',#8259,39.3700787401575);
#5128=VECTOR('',#8260,39.3700787401575);
#5129=VECTOR('',#8263,39.3700787401575);
#5130=VECTOR('',#8264,39.3700787401575);
#5131=VECTOR('',#8265,39.3700787401575);
#5132=VECTOR('',#8268,39.3700787401575);
#5133=VECTOR('',#8269,39.3700787401575);
#5134=VECTOR('',#8270,39.3700787401575);
#5135=VECTOR('',#8273,39.3700787401575);
#5136=VECTOR('',#8274,39.3700787401575);
#5137=VECTOR('',#8275,39.3700787401575);
#5138=VECTOR('',#8278,39.3700787401575);
#5139=VECTOR('',#8279,39.3700787401575);
#5140=VECTOR('',#8280,39.3700787401575);
#5141=VECTOR('',#8283,39.3700787401575);
#5142=VECTOR('',#8284,39.3700787401575);
#5143=VECTOR('',#8285,39.3700787401575);
#5144=VECTOR('',#8288,39.3700787401575);
#5145=VECTOR('',#8289,39.3700787401575);
#5146=VECTOR('',#8290,39.3700787401575);
#5147=VECTOR('',#8291,39.3700787401575);
#5148=VECTOR('',#8294,39.3700787401575);
#5149=VECTOR('',#8295,39.3700787401575);
#5150=VECTOR('',#8296,39.3700787401575);
#5151=VECTOR('',#8297,39.3700787401575);
#5152=VECTOR('',#8298,39.3700787401575);
#5153=VECTOR('',#8301,39.3700787401575);
#5154=VECTOR('',#8302,39.3700787401575);
#5155=VECTOR('',#8303,39.3700787401575);
#5156=VECTOR('',#8304,39.3700787401575);
#5157=VECTOR('',#8305,39.3700787401575);
#5158=VECTOR('',#8308,39.3700787401575);
#5159=VECTOR('',#8309,39.3700787401575);
#5160=VECTOR('',#8310,39.3700787401575);
#5161=VECTOR('',#8311,39.3700787401575);
#5162=VECTOR('',#8312,39.3700787401575);
#5163=VECTOR('',#8315,39.3700787401575);
#5164=VECTOR('',#8316,39.3700787401575);
#5165=VECTOR('',#8317,39.3700787401575);
#5166=VECTOR('',#8318,39.3700787401575);
#5167=VECTOR('',#8319,39.3700787401575);
#5168=VECTOR('',#8322,39.3700787401575);
#5169=VECTOR('',#8323,39.3700787401575);
#5170=VECTOR('',#8324,39.3700787401575);
#5171=VECTOR('',#8325,39.3700787401575);
#5172=VECTOR('',#8328,39.3700787401575);
#5173=VECTOR('',#8335,39.3700787401575);
#5174=VECTOR('',#8342,39.3700787401575);
#5175=VECTOR('',#8349,39.3700787401575);
#5176=VECTOR('',#8356,39.3700787401575);
#5177=VECTOR('',#8363,39.3700787401575);
#5178=VECTOR('',#8366,39.3700787401575);
#5179=VECTOR('',#8367,39.3700787401575);
#5180=VECTOR('',#8370,39.3700787401575);
#5181=VECTOR('',#8371,39.3700787401575);
#5182=VECTOR('',#8372,39.3700787401575);
#5183=VECTOR('',#8375,39.3700787401575);
#5184=VECTOR('',#8376,39.3700787401575);
#5185=VECTOR('',#8377,39.3700787401575);
#5186=VECTOR('',#8380,39.3700787401575);
#5187=VECTOR('',#8381,39.3700787401575);
#5188=VECTOR('',#8382,39.3700787401575);
#5189=VECTOR('',#8385,39.3700787401575);
#5190=VECTOR('',#8386,39.3700787401575);
#5191=VECTOR('',#8387,39.3700787401575);
#5192=VECTOR('',#8390,39.3700787401575);
#5193=VECTOR('',#8391,39.3700787401575);
#5194=VECTOR('',#8426,39.3700787401575);
#5195=VECTOR('',#8427,39.3700787401575);
#5196=VECTOR('',#8428,39.3700787401575);
#5197=VECTOR('',#8429,39.3700787401575);
#5198=VECTOR('',#8430,39.3700787401575);
#5199=VECTOR('',#8433,39.3700787401575);
#5200=VECTOR('',#8434,39.3700787401575);
#5201=VECTOR('',#8435,39.3700787401575);
#5202=VECTOR('',#8436,39.3700787401575);
#5203=VECTOR('',#8437,39.3700787401575);
#5204=VECTOR('',#8440,39.3700787401575);
#5205=VECTOR('',#8441,39.3700787401575);
#5206=VECTOR('',#8442,39.3700787401575);
#5207=VECTOR('',#8443,39.3700787401575);
#5208=VECTOR('',#8444,39.3700787401575);
#5209=VECTOR('',#8445,39.3700787401575);
#5210=VECTOR('',#8448,39.3700787401575);
#5211=VECTOR('',#8449,39.3700787401575);
#5212=VECTOR('',#8450,39.3700787401575);
#5213=VECTOR('',#8451,39.3700787401575);
#5214=VECTOR('',#8452,39.3700787401575);
#5215=VECTOR('',#8453,39.3700787401575);
#5216=VECTOR('',#8456,39.3700787401575);
#5217=VECTOR('',#8457,39.3700787401575);
#5218=VECTOR('',#8458,39.3700787401575);
#5219=VECTOR('',#8459,39.3700787401575);
#5220=VECTOR('',#8460,39.3700787401575);
#5221=VECTOR('',#8461,39.3700787401575);
#5222=VECTOR('',#8464,39.3700787401575);
#5223=VECTOR('',#8465,39.3700787401575);
#5224=VECTOR('',#8466,39.3700787401575);
#5225=VECTOR('',#8467,39.3700787401575);
#5226=VECTOR('',#8468,39.3700787401575);
#5227=VECTOR('',#8469,39.3700787401575);
#5228=VECTOR('',#8472,39.3700787401575);
#5229=VECTOR('',#8473,39.3700787401575);
#5230=VECTOR('',#8474,39.3700787401575);
#5231=VECTOR('',#8477,39.3700787401575);
#5232=VECTOR('',#8478,39.3700787401575);
#5233=VECTOR('',#8479,39.3700787401575);
#5234=VECTOR('',#8482,39.3700787401575);
#5235=VECTOR('',#8483,39.3700787401575);
#5236=VECTOR('',#8484,39.3700787401575);
#5237=VECTOR('',#8487,39.3700787401575);
#5238=VECTOR('',#8488,39.3700787401575);
#5239=VECTOR('',#8489,39.3700787401575);
#5240=VECTOR('',#8492,39.3700787401575);
#5241=VECTOR('',#8493,39.3700787401575);
#5242=VECTOR('',#8494,39.3700787401575);
#5243=VECTOR('',#8497,39.3700787401575);
#5244=VECTOR('',#8498,39.3700787401575);
#5245=VECTOR('',#8499,39.3700787401575);
#5246=VECTOR('',#8502,39.3700787401575);
#5247=VECTOR('',#8503,39.3700787401575);
#5248=VECTOR('',#8504,39.3700787401575);
#5249=VECTOR('',#8505,39.3700787401575);
#5250=VECTOR('',#8508,39.3700787401575);
#5251=VECTOR('',#8509,39.3700787401575);
#5252=VECTOR('',#8510,39.3700787401575);
#5253=VECTOR('',#8511,39.3700787401575);
#5254=VECTOR('',#8514,39.3700787401575);
#5255=VECTOR('',#8515,39.3700787401575);
#5256=VECTOR('',#8516,39.3700787401575);
#5257=VECTOR('',#8517,39.3700787401575);
#5258=VECTOR('',#8518,39.3700787401575);
#5259=VECTOR('',#8521,39.3700787401575);
#5260=VECTOR('',#8522,39.3700787401575);
#5261=VECTOR('',#8523,39.3700787401575);
#5262=VECTOR('',#8524,39.3700787401575);
#5263=VECTOR('',#8525,39.3700787401575);
#5264=VECTOR('',#8528,39.3700787401575);
#5265=VECTOR('',#8529,39.3700787401575);
#5266=VECTOR('',#8530,39.3700787401575);
#5267=VECTOR('',#8531,39.3700787401575);
#5268=VECTOR('',#8532,39.3700787401575);
#5269=VECTOR('',#8535,39.3700787401575);
#5270=VECTOR('',#8536,39.3700787401575);
#5271=VECTOR('',#8537,39.3700787401575);
#5272=VECTOR('',#8538,39.3700787401575);
#5273=VECTOR('',#8539,39.3700787401575);
#5274=VECTOR('',#8544,39.3700787401575);
#5275=VECTOR('',#8551,39.3700787401575);
#5276=VECTOR('',#8558,39.3700787401575);
#5277=VECTOR('',#8565,39.3700787401575);
#5278=VECTOR('',#8572,39.3700787401575);
#5279=VECTOR('',#8577,39.3700787401575);
#5280=VECTOR('',#8580,39.3700787401575);
#5281=VECTOR('',#8581,39.3700787401575);
#5282=VECTOR('',#8584,39.3700787401575);
#5283=VECTOR('',#8585,39.3700787401575);
#5284=VECTOR('',#8586,39.3700787401575);
#5285=VECTOR('',#8589,39.3700787401575);
#5286=VECTOR('',#8590,39.3700787401575);
#5287=VECTOR('',#8591,39.3700787401575);
#5288=VECTOR('',#8594,39.3700787401575);
#5289=VECTOR('',#8595,39.3700787401575);
#5290=VECTOR('',#8596,39.3700787401575);
#5291=VECTOR('',#8599,39.3700787401575);
#5292=VECTOR('',#8600,39.3700787401575);
#5293=VECTOR('',#8601,39.3700787401575);
#5294=VECTOR('',#8604,39.3700787401575);
#5295=VECTOR('',#8605,39.3700787401575);
#5296=VECTOR('',#8642,39.3700787401575);
#5297=VECTOR('',#8649,39.3700787401575);
#5298=VECTOR('',#8656,39.3700787401575);
#5299=VECTOR('',#8663,39.3700787401575);
#5300=VECTOR('',#8670,39.3700787401575);
#5301=VECTOR('',#8675,39.3700787401575);
#5302=VECTOR('',#8678,39.3700787401575);
#5303=VECTOR('',#8679,39.3700787401575);
#5304=VECTOR('',#8682,39.3700787401575);
#5305=VECTOR('',#8683,39.3700787401575);
#5306=VECTOR('',#8684,39.3700787401575);
#5307=VECTOR('',#8687,39.3700787401575);
#5308=VECTOR('',#8688,39.3700787401575);
#5309=VECTOR('',#8689,39.3700787401575);
#5310=VECTOR('',#8692,39.3700787401575);
#5311=VECTOR('',#8693,39.3700787401575);
#5312=VECTOR('',#8694,39.3700787401575);
#5313=VECTOR('',#8697,39.3700787401575);
#5314=VECTOR('',#8698,39.3700787401575);
#5315=VECTOR('',#8699,39.3700787401575);
#5316=VECTOR('',#8702,39.3700787401575);
#5317=VECTOR('',#8703,39.3700787401575);
#5318=VECTOR('',#8742,39.3700787401575);
#5319=VECTOR('',#8743,39.3700787401575);
#5320=VECTOR('',#8746,39.3700787401575);
#5321=VECTOR('',#8747,39.3700787401575);
#5322=VECTOR('',#8756,39.3700787401575);
#5323=VECTOR('',#8757,39.3700787401575);
#5324=VECTOR('',#8760,39.3700787401575);
#5325=VECTOR('',#8761,39.3700787401575);
#5326=VECTOR('',#8770,39.3700787401575);
#5327=VECTOR('',#8771,39.3700787401575);
#5328=VECTOR('',#8774,39.3700787401575);
#5329=VECTOR('',#8775,39.3700787401575);
#5330=VECTOR('',#8784,39.3700787401575);
#5331=VECTOR('',#8785,39.3700787401575);
#5332=VECTOR('',#8788,39.3700787401575);
#5333=VECTOR('',#8789,39.3700787401575);
#5334=VECTOR('',#8798,39.3700787401575);
#5335=VECTOR('',#8801,39.3700787401575);
#5336=VECTOR('',#8804,39.3700787401575);
#5337=VECTOR('',#8805,39.3700787401575);
#5338=VECTOR('',#8812,39.3700787401575);
#5339=VECTOR('',#8813,39.3700787401575);
#5340=VECTOR('',#8818,39.3700787401575);
#5341=VECTOR('',#8819,39.3700787401575);
#5342=VECTOR('',#8826,39.3700787401575);
#5343=VECTOR('',#8827,39.3700787401575);
#5344=VECTOR('',#8832,39.3700787401575);
#5345=VECTOR('',#8833,39.3700787401575);
#5346=VECTOR('',#8840,39.3700787401575);
#5347=VECTOR('',#8841,39.3700787401575);
#5348=VECTOR('',#8846,39.3700787401575);
#5349=VECTOR('',#8847,39.3700787401575);
#5350=VECTOR('',#8854,39.3700787401575);
#5351=VECTOR('',#8855,39.3700787401575);
#5352=VECTOR('',#8860,39.3700787401575);
#5353=VECTOR('',#8861,39.3700787401575);
#5354=VECTOR('',#8868,39.3700787401575);
#5355=VECTOR('',#8869,39.3700787401575);
#5356=VECTOR('',#8874,39.3700787401575);
#5357=VECTOR('',#8875,39.3700787401575);
#5358=EDGE_LOOP('',(#198,#199,#200,#201));
#5359=EDGE_LOOP('',(#202,#203,#204,#205));
#5360=EDGE_LOOP('',(#206,#207,#208,#209));
#5361=EDGE_LOOP('',(#210,#211,#212,#213));
#5362=EDGE_LOOP('',(#214,#215,#216,#217));
#5363=EDGE_LOOP('',(#218,#219,#220,#221));
#5364=EDGE_LOOP('',(#222,#223,#224,#225));
#5365=EDGE_LOOP('',(#226,#227,#228,#229));
#5366=EDGE_LOOP('',(#230,#231,#232,#233));
#5367=EDGE_LOOP('',(#234,#235,#236,#237));
#5368=EDGE_LOOP('',(#238,#239,#240,#241));
#5369=EDGE_LOOP('',(#242,#243,#244,#245));
#5370=EDGE_LOOP('',(#246,#247,#248,#249));
#5371=EDGE_LOOP('',(#250,#251,#252,#253));
#5372=EDGE_LOOP('',(#254,#255,#256,#257,#258,#259,#260,#261,#262,#263,#264,
#265,#266,#267,#268,#269,#270,#271,#272,#273,#274,#275,#276,#277,#278,#279,
#280,#281,#282,#283,#284,#285,#286,#287,#288,#289,#290,#291,#292,#293,#294,
#295,#296,#297,#298,#299,#300,#301,#302,#303,#304,#305));
#5373=EDGE_LOOP('',(#306));
#5374=EDGE_LOOP('',(#307));
#5375=EDGE_LOOP('',(#308));
#5376=EDGE_LOOP('',(#309));
#5377=EDGE_LOOP('',(#310));
#5378=EDGE_LOOP('',(#311));
#5379=EDGE_LOOP('',(#312));
#5380=EDGE_LOOP('',(#313));
#5381=EDGE_LOOP('',(#314));
#5382=EDGE_LOOP('',(#315));
#5383=EDGE_LOOP('',(#316));
#5384=EDGE_LOOP('',(#317));
#5385=EDGE_LOOP('',(#318,#319,#320,#321,#322,#323,#324,#325,#326,#327,#328,
#329,#330,#331,#332,#333,#334,#335,#336,#337,#338,#339,#340,#341,#342,#343,
#344,#345,#346,#347,#348,#349,#350,#351,#352,#353,#354,#355,#356,#357,#358,
#359,#360,#361,#362,#363,#364,#365,#366,#367,#368,#369));
#5386=EDGE_LOOP('',(#370,#371,#372,#373));
#5387=EDGE_LOOP('',(#374,#375,#376,#377));
#5388=EDGE_LOOP('',(#378,#379,#380,#381));
#5389=EDGE_LOOP('',(#382,#383,#384,#385));
#5390=EDGE_LOOP('',(#386,#387,#388,#389));
#5391=EDGE_LOOP('',(#390,#391,#392,#393));
#5392=EDGE_LOOP('',(#394,#395,#396,#397));
#5393=EDGE_LOOP('',(#398,#399,#400,#401));
#5394=EDGE_LOOP('',(#402,#403,#404,#405));
#5395=EDGE_LOOP('',(#406,#407,#408,#409));
#5396=EDGE_LOOP('',(#410,#411,#412,#413));
#5397=EDGE_LOOP('',(#414,#415,#416,#417));
#5398=EDGE_LOOP('',(#418,#419,#420,#421));
#5399=EDGE_LOOP('',(#422,#423,#424,#425));
#5400=EDGE_LOOP('',(#426,#427,#428,#429));
#5401=EDGE_LOOP('',(#430,#431,#432,#433));
#5402=EDGE_LOOP('',(#434,#435,#436,#437));
#5403=EDGE_LOOP('',(#438,#439,#440,#441));
#5404=EDGE_LOOP('',(#442,#443,#444,#445));
#5405=EDGE_LOOP('',(#446,#447,#448,#449));
#5406=EDGE_LOOP('',(#450,#451,#452,#453));
#5407=EDGE_LOOP('',(#454,#455,#456,#457));
#5408=EDGE_LOOP('',(#458,#459,#460,#461));
#5409=EDGE_LOOP('',(#462,#463,#464,#465));
#5410=EDGE_LOOP('',(#466,#467,#468,#469));
#5411=EDGE_LOOP('',(#470,#471,#472,#473));
#5412=EDGE_LOOP('',(#474,#475,#476,#477,#478,#479,#480,#481));
#5413=EDGE_LOOP('',(#482,#483,#484,#485));
#5414=EDGE_LOOP('',(#486,#487,#488,#489));
#5415=EDGE_LOOP('',(#490,#491,#492,#493));
#5416=EDGE_LOOP('',(#494,#495,#496,#497));
#5417=EDGE_LOOP('',(#498,#499,#500,#501));
#5418=EDGE_LOOP('',(#502,#503,#504,#505));
#5419=EDGE_LOOP('',(#506,#507,#508,#509));
#5420=EDGE_LOOP('',(#510,#511,#512,#513));
#5421=EDGE_LOOP('',(#514,#515,#516,#517));
#5422=EDGE_LOOP('',(#518,#519,#520,#521));
#5423=EDGE_LOOP('',(#522,#523,#524,#525));
#5424=EDGE_LOOP('',(#526,#527,#528,#529));
#5425=EDGE_LOOP('',(#530,#531,#532,#533));
#5426=EDGE_LOOP('',(#534,#535,#536,#537));
#5427=EDGE_LOOP('',(#538,#539,#540,#541));
#5428=EDGE_LOOP('',(#542,#543,#544,#545));
#5429=EDGE_LOOP('',(#546,#547,#548,#549));
#5430=EDGE_LOOP('',(#550,#551,#552,#553));
#5431=EDGE_LOOP('',(#554,#555,#556,#557));
#5432=EDGE_LOOP('',(#558,#559,#560,#561));
#5433=EDGE_LOOP('',(#562,#563,#564,#565));
#5434=EDGE_LOOP('',(#566,#567,#568,#569));
#5435=EDGE_LOOP('',(#570,#571,#572,#573));
#5436=EDGE_LOOP('',(#574,#575,#576,#577));
#5437=EDGE_LOOP('',(#578,#579,#580,#581,#582,#583,#584,#585));
#5438=EDGE_LOOP('',(#586,#587,#588,#589));
#5439=EDGE_LOOP('',(#590,#591,#592,#593));
#5440=EDGE_LOOP('',(#594,#595,#596,#597));
#5441=EDGE_LOOP('',(#598,#599,#600,#601));
#5442=EDGE_LOOP('',(#602,#603,#604,#605));
#5443=EDGE_LOOP('',(#606,#607,#608,#609));
#5444=EDGE_LOOP('',(#610,#611,#612,#613));
#5445=EDGE_LOOP('',(#614,#615,#616,#617));
#5446=EDGE_LOOP('',(#618,#619,#620,#621));
#5447=EDGE_LOOP('',(#622,#623,#624,#625));
#5448=EDGE_LOOP('',(#626,#627,#628,#629));
#5449=EDGE_LOOP('',(#630,#631,#632,#633));
#5450=EDGE_LOOP('',(#634,#635,#636,#637,#638,#639,#640,#641,#642,#643,#644,
#645,#646,#647,#648,#649,#650,#651,#652,#653,#654,#655,#656,#657,#658,#659,
#660,#661,#662,#663,#664,#665,#666,#667,#668,#669,#670,#671,#672,#673,#674,
#675,#676,#677,#678,#679,#680,#681,#682,#683,#684,#685,#686,#687,#688,#689,
#690,#691,#692,#693,#694,#695,#696,#697,#698,#699,#700,#701,#702,#703,#704,
#705,#706,#707,#708,#709,#710,#711,#712,#713,#714,#715,#716,#717,#718,#719,
#720,#721,#722,#723,#724,#725,#726,#727,#728,#729,#730,#731,#732,#733));
#5451=EDGE_LOOP('',(#734,#735,#736,#737));
#5452=EDGE_LOOP('',(#738,#739,#740,#741));
#5453=EDGE_LOOP('',(#742,#743,#744,#745));
#5454=EDGE_LOOP('',(#746,#747,#748,#749));
#5455=EDGE_LOOP('',(#750,#751,#752,#753));
#5456=EDGE_LOOP('',(#754,#755,#756,#757));
#5457=EDGE_LOOP('',(#758,#759,#760,#761));
#5458=EDGE_LOOP('',(#762,#763,#764,#765));
#5459=EDGE_LOOP('',(#766,#767,#768,#769));
#5460=EDGE_LOOP('',(#770,#771,#772,#773));
#5461=EDGE_LOOP('',(#774,#775,#776,#777));
#5462=EDGE_LOOP('',(#778,#779,#780,#781));
#5463=EDGE_LOOP('',(#782,#783,#784,#785));
#5464=EDGE_LOOP('',(#786,#787,#788,#789));
#5465=EDGE_LOOP('',(#790,#791,#792,#793));
#5466=EDGE_LOOP('',(#794,#795,#796,#797));
#5467=EDGE_LOOP('',(#798,#799,#800,#801));
#5468=EDGE_LOOP('',(#802,#803,#804,#805));
#5469=EDGE_LOOP('',(#806,#807,#808,#809));
#5470=EDGE_LOOP('',(#810,#811,#812,#813));
#5471=EDGE_LOOP('',(#814,#815,#816,#817));
#5472=EDGE_LOOP('',(#818,#819,#820,#821));
#5473=EDGE_LOOP('',(#822,#823,#824,#825));
#5474=EDGE_LOOP('',(#826,#827,#828,#829));
#5475=EDGE_LOOP('',(#830,#831,#832,#833));
#5476=EDGE_LOOP('',(#834,#835,#836,#837));
#5477=EDGE_LOOP('',(#838,#839,#840,#841));
#5478=EDGE_LOOP('',(#842,#843,#844,#845));
#5479=EDGE_LOOP('',(#846,#847,#848,#849));
#5480=EDGE_LOOP('',(#850,#851,#852,#853));
#5481=EDGE_LOOP('',(#854,#855,#856,#857));
#5482=EDGE_LOOP('',(#858,#859,#860,#861));
#5483=EDGE_LOOP('',(#862,#863,#864,#865));
#5484=EDGE_LOOP('',(#866,#867,#868,#869));
#5485=EDGE_LOOP('',(#870,#871,#872,#873));
#5486=EDGE_LOOP('',(#874,#875,#876,#877));
#5487=EDGE_LOOP('',(#878,#879,#880,#881));
#5488=EDGE_LOOP('',(#882,#883,#884,#885));
#5489=EDGE_LOOP('',(#886,#887,#888,#889));
#5490=EDGE_LOOP('',(#890,#891,#892,#893));
#5491=EDGE_LOOP('',(#894,#895,#896,#897));
#5492=EDGE_LOOP('',(#898,#899,#900,#901));
#5493=EDGE_LOOP('',(#902,#903,#904,#905));
#5494=EDGE_LOOP('',(#906,#907,#908,#909));
#5495=EDGE_LOOP('',(#910,#911,#912,#913));
#5496=EDGE_LOOP('',(#914,#915,#916,#917));
#5497=EDGE_LOOP('',(#918,#919,#920,#921));
#5498=EDGE_LOOP('',(#922,#923,#924,#925));
#5499=EDGE_LOOP('',(#926,#927,#928,#929));
#5500=EDGE_LOOP('',(#930,#931,#932,#933));
#5501=EDGE_LOOP('',(#934,#935,#936,#937));
#5502=EDGE_LOOP('',(#938,#939,#940,#941));
#5503=EDGE_LOOP('',(#942,#943,#944,#945));
#5504=EDGE_LOOP('',(#946,#947,#948,#949));
#5505=EDGE_LOOP('',(#950,#951,#952,#953));
#5506=EDGE_LOOP('',(#954,#955,#956,#957));
#5507=EDGE_LOOP('',(#958,#959,#960,#961));
#5508=EDGE_LOOP('',(#962,#963,#964,#965));
#5509=EDGE_LOOP('',(#966,#967,#968,#969));
#5510=EDGE_LOOP('',(#970,#971,#972,#973));
#5511=EDGE_LOOP('',(#974,#975,#976,#977));
#5512=EDGE_LOOP('',(#978,#979,#980,#981));
#5513=EDGE_LOOP('',(#982,#983,#984,#985));
#5514=EDGE_LOOP('',(#986,#987,#988,#989));
#5515=EDGE_LOOP('',(#990,#991,#992,#993));
#5516=EDGE_LOOP('',(#994,#995,#996,#997));
#5517=EDGE_LOOP('',(#998,#999,#1000,#1001));
#5518=EDGE_LOOP('',(#1002,#1003,#1004,#1005));
#5519=EDGE_LOOP('',(#1006,#1007,#1008,#1009));
#5520=EDGE_LOOP('',(#1010,#1011,#1012,#1013));
#5521=EDGE_LOOP('',(#1014,#1015,#1016,#1017));
#5522=EDGE_LOOP('',(#1018,#1019,#1020,#1021));
#5523=EDGE_LOOP('',(#1022,#1023,#1024,#1025));
#5524=EDGE_LOOP('',(#1026,#1027,#1028,#1029));
#5525=EDGE_LOOP('',(#1030,#1031,#1032,#1033));
#5526=EDGE_LOOP('',(#1034,#1035,#1036,#1037));
#5527=EDGE_LOOP('',(#1038,#1039,#1040,#1041));
#5528=EDGE_LOOP('',(#1042,#1043,#1044,#1045));
#5529=EDGE_LOOP('',(#1046,#1047,#1048,#1049));
#5530=EDGE_LOOP('',(#1050,#1051,#1052,#1053));
#5531=EDGE_LOOP('',(#1054,#1055,#1056,#1057));
#5532=EDGE_LOOP('',(#1058,#1059,#1060,#1061));
#5533=EDGE_LOOP('',(#1062,#1063,#1064,#1065));
#5534=EDGE_LOOP('',(#1066,#1067,#1068,#1069));
#5535=EDGE_LOOP('',(#1070,#1071,#1072,#1073));
#5536=EDGE_LOOP('',(#1074,#1075,#1076,#1077));
#5537=EDGE_LOOP('',(#1078,#1079,#1080,#1081));
#5538=EDGE_LOOP('',(#1082,#1083,#1084,#1085));
#5539=EDGE_LOOP('',(#1086,#1087,#1088,#1089));
#5540=EDGE_LOOP('',(#1090,#1091,#1092,#1093));
#5541=EDGE_LOOP('',(#1094,#1095,#1096,#1097));
#5542=EDGE_LOOP('',(#1098));
#5543=EDGE_LOOP('',(#1099));
#5544=EDGE_LOOP('',(#1100));
#5545=EDGE_LOOP('',(#1101));
#5546=EDGE_LOOP('',(#1102));
#5547=EDGE_LOOP('',(#1103));
#5548=EDGE_LOOP('',(#1104));
#5549=EDGE_LOOP('',(#1105));
#5550=EDGE_LOOP('',(#1106));
#5551=EDGE_LOOP('',(#1107));
#5552=EDGE_LOOP('',(#1108));
#5553=EDGE_LOOP('',(#1109));
#5554=EDGE_LOOP('',(#1110,#1111,#1112,#1113,#1114,#1115,#1116,#1117,#1118,
#1119,#1120,#1121,#1122,#1123,#1124,#1125,#1126,#1127,#1128,#1129,#1130,
#1131,#1132,#1133,#1134,#1135,#1136,#1137,#1138,#1139,#1140,#1141,#1142,
#1143,#1144,#1145,#1146,#1147,#1148,#1149,#1150,#1151,#1152,#1153));
#5555=EDGE_LOOP('',(#1154,#1155,#1156,#1157,#1158,#1159,#1160,#1161,#1162,
#1163,#1164,#1165,#1166,#1167,#1168,#1169,#1170,#1171,#1172,#1173,#1174,
#1175,#1176,#1177,#1178,#1179,#1180,#1181,#1182,#1183,#1184,#1185,#1186,
#1187,#1188,#1189,#1190,#1191,#1192,#1193,#1194,#1195,#1196,#1197));
#5556=EDGE_LOOP('',(#1198,#1199,#1200,#1201,#1202,#1203,#1204,#1205,#1206,
#1207,#1208,#1209,#1210,#1211,#1212,#1213,#1214,#1215,#1216,#1217));
#5557=EDGE_LOOP('',(#1218,#1219,#1220,#1221,#1222,#1223,#1224,#1225,#1226,
#1227,#1228,#1229,#1230,#1231,#1232,#1233,#1234,#1235,#1236,#1237));
#5558=EDGE_LOOP('',(#1238,#1239,#1240,#1241));
#5559=EDGE_LOOP('',(#1242,#1243,#1244,#1245));
#5560=EDGE_LOOP('',(#1246,#1247,#1248,#1249));
#5561=EDGE_LOOP('',(#1250,#1251,#1252,#1253));
#5562=EDGE_LOOP('',(#1254,#1255,#1256,#1257));
#5563=EDGE_LOOP('',(#1258,#1259,#1260,#1261));
#5564=EDGE_LOOP('',(#1262,#1263,#1264,#1265));
#5565=EDGE_LOOP('',(#1266,#1267,#1268,#1269));
#5566=EDGE_LOOP('',(#1270,#1271,#1272,#1273));
#5567=EDGE_LOOP('',(#1274,#1275,#1276,#1277));
#5568=EDGE_LOOP('',(#1278,#1279,#1280,#1281));
#5569=EDGE_LOOP('',(#1282,#1283,#1284,#1285));
#5570=EDGE_LOOP('',(#1286,#1287,#1288,#1289));
#5571=EDGE_LOOP('',(#1290,#1291,#1292,#1293));
#5572=EDGE_LOOP('',(#1294,#1295,#1296,#1297));
#5573=EDGE_LOOP('',(#1298,#1299,#1300,#1301));
#5574=EDGE_LOOP('',(#1302,#1303,#1304,#1305));
#5575=EDGE_LOOP('',(#1306,#1307,#1308,#1309));
#5576=EDGE_LOOP('',(#1310,#1311,#1312,#1313,#1314,#1315));
#5577=EDGE_LOOP('',(#1316,#1317,#1318,#1319,#1320,#1321));
#5578=EDGE_LOOP('',(#1322,#1323,#1324,#1325,#1326,#1327));
#5579=EDGE_LOOP('',(#1328,#1329,#1330,#1331,#1332,#1333));
#5580=EDGE_LOOP('',(#1334,#1335,#1336,#1337,#1338,#1339));
#5581=EDGE_LOOP('',(#1340,#1341,#1342,#1343,#1344,#1345));
#5582=EDGE_LOOP('',(#1346,#1347,#1348,#1349));
#5583=EDGE_LOOP('',(#1350,#1351,#1352,#1353));
#5584=EDGE_LOOP('',(#1354,#1355,#1356,#1357));
#5585=EDGE_LOOP('',(#1358,#1359,#1360,#1361));
#5586=EDGE_LOOP('',(#1362,#1363,#1364,#1365));
#5587=EDGE_LOOP('',(#1366,#1367,#1368,#1369));
#5588=EDGE_LOOP('',(#1370,#1371,#1372,#1373,#1374,#1375));
#5589=EDGE_LOOP('',(#1376,#1377,#1378,#1379,#1380,#1381));
#5590=EDGE_LOOP('',(#1382,#1383,#1384,#1385,#1386,#1387));
#5591=EDGE_LOOP('',(#1388,#1389,#1390,#1391,#1392,#1393));
#5592=EDGE_LOOP('',(#1394,#1395,#1396,#1397,#1398,#1399));
#5593=EDGE_LOOP('',(#1400,#1401,#1402,#1403,#1404,#1405));
#5594=EDGE_LOOP('',(#1406,#1407,#1408,#1409));
#5595=EDGE_LOOP('',(#1410,#1411,#1412,#1413));
#5596=EDGE_LOOP('',(#1414,#1415,#1416,#1417));
#5597=EDGE_LOOP('',(#1418,#1419,#1420,#1421));
#5598=EDGE_LOOP('',(#1422,#1423,#1424,#1425));
#5599=EDGE_LOOP('',(#1426,#1427,#1428,#1429));
#5600=EDGE_LOOP('',(#1430,#1431,#1432,#1433));
#5601=EDGE_LOOP('',(#1434,#1435,#1436,#1437));
#5602=EDGE_LOOP('',(#1438,#1439,#1440,#1441));
#5603=EDGE_LOOP('',(#1442,#1443,#1444,#1445));
#5604=EDGE_LOOP('',(#1446,#1447,#1448,#1449));
#5605=EDGE_LOOP('',(#1450,#1451,#1452,#1453));
#5606=EDGE_LOOP('',(#1454,#1455,#1456,#1457));
#5607=EDGE_LOOP('',(#1458,#1459,#1460,#1461));
#5608=EDGE_LOOP('',(#1462,#1463,#1464,#1465));
#5609=EDGE_LOOP('',(#1466,#1467,#1468,#1469));
#5610=EDGE_LOOP('',(#1470,#1471,#1472,#1473));
#5611=EDGE_LOOP('',(#1474,#1475,#1476,#1477));
#5612=EDGE_LOOP('',(#1478,#1479,#1480,#1481,#1482,#1483));
#5613=EDGE_LOOP('',(#1484,#1485,#1486,#1487,#1488,#1489));
#5614=EDGE_LOOP('',(#1490,#1491,#1492,#1493,#1494,#1495));
#5615=EDGE_LOOP('',(#1496,#1497,#1498,#1499,#1500,#1501));
#5616=EDGE_LOOP('',(#1502,#1503,#1504,#1505,#1506,#1507));
#5617=EDGE_LOOP('',(#1508,#1509,#1510,#1511,#1512,#1513));
#5618=EDGE_LOOP('',(#1514,#1515,#1516,#1517));
#5619=EDGE_LOOP('',(#1518,#1519,#1520,#1521));
#5620=EDGE_LOOP('',(#1522,#1523,#1524,#1525));
#5621=EDGE_LOOP('',(#1526,#1527,#1528,#1529));
#5622=EDGE_LOOP('',(#1530,#1531,#1532,#1533));
#5623=EDGE_LOOP('',(#1534,#1535,#1536,#1537));
#5624=EDGE_LOOP('',(#1538,#1539,#1540,#1541,#1542,#1543));
#5625=EDGE_LOOP('',(#1544,#1545,#1546,#1547,#1548,#1549));
#5626=EDGE_LOOP('',(#1550,#1551,#1552,#1553,#1554,#1555));
#5627=EDGE_LOOP('',(#1556,#1557,#1558,#1559,#1560,#1561));
#5628=EDGE_LOOP('',(#1562,#1563,#1564,#1565,#1566,#1567));
#5629=EDGE_LOOP('',(#1568,#1569,#1570,#1571,#1572,#1573));
#5630=EDGE_LOOP('',(#1574,#1575,#1576,#1577));
#5631=EDGE_LOOP('',(#1578,#1579,#1580,#1581));
#5632=EDGE_LOOP('',(#1582,#1583,#1584,#1585));
#5633=EDGE_LOOP('',(#1586,#1587,#1588,#1589));
#5634=EDGE_LOOP('',(#1590,#1591,#1592,#1593));
#5635=EDGE_LOOP('',(#1594,#1595,#1596,#1597));
#5636=EDGE_LOOP('',(#1598,#1599,#1600,#1601));
#5637=EDGE_LOOP('',(#1602,#1603,#1604,#1605));
#5638=EDGE_LOOP('',(#1606,#1607,#1608,#1609));
#5639=EDGE_LOOP('',(#1610,#1611,#1612,#1613));
#5640=EDGE_LOOP('',(#1614,#1615,#1616,#1617));
#5641=EDGE_LOOP('',(#1618,#1619,#1620,#1621));
#5642=EDGE_LOOP('',(#1622,#1623,#1624,#1625));
#5643=EDGE_LOOP('',(#1626,#1627,#1628,#1629));
#5644=EDGE_LOOP('',(#1630,#1631,#1632,#1633));
#5645=EDGE_LOOP('',(#1634,#1635,#1636,#1637));
#5646=EDGE_LOOP('',(#1638,#1639,#1640,#1641));
#5647=EDGE_LOOP('',(#1642,#1643,#1644,#1645));
#5648=EDGE_LOOP('',(#1646,#1647,#1648,#1649));
#5649=EDGE_LOOP('',(#1650,#1651,#1652,#1653));
#5650=EDGE_LOOP('',(#1654,#1655,#1656,#1657));
#5651=EDGE_LOOP('',(#1658,#1659,#1660,#1661));
#5652=EDGE_LOOP('',(#1662,#1663,#1664,#1665));
#5653=EDGE_LOOP('',(#1666,#1667,#1668,#1669));
#5654=EDGE_LOOP('',(#1670,#1671,#1672,#1673));
#5655=EDGE_LOOP('',(#1674,#1675,#1676,#1677));
#5656=EDGE_LOOP('',(#1678,#1679,#1680,#1681));
#5657=EDGE_LOOP('',(#1682,#1683,#1684,#1685));
#5658=EDGE_LOOP('',(#1686,#1687,#1688,#1689));
#5659=EDGE_LOOP('',(#1690,#1691,#1692,#1693));
#5660=EDGE_LOOP('',(#1694,#1695,#1696,#1697));
#5661=EDGE_LOOP('',(#1698,#1699,#1700,#1701));
#5662=EDGE_LOOP('',(#1702,#1703,#1704,#1705));
#5663=EDGE_LOOP('',(#1706,#1707,#1708,#1709));
#5664=EDGE_LOOP('',(#1710,#1711,#1712,#1713));
#5665=EDGE_LOOP('',(#1714,#1715,#1716,#1717));
#5666=EDGE_LOOP('',(#1718,#1719,#1720,#1721));
#5667=EDGE_LOOP('',(#1722,#1723,#1724,#1725));
#5668=EDGE_LOOP('',(#1726,#1727,#1728,#1729,#1730,#1731,#1732,#1733,#1734,
#1735,#1736,#1737));
#5669=EDGE_LOOP('',(#1738,#1739,#1740,#1741,#1742,#1743,#1744,#1745,#1746,
#1747,#1748,#1749));
#5670=EDGE_LOOP('',(#1750,#1751,#1752,#1753));
#5671=EDGE_LOOP('',(#1754,#1755,#1756,#1757));
#5672=EDGE_LOOP('',(#1758,#1759,#1760,#1761));
#5673=EDGE_LOOP('',(#1762,#1763,#1764,#1765,#1766,#1767,#1768,#1769,#1770,
#1771,#1772,#1773));
#5674=EDGE_LOOP('',(#1774,#1775,#1776,#1777,#1778,#1779,#1780,#1781,#1782,
#1783,#1784,#1785));
#5675=EDGE_LOOP('',(#1786,#1787,#1788,#1789));
#5676=EDGE_LOOP('',(#1790,#1791,#1792,#1793));
#5677=EDGE_LOOP('',(#1794,#1795,#1796,#1797));
#5678=EDGE_LOOP('',(#1798,#1799,#1800,#1801,#1802,#1803,#1804,#1805,#1806,
#1807,#1808,#1809));
#5679=EDGE_LOOP('',(#1810,#1811,#1812,#1813,#1814,#1815,#1816,#1817,#1818,
#1819,#1820,#1821));
#5680=EDGE_LOOP('',(#1822,#1823,#1824,#1825));
#5681=EDGE_LOOP('',(#1826,#1827,#1828,#1829));
#5682=EDGE_LOOP('',(#1830,#1831,#1832,#1833));
#5683=EDGE_LOOP('',(#1834,#1835,#1836,#1837,#1838,#1839,#1840,#1841,#1842,
#1843,#1844,#1845));
#5684=EDGE_LOOP('',(#1846,#1847,#1848,#1849,#1850,#1851,#1852,#1853,#1854,
#1855,#1856,#1857));
#5685=EDGE_LOOP('',(#1858,#1859,#1860,#1861));
#5686=EDGE_LOOP('',(#1862,#1863,#1864,#1865));
#5687=EDGE_LOOP('',(#1866,#1867,#1868,#1869));
#5688=EDGE_LOOP('',(#1870,#1871,#1872,#1873));
#5689=EDGE_LOOP('',(#1874,#1875,#1876,#1877));
#5690=EDGE_LOOP('',(#1878,#1879,#1880,#1881));
#5691=EDGE_LOOP('',(#1882,#1883,#1884,#1885,#1886,#1887,#1888,#1889,#1890,
#1891,#1892,#1893));
#5692=EDGE_LOOP('',(#1894,#1895,#1896,#1897,#1898,#1899,#1900,#1901,#1902,
#1903,#1904,#1905));
#5693=EDGE_LOOP('',(#1906,#1907,#1908,#1909,#1910,#1911,#1912,#1913,#1914,
#1915,#1916,#1917));
#5694=EDGE_LOOP('',(#1918,#1919,#1920,#1921));
#5695=EDGE_LOOP('',(#1922,#1923,#1924,#1925,#1926,#1927,#1928,#1929,#1930,
#1931,#1932,#1933));
#5696=EDGE_LOOP('',(#1934,#1935,#1936,#1937));
#5697=EDGE_LOOP('',(#1938,#1939,#1940,#1941));
#5698=EDGE_LOOP('',(#1942,#1943,#1944,#1945,#1946,#1947,#1948,#1949,#1950,
#1951,#1952,#1953));
#5699=EDGE_LOOP('',(#1954,#1955,#1956,#1957));
#5700=EDGE_LOOP('',(#1958,#1959,#1960,#1961,#1962,#1963,#1964,#1965,#1966,
#1967,#1968,#1969));
#5701=EDGE_LOOP('',(#1970,#1971,#1972,#1973));
#5702=EDGE_LOOP('',(#1974,#1975,#1976,#1977));
#5703=EDGE_LOOP('',(#1978,#1979,#1980,#1981,#1982,#1983,#1984,#1985,#1986,
#1987,#1988,#1989));
#5704=EDGE_LOOP('',(#1990,#1991,#1992,#1993));
#5705=EDGE_LOOP('',(#1994,#1995,#1996,#1997,#1998,#1999,#2000,#2001,#2002,
#2003,#2004,#2005));
#5706=EDGE_LOOP('',(#2006,#2007,#2008,#2009));
#5707=EDGE_LOOP('',(#2010,#2011,#2012,#2013));
#5708=EDGE_LOOP('',(#2014,#2015,#2016,#2017,#2018,#2019,#2020,#2021,#2022,
#2023,#2024,#2025));
#5709=EDGE_LOOP('',(#2026,#2027,#2028,#2029));
#5710=EDGE_LOOP('',(#2030,#2031,#2032,#2033,#2034,#2035,#2036,#2037,#2038,
#2039,#2040,#2041));
#5711=EDGE_LOOP('',(#2042,#2043,#2044,#2045));
#5712=EDGE_LOOP('',(#2046,#2047,#2048,#2049));
#5713=EDGE_LOOP('',(#2050,#2051,#2052,#2053,#2054,#2055,#2056,#2057,#2058,
#2059,#2060,#2061));
#5714=EDGE_LOOP('',(#2062,#2063,#2064,#2065));
#5715=EDGE_LOOP('',(#2066,#2067,#2068,#2069,#2070,#2071,#2072,#2073,#2074,
#2075,#2076,#2077));
#5716=EDGE_LOOP('',(#2078,#2079,#2080,#2081));
#5717=EDGE_LOOP('',(#2082,#2083,#2084,#2085));
#5718=EDGE_LOOP('',(#2086,#2087,#2088,#2089));
#5719=EDGE_LOOP('',(#2090,#2091,#2092,#2093));
#5720=FACE_BOUND('',#5358,.T.);
#5721=FACE_BOUND('',#5359,.T.);
#5722=FACE_BOUND('',#5360,.T.);
#5723=FACE_BOUND('',#5361,.T.);
#5724=FACE_BOUND('',#5362,.T.);
#5725=FACE_BOUND('',#5363,.T.);
#5726=FACE_BOUND('',#5364,.T.);
#5727=FACE_BOUND('',#5365,.T.);
#5728=FACE_BOUND('',#5366,.T.);
#5729=FACE_BOUND('',#5367,.T.);
#5730=FACE_BOUND('',#5368,.T.);
#5731=FACE_BOUND('',#5369,.T.);
#5732=FACE_BOUND('',#5370,.T.);
#5733=FACE_BOUND('',#5371,.T.);
#5734=FACE_BOUND('',#5372,.T.);
#5735=FACE_BOUND('',#5373,.T.);
#5736=FACE_BOUND('',#5374,.T.);
#5737=FACE_BOUND('',#5375,.T.);
#5738=FACE_BOUND('',#5376,.T.);
#5739=FACE_BOUND('',#5377,.T.);
#5740=FACE_BOUND('',#5378,.T.);
#5741=FACE_BOUND('',#5379,.T.);
#5742=FACE_BOUND('',#5380,.T.);
#5743=FACE_BOUND('',#5381,.T.);
#5744=FACE_BOUND('',#5382,.T.);
#5745=FACE_BOUND('',#5383,.T.);
#5746=FACE_BOUND('',#5384,.T.);
#5747=FACE_BOUND('',#5385,.T.);
#5748=FACE_BOUND('',#5386,.T.);
#5749=FACE_BOUND('',#5387,.T.);
#5750=FACE_BOUND('',#5388,.T.);
#5751=FACE_BOUND('',#5389,.T.);
#5752=FACE_BOUND('',#5390,.T.);
#5753=FACE_BOUND('',#5391,.T.);
#5754=FACE_BOUND('',#5392,.T.);
#5755=FACE_BOUND('',#5393,.T.);
#5756=FACE_BOUND('',#5394,.T.);
#5757=FACE_BOUND('',#5395,.T.);
#5758=FACE_BOUND('',#5396,.T.);
#5759=FACE_BOUND('',#5397,.T.);
#5760=FACE_BOUND('',#5398,.T.);
#5761=FACE_BOUND('',#5399,.T.);
#5762=FACE_BOUND('',#5400,.T.);
#5763=FACE_BOUND('',#5401,.T.);
#5764=FACE_BOUND('',#5402,.T.);
#5765=FACE_BOUND('',#5403,.T.);
#5766=FACE_BOUND('',#5404,.T.);
#5767=FACE_BOUND('',#5405,.T.);
#5768=FACE_BOUND('',#5406,.T.);
#5769=FACE_BOUND('',#5407,.T.);
#5770=FACE_BOUND('',#5408,.T.);
#5771=FACE_BOUND('',#5409,.T.);
#5772=FACE_BOUND('',#5410,.T.);
#5773=FACE_BOUND('',#5411,.T.);
#5774=FACE_BOUND('',#5412,.T.);
#5775=FACE_BOUND('',#5413,.T.);
#5776=FACE_BOUND('',#5414,.T.);
#5777=FACE_BOUND('',#5415,.T.);
#5778=FACE_BOUND('',#5416,.T.);
#5779=FACE_BOUND('',#5417,.T.);
#5780=FACE_BOUND('',#5418,.T.);
#5781=FACE_BOUND('',#5419,.T.);
#5782=FACE_BOUND('',#5420,.T.);
#5783=FACE_BOUND('',#5421,.T.);
#5784=FACE_BOUND('',#5422,.T.);
#5785=FACE_BOUND('',#5423,.T.);
#5786=FACE_BOUND('',#5424,.T.);
#5787=FACE_BOUND('',#5425,.T.);
#5788=FACE_BOUND('',#5426,.T.);
#5789=FACE_BOUND('',#5427,.T.);
#5790=FACE_BOUND('',#5428,.T.);
#5791=FACE_BOUND('',#5429,.T.);
#5792=FACE_BOUND('',#5430,.T.);
#5793=FACE_BOUND('',#5431,.T.);
#5794=FACE_BOUND('',#5432,.T.);
#5795=FACE_BOUND('',#5433,.T.);
#5796=FACE_BOUND('',#5434,.T.);
#5797=FACE_BOUND('',#5435,.T.);
#5798=FACE_BOUND('',#5436,.T.);
#5799=FACE_BOUND('',#5437,.T.);
#5800=FACE_BOUND('',#5438,.T.);
#5801=FACE_BOUND('',#5439,.T.);
#5802=FACE_BOUND('',#5440,.T.);
#5803=FACE_BOUND('',#5441,.T.);
#5804=FACE_BOUND('',#5442,.T.);
#5805=FACE_BOUND('',#5443,.T.);
#5806=FACE_BOUND('',#5444,.T.);
#5807=FACE_BOUND('',#5445,.T.);
#5808=FACE_BOUND('',#5446,.T.);
#5809=FACE_BOUND('',#5447,.T.);
#5810=FACE_BOUND('',#5448,.T.);
#5811=FACE_BOUND('',#5449,.T.);
#5812=FACE_BOUND('',#5450,.T.);
#5813=FACE_BOUND('',#5451,.T.);
#5814=FACE_BOUND('',#5452,.T.);
#5815=FACE_BOUND('',#5453,.T.);
#5816=FACE_BOUND('',#5454,.T.);
#5817=FACE_BOUND('',#5455,.T.);
#5818=FACE_BOUND('',#5456,.T.);
#5819=FACE_BOUND('',#5457,.T.);
#5820=FACE_BOUND('',#5458,.T.);
#5821=FACE_BOUND('',#5459,.T.);
#5822=FACE_BOUND('',#5460,.T.);
#5823=FACE_BOUND('',#5461,.T.);
#5824=FACE_BOUND('',#5462,.T.);
#5825=FACE_BOUND('',#5463,.T.);
#5826=FACE_BOUND('',#5464,.T.);
#5827=FACE_BOUND('',#5465,.T.);
#5828=FACE_BOUND('',#5466,.T.);
#5829=FACE_BOUND('',#5467,.T.);
#5830=FACE_BOUND('',#5468,.T.);
#5831=FACE_BOUND('',#5469,.T.);
#5832=FACE_BOUND('',#5470,.T.);
#5833=FACE_BOUND('',#5471,.T.);
#5834=FACE_BOUND('',#5472,.T.);
#5835=FACE_BOUND('',#5473,.T.);
#5836=FACE_BOUND('',#5474,.T.);
#5837=FACE_BOUND('',#5475,.T.);
#5838=FACE_BOUND('',#5476,.T.);
#5839=FACE_BOUND('',#5477,.T.);
#5840=FACE_BOUND('',#5478,.T.);
#5841=FACE_BOUND('',#5479,.T.);
#5842=FACE_BOUND('',#5480,.T.);
#5843=FACE_BOUND('',#5481,.T.);
#5844=FACE_BOUND('',#5482,.T.);
#5845=FACE_BOUND('',#5483,.T.);
#5846=FACE_BOUND('',#5484,.T.);
#5847=FACE_BOUND('',#5485,.T.);
#5848=FACE_BOUND('',#5486,.T.);
#5849=FACE_BOUND('',#5487,.T.);
#5850=FACE_BOUND('',#5488,.T.);
#5851=FACE_BOUND('',#5489,.T.);
#5852=FACE_BOUND('',#5490,.T.);
#5853=FACE_BOUND('',#5491,.T.);
#5854=FACE_BOUND('',#5492,.T.);
#5855=FACE_BOUND('',#5493,.T.);
#5856=FACE_BOUND('',#5494,.T.);
#5857=FACE_BOUND('',#5495,.T.);
#5858=FACE_BOUND('',#5496,.T.);
#5859=FACE_BOUND('',#5497,.T.);
#5860=FACE_BOUND('',#5498,.T.);
#5861=FACE_BOUND('',#5499,.T.);
#5862=FACE_BOUND('',#5500,.T.);
#5863=FACE_BOUND('',#5501,.T.);
#5864=FACE_BOUND('',#5502,.T.);
#5865=FACE_BOUND('',#5503,.T.);
#5866=FACE_BOUND('',#5504,.T.);
#5867=FACE_BOUND('',#5505,.T.);
#5868=FACE_BOUND('',#5506,.T.);
#5869=FACE_BOUND('',#5507,.T.);
#5870=FACE_BOUND('',#5508,.T.);
#5871=FACE_BOUND('',#5509,.T.);
#5872=FACE_BOUND('',#5510,.T.);
#5873=FACE_BOUND('',#5511,.T.);
#5874=FACE_BOUND('',#5512,.T.);
#5875=FACE_BOUND('',#5513,.T.);
#5876=FACE_BOUND('',#5514,.T.);
#5877=FACE_BOUND('',#5515,.T.);
#5878=FACE_BOUND('',#5516,.T.);
#5879=FACE_BOUND('',#5517,.T.);
#5880=FACE_BOUND('',#5518,.T.);
#5881=FACE_BOUND('',#5519,.T.);
#5882=FACE_BOUND('',#5520,.T.);
#5883=FACE_BOUND('',#5521,.T.);
#5884=FACE_BOUND('',#5522,.T.);
#5885=FACE_BOUND('',#5523,.T.);
#5886=FACE_BOUND('',#5524,.T.);
#5887=FACE_BOUND('',#5525,.T.);
#5888=FACE_BOUND('',#5526,.T.);
#5889=FACE_BOUND('',#5527,.T.);
#5890=FACE_BOUND('',#5528,.T.);
#5891=FACE_BOUND('',#5529,.T.);
#5892=FACE_BOUND('',#5530,.T.);
#5893=FACE_BOUND('',#5531,.T.);
#5894=FACE_BOUND('',#5532,.T.);
#5895=FACE_BOUND('',#5533,.T.);
#5896=FACE_BOUND('',#5534,.T.);
#5897=FACE_BOUND('',#5535,.T.);
#5898=FACE_BOUND('',#5536,.T.);
#5899=FACE_BOUND('',#5537,.T.);
#5900=FACE_BOUND('',#5538,.T.);
#5901=FACE_BOUND('',#5539,.T.);
#5902=FACE_BOUND('',#5540,.T.);
#5903=FACE_BOUND('',#5541,.T.);
#5904=FACE_BOUND('',#5542,.T.);
#5905=FACE_BOUND('',#5543,.T.);
#5906=FACE_BOUND('',#5544,.T.);
#5907=FACE_BOUND('',#5545,.T.);
#5908=FACE_BOUND('',#5546,.T.);
#5909=FACE_BOUND('',#5547,.T.);
#5910=FACE_BOUND('',#5548,.T.);
#5911=FACE_BOUND('',#5549,.T.);
#5912=FACE_BOUND('',#5550,.T.);
#5913=FACE_BOUND('',#5551,.T.);
#5914=FACE_BOUND('',#5552,.T.);
#5915=FACE_BOUND('',#5553,.T.);
#5916=FACE_BOUND('',#5554,.T.);
#5917=FACE_BOUND('',#5555,.T.);
#5918=FACE_BOUND('',#5556,.T.);
#5919=FACE_BOUND('',#5557,.T.);
#5920=FACE_BOUND('',#5558,.T.);
#5921=FACE_BOUND('',#5559,.T.);
#5922=FACE_BOUND('',#5560,.T.);
#5923=FACE_BOUND('',#5561,.T.);
#5924=FACE_BOUND('',#5562,.T.);
#5925=FACE_BOUND('',#5563,.T.);
#5926=FACE_BOUND('',#5564,.T.);
#5927=FACE_BOUND('',#5565,.T.);
#5928=FACE_BOUND('',#5566,.T.);
#5929=FACE_BOUND('',#5567,.T.);
#5930=FACE_BOUND('',#5568,.T.);
#5931=FACE_BOUND('',#5569,.T.);
#5932=FACE_BOUND('',#5570,.T.);
#5933=FACE_BOUND('',#5571,.T.);
#5934=FACE_BOUND('',#5572,.T.);
#5935=FACE_BOUND('',#5573,.T.);
#5936=FACE_BOUND('',#5574,.T.);
#5937=FACE_BOUND('',#5575,.T.);
#5938=FACE_BOUND('',#5576,.T.);
#5939=FACE_BOUND('',#5577,.T.);
#5940=FACE_BOUND('',#5578,.T.);
#5941=FACE_BOUND('',#5579,.T.);
#5942=FACE_BOUND('',#5580,.T.);
#5943=FACE_BOUND('',#5581,.T.);
#5944=FACE_BOUND('',#5582,.T.);
#5945=FACE_BOUND('',#5583,.T.);
#5946=FACE_BOUND('',#5584,.T.);
#5947=FACE_BOUND('',#5585,.T.);
#5948=FACE_BOUND('',#5586,.T.);
#5949=FACE_BOUND('',#5587,.T.);
#5950=FACE_BOUND('',#5588,.T.);
#5951=FACE_BOUND('',#5589,.T.);
#5952=FACE_BOUND('',#5590,.T.);
#5953=FACE_BOUND('',#5591,.T.);
#5954=FACE_BOUND('',#5592,.T.);
#5955=FACE_BOUND('',#5593,.T.);
#5956=FACE_BOUND('',#5594,.T.);
#5957=FACE_BOUND('',#5595,.T.);
#5958=FACE_BOUND('',#5596,.T.);
#5959=FACE_BOUND('',#5597,.T.);
#5960=FACE_BOUND('',#5598,.T.);
#5961=FACE_BOUND('',#5599,.T.);
#5962=FACE_BOUND('',#5600,.T.);
#5963=FACE_BOUND('',#5601,.T.);
#5964=FACE_BOUND('',#5602,.T.);
#5965=FACE_BOUND('',#5603,.T.);
#5966=FACE_BOUND('',#5604,.T.);
#5967=FACE_BOUND('',#5605,.T.);
#5968=FACE_BOUND('',#5606,.T.);
#5969=FACE_BOUND('',#5607,.T.);
#5970=FACE_BOUND('',#5608,.T.);
#5971=FACE_BOUND('',#5609,.T.);
#5972=FACE_BOUND('',#5610,.T.);
#5973=FACE_BOUND('',#5611,.T.);
#5974=FACE_BOUND('',#5612,.T.);
#5975=FACE_BOUND('',#5613,.T.);
#5976=FACE_BOUND('',#5614,.T.);
#5977=FACE_BOUND('',#5615,.T.);
#5978=FACE_BOUND('',#5616,.T.);
#5979=FACE_BOUND('',#5617,.T.);
#5980=FACE_BOUND('',#5618,.T.);
#5981=FACE_BOUND('',#5619,.T.);
#5982=FACE_BOUND('',#5620,.T.);
#5983=FACE_BOUND('',#5621,.T.);
#5984=FACE_BOUND('',#5622,.T.);
#5985=FACE_BOUND('',#5623,.T.);
#5986=FACE_BOUND('',#5624,.T.);
#5987=FACE_BOUND('',#5625,.T.);
#5988=FACE_BOUND('',#5626,.T.);
#5989=FACE_BOUND('',#5627,.T.);
#5990=FACE_BOUND('',#5628,.T.);
#5991=FACE_BOUND('',#5629,.T.);
#5992=FACE_BOUND('',#5630,.T.);
#5993=FACE_BOUND('',#5631,.T.);
#5994=FACE_BOUND('',#5632,.T.);
#5995=FACE_BOUND('',#5633,.T.);
#5996=FACE_BOUND('',#5634,.T.);
#5997=FACE_BOUND('',#5635,.T.);
#5998=FACE_BOUND('',#5636,.T.);
#5999=FACE_BOUND('',#5637,.T.);
#6000=FACE_BOUND('',#5638,.T.);
#6001=FACE_BOUND('',#5639,.T.);
#6002=FACE_BOUND('',#5640,.T.);
#6003=FACE_BOUND('',#5641,.T.);
#6004=FACE_BOUND('',#5642,.T.);
#6005=FACE_BOUND('',#5643,.T.);
#6006=FACE_BOUND('',#5644,.T.);
#6007=FACE_BOUND('',#5645,.T.);
#6008=FACE_BOUND('',#5646,.T.);
#6009=FACE_BOUND('',#5647,.T.);
#6010=FACE_BOUND('',#5648,.T.);
#6011=FACE_BOUND('',#5649,.T.);
#6012=FACE_BOUND('',#5650,.T.);
#6013=FACE_BOUND('',#5651,.T.);
#6014=FACE_BOUND('',#5652,.T.);
#6015=FACE_BOUND('',#5653,.T.);
#6016=FACE_BOUND('',#5654,.T.);
#6017=FACE_BOUND('',#5655,.T.);
#6018=FACE_BOUND('',#5656,.T.);
#6019=FACE_BOUND('',#5657,.T.);
#6020=FACE_BOUND('',#5658,.T.);
#6021=FACE_BOUND('',#5659,.T.);
#6022=FACE_BOUND('',#5660,.T.);
#6023=FACE_BOUND('',#5661,.T.);
#6024=FACE_BOUND('',#5662,.T.);
#6025=FACE_BOUND('',#5663,.T.);
#6026=FACE_BOUND('',#5664,.T.);
#6027=FACE_BOUND('',#5665,.T.);
#6028=FACE_BOUND('',#5666,.T.);
#6029=FACE_BOUND('',#5667,.T.);
#6030=FACE_BOUND('',#5668,.T.);
#6031=FACE_BOUND('',#5669,.T.);
#6032=FACE_BOUND('',#5670,.T.);
#6033=FACE_BOUND('',#5671,.T.);
#6034=FACE_BOUND('',#5672,.T.);
#6035=FACE_BOUND('',#5673,.T.);
#6036=FACE_BOUND('',#5674,.T.);
#6037=FACE_BOUND('',#5675,.T.);
#6038=FACE_BOUND('',#5676,.T.);
#6039=FACE_BOUND('',#5677,.T.);
#6040=FACE_BOUND('',#5678,.T.);
#6041=FACE_BOUND('',#5679,.T.);
#6042=FACE_BOUND('',#5680,.T.);
#6043=FACE_BOUND('',#5681,.T.);
#6044=FACE_BOUND('',#5682,.T.);
#6045=FACE_BOUND('',#5683,.T.);
#6046=FACE_BOUND('',#5684,.T.);
#6047=FACE_BOUND('',#5685,.T.);
#6048=FACE_BOUND('',#5686,.T.);
#6049=FACE_BOUND('',#5687,.T.);
#6050=FACE_BOUND('',#5688,.T.);
#6051=FACE_BOUND('',#5689,.T.);
#6052=FACE_BOUND('',#5690,.T.);
#6053=FACE_BOUND('',#5691,.T.);
#6054=FACE_BOUND('',#5692,.T.);
#6055=FACE_BOUND('',#5693,.T.);
#6056=FACE_BOUND('',#5694,.T.);
#6057=FACE_BOUND('',#5695,.T.);
#6058=FACE_BOUND('',#5696,.T.);
#6059=FACE_BOUND('',#5697,.T.);
#6060=FACE_BOUND('',#5698,.T.);
#6061=FACE_BOUND('',#5699,.T.);
#6062=FACE_BOUND('',#5700,.T.);
#6063=FACE_BOUND('',#5701,.T.);
#6064=FACE_BOUND('',#5702,.T.);
#6065=FACE_BOUND('',#5703,.T.);
#6066=FACE_BOUND('',#5704,.T.);
#6067=FACE_BOUND('',#5705,.T.);
#6068=FACE_BOUND('',#5706,.T.);
#6069=FACE_BOUND('',#5707,.T.);
#6070=FACE_BOUND('',#5708,.T.);
#6071=FACE_BOUND('',#5709,.T.);
#6072=FACE_BOUND('',#5710,.T.);
#6073=FACE_BOUND('',#5711,.T.);
#6074=FACE_BOUND('',#5712,.T.);
#6075=FACE_BOUND('',#5713,.T.);
#6076=FACE_BOUND('',#5714,.T.);
#6077=FACE_BOUND('',#5715,.T.);
#6078=FACE_BOUND('',#5716,.T.);
#6079=FACE_BOUND('',#5717,.T.);
#6080=FACE_BOUND('',#5718,.T.);
#6081=FACE_BOUND('',#5719,.T.);
#6082=PLANE('',#6715);
#6083=PLANE('',#6716);
#6084=PLANE('',#6717);
#6085=PLANE('',#6718);
#6086=PLANE('',#6719);
#6087=PLANE('',#6720);
#6088=PLANE('',#6721);
#6089=PLANE('',#6722);
#6090=PLANE('',#6723);
#6091=PLANE('',#6724);
#6092=PLANE('',#6725);
#6093=PLANE('',#6726);
#6094=PLANE('',#6727);
#6095=PLANE('',#6728);
#6096=PLANE('',#6729);
#6097=PLANE('',#6730);
#6098=PLANE('',#6743);
#6099=PLANE('',#6744);
#6100=PLANE('',#6745);
#6101=PLANE('',#6746);
#6102=PLANE('',#6747);
#6103=PLANE('',#6748);
#6104=PLANE('',#6749);
#6105=PLANE('',#6750);
#6106=PLANE('',#6751);
#6107=PLANE('',#6752);
#6108=PLANE('',#6753);
#6109=PLANE('',#6754);
#6110=PLANE('',#6755);
#6111=PLANE('',#6756);
#6112=PLANE('',#6757);
#6113=PLANE('',#6758);
#6114=PLANE('',#6759);
#6115=PLANE('',#6760);
#6116=PLANE('',#6761);
#6117=PLANE('',#6762);
#6118=PLANE('',#6763);
#6119=PLANE('',#6764);
#6120=PLANE('',#6765);
#6121=PLANE('',#6766);
#6122=PLANE('',#6767);
#6123=PLANE('',#6768);
#6124=PLANE('',#6769);
#6125=PLANE('',#6770);
#6126=PLANE('',#6771);
#6127=PLANE('',#6772);
#6128=PLANE('',#6773);
#6129=PLANE('',#6774);
#6130=PLANE('',#6775);
#6131=PLANE('',#6776);
#6132=PLANE('',#6777);
#6133=PLANE('',#6778);
#6134=PLANE('',#6779);
#6135=PLANE('',#6780);
#6136=PLANE('',#6781);
#6137=PLANE('',#6782);
#6138=PLANE('',#6783);
#6139=PLANE('',#6784);
#6140=PLANE('',#6785);
#6141=PLANE('',#6786);
#6142=PLANE('',#6787);
#6143=PLANE('',#6788);
#6144=PLANE('',#6789);
#6145=PLANE('',#6790);
#6146=PLANE('',#6791);
#6147=PLANE('',#6792);
#6148=PLANE('',#6793);
#6149=PLANE('',#6794);
#6150=PLANE('',#6795);
#6151=PLANE('',#6796);
#6152=PLANE('',#6797);
#6153=PLANE('',#6798);
#6154=PLANE('',#6799);
#6155=PLANE('',#6800);
#6156=PLANE('',#6801);
#6157=PLANE('',#6802);
#6158=PLANE('',#6803);
#6159=PLANE('',#6804);
#6160=PLANE('',#6805);
#6161=PLANE('',#6806);
#6162=PLANE('',#6807);
#6163=PLANE('',#6808);
#6164=PLANE('',#6809);
#6165=PLANE('',#6810);
#6166=PLANE('',#6811);
#6167=PLANE('',#6812);
#6168=PLANE('',#6813);
#6169=PLANE('',#6814);
#6170=PLANE('',#6815);
#6171=PLANE('',#6816);
#6172=PLANE('',#6817);
#6173=PLANE('',#6818);
#6174=PLANE('',#6819);
#6175=PLANE('',#6820);
#6176=PLANE('',#6821);
#6177=PLANE('',#6822);
#6178=PLANE('',#6823);
#6179=PLANE('',#6824);
#6180=PLANE('',#6825);
#6181=PLANE('',#6826);
#6182=PLANE('',#6827);
#6183=PLANE('',#6828);
#6184=PLANE('',#6829);
#6185=PLANE('',#6830);
#6186=PLANE('',#6831);
#6187=PLANE('',#6832);
#6188=PLANE('',#6833);
#6189=PLANE('',#6834);
#6190=PLANE('',#6835);
#6191=PLANE('',#6836);
#6192=PLANE('',#6837);
#6193=PLANE('',#6838);
#6194=PLANE('',#6839);
#6195=PLANE('',#6840);
#6196=PLANE('',#6841);
#6197=PLANE('',#6842);
#6198=PLANE('',#6843);
#6199=PLANE('',#6844);
#6200=PLANE('',#6845);
#6201=PLANE('',#6846);
#6202=PLANE('',#6847);
#6203=PLANE('',#6848);
#6204=PLANE('',#6849);
#6205=PLANE('',#6850);
#6206=PLANE('',#6851);
#6207=PLANE('',#6852);
#6208=PLANE('',#6853);
#6209=PLANE('',#6854);
#6210=PLANE('',#6855);
#6211=PLANE('',#6856);
#6212=PLANE('',#6857);
#6213=PLANE('',#6858);
#6214=PLANE('',#6859);
#6215=PLANE('',#6860);
#6216=PLANE('',#6861);
#6217=PLANE('',#6862);
#6218=PLANE('',#6863);
#6219=PLANE('',#6864);
#6220=PLANE('',#6865);
#6221=PLANE('',#6866);
#6222=PLANE('',#6867);
#6223=PLANE('',#6868);
#6224=PLANE('',#6869);
#6225=PLANE('',#6870);
#6226=PLANE('',#6871);
#6227=PLANE('',#6872);
#6228=PLANE('',#6873);
#6229=PLANE('',#6874);
#6230=PLANE('',#6875);
#6231=PLANE('',#6876);
#6232=PLANE('',#6877);
#6233=PLANE('',#6878);
#6234=PLANE('',#6879);
#6235=PLANE('',#6880);
#6236=PLANE('',#6881);
#6237=PLANE('',#6895);
#6238=PLANE('',#6896);
#6239=PLANE('',#6897);
#6240=PLANE('',#6906);
#6241=PLANE('',#6931);
#6242=PLANE('',#6932);
#6243=PLANE('',#6933);
#6244=PLANE('',#6934);
#6245=PLANE('',#6935);
#6246=PLANE('',#6936);
#6247=PLANE('',#6953);
#6248=PLANE('',#6954);
#6249=PLANE('',#6955);
#6250=PLANE('',#6956);
#6251=PLANE('',#6957);
#6252=PLANE('',#6958);
#6253=PLANE('',#6959);
#6254=PLANE('',#6960);
#6255=PLANE('',#6961);
#6256=PLANE('',#6962);
#6257=PLANE('',#6963);
#6258=PLANE('',#6964);
#6259=PLANE('',#6965);
#6260=PLANE('',#6966);
#6261=PLANE('',#6967);
#6262=PLANE('',#6968);
#6263=PLANE('',#6969);
#6264=PLANE('',#6970);
#6265=PLANE('',#6987);
#6266=PLANE('',#6988);
#6267=PLANE('',#6989);
#6268=PLANE('',#6990);
#6269=PLANE('',#6991);
#6270=PLANE('',#6992);
#6271=PLANE('',#7009);
#6272=PLANE('',#7010);
#6273=PLANE('',#7011);
#6274=PLANE('',#7012);
#6275=PLANE('',#7013);
#6276=PLANE('',#7014);
#6277=PLANE('',#7015);
#6278=PLANE('',#7016);
#6279=PLANE('',#7017);
#6280=PLANE('',#7018);
#6281=PLANE('',#7019);
#6282=PLANE('',#7020);
#6283=PLANE('',#7021);
#6284=PLANE('',#7022);
#6285=PLANE('',#7023);
#6286=PLANE('',#7024);
#6287=PLANE('',#7025);
#6288=PLANE('',#7026);
#6289=PLANE('',#7043);
#6290=PLANE('',#7044);
#6291=PLANE('',#7045);
#6292=PLANE('',#7046);
#6293=PLANE('',#7047);
#6294=PLANE('',#7048);
#6295=PLANE('',#7081);
#6296=PLANE('',#7082);
#6297=PLANE('',#7083);
#6298=PLANE('',#7084);
#6299=PLANE('',#7085);
#6300=PLANE('',#7086);
#6301=PLANE('',#7103);
#6302=PLANE('',#7104);
#6303=PLANE('',#7105);
#6304=PLANE('',#7106);
#6305=PLANE('',#7107);
#6306=PLANE('',#7108);
#6307=PLANE('',#7109);
#6308=PLANE('',#7110);
#6309=PLANE('',#7111);
#6310=PLANE('',#7112);
#6311=PLANE('',#7113);
#6312=PLANE('',#7114);
#6313=PLANE('',#7115);
#6314=PLANE('',#7116);
#6315=PLANE('',#7117);
#6316=PLANE('',#7118);
#6317=PLANE('',#7119);
#6318=PLANE('',#7120);
#6319=PLANE('',#7121);
#6320=PLANE('',#7122);
#6321=PLANE('',#7123);
#6322=PLANE('',#7124);
#6323=PLANE('',#7125);
#6324=PLANE('',#7126);
#6325=PLANE('',#7127);
#6326=PLANE('',#7128);
#6327=PLANE('',#7129);
#6328=PLANE('',#7130);
#6329=PLANE('',#7131);
#6330=PLANE('',#7132);
#6331=PLANE('',#7133);
#6332=PLANE('',#7134);
#6333=PLANE('',#7135);
#6334=PLANE('',#7136);
#6335=PLANE('',#7137);
#6336=PLANE('',#7138);
#6337=PLANE('',#7139);
#6338=PLANE('',#7140);
#6339=PLANE('',#7141);
#6340=PLANE('',#7142);
#6341=PLANE('',#7143);
#6342=PLANE('',#7144);
#6343=PLANE('',#7145);
#6344=PLANE('',#7146);
#6345=PLANE('',#7147);
#6346=PLANE('',#7148);
#6347=PLANE('',#7149);
#6348=PLANE('',#7150);
#6349=PLANE('',#7151);
#6350=PLANE('',#7152);
#6351=PLANE('',#7153);
#6352=PLANE('',#7154);
#6353=PLANE('',#7155);
#6354=PLANE('',#7156);
#6355=ADVANCED_FACE('',(#5720),#6082,.F.);
#6356=ADVANCED_FACE('',(#5721),#6083,.F.);
#6357=ADVANCED_FACE('',(#5722),#6084,.F.);
#6358=ADVANCED_FACE('',(#5723),#6085,.F.);
#6359=ADVANCED_FACE('',(#5724),#6086,.F.);
#6360=ADVANCED_FACE('',(#5725),#6087,.F.);
#6361=ADVANCED_FACE('',(#5726),#6088,.F.);
#6362=ADVANCED_FACE('',(#5727),#6089,.F.);
#6363=ADVANCED_FACE('',(#5728),#6090,.F.);
#6364=ADVANCED_FACE('',(#5729),#6091,.F.);
#6365=ADVANCED_FACE('',(#5730),#6092,.F.);
#6366=ADVANCED_FACE('',(#5731),#6093,.F.);
#6367=ADVANCED_FACE('',(#5732),#6094,.F.);
#6368=ADVANCED_FACE('',(#5733),#6095,.F.);
#6369=ADVANCED_FACE('',(#5734),#6096,.F.);
#6370=ADVANCED_FACE('',(#5735,#5736,#5737,#5738,#5739,#5740,#5741,#5742,
#5743,#5744,#5745,#5746,#5747),#6097,.F.);
#6371=ADVANCED_FACE('',(#5748),#6098,.T.);
#6372=ADVANCED_FACE('',(#5749),#6099,.T.);
#6373=ADVANCED_FACE('',(#5750),#6100,.T.);
#6374=ADVANCED_FACE('',(#5751),#6101,.T.);
#6375=ADVANCED_FACE('',(#5752),#6102,.T.);
#6376=ADVANCED_FACE('',(#5753),#6103,.T.);
#6377=ADVANCED_FACE('',(#5754),#6104,.T.);
#6378=ADVANCED_FACE('',(#5755),#6105,.T.);
#6379=ADVANCED_FACE('',(#5756),#6106,.T.);
#6380=ADVANCED_FACE('',(#5757),#6107,.T.);
#6381=ADVANCED_FACE('',(#5758),#6108,.T.);
#6382=ADVANCED_FACE('',(#5759),#6109,.T.);
#6383=ADVANCED_FACE('',(#5760),#6110,.T.);
#6384=ADVANCED_FACE('',(#5761),#6111,.T.);
#6385=ADVANCED_FACE('',(#5762),#6112,.T.);
#6386=ADVANCED_FACE('',(#5763),#6113,.T.);
#6387=ADVANCED_FACE('',(#5764),#6114,.T.);
#6388=ADVANCED_FACE('',(#5765),#6115,.T.);
#6389=ADVANCED_FACE('',(#5766),#6116,.T.);
#6390=ADVANCED_FACE('',(#5767),#6117,.T.);
#6391=ADVANCED_FACE('',(#5768),#6118,.T.);
#6392=ADVANCED_FACE('',(#5769),#6119,.T.);
#6393=ADVANCED_FACE('',(#5770),#6120,.T.);
#6394=ADVANCED_FACE('',(#5771),#6121,.T.);
#6395=ADVANCED_FACE('',(#5772),#6122,.T.);
#6396=ADVANCED_FACE('',(#5773),#6123,.T.);
#6397=ADVANCED_FACE('',(#5774),#6124,.F.);
#6398=ADVANCED_FACE('',(#5775),#6125,.T.);
#6399=ADVANCED_FACE('',(#5776),#6126,.T.);
#6400=ADVANCED_FACE('',(#5777),#6127,.T.);
#6401=ADVANCED_FACE('',(#5778),#6128,.T.);
#6402=ADVANCED_FACE('',(#5779),#6129,.T.);
#6403=ADVANCED_FACE('',(#5780),#6130,.T.);
#6404=ADVANCED_FACE('',(#5781),#6131,.T.);
#6405=ADVANCED_FACE('',(#5782),#6132,.T.);
#6406=ADVANCED_FACE('',(#5783),#6133,.T.);
#6407=ADVANCED_FACE('',(#5784),#6134,.T.);
#6408=ADVANCED_FACE('',(#5785),#6135,.T.);
#6409=ADVANCED_FACE('',(#5786),#6136,.T.);
#6410=ADVANCED_FACE('',(#5787),#6137,.T.);
#6411=ADVANCED_FACE('',(#5788),#6138,.T.);
#6412=ADVANCED_FACE('',(#5789),#6139,.T.);
#6413=ADVANCED_FACE('',(#5790),#6140,.T.);
#6414=ADVANCED_FACE('',(#5791),#6141,.T.);
#6415=ADVANCED_FACE('',(#5792),#6142,.T.);
#6416=ADVANCED_FACE('',(#5793),#6143,.T.);
#6417=ADVANCED_FACE('',(#5794),#6144,.T.);
#6418=ADVANCED_FACE('',(#5795),#6145,.T.);
#6419=ADVANCED_FACE('',(#5796),#6146,.T.);
#6420=ADVANCED_FACE('',(#5797),#6147,.T.);
#6421=ADVANCED_FACE('',(#5798),#6148,.T.);
#6422=ADVANCED_FACE('',(#5799),#6149,.F.);
#6423=ADVANCED_FACE('',(#5800,#5801,#5802,#5803,#5804,#5805,#5806,#5807,
#5808,#5809,#5810,#5811),#6150,.T.);
#6424=ADVANCED_FACE('',(#5812,#5813,#5814,#5815,#5816,#5817,#5818),#6151,
 .T.);
#6425=ADVANCED_FACE('',(#5819),#6152,.T.);
#6426=ADVANCED_FACE('',(#5820),#6153,.T.);
#6427=ADVANCED_FACE('',(#5821),#6154,.T.);
#6428=ADVANCED_FACE('',(#5822),#6155,.T.);
#6429=ADVANCED_FACE('',(#5823),#6156,.T.);
#6430=ADVANCED_FACE('',(#5824),#6157,.T.);
#6431=ADVANCED_FACE('',(#5825),#6158,.T.);
#6432=ADVANCED_FACE('',(#5826),#6159,.T.);
#6433=ADVANCED_FACE('',(#5827),#6160,.T.);
#6434=ADVANCED_FACE('',(#5828),#6161,.T.);
#6435=ADVANCED_FACE('',(#5829),#6162,.T.);
#6436=ADVANCED_FACE('',(#5830),#6163,.T.);
#6437=ADVANCED_FACE('',(#5831),#6164,.T.);
#6438=ADVANCED_FACE('',(#5832),#6165,.T.);
#6439=ADVANCED_FACE('',(#5833),#6166,.T.);
#6440=ADVANCED_FACE('',(#5834),#6167,.T.);
#6441=ADVANCED_FACE('',(#5835),#6168,.T.);
#6442=ADVANCED_FACE('',(#5836),#6169,.T.);
#6443=ADVANCED_FACE('',(#5837),#6170,.T.);
#6444=ADVANCED_FACE('',(#5838),#6171,.T.);
#6445=ADVANCED_FACE('',(#5839),#6172,.T.);
#6446=ADVANCED_FACE('',(#5840),#6173,.T.);
#6447=ADVANCED_FACE('',(#5841),#6174,.T.);
#6448=ADVANCED_FACE('',(#5842),#6175,.T.);
#6449=ADVANCED_FACE('',(#5843),#6176,.T.);
#6450=ADVANCED_FACE('',(#5844),#6177,.T.);
#6451=ADVANCED_FACE('',(#5845),#6178,.T.);
#6452=ADVANCED_FACE('',(#5846),#6179,.T.);
#6453=ADVANCED_FACE('',(#5847),#6180,.T.);
#6454=ADVANCED_FACE('',(#5848),#6181,.T.);
#6455=ADVANCED_FACE('',(#5849),#6182,.T.);
#6456=ADVANCED_FACE('',(#5850),#6183,.T.);
#6457=ADVANCED_FACE('',(#5851),#6184,.T.);
#6458=ADVANCED_FACE('',(#5852),#6185,.T.);
#6459=ADVANCED_FACE('',(#5853),#6186,.T.);
#6460=ADVANCED_FACE('',(#5854),#6187,.T.);
#6461=ADVANCED_FACE('',(#5855),#6188,.T.);
#6462=ADVANCED_FACE('',(#5856),#6189,.T.);
#6463=ADVANCED_FACE('',(#5857),#6190,.T.);
#6464=ADVANCED_FACE('',(#5858),#6191,.T.);
#6465=ADVANCED_FACE('',(#5859),#6192,.T.);
#6466=ADVANCED_FACE('',(#5860),#6193,.T.);
#6467=ADVANCED_FACE('',(#5861),#6194,.T.);
#6468=ADVANCED_FACE('',(#5862),#6195,.T.);
#6469=ADVANCED_FACE('',(#5863),#6196,.T.);
#6470=ADVANCED_FACE('',(#5864),#6197,.T.);
#6471=ADVANCED_FACE('',(#5865),#6198,.T.);
#6472=ADVANCED_FACE('',(#5866),#6199,.T.);
#6473=ADVANCED_FACE('',(#5867),#6200,.T.);
#6474=ADVANCED_FACE('',(#5868),#6201,.T.);
#6475=ADVANCED_FACE('',(#5869),#6202,.T.);
#6476=ADVANCED_FACE('',(#5870),#6203,.T.);
#6477=ADVANCED_FACE('',(#5871),#6204,.T.);
#6478=ADVANCED_FACE('',(#5872),#6205,.T.);
#6479=ADVANCED_FACE('',(#5873),#6206,.T.);
#6480=ADVANCED_FACE('',(#5874),#6207,.T.);
#6481=ADVANCED_FACE('',(#5875),#6208,.T.);
#6482=ADVANCED_FACE('',(#5876),#6209,.T.);
#6483=ADVANCED_FACE('',(#5877),#6210,.T.);
#6484=ADVANCED_FACE('',(#5878),#6211,.T.);
#6485=ADVANCED_FACE('',(#5879),#6212,.T.);
#6486=ADVANCED_FACE('',(#5880),#6213,.F.);
#6487=ADVANCED_FACE('',(#5881),#6214,.T.);
#6488=ADVANCED_FACE('',(#5882),#6215,.T.);
#6489=ADVANCED_FACE('',(#5883),#6216,.T.);
#6490=ADVANCED_FACE('',(#5884),#6217,.T.);
#6491=ADVANCED_FACE('',(#5885),#6218,.F.);
#6492=ADVANCED_FACE('',(#5886),#6219,.T.);
#6493=ADVANCED_FACE('',(#5887),#6220,.T.);
#6494=ADVANCED_FACE('',(#5888),#6221,.T.);
#6495=ADVANCED_FACE('',(#5889),#6222,.T.);
#6496=ADVANCED_FACE('',(#5890),#6223,.F.);
#6497=ADVANCED_FACE('',(#5891),#6224,.T.);
#6498=ADVANCED_FACE('',(#5892),#6225,.T.);
#6499=ADVANCED_FACE('',(#5893),#6226,.T.);
#6500=ADVANCED_FACE('',(#5894),#6227,.T.);
#6501=ADVANCED_FACE('',(#5895),#6228,.F.);
#6502=ADVANCED_FACE('',(#5896),#6229,.T.);
#6503=ADVANCED_FACE('',(#5897),#6230,.T.);
#6504=ADVANCED_FACE('',(#5898),#6231,.T.);
#6505=ADVANCED_FACE('',(#5899),#6232,.F.);
#6506=ADVANCED_FACE('',(#5900),#6233,.T.);
#6507=ADVANCED_FACE('',(#5901),#6234,.T.);
#6508=ADVANCED_FACE('',(#5902),#6235,.T.);
#6509=ADVANCED_FACE('',(#5903),#6236,.T.);
#6510=ADVANCED_FACE('',(#5904),#78,.T.);
#6511=ADVANCED_FACE('',(#5905),#79,.T.);
#6512=ADVANCED_FACE('',(#5906),#80,.T.);
#6513=ADVANCED_FACE('',(#5907),#81,.T.);
#6514=ADVANCED_FACE('',(#5908),#82,.T.);
#6515=ADVANCED_FACE('',(#5909),#83,.T.);
#6516=ADVANCED_FACE('',(#5910),#84,.T.);
#6517=ADVANCED_FACE('',(#5911),#85,.T.);
#6518=ADVANCED_FACE('',(#5912),#86,.T.);
#6519=ADVANCED_FACE('',(#5913),#87,.T.);
#6520=ADVANCED_FACE('',(#5914),#88,.T.);
#6521=ADVANCED_FACE('',(#5915),#89,.T.);
#6522=ADVANCED_FACE('',(#5916),#6237,.F.);
#6523=ADVANCED_FACE('',(#5917),#6238,.F.);
#6524=ADVANCED_FACE('',(#5918),#6239,.T.);
#6525=ADVANCED_FACE('',(#5919),#6240,.F.);
#6526=ADVANCED_FACE('',(#5920),#18,.F.);
#6527=ADVANCED_FACE('',(#5921),#19,.F.);
#6528=ADVANCED_FACE('',(#5922),#20,.F.);
#6529=ADVANCED_FACE('',(#5923),#21,.F.);
#6530=ADVANCED_FACE('',(#5924),#22,.F.);
#6531=ADVANCED_FACE('',(#5925),#23,.F.);
#6532=ADVANCED_FACE('',(#5926),#6241,.F.);
#6533=ADVANCED_FACE('',(#5927),#6242,.F.);
#6534=ADVANCED_FACE('',(#5928),#6243,.F.);
#6535=ADVANCED_FACE('',(#5929),#6244,.F.);
#6536=ADVANCED_FACE('',(#5930),#6245,.F.);
#6537=ADVANCED_FACE('',(#5931),#6246,.F.);
#6538=ADVANCED_FACE('',(#5932),#24,.T.);
#6539=ADVANCED_FACE('',(#5933),#25,.T.);
#6540=ADVANCED_FACE('',(#5934),#26,.T.);
#6541=ADVANCED_FACE('',(#5935),#27,.T.);
#6542=ADVANCED_FACE('',(#5936),#28,.T.);
#6543=ADVANCED_FACE('',(#5937),#29,.T.);
#6544=ADVANCED_FACE('',(#5938),#6247,.F.);
#6545=ADVANCED_FACE('',(#5939),#6248,.F.);
#6546=ADVANCED_FACE('',(#5940),#6249,.F.);
#6547=ADVANCED_FACE('',(#5941),#6250,.F.);
#6548=ADVANCED_FACE('',(#5942),#6251,.F.);
#6549=ADVANCED_FACE('',(#5943),#6252,.F.);
#6550=ADVANCED_FACE('',(#5944),#6253,.F.);
#6551=ADVANCED_FACE('',(#5945),#6254,.F.);
#6552=ADVANCED_FACE('',(#5946),#6255,.F.);
#6553=ADVANCED_FACE('',(#5947),#6256,.F.);
#6554=ADVANCED_FACE('',(#5948),#6257,.F.);
#6555=ADVANCED_FACE('',(#5949),#6258,.F.);
#6556=ADVANCED_FACE('',(#5950),#6259,.F.);
#6557=ADVANCED_FACE('',(#5951),#6260,.F.);
#6558=ADVANCED_FACE('',(#5952),#6261,.F.);
#6559=ADVANCED_FACE('',(#5953),#6262,.F.);
#6560=ADVANCED_FACE('',(#5954),#6263,.F.);
#6561=ADVANCED_FACE('',(#5955),#6264,.F.);
#6562=ADVANCED_FACE('',(#5956),#30,.F.);
#6563=ADVANCED_FACE('',(#5957),#31,.F.);
#6564=ADVANCED_FACE('',(#5958),#32,.F.);
#6565=ADVANCED_FACE('',(#5959),#33,.F.);
#6566=ADVANCED_FACE('',(#5960),#34,.F.);
#6567=ADVANCED_FACE('',(#5961),#35,.F.);
#6568=ADVANCED_FACE('',(#5962),#6265,.F.);
#6569=ADVANCED_FACE('',(#5963),#6266,.F.);
#6570=ADVANCED_FACE('',(#5964),#6267,.F.);
#6571=ADVANCED_FACE('',(#5965),#6268,.F.);
#6572=ADVANCED_FACE('',(#5966),#6269,.F.);
#6573=ADVANCED_FACE('',(#5967),#6270,.F.);
#6574=ADVANCED_FACE('',(#5968),#36,.T.);
#6575=ADVANCED_FACE('',(#5969),#37,.T.);
#6576=ADVANCED_FACE('',(#5970),#38,.T.);
#6577=ADVANCED_FACE('',(#5971),#39,.T.);
#6578=ADVANCED_FACE('',(#5972),#40,.T.);
#6579=ADVANCED_FACE('',(#5973),#41,.T.);
#6580=ADVANCED_FACE('',(#5974),#6271,.F.);
#6581=ADVANCED_FACE('',(#5975),#6272,.F.);
#6582=ADVANCED_FACE('',(#5976),#6273,.F.);
#6583=ADVANCED_FACE('',(#5977),#6274,.F.);
#6584=ADVANCED_FACE('',(#5978),#6275,.F.);
#6585=ADVANCED_FACE('',(#5979),#6276,.F.);
#6586=ADVANCED_FACE('',(#5980),#6277,.F.);
#6587=ADVANCED_FACE('',(#5981),#6278,.F.);
#6588=ADVANCED_FACE('',(#5982),#6279,.F.);
#6589=ADVANCED_FACE('',(#5983),#6280,.F.);
#6590=ADVANCED_FACE('',(#5984),#6281,.F.);
#6591=ADVANCED_FACE('',(#5985),#6282,.F.);
#6592=ADVANCED_FACE('',(#5986),#6283,.F.);
#6593=ADVANCED_FACE('',(#5987),#6284,.F.);
#6594=ADVANCED_FACE('',(#5988),#6285,.F.);
#6595=ADVANCED_FACE('',(#5989),#6286,.F.);
#6596=ADVANCED_FACE('',(#5990),#6287,.F.);
#6597=ADVANCED_FACE('',(#5991),#6288,.F.);
#6598=ADVANCED_FACE('',(#5992),#42,.T.);
#6599=ADVANCED_FACE('',(#5993),#43,.T.);
#6600=ADVANCED_FACE('',(#5994),#44,.T.);
#6601=ADVANCED_FACE('',(#5995),#45,.T.);
#6602=ADVANCED_FACE('',(#5996),#46,.T.);
#6603=ADVANCED_FACE('',(#5997),#47,.T.);
#6604=ADVANCED_FACE('',(#5998),#6289,.F.);
#6605=ADVANCED_FACE('',(#5999),#6290,.F.);
#6606=ADVANCED_FACE('',(#6000),#6291,.F.);
#6607=ADVANCED_FACE('',(#6001),#6292,.F.);
#6608=ADVANCED_FACE('',(#6002),#6293,.F.);
#6609=ADVANCED_FACE('',(#6003),#6294,.F.);
#6610=ADVANCED_FACE('',(#6004),#48,.F.);
#6611=ADVANCED_FACE('',(#6005),#49,.F.);
#6612=ADVANCED_FACE('',(#6006),#50,.F.);
#6613=ADVANCED_FACE('',(#6007),#51,.F.);
#6614=ADVANCED_FACE('',(#6008),#52,.F.);
#6615=ADVANCED_FACE('',(#6009),#53,.F.);
#6616=ADVANCED_FACE('',(#6010),#54,.T.);
#6617=ADVANCED_FACE('',(#6011),#55,.T.);
#6618=ADVANCED_FACE('',(#6012),#56,.T.);
#6619=ADVANCED_FACE('',(#6013),#57,.T.);
#6620=ADVANCED_FACE('',(#6014),#58,.T.);
#6621=ADVANCED_FACE('',(#6015),#59,.T.);
#6622=ADVANCED_FACE('',(#6016),#6295,.F.);
#6623=ADVANCED_FACE('',(#6017),#6296,.F.);
#6624=ADVANCED_FACE('',(#6018),#6297,.F.);
#6625=ADVANCED_FACE('',(#6019),#6298,.F.);
#6626=ADVANCED_FACE('',(#6020),#6299,.F.);
#6627=ADVANCED_FACE('',(#6021),#6300,.F.);
#6628=ADVANCED_FACE('',(#6022),#60,.F.);
#6629=ADVANCED_FACE('',(#6023),#61,.F.);
#6630=ADVANCED_FACE('',(#6024),#62,.F.);
#6631=ADVANCED_FACE('',(#6025),#63,.F.);
#6632=ADVANCED_FACE('',(#6026),#64,.F.);
#6633=ADVANCED_FACE('',(#6027),#65,.F.);
#6634=ADVANCED_FACE('',(#6028),#6301,.T.);
#6635=ADVANCED_FACE('',(#6029),#6302,.T.);
#6636=ADVANCED_FACE('',(#6030),#6303,.T.);
#6637=ADVANCED_FACE('',(#6031),#6304,.T.);
#6638=ADVANCED_FACE('',(#6032),#6305,.T.);
#6639=ADVANCED_FACE('',(#6033),#6306,.T.);
#6640=ADVANCED_FACE('',(#6034),#6307,.T.);
#6641=ADVANCED_FACE('',(#6035),#6308,.T.);
#6642=ADVANCED_FACE('',(#6036),#6309,.T.);
#6643=ADVANCED_FACE('',(#6037),#6310,.T.);
#6644=ADVANCED_FACE('',(#6038),#6311,.T.);
#6645=ADVANCED_FACE('',(#6039),#6312,.T.);
#6646=ADVANCED_FACE('',(#6040),#6313,.T.);
#6647=ADVANCED_FACE('',(#6041),#6314,.T.);
#6648=ADVANCED_FACE('',(#6042),#6315,.T.);
#6649=ADVANCED_FACE('',(#6043),#6316,.T.);
#6650=ADVANCED_FACE('',(#6044),#6317,.T.);
#6651=ADVANCED_FACE('',(#6045),#6318,.T.);
#6652=ADVANCED_FACE('',(#6046),#6319,.T.);
#6653=ADVANCED_FACE('',(#6047),#6320,.T.);
#6654=ADVANCED_FACE('',(#6048),#6321,.T.);
#6655=ADVANCED_FACE('',(#6049),#6322,.T.);
#6656=ADVANCED_FACE('',(#6050),#6323,.T.);
#6657=ADVANCED_FACE('',(#6051),#6324,.T.);
#6658=ADVANCED_FACE('',(#6052),#6325,.T.);
#6659=ADVANCED_FACE('',(#6053),#6326,.T.);
#6660=ADVANCED_FACE('',(#6054),#6327,.T.);
#6661=ADVANCED_FACE('',(#6055),#6328,.T.);
#6662=ADVANCED_FACE('',(#6056),#6329,.T.);
#6663=ADVANCED_FACE('',(#6057),#6330,.T.);
#6664=ADVANCED_FACE('',(#6058),#6331,.T.);
#6665=ADVANCED_FACE('',(#6059),#6332,.T.);
#6666=ADVANCED_FACE('',(#6060),#6333,.T.);
#6667=ADVANCED_FACE('',(#6061),#6334,.T.);
#6668=ADVANCED_FACE('',(#6062),#6335,.T.);
#6669=ADVANCED_FACE('',(#6063),#6336,.T.);
#6670=ADVANCED_FACE('',(#6064),#6337,.T.);
#6671=ADVANCED_FACE('',(#6065),#6338,.T.);
#6672=ADVANCED_FACE('',(#6066),#6339,.T.);
#6673=ADVANCED_FACE('',(#6067),#6340,.T.);
#6674=ADVANCED_FACE('',(#6068),#6341,.T.);
#6675=ADVANCED_FACE('',(#6069),#6342,.T.);
#6676=ADVANCED_FACE('',(#6070),#6343,.T.);
#6677=ADVANCED_FACE('',(#6071),#6344,.T.);
#6678=ADVANCED_FACE('',(#6072),#6345,.T.);
#6679=ADVANCED_FACE('',(#6073),#6346,.T.);
#6680=ADVANCED_FACE('',(#6074),#6347,.T.);
#6681=ADVANCED_FACE('',(#6075),#6348,.T.);
#6682=ADVANCED_FACE('',(#6076),#6349,.T.);
#6683=ADVANCED_FACE('',(#6077),#6350,.T.);
#6684=ADVANCED_FACE('',(#6078),#6351,.T.);
#6685=ADVANCED_FACE('',(#6079),#6352,.T.);
#6686=ADVANCED_FACE('',(#6080),#6353,.T.);
#6687=ADVANCED_FACE('',(#6081),#6354,.T.);
#6688=CLOSED_SHELL('',(#6355,#6356,#6357,#6358,#6359,#6360,#6361,#6362,
#6363,#6364,#6365,#6366,#6367,#6368,#6369,#6370,#6371,#6372,#6373,#6374,
#6375,#6376,#6377,#6378,#6379,#6380,#6381,#6382,#6383,#6384,#6385,#6386,
#6387,#6388,#6389,#6390,#6391,#6392,#6393,#6394,#6395,#6396,#6397,#6398,
#6399,#6400,#6401,#6402,#6403,#6404,#6405,#6406,#6407,#6408,#6409,#6410,
#6411,#6412,#6413,#6414,#6415,#6416,#6417,#6418,#6419,#6420,#6421,#6422,
#6423,#6424,#6425,#6426,#6427,#6428,#6429,#6430,#6431,#6432,#6433,#6434,
#6435,#6436,#6437,#6438,#6439,#6440,#6441,#6442,#6443,#6444,#6445,#6446,
#6447,#6448,#6449,#6450,#6451,#6452,#6453,#6454,#6455,#6456,#6457,#6458,
#6459,#6460,#6461,#6462,#6463,#6464,#6465,#6466,#6467,#6468,#6469,#6470,
#6471,#6472,#6473,#6474,#6475,#6476,#6477,#6478,#6479,#6480,#6481,#6482,
#6483,#6484,#6485,#6486,#6487,#6488,#6489,#6490,#6491,#6492,#6493,#6494,
#6495,#6496,#6497,#6498,#6499,#6500,#6501,#6502,#6503,#6504,#6505,#6506,
#6507,#6508,#6509,#6510,#6511,#6512,#6513,#6514,#6515,#6516,#6517,#6518,
#6519,#6520,#6521));
#6689=CLOSED_SHELL('',(#6522,#6523,#6524,#6525,#6526,#6527,#6528,#6529,
#6530,#6531,#6532,#6533,#6534,#6535,#6536,#6537,#6538,#6539,#6540,#6541,
#6542,#6543,#6544,#6545,#6546,#6547,#6548,#6549,#6550,#6551,#6552,#6553,
#6554,#6555,#6556,#6557,#6558,#6559,#6560,#6561,#6562,#6563,#6564,#6565,
#6566,#6567,#6568,#6569,#6570,#6571,#6572,#6573,#6574,#6575,#6576,#6577,
#6578,#6579,#6580,#6581,#6582,#6583,#6584,#6585,#6586,#6587,#6588,#6589,
#6590,#6591,#6592,#6593,#6594,#6595,#6596,#6597,#6598,#6599,#6600,#6601,
#6602,#6603,#6604,#6605,#6606,#6607,#6608,#6609,#6610,#6611,#6612,#6613,
#6614,#6615,#6616,#6617,#6618,#6619,#6620,#6621,#6622,#6623,#6624,#6625,
#6626,#6627,#6628,#6629,#6630,#6631,#6632,#6633,#6634,#6635,#6636,#6637,
#6638,#6639,#6640,#6641,#6642,#6643,#6644,#6645,#6646,#6647,#6648,#6649,
#6650,#6651,#6652,#6653,#6654,#6655,#6656,#6657,#6658,#6659,#6660,#6661,
#6662,#6663,#6664,#6665,#6666,#6667,#6668,#6669,#6670,#6671,#6672,#6673,
#6674,#6675,#6676,#6677,#6678,#6679,#6680,#6681,#6682,#6683,#6684,#6685,
#6686,#6687));
#6690=STYLED_ITEM('',(#6692),#6706);
#6691=STYLED_ITEM('',(#6693),#6707);
#6692=PRESENTATION_STYLE_ASSIGNMENT((#6694));
#6693=PRESENTATION_STYLE_ASSIGNMENT((#6695));
#6694=SURFACE_STYLE_USAGE(.BOTH.,#6696);
#6695=SURFACE_STYLE_USAGE(.BOTH.,#6697);
#6696=SURFACE_SIDE_STYLE('',(#6698));
#6697=SURFACE_SIDE_STYLE('',(#6699));
#6698=SURFACE_STYLE_FILL_AREA(#6700);
#6699=SURFACE_STYLE_FILL_AREA(#6701);
#6700=FILL_AREA_STYLE('',(#6702));
#6701=FILL_AREA_STYLE('',(#6703));
#6702=FILL_AREA_STYLE_COLOUR('',#6704);
#6703=FILL_AREA_STYLE_COLOUR('',#6705);
#6704=COLOUR_RGB('',0.0549019612371922,0.0549019612371922,0.0549019612371922);
#6705=COLOUR_RGB('',0.670588254928589,0.670588254928589,0.670588254928589);
#6706=MANIFOLD_SOLID_BREP('SSM-106-F-SH-TR_body',#6688);
#6707=MANIFOLD_SOLID_BREP('C-58-06-F6',#6689);
#6708=SHAPE_DEFINITION_REPRESENTATION(#10819,#6711);
#6709=SHAPE_DEFINITION_REPRESENTATION(#10820,#6712);
#6710=SHAPE_DEFINITION_REPRESENTATION(#10822,#6713);
#6711=SHAPE_REPRESENTATION('SSM-106-F-SH-TR',(#6714,#6894,#7157),#10807);
#6712=SHAPE_REPRESENTATION('SSM-106-F-SH-TR_body',(#6714),#10808);
#6713=SHAPE_REPRESENTATION('C-58-06-F6',(#6714),#10809);
#6714=AXIS2_PLACEMENT_3D('',#8886,#7158,#7159);
#6715=AXIS2_PLACEMENT_3D('',#8887,#7160,#7161);
#6716=AXIS2_PLACEMENT_3D('',#8896,#7166,#7167);
#6717=AXIS2_PLACEMENT_3D('',#8905,#7172,#7173);
#6718=AXIS2_PLACEMENT_3D('',#8914,#7178,#7179);
#6719=AXIS2_PLACEMENT_3D('',#8923,#7184,#7185);
#6720=AXIS2_PLACEMENT_3D('',#8932,#7190,#7191);
#6721=AXIS2_PLACEMENT_3D('',#8941,#7196,#7197);
#6722=AXIS2_PLACEMENT_3D('',#8950,#7202,#7203);
#6723=AXIS2_PLACEMENT_3D('',#8959,#7208,#7209);
#6724=AXIS2_PLACEMENT_3D('',#8968,#7214,#7215);
#6725=AXIS2_PLACEMENT_3D('',#8977,#7220,#7221);
#6726=AXIS2_PLACEMENT_3D('',#8986,#7226,#7227);
#6727=AXIS2_PLACEMENT_3D('',#8995,#7232,#7233);
#6728=AXIS2_PLACEMENT_3D('',#9004,#7238,#7239);
#6729=AXIS2_PLACEMENT_3D('',#9013,#7244,#7245);
#6730=AXIS2_PLACEMENT_3D('',#9097,#7291,#7292);
#6731=AXIS2_PLACEMENT_3D('',#9098,#7293,#7294);
#6732=AXIS2_PLACEMENT_3D('',#9100,#7295,#7296);
#6733=AXIS2_PLACEMENT_3D('',#9102,#7297,#7298);
#6734=AXIS2_PLACEMENT_3D('',#9104,#7299,#7300);
#6735=AXIS2_PLACEMENT_3D('',#9106,#7301,#7302);
#6736=AXIS2_PLACEMENT_3D('',#9108,#7303,#7304);
#6737=AXIS2_PLACEMENT_3D('',#9110,#7305,#7306);
#6738=AXIS2_PLACEMENT_3D('',#9112,#7307,#7308);
#6739=AXIS2_PLACEMENT_3D('',#9114,#7309,#7310);
#6740=AXIS2_PLACEMENT_3D('',#9116,#7311,#7312);
#6741=AXIS2_PLACEMENT_3D('',#9118,#7313,#7314);
#6742=AXIS2_PLACEMENT_3D('',#9120,#7315,#7316);
#6743=AXIS2_PLACEMENT_3D('',#9205,#7362,#7363);
#6744=AXIS2_PLACEMENT_3D('',#9211,#7367,#7368);
#6745=AXIS2_PLACEMENT_3D('',#9220,#7373,#7374);
#6746=AXIS2_PLACEMENT_3D('',#9226,#7378,#7379);
#6747=AXIS2_PLACEMENT_3D('',#9235,#7384,#7385);
#6748=AXIS2_PLACEMENT_3D('',#9241,#7389,#7390);
#6749=AXIS2_PLACEMENT_3D('',#9250,#7395,#7396);
#6750=AXIS2_PLACEMENT_3D('',#9256,#7400,#7401);
#6751=AXIS2_PLACEMENT_3D('',#9265,#7406,#7407);
#6752=AXIS2_PLACEMENT_3D('',#9271,#7411,#7412);
#6753=AXIS2_PLACEMENT_3D('',#9280,#7417,#7418);
#6754=AXIS2_PLACEMENT_3D('',#9286,#7422,#7423);
#6755=AXIS2_PLACEMENT_3D('',#9295,#7428,#7429);
#6756=AXIS2_PLACEMENT_3D('',#9301,#7433,#7434);
#6757=AXIS2_PLACEMENT_3D('',#9307,#7438,#7439);
#6758=AXIS2_PLACEMENT_3D('',#9316,#7444,#7445);
#6759=AXIS2_PLACEMENT_3D('',#9322,#7449,#7450);
#6760=AXIS2_PLACEMENT_3D('',#9331,#7455,#7456);
#6761=AXIS2_PLACEMENT_3D('',#9337,#7460,#7461);
#6762=AXIS2_PLACEMENT_3D('',#9346,#7466,#7467);
#6763=AXIS2_PLACEMENT_3D('',#9352,#7471,#7472);
#6764=AXIS2_PLACEMENT_3D('',#9361,#7477,#7478);
#6765=AXIS2_PLACEMENT_3D('',#9367,#7482,#7483);
#6766=AXIS2_PLACEMENT_3D('',#9376,#7488,#7489);
#6767=AXIS2_PLACEMENT_3D('',#9382,#7493,#7494);
#6768=AXIS2_PLACEMENT_3D('',#9391,#7499,#7500);
#6769=AXIS2_PLACEMENT_3D('',#9397,#7504,#7505);
#6770=AXIS2_PLACEMENT_3D('',#9400,#7508,#7509);
#6771=AXIS2_PLACEMENT_3D('',#9409,#7514,#7515);
#6772=AXIS2_PLACEMENT_3D('',#9415,#7519,#7520);
#6773=AXIS2_PLACEMENT_3D('',#9421,#7524,#7525);
#6774=AXIS2_PLACEMENT_3D('',#9430,#7530,#7531);
#6775=AXIS2_PLACEMENT_3D('',#9436,#7535,#7536);
#6776=AXIS2_PLACEMENT_3D('',#9442,#7540,#7541);
#6777=AXIS2_PLACEMENT_3D('',#9451,#7546,#7547);
#6778=AXIS2_PLACEMENT_3D('',#9457,#7551,#7552);
#6779=AXIS2_PLACEMENT_3D('',#9463,#7556,#7557);
#6780=AXIS2_PLACEMENT_3D('',#9472,#7562,#7563);
#6781=AXIS2_PLACEMENT_3D('',#9478,#7567,#7568);
#6782=AXIS2_PLACEMENT_3D('',#9484,#7572,#7573);
#6783=AXIS2_PLACEMENT_3D('',#9493,#7578,#7579);
#6784=AXIS2_PLACEMENT_3D('',#9499,#7583,#7584);
#6785=AXIS2_PLACEMENT_3D('',#9505,#7588,#7589);
#6786=AXIS2_PLACEMENT_3D('',#9514,#7594,#7595);
#6787=AXIS2_PLACEMENT_3D('',#9520,#7599,#7600);
#6788=AXIS2_PLACEMENT_3D('',#9526,#7604,#7605);
#6789=AXIS2_PLACEMENT_3D('',#9529,#7608,#7609);
#6790=AXIS2_PLACEMENT_3D('',#9532,#7612,#7613);
#6791=AXIS2_PLACEMENT_3D('',#9535,#7616,#7617);
#6792=AXIS2_PLACEMENT_3D('',#9538,#7620,#7621);
#6793=AXIS2_PLACEMENT_3D('',#9541,#7624,#7625);
#6794=AXIS2_PLACEMENT_3D('',#9544,#7628,#7629);
#6795=AXIS2_PLACEMENT_3D('',#9547,#7632,#7633);
#6796=AXIS2_PLACEMENT_3D('',#9588,#7654,#7655);
#6797=AXIS2_PLACEMENT_3D('',#9637,#7704,#7705);
#6798=AXIS2_PLACEMENT_3D('',#9638,#7706,#7707);
#6799=AXIS2_PLACEMENT_3D('',#9640,#7709,#7710);
#6800=AXIS2_PLACEMENT_3D('',#9642,#7712,#7713);
#6801=AXIS2_PLACEMENT_3D('',#9643,#7714,#7715);
#6802=AXIS2_PLACEMENT_3D('',#9644,#7716,#7717);
#6803=AXIS2_PLACEMENT_3D('',#9645,#7718,#7719);
#6804=AXIS2_PLACEMENT_3D('',#9647,#7721,#7722);
#6805=AXIS2_PLACEMENT_3D('',#9649,#7724,#7725);
#6806=AXIS2_PLACEMENT_3D('',#9650,#7726,#7727);
#6807=AXIS2_PLACEMENT_3D('',#9651,#7728,#7729);
#6808=AXIS2_PLACEMENT_3D('',#9652,#7730,#7731);
#6809=AXIS2_PLACEMENT_3D('',#9654,#7733,#7734);
#6810=AXIS2_PLACEMENT_3D('',#9656,#7736,#7737);
#6811=AXIS2_PLACEMENT_3D('',#9657,#7738,#7739);
#6812=AXIS2_PLACEMENT_3D('',#9658,#7740,#7741);
#6813=AXIS2_PLACEMENT_3D('',#9659,#7742,#7743);
#6814=AXIS2_PLACEMENT_3D('',#9661,#7745,#7746);
#6815=AXIS2_PLACEMENT_3D('',#9663,#7748,#7749);
#6816=AXIS2_PLACEMENT_3D('',#9664,#7750,#7751);
#6817=AXIS2_PLACEMENT_3D('',#9665,#7752,#7753);
#6818=AXIS2_PLACEMENT_3D('',#9666,#7754,#7755);
#6819=AXIS2_PLACEMENT_3D('',#9668,#7757,#7758);
#6820=AXIS2_PLACEMENT_3D('',#9670,#7760,#7761);
#6821=AXIS2_PLACEMENT_3D('',#9671,#7762,#7763);
#6822=AXIS2_PLACEMENT_3D('',#9672,#7764,#7765);
#6823=AXIS2_PLACEMENT_3D('',#9673,#7766,#7767);
#6824=AXIS2_PLACEMENT_3D('',#9675,#7769,#7770);
#6825=AXIS2_PLACEMENT_3D('',#9677,#7772,#7773);
#6826=AXIS2_PLACEMENT_3D('',#9678,#7774,#7775);
#6827=AXIS2_PLACEMENT_3D('',#9679,#7776,#7777);
#6828=AXIS2_PLACEMENT_3D('',#9680,#7778,#7779);
#6829=AXIS2_PLACEMENT_3D('',#9682,#7781,#7782);
#6830=AXIS2_PLACEMENT_3D('',#9684,#7784,#7785);
#6831=AXIS2_PLACEMENT_3D('',#9685,#7786,#7787);
#6832=AXIS2_PLACEMENT_3D('',#9686,#7788,#7789);
#6833=AXIS2_PLACEMENT_3D('',#9687,#7790,#7791);
#6834=AXIS2_PLACEMENT_3D('',#9689,#7793,#7794);
#6835=AXIS2_PLACEMENT_3D('',#9691,#7796,#7797);
#6836=AXIS2_PLACEMENT_3D('',#9692,#7798,#7799);
#6837=AXIS2_PLACEMENT_3D('',#9693,#7800,#7801);
#6838=AXIS2_PLACEMENT_3D('',#9694,#7802,#7803);
#6839=AXIS2_PLACEMENT_3D('',#9696,#7805,#7806);
#6840=AXIS2_PLACEMENT_3D('',#9698,#7808,#7809);
#6841=AXIS2_PLACEMENT_3D('',#9699,#7810,#7811);
#6842=AXIS2_PLACEMENT_3D('',#9700,#7812,#7813);
#6843=AXIS2_PLACEMENT_3D('',#9701,#7814,#7815);
#6844=AXIS2_PLACEMENT_3D('',#9703,#7817,#7818);
#6845=AXIS2_PLACEMENT_3D('',#9705,#7820,#7821);
#6846=AXIS2_PLACEMENT_3D('',#9706,#7822,#7823);
#6847=AXIS2_PLACEMENT_3D('',#9707,#7824,#7825);
#6848=AXIS2_PLACEMENT_3D('',#9708,#7826,#7827);
#6849=AXIS2_PLACEMENT_3D('',#9710,#7829,#7830);
#6850=AXIS2_PLACEMENT_3D('',#9712,#7832,#7833);
#6851=AXIS2_PLACEMENT_3D('',#9713,#7834,#7835);
#6852=AXIS2_PLACEMENT_3D('',#9714,#7836,#7837);
#6853=AXIS2_PLACEMENT_3D('',#9715,#7838,#7839);
#6854=AXIS2_PLACEMENT_3D('',#9717,#7841,#7842);
#6855=AXIS2_PLACEMENT_3D('',#9719,#7844,#7845);
#6856=AXIS2_PLACEMENT_3D('',#9720,#7846,#7847);
#6857=AXIS2_PLACEMENT_3D('',#9721,#7848,#7849);
#6858=AXIS2_PLACEMENT_3D('',#9730,#7854,#7855);
#6859=AXIS2_PLACEMENT_3D('',#9733,#7858,#7859);
#6860=AXIS2_PLACEMENT_3D('',#9736,#7862,#7863);
#6861=AXIS2_PLACEMENT_3D('',#9737,#7864,#7865);
#6862=AXIS2_PLACEMENT_3D('',#9738,#7866,#7867);
#6863=AXIS2_PLACEMENT_3D('',#9747,#7872,#7873);
#6864=AXIS2_PLACEMENT_3D('',#9750,#7876,#7877);
#6865=AXIS2_PLACEMENT_3D('',#9753,#7880,#7881);
#6866=AXIS2_PLACEMENT_3D('',#9754,#7882,#7883);
#6867=AXIS2_PLACEMENT_3D('',#9755,#7884,#7885);
#6868=AXIS2_PLACEMENT_3D('',#9764,#7890,#7891);
#6869=AXIS2_PLACEMENT_3D('',#9767,#7894,#7895);
#6870=AXIS2_PLACEMENT_3D('',#9770,#7898,#7899);
#6871=AXIS2_PLACEMENT_3D('',#9771,#7900,#7901);
#6872=AXIS2_PLACEMENT_3D('',#9772,#7902,#7903);
#6873=AXIS2_PLACEMENT_3D('',#9781,#7908,#7909);
#6874=AXIS2_PLACEMENT_3D('',#9784,#7912,#7913);
#6875=AXIS2_PLACEMENT_3D('',#9787,#7916,#7917);
#6876=AXIS2_PLACEMENT_3D('',#9788,#7918,#7919);
#6877=AXIS2_PLACEMENT_3D('',#9789,#7920,#7921);
#6878=AXIS2_PLACEMENT_3D('',#9795,#7925,#7926);
#6879=AXIS2_PLACEMENT_3D('',#9801,#7930,#7931);
#6880=AXIS2_PLACEMENT_3D('',#9803,#7933,#7934);
#6881=AXIS2_PLACEMENT_3D('',#9805,#7936,#7937);
#6882=AXIS2_PLACEMENT_3D('',#9806,#7938,#7939);
#6883=AXIS2_PLACEMENT_3D('',#9807,#7940,#7941);
#6884=AXIS2_PLACEMENT_3D('',#9808,#7942,#7943);
#6885=AXIS2_PLACEMENT_3D('',#9809,#7944,#7945);
#6886=AXIS2_PLACEMENT_3D('',#9810,#7946,#7947);
#6887=AXIS2_PLACEMENT_3D('',#9811,#7948,#7949);
#6888=AXIS2_PLACEMENT_3D('',#9812,#7950,#7951);
#6889=AXIS2_PLACEMENT_3D('',#9813,#7952,#7953);
#6890=AXIS2_PLACEMENT_3D('',#9814,#7954,#7955);
#6891=AXIS2_PLACEMENT_3D('',#9815,#7956,#7957);
#6892=AXIS2_PLACEMENT_3D('',#9816,#7958,#7959);
#6893=AXIS2_PLACEMENT_3D('',#9817,#7960,#7961);
#6894=AXIS2_PLACEMENT_3D('',#9818,#7962,#7963);
#6895=AXIS2_PLACEMENT_3D('',#9819,#7964,#7965);
#6896=AXIS2_PLACEMENT_3D('',#9908,#8010,#8011);
#6897=AXIS2_PLACEMENT_3D('',#9997,#8056,#8057);
#6898=AXIS2_PLACEMENT_3D('',#9998,#8058,#8059);
#6899=AXIS2_PLACEMENT_3D('',#10002,#8061,#8062);
#6900=AXIS2_PLACEMENT_3D('',#10010,#8066,#8067);
#6901=AXIS2_PLACEMENT_3D('',#10014,#8069,#8070);
#6902=AXIS2_PLACEMENT_3D('',#10015,#8071,#8072);
#6903=AXIS2_PLACEMENT_3D('',#10019,#8074,#8075);
#6904=AXIS2_PLACEMENT_3D('',#10027,#8079,#8080);
#6905=AXIS2_PLACEMENT_3D('',#10031,#8082,#8083);
#6906=AXIS2_PLACEMENT_3D('',#10032,#8084,#8085);
#6907=AXIS2_PLACEMENT_3D('',#10038,#8088,#8089);
#6908=AXIS2_PLACEMENT_3D('',#10042,#8091,#8092);
#6909=AXIS2_PLACEMENT_3D('',#10043,#8093,#8094);
#6910=AXIS2_PLACEMENT_3D('',#10047,#8096,#8097);
#6911=AXIS2_PLACEMENT_3D('',#10055,#8101,#8102);
#6912=AXIS2_PLACEMENT_3D('',#10059,#8104,#8105);
#6913=AXIS2_PLACEMENT_3D('',#10060,#8106,#8107);
#6914=AXIS2_PLACEMENT_3D('',#10064,#8109,#8110);
#6915=AXIS2_PLACEMENT_3D('',#10067,#8112,#8113);
#6916=AXIS2_PLACEMENT_3D('',#10070,#8115,#8116);
#6917=AXIS2_PLACEMENT_3D('',#10071,#8117,#8118);
#6918=AXIS2_PLACEMENT_3D('',#10072,#8119,#8120);
#6919=AXIS2_PLACEMENT_3D('',#10076,#8122,#8123);
#6920=AXIS2_PLACEMENT_3D('',#10077,#8124,#8125);
#6921=AXIS2_PLACEMENT_3D('',#10078,#8126,#8127);
#6922=AXIS2_PLACEMENT_3D('',#10082,#8129,#8130);
#6923=AXIS2_PLACEMENT_3D('',#10083,#8131,#8132);
#6924=AXIS2_PLACEMENT_3D('',#10084,#8133,#8134);
#6925=AXIS2_PLACEMENT_3D('',#10088,#8136,#8137);
#6926=AXIS2_PLACEMENT_3D('',#10089,#8138,#8139);
#6927=AXIS2_PLACEMENT_3D('',#10090,#8140,#8141);
#6928=AXIS2_PLACEMENT_3D('',#10094,#8143,#8144);
#6929=AXIS2_PLACEMENT_3D('',#10095,#8145,#8146);
#6930=AXIS2_PLACEMENT_3D('',#10096,#8147,#8148);
#6931=AXIS2_PLACEMENT_3D('',#10099,#8150,#8151);
#6932=AXIS2_PLACEMENT_3D('',#10103,#8154,#8155);
#6933=AXIS2_PLACEMENT_3D('',#10109,#8159,#8160);
#6934=AXIS2_PLACEMENT_3D('',#10115,#8164,#8165);
#6935=AXIS2_PLACEMENT_3D('',#10121,#8169,#8170);
#6936=AXIS2_PLACEMENT_3D('',#10127,#8174,#8175);
#6937=AXIS2_PLACEMENT_3D('',#10131,#8178,#8179);
#6938=AXIS2_PLACEMENT_3D('',#10132,#8180,#8181);
#6939=AXIS2_PLACEMENT_3D('',#10135,#8183,#8184);
#6940=AXIS2_PLACEMENT_3D('',#10136,#8185,#8186);
#6941=AXIS2_PLACEMENT_3D('',#10140,#8188,#8189);
#6942=AXIS2_PLACEMENT_3D('',#10141,#8190,#8191);
#6943=AXIS2_PLACEMENT_3D('',#10142,#8192,#8193);
#6944=AXIS2_PLACEMENT_3D('',#10146,#8195,#8196);
#6945=AXIS2_PLACEMENT_3D('',#10147,#8197,#8198);
#6946=AXIS2_PLACEMENT_3D('',#10148,#8199,#8200);
#6947=AXIS2_PLACEMENT_3D('',#10152,#8202,#8203);
#6948=AXIS2_PLACEMENT_3D('',#10153,#8204,#8205);
#6949=AXIS2_PLACEMENT_3D('',#10154,#8206,#8207);
#6950=AXIS2_PLACEMENT_3D('',#10158,#8209,#8210);
#6951=AXIS2_PLACEMENT_3D('',#10159,#8211,#8212);
#6952=AXIS2_PLACEMENT_3D('',#10160,#8213,#8214);
#6953=AXIS2_PLACEMENT_3D('',#10163,#8216,#8217);
#6954=AXIS2_PLACEMENT_3D('',#10171,#8222,#8223);
#6955=AXIS2_PLACEMENT_3D('',#10181,#8229,#8230);
#6956=AXIS2_PLACEMENT_3D('',#10191,#8236,#8237);
#6957=AXIS2_PLACEMENT_3D('',#10201,#8243,#8244);
#6958=AXIS2_PLACEMENT_3D('',#10211,#8250,#8251);
#6959=AXIS2_PLACEMENT_3D('',#10219,#8256,#8257);
#6960=AXIS2_PLACEMENT_3D('',#10225,#8261,#8262);
#6961=AXIS2_PLACEMENT_3D('',#10231,#8266,#8267);
#6962=AXIS2_PLACEMENT_3D('',#10237,#8271,#8272);
#6963=AXIS2_PLACEMENT_3D('',#10243,#8276,#8277);
#6964=AXIS2_PLACEMENT_3D('',#10249,#8281,#8282);
#6965=AXIS2_PLACEMENT_3D('',#10255,#8286,#8287);
#6966=AXIS2_PLACEMENT_3D('',#10262,#8292,#8293);
#6967=AXIS2_PLACEMENT_3D('',#10272,#8299,#8300);
#6968=AXIS2_PLACEMENT_3D('',#10282,#8306,#8307);
#6969=AXIS2_PLACEMENT_3D('',#10292,#8313,#8314);
#6970=AXIS2_PLACEMENT_3D('',#10302,#8320,#8321);
#6971=AXIS2_PLACEMENT_3D('',#10309,#8326,#8327);
#6972=AXIS2_PLACEMENT_3D('',#10312,#8329,#8330);
#6973=AXIS2_PLACEMENT_3D('',#10313,#8331,#8332);
#6974=AXIS2_PLACEMENT_3D('',#10314,#8333,#8334);
#6975=AXIS2_PLACEMENT_3D('',#10318,#8336,#8337);
#6976=AXIS2_PLACEMENT_3D('',#10319,#8338,#8339);
#6977=AXIS2_PLACEMENT_3D('',#10320,#8340,#8341);
#6978=AXIS2_PLACEMENT_3D('',#10324,#8343,#8344);
#6979=AXIS2_PLACEMENT_3D('',#10325,#8345,#8346);
#6980=AXIS2_PLACEMENT_3D('',#10326,#8347,#8348);
#6981=AXIS2_PLACEMENT_3D('',#10330,#8350,#8351);
#6982=AXIS2_PLACEMENT_3D('',#10331,#8352,#8353);
#6983=AXIS2_PLACEMENT_3D('',#10332,#8354,#8355);
#6984=AXIS2_PLACEMENT_3D('',#10336,#8357,#8358);
#6985=AXIS2_PLACEMENT_3D('',#10337,#8359,#8360);
#6986=AXIS2_PLACEMENT_3D('',#10338,#8361,#8362);
#6987=AXIS2_PLACEMENT_3D('',#10341,#8364,#8365);
#6988=AXIS2_PLACEMENT_3D('',#10345,#8368,#8369);
#6989=AXIS2_PLACEMENT_3D('',#10351,#8373,#8374);
#6990=AXIS2_PLACEMENT_3D('',#10357,#8378,#8379);
#6991=AXIS2_PLACEMENT_3D('',#10363,#8383,#8384);
#6992=AXIS2_PLACEMENT_3D('',#10369,#8388,#8389);
#6993=AXIS2_PLACEMENT_3D('',#10373,#8392,#8393);
#6994=AXIS2_PLACEMENT_3D('',#10374,#8394,#8395);
#6995=AXIS2_PLACEMENT_3D('',#10375,#8396,#8397);
#6996=AXIS2_PLACEMENT_3D('',#10376,#8398,#8399);
#6997=AXIS2_PLACEMENT_3D('',#10377,#8400,#8401);
#6998=AXIS2_PLACEMENT_3D('',#10378,#8402,#8403);
#6999=AXIS2_PLACEMENT_3D('',#10379,#8404,#8405);
#7000=AXIS2_PLACEMENT_3D('',#10380,#8406,#8407);
#7001=AXIS2_PLACEMENT_3D('',#10381,#8408,#8409);
#7002=AXIS2_PLACEMENT_3D('',#10382,#8410,#8411);
#7003=AXIS2_PLACEMENT_3D('',#10383,#8412,#8413);
#7004=AXIS2_PLACEMENT_3D('',#10384,#8414,#8415);
#7005=AXIS2_PLACEMENT_3D('',#10385,#8416,#8417);
#7006=AXIS2_PLACEMENT_3D('',#10386,#8418,#8419);
#7007=AXIS2_PLACEMENT_3D('',#10387,#8420,#8421);
#7008=AXIS2_PLACEMENT_3D('',#10388,#8422,#8423);
#7009=AXIS2_PLACEMENT_3D('',#10389,#8424,#8425);
#7010=AXIS2_PLACEMENT_3D('',#10399,#8431,#8432);
#7011=AXIS2_PLACEMENT_3D('',#10409,#8438,#8439);
#7012=AXIS2_PLACEMENT_3D('',#10422,#8446,#8447);
#7013=AXIS2_PLACEMENT_3D('',#10435,#8454,#8455);
#7014=AXIS2_PLACEMENT_3D('',#10448,#8462,#8463);
#7015=AXIS2_PLACEMENT_3D('',#10461,#8470,#8471);
#7016=AXIS2_PLACEMENT_3D('',#10467,#8475,#8476);
#7017=AXIS2_PLACEMENT_3D('',#10473,#8480,#8481);
#7018=AXIS2_PLACEMENT_3D('',#10479,#8485,#8486);
#7019=AXIS2_PLACEMENT_3D('',#10485,#8490,#8491);
#7020=AXIS2_PLACEMENT_3D('',#10491,#8495,#8496);
#7021=AXIS2_PLACEMENT_3D('',#10497,#8500,#8501);
#7022=AXIS2_PLACEMENT_3D('',#10504,#8506,#8507);
#7023=AXIS2_PLACEMENT_3D('',#10511,#8512,#8513);
#7024=AXIS2_PLACEMENT_3D('',#10521,#8519,#8520);
#7025=AXIS2_PLACEMENT_3D('',#10531,#8526,#8527);
#7026=AXIS2_PLACEMENT_3D('',#10541,#8533,#8534);
#7027=AXIS2_PLACEMENT_3D('',#10551,#8540,#8541);
#7028=AXIS2_PLACEMENT_3D('',#10552,#8542,#8543);
#7029=AXIS2_PLACEMENT_3D('',#10555,#8545,#8546);
#7030=AXIS2_PLACEMENT_3D('',#10556,#8547,#8548);
#7031=AXIS2_PLACEMENT_3D('',#10558,#8549,#8550);
#7032=AXIS2_PLACEMENT_3D('',#10561,#8552,#8553);
#7033=AXIS2_PLACEMENT_3D('',#10562,#8554,#8555);
#7034=AXIS2_PLACEMENT_3D('',#10564,#8556,#8557);
#7035=AXIS2_PLACEMENT_3D('',#10567,#8559,#8560);
#7036=AXIS2_PLACEMENT_3D('',#10568,#8561,#8562);
#7037=AXIS2_PLACEMENT_3D('',#10570,#8563,#8564);
#7038=AXIS2_PLACEMENT_3D('',#10573,#8566,#8567);
#7039=AXIS2_PLACEMENT_3D('',#10574,#8568,#8569);
#7040=AXIS2_PLACEMENT_3D('',#10576,#8570,#8571);
#7041=AXIS2_PLACEMENT_3D('',#10579,#8573,#8574);
#7042=AXIS2_PLACEMENT_3D('',#10580,#8575,#8576);
#7043=AXIS2_PLACEMENT_3D('',#10583,#8578,#8579);
#7044=AXIS2_PLACEMENT_3D('',#10587,#8582,#8583);
#7045=AXIS2_PLACEMENT_3D('',#10593,#8587,#8588);
#7046=AXIS2_PLACEMENT_3D('',#10599,#8592,#8593);
#7047=AXIS2_PLACEMENT_3D('',#10605,#8597,#8598);
#7048=AXIS2_PLACEMENT_3D('',#10611,#8602,#8603);
#7049=AXIS2_PLACEMENT_3D('',#10615,#8606,#8607);
#7050=AXIS2_PLACEMENT_3D('',#10616,#8608,#8609);
#7051=AXIS2_PLACEMENT_3D('',#10617,#8610,#8611);
#7052=AXIS2_PLACEMENT_3D('',#10618,#8612,#8613);
#7053=AXIS2_PLACEMENT_3D('',#10619,#8614,#8615);
#7054=AXIS2_PLACEMENT_3D('',#10620,#8616,#8617);
#7055=AXIS2_PLACEMENT_3D('',#10621,#8618,#8619);
#7056=AXIS2_PLACEMENT_3D('',#10622,#8620,#8621);
#7057=AXIS2_PLACEMENT_3D('',#10623,#8622,#8623);
#7058=AXIS2_PLACEMENT_3D('',#10624,#8624,#8625);
#7059=AXIS2_PLACEMENT_3D('',#10625,#8626,#8627);
#7060=AXIS2_PLACEMENT_3D('',#10626,#8628,#8629);
#7061=AXIS2_PLACEMENT_3D('',#10627,#8630,#8631);
#7062=AXIS2_PLACEMENT_3D('',#10628,#8632,#8633);
#7063=AXIS2_PLACEMENT_3D('',#10629,#8634,#8635);
#7064=AXIS2_PLACEMENT_3D('',#10630,#8636,#8637);
#7065=AXIS2_PLACEMENT_3D('',#10631,#8638,#8639);
#7066=AXIS2_PLACEMENT_3D('',#10632,#8640,#8641);
#7067=AXIS2_PLACEMENT_3D('',#10635,#8643,#8644);
#7068=AXIS2_PLACEMENT_3D('',#10636,#8645,#8646);
#7069=AXIS2_PLACEMENT_3D('',#10638,#8647,#8648);
#7070=AXIS2_PLACEMENT_3D('',#10641,#8650,#8651);
#7071=AXIS2_PLACEMENT_3D('',#10642,#8652,#8653);
#7072=AXIS2_PLACEMENT_3D('',#10644,#8654,#8655);
#7073=AXIS2_PLACEMENT_3D('',#10647,#8657,#8658);
#7074=AXIS2_PLACEMENT_3D('',#10648,#8659,#8660);
#7075=AXIS2_PLACEMENT_3D('',#10650,#8661,#8662);
#7076=AXIS2_PLACEMENT_3D('',#10653,#8664,#8665);
#7077=AXIS2_PLACEMENT_3D('',#10654,#8666,#8667);
#7078=AXIS2_PLACEMENT_3D('',#10656,#8668,#8669);
#7079=AXIS2_PLACEMENT_3D('',#10659,#8671,#8672);
#7080=AXIS2_PLACEMENT_3D('',#10660,#8673,#8674);
#7081=AXIS2_PLACEMENT_3D('',#10663,#8676,#8677);
#7082=AXIS2_PLACEMENT_3D('',#10667,#8680,#8681);
#7083=AXIS2_PLACEMENT_3D('',#10673,#8685,#8686);
#7084=AXIS2_PLACEMENT_3D('',#10679,#8690,#8691);
#7085=AXIS2_PLACEMENT_3D('',#10685,#8695,#8696);
#7086=AXIS2_PLACEMENT_3D('',#10691,#8700,#8701);
#7087=AXIS2_PLACEMENT_3D('',#10695,#8704,#8705);
#7088=AXIS2_PLACEMENT_3D('',#10696,#8706,#8707);
#7089=AXIS2_PLACEMENT_3D('',#10697,#8708,#8709);
#7090=AXIS2_PLACEMENT_3D('',#10698,#8710,#8711);
#7091=AXIS2_PLACEMENT_3D('',#10699,#8712,#8713);
#7092=AXIS2_PLACEMENT_3D('',#10700,#8714,#8715);
#7093=AXIS2_PLACEMENT_3D('',#10701,#8716,#8717);
#7094=AXIS2_PLACEMENT_3D('',#10702,#8718,#8719);
#7095=AXIS2_PLACEMENT_3D('',#10703,#8720,#8721);
#7096=AXIS2_PLACEMENT_3D('',#10704,#8722,#8723);
#7097=AXIS2_PLACEMENT_3D('',#10705,#8724,#8725);
#7098=AXIS2_PLACEMENT_3D('',#10706,#8726,#8727);
#7099=AXIS2_PLACEMENT_3D('',#10707,#8728,#8729);
#7100=AXIS2_PLACEMENT_3D('',#10708,#8730,#8731);
#7101=AXIS2_PLACEMENT_3D('',#10709,#8732,#8733);
#7102=AXIS2_PLACEMENT_3D('',#10710,#8734,#8735);
#7103=AXIS2_PLACEMENT_3D('',#10711,#8736,#8737);
#7104=AXIS2_PLACEMENT_3D('',#10712,#8738,#8739);
#7105=AXIS2_PLACEMENT_3D('',#10713,#8740,#8741);
#7106=AXIS2_PLACEMENT_3D('',#10716,#8744,#8745);
#7107=AXIS2_PLACEMENT_3D('',#10719,#8748,#8749);
#7108=AXIS2_PLACEMENT_3D('',#10720,#8750,#8751);
#7109=AXIS2_PLACEMENT_3D('',#10721,#8752,#8753);
#7110=AXIS2_PLACEMENT_3D('',#10722,#8754,#8755);
#7111=AXIS2_PLACEMENT_3D('',#10725,#8758,#8759);
#7112=AXIS2_PLACEMENT_3D('',#10728,#8762,#8763);
#7113=AXIS2_PLACEMENT_3D('',#10729,#8764,#8765);
#7114=AXIS2_PLACEMENT_3D('',#10730,#8766,#8767);
#7115=AXIS2_PLACEMENT_3D('',#10731,#8768,#8769);
#7116=AXIS2_PLACEMENT_3D('',#10734,#8772,#8773);
#7117=AXIS2_PLACEMENT_3D('',#10737,#8776,#8777);
#7118=AXIS2_PLACEMENT_3D('',#10738,#8778,#8779);
#7119=AXIS2_PLACEMENT_3D('',#10739,#8780,#8781);
#7120=AXIS2_PLACEMENT_3D('',#10740,#8782,#8783);
#7121=AXIS2_PLACEMENT_3D('',#10743,#8786,#8787);
#7122=AXIS2_PLACEMENT_3D('',#10746,#8790,#8791);
#7123=AXIS2_PLACEMENT_3D('',#10747,#8792,#8793);
#7124=AXIS2_PLACEMENT_3D('',#10748,#8794,#8795);
#7125=AXIS2_PLACEMENT_3D('',#10749,#8796,#8797);
#7126=AXIS2_PLACEMENT_3D('',#10751,#8799,#8800);
#7127=AXIS2_PLACEMENT_3D('',#10753,#8802,#8803);
#7128=AXIS2_PLACEMENT_3D('',#10756,#8806,#8807);
#7129=AXIS2_PLACEMENT_3D('',#10757,#8808,#8809);
#7130=AXIS2_PLACEMENT_3D('',#10758,#8810,#8811);
#7131=AXIS2_PLACEMENT_3D('',#10761,#8814,#8815);
#7132=AXIS2_PLACEMENT_3D('',#10762,#8816,#8817);
#7133=AXIS2_PLACEMENT_3D('',#10765,#8820,#8821);
#7134=AXIS2_PLACEMENT_3D('',#10766,#8822,#8823);
#7135=AXIS2_PLACEMENT_3D('',#10767,#8824,#8825);
#7136=AXIS2_PLACEMENT_3D('',#10770,#8828,#8829);
#7137=AXIS2_PLACEMENT_3D('',#10771,#8830,#8831);
#7138=AXIS2_PLACEMENT_3D('',#10774,#8834,#8835);
#7139=AXIS2_PLACEMENT_3D('',#10775,#8836,#8837);
#7140=AXIS2_PLACEMENT_3D('',#10776,#8838,#8839);
#7141=AXIS2_PLACEMENT_3D('',#10779,#8842,#8843);
#7142=AXIS2_PLACEMENT_3D('',#10780,#8844,#8845);
#7143=AXIS2_PLACEMENT_3D('',#10783,#8848,#8849);
#7144=AXIS2_PLACEMENT_3D('',#10784,#8850,#8851);
#7145=AXIS2_PLACEMENT_3D('',#10785,#8852,#8853);
#7146=AXIS2_PLACEMENT_3D('',#10788,#8856,#8857);
#7147=AXIS2_PLACEMENT_3D('',#10789,#8858,#8859);
#7148=AXIS2_PLACEMENT_3D('',#10792,#8862,#8863);
#7149=AXIS2_PLACEMENT_3D('',#10793,#8864,#8865);
#7150=AXIS2_PLACEMENT_3D('',#10794,#8866,#8867);
#7151=AXIS2_PLACEMENT_3D('',#10797,#8870,#8871);
#7152=AXIS2_PLACEMENT_3D('',#10798,#8872,#8873);
#7153=AXIS2_PLACEMENT_3D('',#10801,#8876,#8877);
#7154=AXIS2_PLACEMENT_3D('',#10802,#8878,#8879);
#7155=AXIS2_PLACEMENT_3D('',#10803,#8880,#8881);
#7156=AXIS2_PLACEMENT_3D('',#10804,#8882,#8883);
#7157=AXIS2_PLACEMENT_3D('',#10805,#8884,#8885);
#7158=DIRECTION('',(0.,0.,1.));
#7159=DIRECTION('',(1.,0.,0.));
#7160=DIRECTION('',(0.,1.,0.));
#7161=DIRECTION('',(0.,0.,1.));
#7162=DIRECTION('',(0.,0.,1.));
#7163=DIRECTION('',(-1.,0.,0.));
#7164=DIRECTION('',(0.,0.,-1.));
#7165=DIRECTION('',(1.,0.,0.));
#7166=DIRECTION('',(0.,1.,0.));
#7167=DIRECTION('',(0.,0.,1.));
#7168=DIRECTION('',(0.,0.,-1.));
#7169=DIRECTION('',(1.,0.,0.));
#7170=DIRECTION('',(0.,0.,1.));
#7171=DIRECTION('',(-1.,0.,0.));
#7172=DIRECTION('',(0.,1.,0.));
#7173=DIRECTION('',(0.,0.,1.));
#7174=DIRECTION('',(0.,0.,-1.));
#7175=DIRECTION('',(1.,0.,0.));
#7176=DIRECTION('',(0.,0.,1.));
#7177=DIRECTION('',(-1.,0.,0.));
#7178=DIRECTION('',(0.,1.,0.));
#7179=DIRECTION('',(0.,0.,1.));
#7180=DIRECTION('',(0.,0.,-1.));
#7181=DIRECTION('',(1.,0.,0.));
#7182=DIRECTION('',(0.,0.,1.));
#7183=DIRECTION('',(-1.,0.,0.));
#7184=DIRECTION('',(0.,1.,0.));
#7185=DIRECTION('',(0.,0.,1.));
#7186=DIRECTION('',(0.,0.,-1.));
#7187=DIRECTION('',(1.,0.,0.));
#7188=DIRECTION('',(0.,0.,1.));
#7189=DIRECTION('',(-1.,0.,0.));
#7190=DIRECTION('',(0.,1.,0.));
#7191=DIRECTION('',(0.,0.,1.));
#7192=DIRECTION('',(0.,0.,-1.));
#7193=DIRECTION('',(1.,0.,0.));
#7194=DIRECTION('',(0.,0.,1.));
#7195=DIRECTION('',(-1.,0.,0.));
#7196=DIRECTION('',(0.,1.,0.));
#7197=DIRECTION('',(0.,0.,1.));
#7198=DIRECTION('',(0.,0.,-1.));
#7199=DIRECTION('',(1.,0.,0.));
#7200=DIRECTION('',(0.,0.,1.));
#7201=DIRECTION('',(-1.,0.,0.));
#7202=DIRECTION('',(0.,1.,0.));
#7203=DIRECTION('',(0.,0.,1.));
#7204=DIRECTION('',(0.,0.,1.));
#7205=DIRECTION('',(-1.,0.,0.));
#7206=DIRECTION('',(0.,0.,-1.));
#7207=DIRECTION('',(1.,0.,0.));
#7208=DIRECTION('',(0.,1.,0.));
#7209=DIRECTION('',(0.,0.,1.));
#7210=DIRECTION('',(0.,0.,-1.));
#7211=DIRECTION('',(1.,0.,0.));
#7212=DIRECTION('',(0.,0.,1.));
#7213=DIRECTION('',(-1.,0.,0.));
#7214=DIRECTION('',(0.,1.,0.));
#7215=DIRECTION('',(0.,0.,1.));
#7216=DIRECTION('',(0.,0.,-1.));
#7217=DIRECTION('',(1.,0.,0.));
#7218=DIRECTION('',(0.,0.,1.));
#7219=DIRECTION('',(-1.,0.,0.));
#7220=DIRECTION('',(0.,1.,0.));
#7221=DIRECTION('',(0.,0.,1.));
#7222=DIRECTION('',(0.,0.,-1.));
#7223=DIRECTION('',(1.,0.,0.));
#7224=DIRECTION('',(0.,0.,1.));
#7225=DIRECTION('',(-1.,0.,0.));
#7226=DIRECTION('',(0.,1.,0.));
#7227=DIRECTION('',(0.,0.,1.));
#7228=DIRECTION('',(0.,0.,-1.));
#7229=DIRECTION('',(1.,0.,0.));
#7230=DIRECTION('',(0.,0.,1.));
#7231=DIRECTION('',(-1.,0.,0.));
#7232=DIRECTION('',(0.,1.,0.));
#7233=DIRECTION('',(0.,0.,1.));
#7234=DIRECTION('',(0.,0.,-1.));
#7235=DIRECTION('',(1.,0.,0.));
#7236=DIRECTION('',(0.,0.,1.));
#7237=DIRECTION('',(-1.,0.,0.));
#7238=DIRECTION('',(0.,1.,0.));
#7239=DIRECTION('',(0.,0.,1.));
#7240=DIRECTION('',(0.,0.,-1.));
#7241=DIRECTION('',(1.,0.,0.));
#7242=DIRECTION('',(0.,0.,1.));
#7243=DIRECTION('',(-1.,0.,0.));
#7244=DIRECTION('',(0.,0.,1.));
#7245=DIRECTION('',(1.,0.,0.));
#7246=DIRECTION('',(0.521450009453974,-0.853281833651959,0.));
#7247=DIRECTION('',(1.,-8.53702498020085E-16,0.));
#7248=DIRECTION('',(0.668964731622451,0.743294146247165,0.));
#7249=DIRECTION('',(1.,0.,0.));
#7250=DIRECTION('',(0.668964731622451,-0.743294146247165,0.));
#7251=DIRECTION('',(1.,0.,0.));
#7252=DIRECTION('',(0.521450009453976,0.853281833651959,0.));
#7253=DIRECTION('',(0.521450009453976,-0.853281833651958,0.));
#7254=DIRECTION('',(1.,-8.53702498020085E-16,0.));
#7255=DIRECTION('',(0.668964731622451,0.743294146247165,0.));
#7256=DIRECTION('',(1.,0.,0.));
#7257=DIRECTION('',(0.66896473162245,-0.743294146247166,0.));
#7258=DIRECTION('',(1.,0.,0.));
#7259=DIRECTION('',(0.521450009453976,0.853281833651959,0.));
#7260=DIRECTION('',(0.521450009453976,-0.853281833651959,0.));
#7261=DIRECTION('',(1.,-8.53702498020081E-16,0.));
#7262=DIRECTION('',(0.66896473162245,0.743294146247166,0.));
#7263=DIRECTION('',(1.,0.,0.));
#7264=DIRECTION('',(0.66896473162245,-0.743294146247166,0.));
#7265=DIRECTION('',(1.,0.,0.));
#7266=DIRECTION('',(0.521450009453976,0.853281833651959,0.));
#7267=DIRECTION('',(0.521450009453976,-0.853281833651959,0.));
#7268=DIRECTION('',(1.,-8.53702498020082E-16,0.));
#7269=DIRECTION('',(0.66896473162245,0.743294146247166,0.));
#7270=DIRECTION('',(1.,0.,0.));
#7271=DIRECTION('',(0.66896473162245,-0.743294146247166,0.));
#7272=DIRECTION('',(1.,0.,0.));
#7273=DIRECTION('',(0.521450009453976,0.853281833651959,0.));
#7274=DIRECTION('',(0.521450009453976,-0.853281833651959,0.));
#7275=DIRECTION('',(1.,-8.53702498020083E-16,0.));
#7276=DIRECTION('',(0.66896473162245,0.743294146247166,0.));
#7277=DIRECTION('',(1.,0.,0.));
#7278=DIRECTION('',(0.668964731622449,-0.743294146247167,0.));
#7279=DIRECTION('',(1.,0.,0.));
#7280=DIRECTION('',(0.521450009453975,0.853281833651959,0.));
#7281=DIRECTION('',(0.521450009453975,-0.853281833651959,0.));
#7282=DIRECTION('',(1.,-8.5370249802008E-16,0.));
#7283=DIRECTION('',(0.668964731622449,0.743294146247167,0.));
#7284=DIRECTION('',(1.,0.,0.));
#7285=DIRECTION('',(0.668964731622449,-0.743294146247167,0.));
#7286=DIRECTION('',(1.,0.,0.));
#7287=DIRECTION('',(0.521450009453975,0.853281833651959,0.));
#7288=DIRECTION('',(0.,-1.,0.));
#7289=DIRECTION('',(-1.,0.,0.));
#7290=DIRECTION('',(0.,-1.,0.));
#7291=DIRECTION('',(0.,0.,-1.));
#7292=DIRECTION('',(-1.,0.,0.));
#7293=DIRECTION('',(0.,0.,-1.));
#7294=DIRECTION('',(-1.,0.,0.));
#7295=DIRECTION('',(0.,0.,-1.));
#7296=DIRECTION('',(-1.,0.,0.));
#7297=DIRECTION('',(0.,0.,-1.));
#7298=DIRECTION('',(-1.,0.,0.));
#7299=DIRECTION('',(0.,0.,-1.));
#7300=DIRECTION('',(-1.,0.,0.));
#7301=DIRECTION('',(0.,0.,-1.));
#7302=DIRECTION('',(-1.,0.,0.));
#7303=DIRECTION('',(0.,0.,-1.));
#7304=DIRECTION('',(-1.,0.,0.));
#7305=DIRECTION('',(0.,0.,-1.));
#7306=DIRECTION('',(-1.,0.,0.));
#7307=DIRECTION('',(0.,0.,-1.));
#7308=DIRECTION('',(-1.,0.,0.));
#7309=DIRECTION('',(0.,0.,-1.));
#7310=DIRECTION('',(-1.,0.,0.));
#7311=DIRECTION('',(0.,0.,-1.));
#7312=DIRECTION('',(-1.,0.,0.));
#7313=DIRECTION('',(0.,0.,-1.));
#7314=DIRECTION('',(-1.,0.,0.));
#7315=DIRECTION('',(0.,0.,-1.));
#7316=DIRECTION('',(-1.,0.,0.));
#7317=DIRECTION('',(-0.521450009453974,0.853281833651959,0.));
#7318=DIRECTION('',(0.,-1.,0.));
#7319=DIRECTION('',(1.,0.,0.));
#7320=DIRECTION('',(0.,-1.,0.));
#7321=DIRECTION('',(-0.521450009453975,-0.853281833651959,0.));
#7322=DIRECTION('',(-1.,0.,0.));
#7323=DIRECTION('',(-0.668964731622449,0.743294146247167,0.));
#7324=DIRECTION('',(-1.,0.,0.));
#7325=DIRECTION('',(-0.668964731622449,-0.743294146247167,0.));
#7326=DIRECTION('',(-1.,8.5370249802008E-16,0.));
#7327=DIRECTION('',(-0.521450009453975,0.853281833651959,0.));
#7328=DIRECTION('',(-0.521450009453975,-0.853281833651959,0.));
#7329=DIRECTION('',(-1.,0.,0.));
#7330=DIRECTION('',(-0.668964731622449,0.743294146247167,0.));
#7331=DIRECTION('',(-1.,0.,0.));
#7332=DIRECTION('',(-0.66896473162245,-0.743294146247166,0.));
#7333=DIRECTION('',(-1.,8.53702498020083E-16,0.));
#7334=DIRECTION('',(-0.521450009453976,0.853281833651959,0.));
#7335=DIRECTION('',(-0.521450009453976,-0.853281833651959,0.));
#7336=DIRECTION('',(-1.,0.,0.));
#7337=DIRECTION('',(-0.66896473162245,0.743294146247166,0.));
#7338=DIRECTION('',(-1.,0.,0.));
#7339=DIRECTION('',(-0.66896473162245,-0.743294146247166,0.));
#7340=DIRECTION('',(-1.,8.53702498020082E-16,0.));
#7341=DIRECTION('',(-0.521450009453976,0.853281833651959,0.));
#7342=DIRECTION('',(-0.521450009453976,-0.853281833651959,0.));
#7343=DIRECTION('',(-1.,0.,0.));
#7344=DIRECTION('',(-0.66896473162245,0.743294146247166,0.));
#7345=DIRECTION('',(-1.,0.,0.));
#7346=DIRECTION('',(-0.66896473162245,-0.743294146247166,0.));
#7347=DIRECTION('',(-1.,8.53702498020081E-16,0.));
#7348=DIRECTION('',(-0.521450009453976,0.853281833651959,0.));
#7349=DIRECTION('',(-0.521450009453976,-0.853281833651959,0.));
#7350=DIRECTION('',(-1.,0.,0.));
#7351=DIRECTION('',(-0.66896473162245,0.743294146247166,0.));
#7352=DIRECTION('',(-1.,0.,0.));
#7353=DIRECTION('',(-0.668964731622451,-0.743294146247165,0.));
#7354=DIRECTION('',(-1.,8.53702498020085E-16,0.));
#7355=DIRECTION('',(-0.521450009453976,0.853281833651958,0.));
#7356=DIRECTION('',(-0.521450009453976,-0.853281833651959,0.));
#7357=DIRECTION('',(-1.,0.,0.));
#7358=DIRECTION('',(-0.668964731622451,0.743294146247165,0.));
#7359=DIRECTION('',(-1.,0.,0.));
#7360=DIRECTION('',(-0.668964731622451,-0.743294146247165,0.));
#7361=DIRECTION('',(-1.,8.53702498020085E-16,0.));
#7362=DIRECTION('',(0.,-0.5,-0.866025403784438));
#7363=DIRECTION('',(0.,0.866025403784438,-0.5));
#7364=DIRECTION('',(-0.467767581118818,0.765437860012612,-0.441925754526213));
#7365=DIRECTION('',(-1.,0.,0.));
#7366=DIRECTION('',(0.,-0.866025403784438,0.5));
#7367=DIRECTION('',(0.,-0.5,-0.866025403784438));
#7368=DIRECTION('',(0.,0.866025403784438,-0.5));
#7369=DIRECTION('',(-1.,0.,0.));
#7370=DIRECTION('',(-0.614748744335863,-0.68305416037318,0.394361503362549));
#7371=DIRECTION('',(-1.,0.,0.));
#7372=DIRECTION('',(-0.614748744335863,0.68305416037318,-0.394361503362549));
#7373=DIRECTION('',(0.,-0.5,-0.866025403784438));
#7374=DIRECTION('',(0.,0.866025403784438,-0.5));
#7375=DIRECTION('',(-1.,0.,0.));
#7376=DIRECTION('',(-0.467767581118819,-0.765437860012612,0.441925754526213));
#7377=DIRECTION('',(-0.467767581118819,0.765437860012612,-0.441925754526213));
#7378=DIRECTION('',(0.,-0.5,-0.866025403784438));
#7379=DIRECTION('',(0.,0.866025403784438,-0.5));
#7380=DIRECTION('',(-1.,0.,0.));
#7381=DIRECTION('',(-0.614748744335863,-0.68305416037318,0.394361503362549));
#7382=DIRECTION('',(-1.,0.,0.));
#7383=DIRECTION('',(-0.614748744335863,0.68305416037318,-0.39436150336255));
#7384=DIRECTION('',(0.,-0.5,-0.866025403784438));
#7385=DIRECTION('',(0.,0.866025403784438,-0.5));
#7386=DIRECTION('',(-1.,0.,0.));
#7387=DIRECTION('',(-0.467767581118819,-0.765437860012612,0.441925754526213));
#7388=DIRECTION('',(-0.467767581118819,0.765437860012612,-0.441925754526213));
#7389=DIRECTION('',(0.,-0.5,-0.866025403784438));
#7390=DIRECTION('',(0.,0.866025403784438,-0.5));
#7391=DIRECTION('',(-1.,0.,0.));
#7392=DIRECTION('',(-0.614748744335863,-0.68305416037318,0.39436150336255));
#7393=DIRECTION('',(-1.,0.,0.));
#7394=DIRECTION('',(-0.614748744335863,0.68305416037318,-0.39436150336255));
#7395=DIRECTION('',(0.,-0.5,-0.866025403784438));
#7396=DIRECTION('',(0.,0.866025403784438,-0.5));
#7397=DIRECTION('',(-1.,0.,0.));
#7398=DIRECTION('',(-0.467767581118819,-0.765437860012612,0.441925754526213));
#7399=DIRECTION('',(-0.467767581118819,0.765437860012612,-0.441925754526213));
#7400=DIRECTION('',(0.,-0.5,-0.866025403784438));
#7401=DIRECTION('',(0.,0.866025403784438,-0.5));
#7402=DIRECTION('',(-1.,0.,0.));
#7403=DIRECTION('',(-0.614748744335863,-0.68305416037318,0.39436150336255));
#7404=DIRECTION('',(-1.,0.,0.));
#7405=DIRECTION('',(-0.614748744335863,0.68305416037318,-0.39436150336255));
#7406=DIRECTION('',(0.,-0.5,-0.866025403784438));
#7407=DIRECTION('',(0.,0.866025403784438,-0.5));
#7408=DIRECTION('',(-1.,0.,0.));
#7409=DIRECTION('',(-0.467767581118819,-0.765437860012612,0.441925754526213));
#7410=DIRECTION('',(-0.467767581118819,0.765437860012612,-0.441925754526213));
#7411=DIRECTION('',(0.,-0.5,-0.866025403784438));
#7412=DIRECTION('',(0.,0.866025403784438,-0.5));
#7413=DIRECTION('',(-1.,0.,0.));
#7414=DIRECTION('',(-0.614748744335863,-0.68305416037318,0.39436150336255));
#7415=DIRECTION('',(-1.,0.,0.));
#7416=DIRECTION('',(-0.614748744335862,0.68305416037318,-0.39436150336255));
#7417=DIRECTION('',(0.,-0.5,-0.866025403784438));
#7418=DIRECTION('',(0.,0.866025403784438,-0.5));
#7419=DIRECTION('',(-1.,0.,0.));
#7420=DIRECTION('',(-0.467767581118819,-0.765437860012612,0.441925754526213));
#7421=DIRECTION('',(-0.467767581118819,0.765437860012612,-0.441925754526213));
#7422=DIRECTION('',(0.,-0.5,-0.866025403784438));
#7423=DIRECTION('',(0.,0.866025403784438,-0.5));
#7424=DIRECTION('',(-1.,0.,0.));
#7425=DIRECTION('',(-0.614748744335862,-0.68305416037318,0.39436150336255));
#7426=DIRECTION('',(-1.,0.,0.));
#7427=DIRECTION('',(-0.614748744335862,0.68305416037318,-0.39436150336255));
#7428=DIRECTION('',(0.,-0.5,-0.866025403784438));
#7429=DIRECTION('',(0.,0.866025403784438,-0.5));
#7430=DIRECTION('',(-1.,0.,0.));
#7431=DIRECTION('',(-0.467767581118819,-0.765437860012612,0.441925754526213));
#7432=DIRECTION('',(0.,0.866025403784438,-0.5));
#7433=DIRECTION('',(0.,-0.5,0.866025403784439));
#7434=DIRECTION('',(0.,-0.866025403784439,-0.5));
#7435=DIRECTION('',(-1.,0.,0.));
#7436=DIRECTION('',(0.467767581118818,-0.765437860012612,-0.441925754526213));
#7437=DIRECTION('',(0.,0.866025403784439,0.5));
#7438=DIRECTION('',(0.,-0.5,0.866025403784439));
#7439=DIRECTION('',(0.,-0.866025403784439,-0.5));
#7440=DIRECTION('',(1.,0.,0.));
#7441=DIRECTION('',(0.614748744335864,0.68305416037318,0.394361503362549));
#7442=DIRECTION('',(-1.,0.,0.));
#7443=DIRECTION('',(0.614748744335864,-0.68305416037318,-0.394361503362549));
#7444=DIRECTION('',(0.,-0.5,0.866025403784439));
#7445=DIRECTION('',(0.,-0.866025403784439,-0.5));
#7446=DIRECTION('',(0.467767581118819,0.765437860012612,0.441925754526212));
#7447=DIRECTION('',(-1.,0.,0.));
#7448=DIRECTION('',(0.46776758111882,-0.765437860012612,-0.441925754526212));
#7449=DIRECTION('',(0.,-0.5,0.866025403784439));
#7450=DIRECTION('',(0.,-0.866025403784439,-0.5));
#7451=DIRECTION('',(1.,0.,0.));
#7452=DIRECTION('',(0.614748744335864,0.68305416037318,0.394361503362549));
#7453=DIRECTION('',(-1.,0.,0.));
#7454=DIRECTION('',(0.614748744335863,-0.68305416037318,-0.394361503362549));
#7455=DIRECTION('',(0.,-0.5,0.866025403784439));
#7456=DIRECTION('',(0.,-0.866025403784439,-0.5));
#7457=DIRECTION('',(0.467767581118819,0.765437860012612,0.441925754526212));
#7458=DIRECTION('',(-1.,0.,0.));
#7459=DIRECTION('',(0.467767581118819,-0.765437860012612,-0.441925754526212));
#7460=DIRECTION('',(0.,-0.5,0.866025403784439));
#7461=DIRECTION('',(0.,-0.866025403784439,-0.5));
#7462=DIRECTION('',(1.,0.,0.));
#7463=DIRECTION('',(0.614748744335863,0.68305416037318,0.394361503362549));
#7464=DIRECTION('',(-1.,0.,0.));
#7465=DIRECTION('',(0.614748744335863,-0.68305416037318,-0.394361503362549));
#7466=DIRECTION('',(0.,-0.5,0.866025403784439));
#7467=DIRECTION('',(0.,-0.866025403784439,-0.5));
#7468=DIRECTION('',(0.467767581118819,0.765437860012612,0.441925754526212));
#7469=DIRECTION('',(-1.,0.,0.));
#7470=DIRECTION('',(0.467767581118819,-0.765437860012612,-0.441925754526212));
#7471=DIRECTION('',(0.,-0.5,0.866025403784439));
#7472=DIRECTION('',(0.,-0.866025403784439,-0.5));
#7473=DIRECTION('',(1.,0.,0.));
#7474=DIRECTION('',(0.614748744335863,0.68305416037318,0.394361503362549));
#7475=DIRECTION('',(-1.,0.,0.));
#7476=DIRECTION('',(0.614748744335863,-0.68305416037318,-0.394361503362549));
#7477=DIRECTION('',(0.,-0.5,0.866025403784439));
#7478=DIRECTION('',(0.,-0.866025403784439,-0.5));
#7479=DIRECTION('',(0.467767581118819,0.765437860012612,0.441925754526212));
#7480=DIRECTION('',(-1.,0.,0.));
#7481=DIRECTION('',(0.467767581118819,-0.765437860012612,-0.441925754526212));
#7482=DIRECTION('',(0.,-0.5,0.866025403784439));
#7483=DIRECTION('',(0.,-0.866025403784439,-0.5));
#7484=DIRECTION('',(1.,0.,0.));
#7485=DIRECTION('',(0.614748744335863,0.68305416037318,0.394361503362549));
#7486=DIRECTION('',(-1.,0.,0.));
#7487=DIRECTION('',(0.614748744335862,-0.683054160373181,-0.394361503362549));
#7488=DIRECTION('',(0.,-0.5,0.866025403784439));
#7489=DIRECTION('',(0.,-0.866025403784439,-0.5));
#7490=DIRECTION('',(0.467767581118819,0.765437860012612,0.441925754526213));
#7491=DIRECTION('',(-1.,0.,0.));
#7492=DIRECTION('',(0.467767581118819,-0.765437860012612,-0.441925754526212));
#7493=DIRECTION('',(0.,-0.5,0.866025403784439));
#7494=DIRECTION('',(0.,-0.866025403784439,-0.5));
#7495=DIRECTION('',(1.,0.,0.));
#7496=DIRECTION('',(0.614748744335862,0.683054160373181,0.394361503362549));
#7497=DIRECTION('',(-1.,0.,0.));
#7498=DIRECTION('',(0.614748744335862,-0.683054160373181,-0.394361503362549));
#7499=DIRECTION('',(0.,-0.5,0.866025403784439));
#7500=DIRECTION('',(0.,-0.866025403784439,-0.5));
#7501=DIRECTION('',(0.467767581118819,0.765437860012612,0.441925754526212));
#7502=DIRECTION('',(-1.,0.,0.));
#7503=DIRECTION('',(0.,-0.866025403784439,-0.5));
#7504=DIRECTION('',(1.,0.,0.));
#7505=DIRECTION('',(0.,0.,-1.));
#7506=DIRECTION('',(0.,0.,1.));
#7507=DIRECTION('',(0.,0.,-1.));
#7508=DIRECTION('',(0.,0.,1.));
#7509=DIRECTION('',(1.,0.,0.));
#7510=DIRECTION('',(0.,-1.,0.));
#7511=DIRECTION('',(1.,0.,0.));
#7512=DIRECTION('',(0.,-1.,0.));
#7513=DIRECTION('',(-1.,0.,0.));
#7514=DIRECTION('',(-1.,0.,0.));
#7515=DIRECTION('',(0.,0.,1.));
#7516=DIRECTION('',(0.,0.,1.));
#7517=DIRECTION('',(0.,-1.,0.));
#7518=DIRECTION('',(0.,0.,-1.));
#7519=DIRECTION('',(0.,0.,-1.));
#7520=DIRECTION('',(-1.,0.,0.));
#7521=DIRECTION('',(-1.,0.,0.));
#7522=DIRECTION('',(0.,-1.,0.));
#7523=DIRECTION('',(1.,0.,0.));
#7524=DIRECTION('',(0.,0.,1.));
#7525=DIRECTION('',(1.,0.,0.));
#7526=DIRECTION('',(0.,-1.,0.));
#7527=DIRECTION('',(1.,0.,0.));
#7528=DIRECTION('',(0.,-1.,0.));
#7529=DIRECTION('',(-1.,0.,0.));
#7530=DIRECTION('',(-1.,0.,0.));
#7531=DIRECTION('',(0.,0.,1.));
#7532=DIRECTION('',(0.,0.,1.));
#7533=DIRECTION('',(0.,-1.,0.));
#7534=DIRECTION('',(0.,0.,-1.));
#7535=DIRECTION('',(0.,0.,-1.));
#7536=DIRECTION('',(-1.,0.,0.));
#7537=DIRECTION('',(-1.,0.,0.));
#7538=DIRECTION('',(0.,-1.,0.));
#7539=DIRECTION('',(1.,0.,0.));
#7540=DIRECTION('',(0.,0.,1.));
#7541=DIRECTION('',(1.,0.,0.));
#7542=DIRECTION('',(0.,-1.,0.));
#7543=DIRECTION('',(1.,0.,0.));
#7544=DIRECTION('',(0.,-1.,0.));
#7545=DIRECTION('',(-1.,0.,0.));
#7546=DIRECTION('',(-1.,0.,0.));
#7547=DIRECTION('',(0.,0.,1.));
#7548=DIRECTION('',(0.,0.,1.));
#7549=DIRECTION('',(0.,-1.,0.));
#7550=DIRECTION('',(0.,0.,-1.));
#7551=DIRECTION('',(0.,0.,-1.));
#7552=DIRECTION('',(-1.,0.,0.));
#7553=DIRECTION('',(-1.,0.,0.));
#7554=DIRECTION('',(0.,-1.,0.));
#7555=DIRECTION('',(1.,0.,0.));
#7556=DIRECTION('',(0.,0.,1.));
#7557=DIRECTION('',(1.,0.,0.));
#7558=DIRECTION('',(0.,-1.,0.));
#7559=DIRECTION('',(1.,0.,0.));
#7560=DIRECTION('',(0.,-1.,0.));
#7561=DIRECTION('',(-1.,0.,0.));
#7562=DIRECTION('',(-1.,0.,0.));
#7563=DIRECTION('',(0.,0.,1.));
#7564=DIRECTION('',(0.,0.,1.));
#7565=DIRECTION('',(0.,-1.,0.));
#7566=DIRECTION('',(0.,0.,-1.));
#7567=DIRECTION('',(0.,0.,-1.));
#7568=DIRECTION('',(-1.,0.,0.));
#7569=DIRECTION('',(-1.,0.,0.));
#7570=DIRECTION('',(0.,-1.,0.));
#7571=DIRECTION('',(1.,0.,0.));
#7572=DIRECTION('',(0.,0.,1.));
#7573=DIRECTION('',(1.,0.,0.));
#7574=DIRECTION('',(0.,-1.,0.));
#7575=DIRECTION('',(1.,0.,0.));
#7576=DIRECTION('',(0.,-1.,0.));
#7577=DIRECTION('',(-1.,0.,0.));
#7578=DIRECTION('',(-1.,0.,0.));
#7579=DIRECTION('',(0.,0.,1.));
#7580=DIRECTION('',(0.,0.,1.));
#7581=DIRECTION('',(0.,-1.,0.));
#7582=DIRECTION('',(0.,0.,-1.));
#7583=DIRECTION('',(0.,0.,-1.));
#7584=DIRECTION('',(-1.,0.,0.));
#7585=DIRECTION('',(-1.,0.,0.));
#7586=DIRECTION('',(0.,-1.,0.));
#7587=DIRECTION('',(1.,0.,0.));
#7588=DIRECTION('',(0.,0.,1.));
#7589=DIRECTION('',(1.,0.,0.));
#7590=DIRECTION('',(0.,-1.,0.));
#7591=DIRECTION('',(1.,0.,0.));
#7592=DIRECTION('',(0.,-1.,0.));
#7593=DIRECTION('',(-1.,0.,0.));
#7594=DIRECTION('',(-1.,0.,0.));
#7595=DIRECTION('',(0.,0.,1.));
#7596=DIRECTION('',(0.,0.,1.));
#7597=DIRECTION('',(0.,-1.,0.));
#7598=DIRECTION('',(0.,0.,-1.));
#7599=DIRECTION('',(0.,0.,-1.));
#7600=DIRECTION('',(-1.,0.,0.));
#7601=DIRECTION('',(-1.,0.,0.));
#7602=DIRECTION('',(0.,-1.,0.));
#7603=DIRECTION('',(1.,0.,0.));
#7604=DIRECTION('',(1.,0.,0.));
#7605=DIRECTION('',(0.,0.,-1.));
#7606=DIRECTION('',(0.,0.,-1.));
#7607=DIRECTION('',(0.,0.,1.));
#7608=DIRECTION('',(1.,0.,0.));
#7609=DIRECTION('',(0.,0.,-1.));
#7610=DIRECTION('',(0.,0.,-1.));
#7611=DIRECTION('',(0.,0.,1.));
#7612=DIRECTION('',(1.,0.,0.));
#7613=DIRECTION('',(0.,0.,-1.));
#7614=DIRECTION('',(0.,0.,-1.));
#7615=DIRECTION('',(0.,0.,1.));
#7616=DIRECTION('',(1.,0.,0.));
#7617=DIRECTION('',(0.,0.,-1.));
#7618=DIRECTION('',(0.,0.,-1.));
#7619=DIRECTION('',(0.,0.,1.));
#7620=DIRECTION('',(1.,0.,0.));
#7621=DIRECTION('',(0.,0.,-1.));
#7622=DIRECTION('',(0.,0.,-1.));
#7623=DIRECTION('',(0.,0.,1.));
#7624=DIRECTION('',(1.,0.,0.));
#7625=DIRECTION('',(0.,0.,-1.));
#7626=DIRECTION('',(0.,0.,-1.));
#7627=DIRECTION('',(0.,0.,1.));
#7628=DIRECTION('',(-1.,0.,0.));
#7629=DIRECTION('',(0.,0.,1.));
#7630=DIRECTION('',(0.,0.,1.));
#7631=DIRECTION('',(0.,0.,-1.));
#7632=DIRECTION('',(0.,1.,0.));
#7633=DIRECTION('',(0.,0.,1.));
#7634=DIRECTION('',(1.,0.,0.));
#7635=DIRECTION('',(0.,0.,-1.));
#7636=DIRECTION('',(1.,0.,0.));
#7637=DIRECTION('',(0.,0.,-1.));
#7638=DIRECTION('',(1.,0.,0.));
#7639=DIRECTION('',(0.,0.,-1.));
#7640=DIRECTION('',(1.,0.,0.));
#7641=DIRECTION('',(0.,0.,-1.));
#7642=DIRECTION('',(1.,0.,0.));
#7643=DIRECTION('',(0.,0.,-1.));
#7644=DIRECTION('',(1.,0.,0.));
#7645=DIRECTION('',(0.,0.,-1.));
#7646=DIRECTION('',(1.,0.,0.));
#7647=DIRECTION('',(0.,0.,-1.));
#7648=DIRECTION('',(1.,0.,0.));
#7649=DIRECTION('',(0.,0.,1.));
#7650=DIRECTION('',(1.,0.,0.));
#7651=DIRECTION('',(0.,0.,-1.));
#7652=DIRECTION('',(1.,0.,0.));
#7653=DIRECTION('',(0.,0.,-1.));
#7654=DIRECTION('',(0.,-1.,0.));
#7655=DIRECTION('',(0.,0.,-1.));
#7656=DIRECTION('',(0.,0.,-1.));
#7657=DIRECTION('',(0.,0.,-1.));
#7658=DIRECTION('',(0.,0.,-1.));
#7659=DIRECTION('',(0.,0.,-1.));
#7660=DIRECTION('',(0.,0.,-1.));
#7661=DIRECTION('',(0.,0.,-1.));
#7662=DIRECTION('',(0.,0.,-1.));
#7663=DIRECTION('',(0.,0.,-1.));
#7664=DIRECTION('',(0.,0.,-1.));
#7665=DIRECTION('',(0.,0.,-1.));
#7666=DIRECTION('',(0.,0.,-1.));
#7667=DIRECTION('',(0.,0.,-1.));
#7668=DIRECTION('',(0.,0.,-1.));
#7669=DIRECTION('',(0.,0.,-1.));
#7670=DIRECTION('',(0.,0.,-1.));
#7671=DIRECTION('',(0.,0.,-1.));
#7672=DIRECTION('',(0.,0.,-1.));
#7673=DIRECTION('',(0.,0.,-1.));
#7674=DIRECTION('',(0.,0.,-1.));
#7675=DIRECTION('',(0.,0.,-1.));
#7676=DIRECTION('',(0.,0.,-1.));
#7677=DIRECTION('',(0.,0.,-1.));
#7678=DIRECTION('',(0.,0.,-1.));
#7679=DIRECTION('',(0.,0.,-1.));
#7680=DIRECTION('',(0.,0.,-1.));
#7681=DIRECTION('',(0.,0.,-1.));
#7682=DIRECTION('',(0.,0.,-1.));
#7683=DIRECTION('',(0.,0.,-1.));
#7684=DIRECTION('',(0.,0.,-1.));
#7685=DIRECTION('',(0.,0.,-1.));
#7686=DIRECTION('',(0.,0.,-1.));
#7687=DIRECTION('',(0.,0.,-1.));
#7688=DIRECTION('',(0.,0.,-1.));
#7689=DIRECTION('',(0.,0.,-1.));
#7690=DIRECTION('',(0.,0.,-1.));
#7691=DIRECTION('',(0.,0.,-1.));
#7692=DIRECTION('',(0.,0.,-1.));
#7693=DIRECTION('',(0.,0.,-1.));
#7694=DIRECTION('',(0.,0.,-1.));
#7695=DIRECTION('',(0.,0.,-1.));
#7696=DIRECTION('',(0.,0.,-1.));
#7697=DIRECTION('',(0.,0.,-1.));
#7698=DIRECTION('',(0.,0.,-1.));
#7699=DIRECTION('',(0.,0.,-1.));
#7700=DIRECTION('',(0.,0.,-1.));
#7701=DIRECTION('',(0.,0.,-1.));
#7702=DIRECTION('',(0.,0.,-1.));
#7703=DIRECTION('',(0.,0.,-1.));
#7704=DIRECTION('',(0.853281833651959,-0.521450009453975,0.));
#7705=DIRECTION('',(0.521450009453975,0.853281833651959,0.));
#7706=DIRECTION('',(-0.743294146247167,-0.668964731622449,0.));
#7707=DIRECTION('',(0.668964731622449,-0.743294146247167,0.));
#7708=DIRECTION('',(0.,0.,-1.));
#7709=DIRECTION('',(0.,-1.,0.));
#7710=DIRECTION('',(0.,0.,-1.));
#7711=DIRECTION('',(0.,0.,-1.));
#7712=DIRECTION('',(0.743294146247167,-0.668964731622449,0.));
#7713=DIRECTION('',(0.668964731622449,0.743294146247167,0.));
#7714=DIRECTION('',(-0.853281833651959,-0.521450009453975,0.));
#7715=DIRECTION('',(0.521450009453975,-0.853281833651959,0.));
#7716=DIRECTION('',(0.853281833651959,-0.521450009453975,0.));
#7717=DIRECTION('',(0.521450009453975,0.853281833651959,0.));
#7718=DIRECTION('',(-0.743294146247167,-0.668964731622449,0.));
#7719=DIRECTION('',(0.668964731622449,-0.743294146247167,0.));
#7720=DIRECTION('',(0.,0.,-1.));
#7721=DIRECTION('',(0.,-1.,0.));
#7722=DIRECTION('',(0.,0.,-1.));
#7723=DIRECTION('',(0.,0.,-1.));
#7724=DIRECTION('',(0.743294146247166,-0.66896473162245,0.));
#7725=DIRECTION('',(0.66896473162245,0.743294146247166,0.));
#7726=DIRECTION('',(-0.853281833651959,-0.521450009453975,0.));
#7727=DIRECTION('',(0.521450009453976,-0.853281833651959,0.));
#7728=DIRECTION('',(0.853281833651959,-0.521450009453975,0.));
#7729=DIRECTION('',(0.521450009453976,0.853281833651959,0.));
#7730=DIRECTION('',(-0.743294146247166,-0.66896473162245,0.));
#7731=DIRECTION('',(0.66896473162245,-0.743294146247166,0.));
#7732=DIRECTION('',(0.,0.,-1.));
#7733=DIRECTION('',(0.,-1.,0.));
#7734=DIRECTION('',(0.,0.,-1.));
#7735=DIRECTION('',(0.,0.,-1.));
#7736=DIRECTION('',(0.743294146247166,-0.66896473162245,0.));
#7737=DIRECTION('',(0.66896473162245,0.743294146247166,0.));
#7738=DIRECTION('',(-0.853281833651959,-0.521450009453975,0.));
#7739=DIRECTION('',(0.521450009453976,-0.853281833651959,0.));
#7740=DIRECTION('',(0.853281833651959,-0.521450009453975,0.));
#7741=DIRECTION('',(0.521450009453976,0.853281833651959,0.));
#7742=DIRECTION('',(-0.743294146247166,-0.66896473162245,0.));
#7743=DIRECTION('',(0.66896473162245,-0.743294146247166,0.));
#7744=DIRECTION('',(0.,0.,-1.));
#7745=DIRECTION('',(0.,-1.,0.));
#7746=DIRECTION('',(0.,0.,-1.));
#7747=DIRECTION('',(0.,0.,-1.));
#7748=DIRECTION('',(0.743294146247166,-0.66896473162245,0.));
#7749=DIRECTION('',(0.66896473162245,0.743294146247166,0.));
#7750=DIRECTION('',(-0.853281833651959,-0.521450009453975,0.));
#7751=DIRECTION('',(0.521450009453976,-0.853281833651959,0.));
#7752=DIRECTION('',(0.853281833651959,-0.521450009453975,0.));
#7753=DIRECTION('',(0.521450009453976,0.853281833651959,0.));
#7754=DIRECTION('',(-0.743294146247166,-0.66896473162245,0.));
#7755=DIRECTION('',(0.66896473162245,-0.743294146247166,0.));
#7756=DIRECTION('',(0.,0.,-1.));
#7757=DIRECTION('',(0.,-1.,0.));
#7758=DIRECTION('',(0.,0.,-1.));
#7759=DIRECTION('',(0.,0.,-1.));
#7760=DIRECTION('',(0.743294146247165,-0.668964731622451,0.));
#7761=DIRECTION('',(0.668964731622451,0.743294146247165,0.));
#7762=DIRECTION('',(-0.853281833651959,-0.521450009453976,0.));
#7763=DIRECTION('',(0.521450009453976,-0.853281833651958,0.));
#7764=DIRECTION('',(0.853281833651959,-0.521450009453976,0.));
#7765=DIRECTION('',(0.521450009453976,0.853281833651959,0.));
#7766=DIRECTION('',(-0.743294146247165,-0.668964731622451,0.));
#7767=DIRECTION('',(0.668964731622451,-0.743294146247165,0.));
#7768=DIRECTION('',(0.,0.,-1.));
#7769=DIRECTION('',(0.,-1.,0.));
#7770=DIRECTION('',(0.,0.,-1.));
#7771=DIRECTION('',(0.,0.,-1.));
#7772=DIRECTION('',(0.743294146247165,-0.668964731622451,0.));
#7773=DIRECTION('',(0.668964731622451,0.743294146247165,0.));
#7774=DIRECTION('',(-0.85328183365196,-0.521450009453974,0.));
#7775=DIRECTION('',(0.521450009453974,-0.853281833651959,0.));
#7776=DIRECTION('',(0.853281833651959,-0.521450009453975,0.));
#7777=DIRECTION('',(0.521450009453975,0.853281833651959,0.));
#7778=DIRECTION('',(-0.743294146247167,-0.668964731622449,0.));
#7779=DIRECTION('',(0.668964731622449,-0.743294146247167,0.));
#7780=DIRECTION('',(0.,0.,-1.));
#7781=DIRECTION('',(0.,-1.,0.));
#7782=DIRECTION('',(0.,0.,-1.));
#7783=DIRECTION('',(0.,0.,-1.));
#7784=DIRECTION('',(0.743294146247167,-0.668964731622449,0.));
#7785=DIRECTION('',(0.668964731622449,0.743294146247167,0.));
#7786=DIRECTION('',(-0.853281833651959,-0.521450009453975,0.));
#7787=DIRECTION('',(0.521450009453975,-0.853281833651959,0.));
#7788=DIRECTION('',(0.853281833651959,-0.521450009453975,0.));
#7789=DIRECTION('',(0.521450009453975,0.853281833651959,0.));
#7790=DIRECTION('',(-0.743294146247167,-0.668964731622449,0.));
#7791=DIRECTION('',(0.668964731622449,-0.743294146247167,0.));
#7792=DIRECTION('',(0.,0.,-1.));
#7793=DIRECTION('',(0.,-1.,0.));
#7794=DIRECTION('',(0.,0.,-1.));
#7795=DIRECTION('',(0.,0.,-1.));
#7796=DIRECTION('',(0.743294146247166,-0.66896473162245,0.));
#7797=DIRECTION('',(0.66896473162245,0.743294146247166,0.));
#7798=DIRECTION('',(-0.853281833651959,-0.521450009453975,0.));
#7799=DIRECTION('',(0.521450009453976,-0.853281833651959,0.));
#7800=DIRECTION('',(0.853281833651959,-0.521450009453975,0.));
#7801=DIRECTION('',(0.521450009453976,0.853281833651959,0.));
#7802=DIRECTION('',(-0.743294146247166,-0.66896473162245,0.));
#7803=DIRECTION('',(0.66896473162245,-0.743294146247166,0.));
#7804=DIRECTION('',(0.,0.,-1.));
#7805=DIRECTION('',(0.,-1.,0.));
#7806=DIRECTION('',(0.,0.,-1.));
#7807=DIRECTION('',(0.,0.,-1.));
#7808=DIRECTION('',(0.743294146247166,-0.66896473162245,0.));
#7809=DIRECTION('',(0.66896473162245,0.743294146247166,0.));
#7810=DIRECTION('',(-0.853281833651959,-0.521450009453975,0.));
#7811=DIRECTION('',(0.521450009453976,-0.853281833651959,0.));
#7812=DIRECTION('',(0.853281833651959,-0.521450009453975,0.));
#7813=DIRECTION('',(0.521450009453976,0.853281833651959,0.));
#7814=DIRECTION('',(-0.743294146247166,-0.66896473162245,0.));
#7815=DIRECTION('',(0.66896473162245,-0.743294146247166,0.));
#7816=DIRECTION('',(0.,0.,-1.));
#7817=DIRECTION('',(0.,-1.,0.));
#7818=DIRECTION('',(0.,0.,-1.));
#7819=DIRECTION('',(0.,0.,-1.));
#7820=DIRECTION('',(0.743294146247166,-0.66896473162245,0.));
#7821=DIRECTION('',(0.66896473162245,0.743294146247166,0.));
#7822=DIRECTION('',(-0.853281833651959,-0.521450009453975,0.));
#7823=DIRECTION('',(0.521450009453976,-0.853281833651959,0.));
#7824=DIRECTION('',(0.853281833651959,-0.521450009453975,0.));
#7825=DIRECTION('',(0.521450009453976,0.853281833651959,0.));
#7826=DIRECTION('',(-0.743294146247166,-0.66896473162245,0.));
#7827=DIRECTION('',(0.66896473162245,-0.743294146247166,0.));
#7828=DIRECTION('',(0.,0.,-1.));
#7829=DIRECTION('',(0.,-1.,0.));
#7830=DIRECTION('',(0.,0.,-1.));
#7831=DIRECTION('',(0.,0.,-1.));
#7832=DIRECTION('',(0.743294146247165,-0.668964731622451,0.));
#7833=DIRECTION('',(0.668964731622451,0.743294146247165,0.));
#7834=DIRECTION('',(-0.853281833651959,-0.521450009453976,0.));
#7835=DIRECTION('',(0.521450009453976,-0.853281833651958,0.));
#7836=DIRECTION('',(-0.85328183365196,-0.521450009453974,0.));
#7837=DIRECTION('',(0.521450009453974,-0.853281833651959,0.));
#7838=DIRECTION('',(0.743294146247165,-0.668964731622451,0.));
#7839=DIRECTION('',(0.668964731622451,0.743294146247165,0.));
#7840=DIRECTION('',(0.,0.,-1.));
#7841=DIRECTION('',(0.,-1.,0.));
#7842=DIRECTION('',(0.,0.,-1.));
#7843=DIRECTION('',(0.,0.,-1.));
#7844=DIRECTION('',(-0.743294146247165,-0.668964731622451,0.));
#7845=DIRECTION('',(0.668964731622451,-0.743294146247165,0.));
#7846=DIRECTION('',(0.853281833651959,-0.521450009453976,0.));
#7847=DIRECTION('',(0.521450009453976,0.853281833651959,0.));
#7848=DIRECTION('',(0.,1.,0.));
#7849=DIRECTION('',(0.,0.,1.));
#7850=DIRECTION('',(1.,0.,0.));
#7851=DIRECTION('',(0.,0.,-1.));
#7852=DIRECTION('',(1.,0.,0.));
#7853=DIRECTION('',(0.,0.,-1.));
#7854=DIRECTION('',(0.,0.,1.));
#7855=DIRECTION('',(1.,0.,0.));
#7856=DIRECTION('',(0.,1.,0.));
#7857=DIRECTION('',(0.,-1.,0.));
#7858=DIRECTION('',(0.,0.,1.));
#7859=DIRECTION('',(1.,0.,0.));
#7860=DIRECTION('',(0.,-1.,0.));
#7861=DIRECTION('',(0.,1.,0.));
#7862=DIRECTION('',(-1.,0.,0.));
#7863=DIRECTION('',(0.,0.,1.));
#7864=DIRECTION('',(1.,0.,0.));
#7865=DIRECTION('',(0.,0.,-1.));
#7866=DIRECTION('',(0.,1.,0.));
#7867=DIRECTION('',(0.,0.,1.));
#7868=DIRECTION('',(1.,0.,0.));
#7869=DIRECTION('',(0.,0.,-1.));
#7870=DIRECTION('',(1.,0.,0.));
#7871=DIRECTION('',(0.,0.,-1.));
#7872=DIRECTION('',(0.,0.,1.));
#7873=DIRECTION('',(1.,0.,0.));
#7874=DIRECTION('',(0.,1.,0.));
#7875=DIRECTION('',(0.,-1.,0.));
#7876=DIRECTION('',(0.,0.,1.));
#7877=DIRECTION('',(1.,0.,0.));
#7878=DIRECTION('',(0.,-1.,0.));
#7879=DIRECTION('',(0.,1.,0.));
#7880=DIRECTION('',(-1.,0.,0.));
#7881=DIRECTION('',(0.,0.,1.));
#7882=DIRECTION('',(1.,0.,0.));
#7883=DIRECTION('',(0.,0.,-1.));
#7884=DIRECTION('',(0.,1.,0.));
#7885=DIRECTION('',(0.,0.,1.));
#7886=DIRECTION('',(1.,0.,0.));
#7887=DIRECTION('',(0.,0.,-1.));
#7888=DIRECTION('',(1.,0.,0.));
#7889=DIRECTION('',(0.,0.,-1.));
#7890=DIRECTION('',(0.,0.,1.));
#7891=DIRECTION('',(1.,0.,0.));
#7892=DIRECTION('',(0.,1.,0.));
#7893=DIRECTION('',(0.,-1.,0.));
#7894=DIRECTION('',(0.,0.,1.));
#7895=DIRECTION('',(1.,0.,0.));
#7896=DIRECTION('',(0.,-1.,0.));
#7897=DIRECTION('',(0.,1.,0.));
#7898=DIRECTION('',(-1.,0.,0.));
#7899=DIRECTION('',(0.,0.,1.));
#7900=DIRECTION('',(1.,0.,0.));
#7901=DIRECTION('',(0.,0.,-1.));
#7902=DIRECTION('',(0.,1.,0.));
#7903=DIRECTION('',(0.,0.,1.));
#7904=DIRECTION('',(1.,0.,0.));
#7905=DIRECTION('',(0.,0.,-1.));
#7906=DIRECTION('',(1.,0.,0.));
#7907=DIRECTION('',(0.,0.,-1.));
#7908=DIRECTION('',(0.,0.,1.));
#7909=DIRECTION('',(1.,0.,0.));
#7910=DIRECTION('',(0.,1.,0.));
#7911=DIRECTION('',(0.,-1.,0.));
#7912=DIRECTION('',(0.,0.,1.));
#7913=DIRECTION('',(1.,0.,0.));
#7914=DIRECTION('',(0.,-1.,0.));
#7915=DIRECTION('',(0.,1.,0.));
#7916=DIRECTION('',(-1.,0.,0.));
#7917=DIRECTION('',(0.,0.,1.));
#7918=DIRECTION('',(1.,0.,0.));
#7919=DIRECTION('',(0.,0.,-1.));
#7920=DIRECTION('',(0.,0.,1.));
#7921=DIRECTION('',(1.,0.,0.));
#7922=DIRECTION('',(0.,1.,0.));
#7923=DIRECTION('',(1.,0.,0.));
#7924=DIRECTION('',(3.41480999208033E-16,-1.,0.));
#7925=DIRECTION('',(0.,0.,1.));
#7926=DIRECTION('',(1.,0.,0.));
#7927=DIRECTION('',(3.41480999208033E-16,-1.,0.));
#7928=DIRECTION('',(1.,0.,0.));
#7929=DIRECTION('',(0.,1.,0.));
#7930=DIRECTION('',(1.,3.41480999208033E-16,0.));
#7931=DIRECTION('',(-3.41480999208033E-16,1.,0.));
#7932=DIRECTION('',(0.,0.,-1.));
#7933=DIRECTION('',(0.,1.,0.));
#7934=DIRECTION('',(0.,0.,1.));
#7935=DIRECTION('',(0.,0.,-1.));
#7936=DIRECTION('',(-1.,0.,0.));
#7937=DIRECTION('',(0.,0.,1.));
#7938=DIRECTION('',(1.,0.,0.));
#7939=DIRECTION('',(0.,1.,0.));
#7940=DIRECTION('',(1.,0.,0.));
#7941=DIRECTION('',(0.,1.,0.));
#7942=DIRECTION('',(1.,0.,0.));
#7943=DIRECTION('',(0.,1.,0.));
#7944=DIRECTION('',(1.,0.,0.));
#7945=DIRECTION('',(0.,1.,0.));
#7946=DIRECTION('',(1.,0.,0.));
#7947=DIRECTION('',(0.,1.,0.));
#7948=DIRECTION('',(1.,0.,0.));
#7949=DIRECTION('',(0.,1.,0.));
#7950=DIRECTION('',(1.,0.,0.));
#7951=DIRECTION('',(0.,1.,0.));
#7952=DIRECTION('',(1.,0.,0.));
#7953=DIRECTION('',(0.,1.,0.));
#7954=DIRECTION('',(1.,0.,0.));
#7955=DIRECTION('',(0.,1.,0.));
#7956=DIRECTION('',(1.,0.,0.));
#7957=DIRECTION('',(0.,1.,0.));
#7958=DIRECTION('',(1.,0.,0.));
#7959=DIRECTION('',(0.,1.,0.));
#7960=DIRECTION('',(1.,0.,0.));
#7961=DIRECTION('',(0.,1.,0.));
#7962=DIRECTION('',(0.,0.,1.));
#7963=DIRECTION('',(1.,0.,0.));
#7964=DIRECTION('',(0.,1.,0.));
#7965=DIRECTION('',(0.,0.,1.));
#7966=DIRECTION('',(0.,0.,-1.));
#7967=DIRECTION('',(-1.,0.,0.));
#7968=DIRECTION('',(0.,0.,1.));
#7969=DIRECTION('',(-1.,0.,0.));
#7970=DIRECTION('',(0.,0.,-1.));
#7971=DIRECTION('',(-1.,0.,0.));
#7972=DIRECTION('',(0.,0.,1.));
#7973=DIRECTION('',(-1.,0.,0.));
#7974=DIRECTION('',(0.,0.,-1.));
#7975=DIRECTION('',(-1.,0.,0.));
#7976=DIRECTION('',(0.,0.,1.));
#7977=DIRECTION('',(-1.,0.,0.));
#7978=DIRECTION('',(0.,0.,-1.));
#7979=DIRECTION('',(-1.,0.,0.));
#7980=DIRECTION('',(0.,0.,1.));
#7981=DIRECTION('',(-1.,0.,0.));
#7982=DIRECTION('',(0.,0.,-1.));
#7983=DIRECTION('',(-1.,0.,0.));
#7984=DIRECTION('',(0.,0.,1.));
#7985=DIRECTION('',(-1.,0.,0.));
#7986=DIRECTION('',(0.,0.,-1.));
#7987=DIRECTION('',(-1.,0.,0.));
#7988=DIRECTION('',(0.,0.,1.));
#7989=DIRECTION('',(1.,0.,0.));
#7990=DIRECTION('',(0.,0.,-1.));
#7991=DIRECTION('',(-1.,0.,0.));
#7992=DIRECTION('',(0.,0.,1.));
#7993=DIRECTION('',(1.,0.,0.));
#7994=DIRECTION('',(0.,0.,-1.));
#7995=DIRECTION('',(-1.,0.,0.));
#7996=DIRECTION('',(0.,0.,1.));
#7997=DIRECTION('',(1.,0.,0.));
#7998=DIRECTION('',(0.,0.,-1.));
#7999=DIRECTION('',(-1.,0.,0.));
#8000=DIRECTION('',(0.,0.,1.));
#8001=DIRECTION('',(1.,0.,0.));
#8002=DIRECTION('',(0.,0.,-1.));
#8003=DIRECTION('',(-1.,0.,0.));
#8004=DIRECTION('',(0.,0.,1.));
#8005=DIRECTION('',(1.,0.,0.));
#8006=DIRECTION('',(0.,0.,-1.));
#8007=DIRECTION('',(-1.,0.,0.));
#8008=DIRECTION('',(0.,0.,-1.));
#8009=DIRECTION('',(-1.,0.,0.));
#8010=DIRECTION('',(0.,-1.,0.));
#8011=DIRECTION('',(0.,0.,-1.));
#8012=DIRECTION('',(0.,0.,1.));
#8013=DIRECTION('',(-1.,0.,0.));
#8014=DIRECTION('',(0.,0.,1.));
#8015=DIRECTION('',(-1.,0.,0.));
#8016=DIRECTION('',(0.,0.,1.));
#8017=DIRECTION('',(-1.,0.,0.));
#8018=DIRECTION('',(0.,0.,-1.));
#8019=DIRECTION('',(-1.,0.,0.));
#8020=DIRECTION('',(0.,0.,1.));
#8021=DIRECTION('',(-1.,0.,0.));
#8022=DIRECTION('',(0.,0.,-1.));
#8023=DIRECTION('',(-1.,0.,0.));
#8024=DIRECTION('',(0.,0.,1.));
#8025=DIRECTION('',(-1.,0.,0.));
#8026=DIRECTION('',(0.,0.,-1.));
#8027=DIRECTION('',(-1.,0.,0.));
#8028=DIRECTION('',(0.,0.,1.));
#8029=DIRECTION('',(-1.,0.,0.));
#8030=DIRECTION('',(0.,0.,-1.));
#8031=DIRECTION('',(-1.,0.,0.));
#8032=DIRECTION('',(0.,0.,1.));
#8033=DIRECTION('',(-1.,0.,0.));
#8034=DIRECTION('',(0.,0.,-1.));
#8035=DIRECTION('',(-1.,0.,0.));
#8036=DIRECTION('',(0.,0.,1.));
#8037=DIRECTION('',(-1.,0.,0.));
#8038=DIRECTION('',(0.,0.,-1.));
#8039=DIRECTION('',(1.,0.,0.));
#8040=DIRECTION('',(0.,0.,1.));
#8041=DIRECTION('',(-1.,0.,0.));
#8042=DIRECTION('',(0.,0.,-1.));
#8043=DIRECTION('',(1.,0.,0.));
#8044=DIRECTION('',(0.,0.,1.));
#8045=DIRECTION('',(-1.,0.,0.));
#8046=DIRECTION('',(0.,0.,-1.));
#8047=DIRECTION('',(1.,0.,0.));
#8048=DIRECTION('',(0.,0.,1.));
#8049=DIRECTION('',(-1.,0.,0.));
#8050=DIRECTION('',(0.,0.,-1.));
#8051=DIRECTION('',(1.,0.,0.));
#8052=DIRECTION('',(0.,0.,1.));
#8053=DIRECTION('',(-1.,0.,0.));
#8054=DIRECTION('',(0.,0.,-1.));
#8055=DIRECTION('',(1.,0.,0.));
#8056=DIRECTION('',(1.,0.,0.));
#8057=DIRECTION('',(0.,0.,-1.));
#8058=DIRECTION('',(1.,0.,0.));
#8059=DIRECTION('',(0.,0.,-1.));
#8060=DIRECTION('',(0.,-1.,0.));
#8061=DIRECTION('',(1.,0.,0.));
#8062=DIRECTION('',(0.,0.,-1.));
#8063=DIRECTION('',(0.,0.,-1.));
#8064=DIRECTION('',(0.,-1.,0.));
#8065=DIRECTION('',(0.,-4.97302426031116E-16,1.));
#8066=DIRECTION('',(1.,0.,0.));
#8067=DIRECTION('',(0.,0.,-1.));
#8068=DIRECTION('',(0.,1.,0.));
#8069=DIRECTION('',(1.,0.,0.));
#8070=DIRECTION('',(0.,0.,-1.));
#8071=DIRECTION('',(1.,0.,0.));
#8072=DIRECTION('',(0.,0.,-1.));
#8073=DIRECTION('',(0.,-1.,0.));
#8074=DIRECTION('',(1.,0.,0.));
#8075=DIRECTION('',(0.,0.,-1.));
#8076=DIRECTION('',(0.,4.14418688359263E-17,1.));
#8077=DIRECTION('',(0.,-1.,0.));
#8078=DIRECTION('',(0.,0.,-1.));
#8079=DIRECTION('',(1.,0.,0.));
#8080=DIRECTION('',(0.,0.,-1.));
#8081=DIRECTION('',(0.,1.,0.));
#8082=DIRECTION('',(1.,0.,0.));
#8083=DIRECTION('',(0.,0.,-1.));
#8084=DIRECTION('',(1.,0.,0.));
#8085=DIRECTION('',(0.,0.,-1.));
#8086=DIRECTION('',(0.,-1.,0.));
#8087=DIRECTION('',(0.,0.,-1.));
#8088=DIRECTION('',(1.,0.,0.));
#8089=DIRECTION('',(0.,0.,-1.));
#8090=DIRECTION('',(0.,-1.,0.));
#8091=DIRECTION('',(1.,0.,0.));
#8092=DIRECTION('',(0.,0.,-1.));
#8093=DIRECTION('',(1.,0.,0.));
#8094=DIRECTION('',(0.,0.,-1.));
#8095=DIRECTION('',(0.,1.,0.));
#8096=DIRECTION('',(1.,0.,0.));
#8097=DIRECTION('',(0.,0.,-1.));
#8098=DIRECTION('',(0.,0.,-1.));
#8099=DIRECTION('',(0.,-1.,0.));
#8100=DIRECTION('',(0.,4.14418688359263E-17,1.));
#8101=DIRECTION('',(1.,0.,0.));
#8102=DIRECTION('',(0.,0.,-1.));
#8103=DIRECTION('',(0.,-1.,0.));
#8104=DIRECTION('',(1.,0.,0.));
#8105=DIRECTION('',(0.,0.,-1.));
#8106=DIRECTION('',(1.,0.,0.));
#8107=DIRECTION('',(0.,0.,-1.));
#8108=DIRECTION('',(0.,1.,0.));
#8109=DIRECTION('',(1.,0.,0.));
#8110=DIRECTION('',(0.,0.,-1.));
#8111=DIRECTION('',(0.,-4.97302426031116E-16,1.));
#8112=DIRECTION('',(-1.,0.,0.));
#8113=DIRECTION('',(0.,0.,1.));
#8114=DIRECTION('',(-1.,0.,0.));
#8115=DIRECTION('',(1.,0.,0.));
#8116=DIRECTION('',(0.,0.,-1.));
#8117=DIRECTION('',(-1.,0.,0.));
#8118=DIRECTION('',(0.,0.,1.));
#8119=DIRECTION('',(-1.,0.,0.));
#8120=DIRECTION('',(0.,0.,1.));
#8121=DIRECTION('',(-1.,0.,0.));
#8122=DIRECTION('',(1.,0.,0.));
#8123=DIRECTION('',(0.,0.,-1.));
#8124=DIRECTION('',(-1.,0.,0.));
#8125=DIRECTION('',(0.,0.,1.));
#8126=DIRECTION('',(-1.,0.,0.));
#8127=DIRECTION('',(0.,0.,1.));
#8128=DIRECTION('',(-1.,0.,0.));
#8129=DIRECTION('',(1.,0.,0.));
#8130=DIRECTION('',(0.,0.,-1.));
#8131=DIRECTION('',(-1.,0.,0.));
#8132=DIRECTION('',(0.,0.,1.));
#8133=DIRECTION('',(-1.,0.,0.));
#8134=DIRECTION('',(0.,0.,1.));
#8135=DIRECTION('',(-1.,0.,0.));
#8136=DIRECTION('',(1.,0.,0.));
#8137=DIRECTION('',(0.,0.,-1.));
#8138=DIRECTION('',(-1.,0.,0.));
#8139=DIRECTION('',(0.,0.,1.));
#8140=DIRECTION('',(-1.,0.,0.));
#8141=DIRECTION('',(0.,0.,1.));
#8142=DIRECTION('',(-1.,0.,0.));
#8143=DIRECTION('',(1.,0.,0.));
#8144=DIRECTION('',(0.,0.,-1.));
#8145=DIRECTION('',(-1.,0.,0.));
#8146=DIRECTION('',(0.,0.,1.));
#8147=DIRECTION('',(-1.,0.,0.));
#8148=DIRECTION('',(0.,0.,1.));
#8149=DIRECTION('',(-1.,0.,0.));
#8150=DIRECTION('',(0.,0.,-1.));
#8151=DIRECTION('',(-1.,0.,0.));
#8152=DIRECTION('',(0.,-1.,0.));
#8153=DIRECTION('',(-1.,0.,0.));
#8154=DIRECTION('',(0.,0.,-1.));
#8155=DIRECTION('',(-1.,0.,0.));
#8156=DIRECTION('',(0.,1.,0.));
#8157=DIRECTION('',(-1.,0.,0.));
#8158=DIRECTION('',(0.,-1.,0.));
#8159=DIRECTION('',(0.,0.,-1.));
#8160=DIRECTION('',(-1.,0.,0.));
#8161=DIRECTION('',(0.,1.,0.));
#8162=DIRECTION('',(-1.,0.,0.));
#8163=DIRECTION('',(0.,-1.,0.));
#8164=DIRECTION('',(0.,0.,-1.));
#8165=DIRECTION('',(-1.,0.,0.));
#8166=DIRECTION('',(0.,1.,0.));
#8167=DIRECTION('',(-1.,0.,0.));
#8168=DIRECTION('',(0.,-1.,0.));
#8169=DIRECTION('',(0.,0.,-1.));
#8170=DIRECTION('',(-1.,0.,0.));
#8171=DIRECTION('',(0.,1.,0.));
#8172=DIRECTION('',(-1.,0.,0.));
#8173=DIRECTION('',(0.,-1.,0.));
#8174=DIRECTION('',(0.,0.,-1.));
#8175=DIRECTION('',(-1.,0.,0.));
#8176=DIRECTION('',(0.,1.,0.));
#8177=DIRECTION('',(-1.,0.,0.));
#8178=DIRECTION('',(-1.,0.,0.));
#8179=DIRECTION('',(0.,0.,1.));
#8180=DIRECTION('',(1.,0.,0.));
#8181=DIRECTION('',(0.,0.,-1.));
#8182=DIRECTION('',(-1.,0.,0.));
#8183=DIRECTION('',(-1.,0.,0.));
#8184=DIRECTION('',(0.,0.,1.));
#8185=DIRECTION('',(-1.,0.,0.));
#8186=DIRECTION('',(0.,0.,1.));
#8187=DIRECTION('',(-1.,0.,0.));
#8188=DIRECTION('',(1.,0.,0.));
#8189=DIRECTION('',(0.,0.,-1.));
#8190=DIRECTION('',(-1.,0.,0.));
#8191=DIRECTION('',(0.,0.,1.));
#8192=DIRECTION('',(-1.,0.,0.));
#8193=DIRECTION('',(0.,0.,1.));
#8194=DIRECTION('',(-1.,0.,0.));
#8195=DIRECTION('',(1.,0.,0.));
#8196=DIRECTION('',(0.,0.,-1.));
#8197=DIRECTION('',(-1.,0.,0.));
#8198=DIRECTION('',(0.,0.,1.));
#8199=DIRECTION('',(-1.,0.,0.));
#8200=DIRECTION('',(0.,0.,1.));
#8201=DIRECTION('',(-1.,0.,0.));
#8202=DIRECTION('',(1.,0.,0.));
#8203=DIRECTION('',(0.,0.,-1.));
#8204=DIRECTION('',(-1.,0.,0.));
#8205=DIRECTION('',(0.,0.,1.));
#8206=DIRECTION('',(-1.,0.,0.));
#8207=DIRECTION('',(0.,0.,1.));
#8208=DIRECTION('',(-1.,0.,0.));
#8209=DIRECTION('',(1.,0.,0.));
#8210=DIRECTION('',(0.,0.,-1.));
#8211=DIRECTION('',(-1.,0.,0.));
#8212=DIRECTION('',(0.,0.,1.));
#8213=DIRECTION('',(-1.,0.,0.));
#8214=DIRECTION('',(0.,0.,1.));
#8215=DIRECTION('',(-1.,0.,0.));
#8216=DIRECTION('',(0.,1.,0.));
#8217=DIRECTION('',(0.,0.,1.));
#8218=DIRECTION('',(-0.707106781186548,0.,0.707106781186548));
#8219=DIRECTION('',(-1.,0.,0.));
#8220=DIRECTION('',(-0.707106781186548,0.,-0.707106781186548));
#8221=DIRECTION('',(0.,0.,-1.));
#8222=DIRECTION('',(0.,1.,0.));
#8223=DIRECTION('',(0.,0.,1.));
#8224=DIRECTION('',(0.,0.,1.));
#8225=DIRECTION('',(-0.707106781186545,0.,0.70710678118655));
#8226=DIRECTION('',(-1.,0.,0.));
#8227=DIRECTION('',(-0.707106781186548,0.,-0.707106781186548));
#8228=DIRECTION('',(0.,0.,-1.));
#8229=DIRECTION('',(0.,1.,0.));
#8230=DIRECTION('',(0.,0.,1.));
#8231=DIRECTION('',(0.,0.,1.));
#8232=DIRECTION('',(-0.707106781186547,0.,0.707106781186548));
#8233=DIRECTION('',(-1.,0.,0.));
#8234=DIRECTION('',(-0.707106781186547,0.,-0.707106781186548));
#8235=DIRECTION('',(0.,0.,-1.));
#8236=DIRECTION('',(0.,1.,0.));
#8237=DIRECTION('',(0.,0.,1.));
#8238=DIRECTION('',(0.,0.,1.));
#8239=DIRECTION('',(-0.707106781186546,0.,0.707106781186549));
#8240=DIRECTION('',(-1.,0.,0.));
#8241=DIRECTION('',(-0.707106781186547,0.,-0.707106781186548));
#8242=DIRECTION('',(0.,0.,-1.));
#8243=DIRECTION('',(0.,1.,0.));
#8244=DIRECTION('',(0.,0.,1.));
#8245=DIRECTION('',(0.,0.,1.));
#8246=DIRECTION('',(-0.707106781186545,0.,0.70710678118655));
#8247=DIRECTION('',(-1.,0.,0.));
#8248=DIRECTION('',(-0.707106781186545,0.,-0.70710678118655));
#8249=DIRECTION('',(0.,0.,-1.));
#8250=DIRECTION('',(0.,1.,0.));
#8251=DIRECTION('',(0.,0.,1.));
#8252=DIRECTION('',(0.,0.,1.));
#8253=DIRECTION('',(-0.707106781186548,0.,0.707106781186548));
#8254=DIRECTION('',(-1.,0.,0.));
#8255=DIRECTION('',(-0.707106781186548,0.,-0.707106781186548));
#8256=DIRECTION('',(0.,0.,1.));
#8257=DIRECTION('',(1.,0.,0.));
#8258=DIRECTION('',(0.,-1.,0.));
#8259=DIRECTION('',(-1.,0.,0.));
#8260=DIRECTION('',(0.,-1.,0.));
#8261=DIRECTION('',(0.,0.,1.));
#8262=DIRECTION('',(1.,0.,0.));
#8263=DIRECTION('',(0.,-1.,0.));
#8264=DIRECTION('',(-1.,0.,0.));
#8265=DIRECTION('',(0.,-1.,0.));
#8266=DIRECTION('',(0.,0.,1.));
#8267=DIRECTION('',(1.,0.,0.));
#8268=DIRECTION('',(0.,-1.,0.));
#8269=DIRECTION('',(-1.,0.,0.));
#8270=DIRECTION('',(0.,-1.,0.));
#8271=DIRECTION('',(0.,0.,1.));
#8272=DIRECTION('',(1.,0.,0.));
#8273=DIRECTION('',(0.,-1.,0.));
#8274=DIRECTION('',(-1.,0.,0.));
#8275=DIRECTION('',(0.,-1.,0.));
#8276=DIRECTION('',(0.,0.,1.));
#8277=DIRECTION('',(1.,0.,0.));
#8278=DIRECTION('',(0.,-1.,0.));
#8279=DIRECTION('',(-1.,0.,0.));
#8280=DIRECTION('',(0.,-1.,0.));
#8281=DIRECTION('',(0.,0.,1.));
#8282=DIRECTION('',(1.,0.,0.));
#8283=DIRECTION('',(0.,-1.,0.));
#8284=DIRECTION('',(-1.,0.,0.));
#8285=DIRECTION('',(0.,-1.,0.));
#8286=DIRECTION('',(0.,-1.,-4.97302426031116E-16));
#8287=DIRECTION('',(0.,4.97302426031116E-16,-1.));
#8288=DIRECTION('',(0.707106781186548,3.51645917747124E-16,-0.707106781186548));
#8289=DIRECTION('',(-1.,0.,0.));
#8290=DIRECTION('',(0.,-4.97302426031116E-16,1.));
#8291=DIRECTION('',(0.707106781186548,-3.51645917747124E-16,0.707106781186548));
#8292=DIRECTION('',(0.,-1.,-4.97302426031116E-16));
#8293=DIRECTION('',(0.,4.97302426031116E-16,-1.));
#8294=DIRECTION('',(0.,4.97302426031116E-16,-1.));
#8295=DIRECTION('',(-1.,0.,0.));
#8296=DIRECTION('',(0.,-4.97302426031116E-16,1.));
#8297=DIRECTION('',(0.707106781186548,-3.51645917747124E-16,0.707106781186548));
#8298=DIRECTION('',(0.707106781186545,3.51645917747125E-16,-0.70710678118655));
#8299=DIRECTION('',(0.,-1.,-4.97302426031116E-16));
#8300=DIRECTION('',(0.,4.97302426031116E-16,-1.));
#8301=DIRECTION('',(0.,4.97302426031116E-16,-1.));
#8302=DIRECTION('',(-1.,0.,0.));
#8303=DIRECTION('',(0.,-4.97302426031116E-16,1.));
#8304=DIRECTION('',(0.707106781186547,-3.51645917747124E-16,0.707106781186548));
#8305=DIRECTION('',(0.707106781186547,3.51645917747124E-16,-0.707106781186548));
#8306=DIRECTION('',(0.,-1.,-4.97302426031116E-16));
#8307=DIRECTION('',(0.,4.97302426031116E-16,-1.));
#8308=DIRECTION('',(0.,4.97302426031116E-16,-1.));
#8309=DIRECTION('',(-1.,0.,0.));
#8310=DIRECTION('',(0.,-4.97302426031116E-16,1.));
#8311=DIRECTION('',(0.707106781186547,-3.51645917747124E-16,0.707106781186548));
#8312=DIRECTION('',(0.707106781186546,3.51645917747124E-16,-0.707106781186549));
#8313=DIRECTION('',(0.,-1.,-4.97302426031116E-16));
#8314=DIRECTION('',(0.,4.97302426031116E-16,-1.));
#8315=DIRECTION('',(0.,4.97302426031116E-16,-1.));
#8316=DIRECTION('',(-1.,0.,0.));
#8317=DIRECTION('',(0.,-4.97302426031116E-16,1.));
#8318=DIRECTION('',(0.707106781186545,-3.51645917747125E-16,0.70710678118655));
#8319=DIRECTION('',(0.707106781186545,3.51645917747125E-16,-0.70710678118655));
#8320=DIRECTION('',(0.,-1.,-4.97302426031116E-16));
#8321=DIRECTION('',(0.,4.97302426031116E-16,-1.));
#8322=DIRECTION('',(0.,4.97302426031116E-16,-1.));
#8323=DIRECTION('',(-1.,0.,0.));
#8324=DIRECTION('',(0.707106781186548,-3.51645917747124E-16,0.707106781186548));
#8325=DIRECTION('',(0.707106781186548,3.51645917747124E-16,-0.707106781186548));
#8326=DIRECTION('',(-1.,0.,0.));
#8327=DIRECTION('',(0.,0.,1.));
#8328=DIRECTION('',(-1.,0.,0.));
#8329=DIRECTION('',(1.,0.,0.));
#8330=DIRECTION('',(0.,0.,-1.));
#8331=DIRECTION('',(-1.,0.,0.));
#8332=DIRECTION('',(0.,0.,1.));
#8333=DIRECTION('',(-1.,0.,0.));
#8334=DIRECTION('',(0.,0.,1.));
#8335=DIRECTION('',(-1.,0.,0.));
#8336=DIRECTION('',(1.,0.,0.));
#8337=DIRECTION('',(0.,0.,-1.));
#8338=DIRECTION('',(-1.,0.,0.));
#8339=DIRECTION('',(0.,0.,1.));
#8340=DIRECTION('',(-1.,0.,0.));
#8341=DIRECTION('',(0.,0.,1.));
#8342=DIRECTION('',(-1.,0.,0.));
#8343=DIRECTION('',(1.,0.,0.));
#8344=DIRECTION('',(0.,0.,-1.));
#8345=DIRECTION('',(-1.,0.,0.));
#8346=DIRECTION('',(0.,0.,1.));
#8347=DIRECTION('',(-1.,0.,0.));
#8348=DIRECTION('',(0.,0.,1.));
#8349=DIRECTION('',(-1.,0.,0.));
#8350=DIRECTION('',(1.,0.,0.));
#8351=DIRECTION('',(0.,0.,-1.));
#8352=DIRECTION('',(-1.,0.,0.));
#8353=DIRECTION('',(0.,0.,1.));
#8354=DIRECTION('',(-1.,0.,0.));
#8355=DIRECTION('',(0.,0.,1.));
#8356=DIRECTION('',(-1.,0.,0.));
#8357=DIRECTION('',(1.,0.,0.));
#8358=DIRECTION('',(0.,0.,-1.));
#8359=DIRECTION('',(-1.,0.,0.));
#8360=DIRECTION('',(0.,0.,1.));
#8361=DIRECTION('',(-1.,0.,0.));
#8362=DIRECTION('',(0.,0.,1.));
#8363=DIRECTION('',(-1.,0.,0.));
#8364=DIRECTION('',(0.,0.,1.));
#8365=DIRECTION('',(1.,0.,0.));
#8366=DIRECTION('',(0.,1.,0.));
#8367=DIRECTION('',(-1.,0.,0.));
#8368=DIRECTION('',(0.,0.,1.));
#8369=DIRECTION('',(1.,0.,0.));
#8370=DIRECTION('',(0.,-1.,0.));
#8371=DIRECTION('',(-1.,0.,0.));
#8372=DIRECTION('',(0.,1.,0.));
#8373=DIRECTION('',(0.,0.,1.));
#8374=DIRECTION('',(1.,0.,0.));
#8375=DIRECTION('',(0.,-1.,0.));
#8376=DIRECTION('',(-1.,0.,0.));
#8377=DIRECTION('',(0.,1.,0.));
#8378=DIRECTION('',(0.,0.,1.));
#8379=DIRECTION('',(1.,0.,0.));
#8380=DIRECTION('',(0.,-1.,0.));
#8381=DIRECTION('',(-1.,0.,0.));
#8382=DIRECTION('',(0.,1.,0.));
#8383=DIRECTION('',(0.,0.,1.));
#8384=DIRECTION('',(1.,0.,0.));
#8385=DIRECTION('',(0.,-1.,0.));
#8386=DIRECTION('',(-1.,0.,0.));
#8387=DIRECTION('',(0.,1.,0.));
#8388=DIRECTION('',(0.,0.,1.));
#8389=DIRECTION('',(1.,0.,0.));
#8390=DIRECTION('',(0.,-1.,0.));
#8391=DIRECTION('',(-1.,0.,0.));
#8392=DIRECTION('',(-1.,0.,0.));
#8393=DIRECTION('',(0.,0.,1.));
#8394=DIRECTION('',(1.,0.,0.));
#8395=DIRECTION('',(0.,0.,-1.));
#8396=DIRECTION('',(-1.,0.,0.));
#8397=DIRECTION('',(0.,0.,1.));
#8398=DIRECTION('',(-1.,0.,0.));
#8399=DIRECTION('',(0.,0.,1.));
#8400=DIRECTION('',(1.,0.,0.));
#8401=DIRECTION('',(0.,0.,-1.));
#8402=DIRECTION('',(-1.,0.,0.));
#8403=DIRECTION('',(0.,0.,1.));
#8404=DIRECTION('',(-1.,0.,0.));
#8405=DIRECTION('',(0.,0.,1.));
#8406=DIRECTION('',(1.,0.,0.));
#8407=DIRECTION('',(0.,0.,-1.));
#8408=DIRECTION('',(-1.,0.,0.));
#8409=DIRECTION('',(0.,0.,1.));
#8410=DIRECTION('',(-1.,0.,0.));
#8411=DIRECTION('',(0.,0.,1.));
#8412=DIRECTION('',(1.,0.,0.));
#8413=DIRECTION('',(0.,0.,-1.));
#8414=DIRECTION('',(-1.,0.,0.));
#8415=DIRECTION('',(0.,0.,1.));
#8416=DIRECTION('',(-1.,0.,0.));
#8417=DIRECTION('',(0.,0.,1.));
#8418=DIRECTION('',(1.,0.,0.));
#8419=DIRECTION('',(0.,0.,-1.));
#8420=DIRECTION('',(-1.,0.,0.));
#8421=DIRECTION('',(0.,0.,1.));
#8422=DIRECTION('',(-1.,0.,0.));
#8423=DIRECTION('',(0.,0.,1.));
#8424=DIRECTION('',(0.,-1.,4.14418688359263E-17));
#8425=DIRECTION('',(0.,-4.14418688359263E-17,-1.));
#8426=DIRECTION('',(-0.707106781186548,-2.9303826478927E-17,-0.707106781186548));
#8427=DIRECTION('',(-1.,0.,0.));
#8428=DIRECTION('',(-0.707106781186548,2.9303826478927E-17,0.707106781186548));
#8429=DIRECTION('',(0.,4.14418688359263E-17,1.));
#8430=DIRECTION('',(-1.,0.,0.));
#8431=DIRECTION('',(0.,-1.,4.14418688359263E-17));
#8432=DIRECTION('',(0.,-4.14418688359263E-17,-1.));
#8433=DIRECTION('',(-0.707106781186548,2.9303826478927E-17,0.707106781186548));
#8434=DIRECTION('',(-1.,0.,0.));
#8435=DIRECTION('',(0.,-4.14418688359263E-17,-1.));
#8436=DIRECTION('',(-0.707106781186545,-2.93038264789271E-17,-0.70710678118655));
#8437=DIRECTION('',(-1.,0.,0.));
#8438=DIRECTION('',(0.,-1.,4.14418688359263E-17));
#8439=DIRECTION('',(0.,-4.14418688359263E-17,-1.));
#8440=DIRECTION('',(0.,4.14418688359263E-17,1.));
#8441=DIRECTION('',(-1.,0.,0.));
#8442=DIRECTION('',(0.,-4.14418688359263E-17,-1.));
#8443=DIRECTION('',(-0.707106781186547,-2.9303826478927E-17,-0.707106781186548));
#8444=DIRECTION('',(-1.,0.,0.));
#8445=DIRECTION('',(-0.707106781186545,2.93038264789271E-17,0.70710678118655));
#8446=DIRECTION('',(0.,-1.,4.14418688359263E-17));
#8447=DIRECTION('',(0.,-4.14418688359263E-17,-1.));
#8448=DIRECTION('',(0.,4.14418688359263E-17,1.));
#8449=DIRECTION('',(-1.,0.,0.));
#8450=DIRECTION('',(0.,-4.14418688359263E-17,-1.));
#8451=DIRECTION('',(-0.707106781186547,-2.9303826478927E-17,-0.707106781186548));
#8452=DIRECTION('',(-1.,0.,0.));
#8453=DIRECTION('',(-0.707106781186547,2.9303826478927E-17,0.707106781186548));
#8454=DIRECTION('',(0.,-1.,4.14418688359263E-17));
#8455=DIRECTION('',(0.,-4.14418688359263E-17,-1.));
#8456=DIRECTION('',(0.,4.14418688359263E-17,1.));
#8457=DIRECTION('',(-1.,0.,0.));
#8458=DIRECTION('',(0.,-4.14418688359263E-17,-1.));
#8459=DIRECTION('',(-0.707106781186546,-2.9303826478927E-17,-0.707106781186549));
#8460=DIRECTION('',(-1.,0.,0.));
#8461=DIRECTION('',(-0.707106781186547,2.9303826478927E-17,0.707106781186548));
#8462=DIRECTION('',(0.,-1.,4.14418688359263E-17));
#8463=DIRECTION('',(0.,-4.14418688359263E-17,-1.));
#8464=DIRECTION('',(0.,4.14418688359263E-17,1.));
#8465=DIRECTION('',(-1.,0.,0.));
#8466=DIRECTION('',(0.,-4.14418688359263E-17,-1.));
#8467=DIRECTION('',(-0.707106781186545,-2.93038264789271E-17,-0.70710678118655));
#8468=DIRECTION('',(-1.,0.,0.));
#8469=DIRECTION('',(-0.707106781186548,2.9303826478927E-17,0.707106781186548));
#8470=DIRECTION('',(0.,0.,-1.));
#8471=DIRECTION('',(-1.,0.,0.));
#8472=DIRECTION('',(0.,-1.,0.));
#8473=DIRECTION('',(-1.,0.,0.));
#8474=DIRECTION('',(0.,-1.,0.));
#8475=DIRECTION('',(0.,0.,-1.));
#8476=DIRECTION('',(-1.,0.,0.));
#8477=DIRECTION('',(0.,-1.,0.));
#8478=DIRECTION('',(0.,-1.,0.));
#8479=DIRECTION('',(-1.,0.,0.));
#8480=DIRECTION('',(0.,0.,-1.));
#8481=DIRECTION('',(-1.,0.,0.));
#8482=DIRECTION('',(0.,-1.,0.));
#8483=DIRECTION('',(0.,-1.,0.));
#8484=DIRECTION('',(-1.,0.,0.));
#8485=DIRECTION('',(0.,0.,-1.));
#8486=DIRECTION('',(-1.,0.,0.));
#8487=DIRECTION('',(0.,-1.,0.));
#8488=DIRECTION('',(0.,-1.,0.));
#8489=DIRECTION('',(-1.,0.,0.));
#8490=DIRECTION('',(0.,0.,-1.));
#8491=DIRECTION('',(-1.,0.,0.));
#8492=DIRECTION('',(0.,-1.,0.));
#8493=DIRECTION('',(0.,-1.,0.));
#8494=DIRECTION('',(-1.,0.,0.));
#8495=DIRECTION('',(0.,0.,-1.));
#8496=DIRECTION('',(-1.,0.,0.));
#8497=DIRECTION('',(0.,-1.,0.));
#8498=DIRECTION('',(0.,-1.,0.));
#8499=DIRECTION('',(-1.,0.,0.));
#8500=DIRECTION('',(0.,1.,0.));
#8501=DIRECTION('',(0.,0.,1.));
#8502=DIRECTION('',(0.707106781186548,0.,0.707106781186548));
#8503=DIRECTION('',(-1.,0.,0.));
#8504=DIRECTION('',(0.,0.,-1.));
#8505=DIRECTION('',(0.707106781186548,0.,-0.707106781186548));
#8506=DIRECTION('',(0.,1.,0.));
#8507=DIRECTION('',(0.,0.,1.));
#8508=DIRECTION('',(0.707106781186548,0.,-0.707106781186548));
#8509=DIRECTION('',(0.707106781186545,0.,0.70710678118655));
#8510=DIRECTION('',(0.,0.,1.));
#8511=DIRECTION('',(-1.,0.,0.));
#8512=DIRECTION('',(0.,1.,0.));
#8513=DIRECTION('',(0.,0.,1.));
#8514=DIRECTION('',(0.,0.,-1.));
#8515=DIRECTION('',(0.707106781186545,0.,-0.70710678118655));
#8516=DIRECTION('',(0.707106781186547,0.,0.707106781186548));
#8517=DIRECTION('',(0.,0.,1.));
#8518=DIRECTION('',(-1.,0.,0.));
#8519=DIRECTION('',(0.,1.,0.));
#8520=DIRECTION('',(0.,0.,1.));
#8521=DIRECTION('',(0.,0.,-1.));
#8522=DIRECTION('',(0.707106781186547,0.,-0.707106781186548));
#8523=DIRECTION('',(0.707106781186547,0.,0.707106781186548));
#8524=DIRECTION('',(0.,0.,1.));
#8525=DIRECTION('',(-1.,0.,0.));
#8526=DIRECTION('',(0.,1.,0.));
#8527=DIRECTION('',(0.,0.,1.));
#8528=DIRECTION('',(0.,0.,-1.));
#8529=DIRECTION('',(0.707106781186547,0.,-0.707106781186548));
#8530=DIRECTION('',(0.707106781186546,0.,0.707106781186549));
#8531=DIRECTION('',(0.,0.,1.));
#8532=DIRECTION('',(-1.,0.,0.));
#8533=DIRECTION('',(0.,1.,0.));
#8534=DIRECTION('',(0.,0.,1.));
#8535=DIRECTION('',(0.,0.,-1.));
#8536=DIRECTION('',(0.707106781186548,0.,-0.707106781186548));
#8537=DIRECTION('',(0.707106781186545,0.,0.70710678118655));
#8538=DIRECTION('',(0.,0.,1.));
#8539=DIRECTION('',(-1.,0.,0.));
#8540=DIRECTION('',(-1.,0.,0.));
#8541=DIRECTION('',(0.,0.,1.));
#8542=DIRECTION('',(-1.,0.,0.));
#8543=DIRECTION('',(0.,0.,1.));
#8544=DIRECTION('',(-1.,0.,0.));
#8545=DIRECTION('',(-1.,0.,0.));
#8546=DIRECTION('',(0.,0.,1.));
#8547=DIRECTION('',(1.,0.,0.));
#8548=DIRECTION('',(0.,0.,-1.));
#8549=DIRECTION('',(-1.,0.,0.));
#8550=DIRECTION('',(0.,0.,1.));
#8551=DIRECTION('',(-1.,0.,0.));
#8552=DIRECTION('',(-1.,0.,0.));
#8553=DIRECTION('',(0.,0.,1.));
#8554=DIRECTION('',(1.,0.,0.));
#8555=DIRECTION('',(0.,0.,-1.));
#8556=DIRECTION('',(-1.,0.,0.));
#8557=DIRECTION('',(0.,0.,1.));
#8558=DIRECTION('',(-1.,0.,0.));
#8559=DIRECTION('',(-1.,0.,0.));
#8560=DIRECTION('',(0.,0.,1.));
#8561=DIRECTION('',(1.,0.,0.));
#8562=DIRECTION('',(0.,0.,-1.));
#8563=DIRECTION('',(-1.,0.,0.));
#8564=DIRECTION('',(0.,0.,1.));
#8565=DIRECTION('',(-1.,0.,0.));
#8566=DIRECTION('',(-1.,0.,0.));
#8567=DIRECTION('',(0.,0.,1.));
#8568=DIRECTION('',(1.,0.,0.));
#8569=DIRECTION('',(0.,0.,-1.));
#8570=DIRECTION('',(-1.,0.,0.));
#8571=DIRECTION('',(0.,0.,1.));
#8572=DIRECTION('',(-1.,0.,0.));
#8573=DIRECTION('',(-1.,0.,0.));
#8574=DIRECTION('',(0.,0.,1.));
#8575=DIRECTION('',(1.,0.,0.));
#8576=DIRECTION('',(0.,0.,-1.));
#8577=DIRECTION('',(-1.,0.,0.));
#8578=DIRECTION('',(0.,0.,1.));
#8579=DIRECTION('',(1.,0.,0.));
#8580=DIRECTION('',(0.,-1.,0.));
#8581=DIRECTION('',(-1.,0.,0.));
#8582=DIRECTION('',(0.,0.,1.));
#8583=DIRECTION('',(1.,0.,0.));
#8584=DIRECTION('',(0.,1.,0.));
#8585=DIRECTION('',(0.,-1.,0.));
#8586=DIRECTION('',(-1.,0.,0.));
#8587=DIRECTION('',(0.,0.,1.));
#8588=DIRECTION('',(1.,0.,0.));
#8589=DIRECTION('',(0.,1.,0.));
#8590=DIRECTION('',(0.,-1.,0.));
#8591=DIRECTION('',(-1.,0.,0.));
#8592=DIRECTION('',(0.,0.,1.));
#8593=DIRECTION('',(1.,0.,0.));
#8594=DIRECTION('',(0.,1.,0.));
#8595=DIRECTION('',(0.,-1.,0.));
#8596=DIRECTION('',(-1.,0.,0.));
#8597=DIRECTION('',(0.,0.,1.));
#8598=DIRECTION('',(1.,0.,0.));
#8599=DIRECTION('',(0.,1.,0.));
#8600=DIRECTION('',(0.,-1.,0.));
#8601=DIRECTION('',(-1.,0.,0.));
#8602=DIRECTION('',(0.,0.,1.));
#8603=DIRECTION('',(1.,0.,0.));
#8604=DIRECTION('',(0.,1.,0.));
#8605=DIRECTION('',(-1.,0.,0.));
#8606=DIRECTION('',(-1.,0.,0.));
#8607=DIRECTION('',(0.,0.,1.));
#8608=DIRECTION('',(-1.,0.,0.));
#8609=DIRECTION('',(0.,0.,1.));
#8610=DIRECTION('',(-1.,0.,0.));
#8611=DIRECTION('',(0.,0.,1.));
#8612=DIRECTION('',(1.,0.,0.));
#8613=DIRECTION('',(0.,0.,-1.));
#8614=DIRECTION('',(-1.,0.,0.));
#8615=DIRECTION('',(0.,0.,1.));
#8616=DIRECTION('',(-1.,0.,0.));
#8617=DIRECTION('',(0.,0.,1.));
#8618=DIRECTION('',(1.,0.,0.));
#8619=DIRECTION('',(0.,0.,-1.));
#8620=DIRECTION('',(-1.,0.,0.));
#8621=DIRECTION('',(0.,0.,1.));
#8622=DIRECTION('',(-1.,0.,0.));
#8623=DIRECTION('',(0.,0.,1.));
#8624=DIRECTION('',(1.,0.,0.));
#8625=DIRECTION('',(0.,0.,-1.));
#8626=DIRECTION('',(-1.,0.,0.));
#8627=DIRECTION('',(0.,0.,1.));
#8628=DIRECTION('',(-1.,0.,0.));
#8629=DIRECTION('',(0.,0.,1.));
#8630=DIRECTION('',(1.,0.,0.));
#8631=DIRECTION('',(0.,0.,-1.));
#8632=DIRECTION('',(-1.,0.,0.));
#8633=DIRECTION('',(0.,0.,1.));
#8634=DIRECTION('',(-1.,0.,0.));
#8635=DIRECTION('',(0.,0.,1.));
#8636=DIRECTION('',(1.,0.,0.));
#8637=DIRECTION('',(0.,0.,-1.));
#8638=DIRECTION('',(-1.,0.,0.));
#8639=DIRECTION('',(0.,0.,1.));
#8640=DIRECTION('',(-1.,0.,0.));
#8641=DIRECTION('',(0.,0.,1.));
#8642=DIRECTION('',(-1.,0.,0.));
#8643=DIRECTION('',(-1.,0.,0.));
#8644=DIRECTION('',(0.,0.,1.));
#8645=DIRECTION('',(1.,0.,0.));
#8646=DIRECTION('',(0.,0.,-1.));
#8647=DIRECTION('',(-1.,0.,0.));
#8648=DIRECTION('',(0.,0.,1.));
#8649=DIRECTION('',(-1.,0.,0.));
#8650=DIRECTION('',(-1.,0.,0.));
#8651=DIRECTION('',(0.,0.,1.));
#8652=DIRECTION('',(1.,0.,0.));
#8653=DIRECTION('',(0.,0.,-1.));
#8654=DIRECTION('',(-1.,0.,0.));
#8655=DIRECTION('',(0.,0.,1.));
#8656=DIRECTION('',(-1.,0.,0.));
#8657=DIRECTION('',(-1.,0.,0.));
#8658=DIRECTION('',(0.,0.,1.));
#8659=DIRECTION('',(1.,0.,0.));
#8660=DIRECTION('',(0.,0.,-1.));
#8661=DIRECTION('',(-1.,0.,0.));
#8662=DIRECTION('',(0.,0.,1.));
#8663=DIRECTION('',(-1.,0.,0.));
#8664=DIRECTION('',(-1.,0.,0.));
#8665=DIRECTION('',(0.,0.,1.));
#8666=DIRECTION('',(1.,0.,0.));
#8667=DIRECTION('',(0.,0.,-1.));
#8668=DIRECTION('',(-1.,0.,0.));
#8669=DIRECTION('',(0.,0.,1.));
#8670=DIRECTION('',(-1.,0.,0.));
#8671=DIRECTION('',(-1.,0.,0.));
#8672=DIRECTION('',(0.,0.,1.));
#8673=DIRECTION('',(1.,0.,0.));
#8674=DIRECTION('',(0.,0.,-1.));
#8675=DIRECTION('',(-1.,0.,0.));
#8676=DIRECTION('',(0.,0.,-1.));
#8677=DIRECTION('',(-1.,0.,0.));
#8678=DIRECTION('',(0.,1.,0.));
#8679=DIRECTION('',(-1.,0.,0.));
#8680=DIRECTION('',(0.,0.,-1.));
#8681=DIRECTION('',(-1.,0.,0.));
#8682=DIRECTION('',(0.,-1.,0.));
#8683=DIRECTION('',(0.,1.,0.));
#8684=DIRECTION('',(-1.,0.,0.));
#8685=DIRECTION('',(0.,0.,-1.));
#8686=DIRECTION('',(-1.,0.,0.));
#8687=DIRECTION('',(0.,-1.,0.));
#8688=DIRECTION('',(0.,1.,0.));
#8689=DIRECTION('',(-1.,0.,0.));
#8690=DIRECTION('',(0.,0.,-1.));
#8691=DIRECTION('',(-1.,0.,0.));
#8692=DIRECTION('',(0.,-1.,0.));
#8693=DIRECTION('',(0.,1.,0.));
#8694=DIRECTION('',(-1.,0.,0.));
#8695=DIRECTION('',(0.,0.,-1.));
#8696=DIRECTION('',(-1.,0.,0.));
#8697=DIRECTION('',(0.,-1.,0.));
#8698=DIRECTION('',(0.,1.,0.));
#8699=DIRECTION('',(-1.,0.,0.));
#8700=DIRECTION('',(0.,0.,-1.));
#8701=DIRECTION('',(-1.,0.,0.));
#8702=DIRECTION('',(0.,-1.,0.));
#8703=DIRECTION('',(-1.,0.,0.));
#8704=DIRECTION('',(-1.,0.,0.));
#8705=DIRECTION('',(0.,0.,1.));
#8706=DIRECTION('',(-1.,0.,0.));
#8707=DIRECTION('',(0.,0.,1.));
#8708=DIRECTION('',(-1.,0.,0.));
#8709=DIRECTION('',(0.,0.,1.));
#8710=DIRECTION('',(1.,0.,0.));
#8711=DIRECTION('',(0.,0.,-1.));
#8712=DIRECTION('',(-1.,0.,0.));
#8713=DIRECTION('',(0.,0.,1.));
#8714=DIRECTION('',(-1.,0.,0.));
#8715=DIRECTION('',(0.,0.,1.));
#8716=DIRECTION('',(1.,0.,0.));
#8717=DIRECTION('',(0.,0.,-1.));
#8718=DIRECTION('',(-1.,0.,0.));
#8719=DIRECTION('',(0.,0.,1.));
#8720=DIRECTION('',(-1.,0.,0.));
#8721=DIRECTION('',(0.,0.,1.));
#8722=DIRECTION('',(1.,0.,0.));
#8723=DIRECTION('',(0.,0.,-1.));
#8724=DIRECTION('',(-1.,0.,0.));
#8725=DIRECTION('',(0.,0.,1.));
#8726=DIRECTION('',(-1.,0.,0.));
#8727=DIRECTION('',(0.,0.,1.));
#8728=DIRECTION('',(1.,0.,0.));
#8729=DIRECTION('',(0.,0.,-1.));
#8730=DIRECTION('',(-1.,0.,0.));
#8731=DIRECTION('',(0.,0.,1.));
#8732=DIRECTION('',(-1.,0.,0.));
#8733=DIRECTION('',(0.,0.,1.));
#8734=DIRECTION('',(1.,0.,0.));
#8735=DIRECTION('',(0.,0.,-1.));
#8736=DIRECTION('',(-0.707106781186548,0.,0.707106781186548));
#8737=DIRECTION('',(0.707106781186548,0.,0.707106781186548));
#8738=DIRECTION('',(0.707106781186548,0.,0.707106781186548));
#8739=DIRECTION('',(0.707106781186548,0.,-0.707106781186548));
#8740=DIRECTION('',(-1.,0.,0.));
#8741=DIRECTION('',(0.,0.,1.));
#8742=DIRECTION('',(0.,-1.,0.));
#8743=DIRECTION('',(0.,-1.,0.));
#8744=DIRECTION('',(1.,0.,0.));
#8745=DIRECTION('',(0.,0.,-1.));
#8746=DIRECTION('',(0.,-1.,0.));
#8747=DIRECTION('',(0.,-1.,0.));
#8748=DIRECTION('',(0.,0.,1.));
#8749=DIRECTION('',(1.,0.,0.));
#8750=DIRECTION('',(0.707106781186548,0.,0.707106781186548));
#8751=DIRECTION('',(0.707106781186548,0.,-0.707106781186548));
#8752=DIRECTION('',(-0.70710678118655,0.,0.707106781186545));
#8753=DIRECTION('',(0.707106781186545,0.,0.70710678118655));
#8754=DIRECTION('',(-1.,0.,0.));
#8755=DIRECTION('',(0.,0.,1.));
#8756=DIRECTION('',(0.,-1.,0.));
#8757=DIRECTION('',(0.,-1.,0.));
#8758=DIRECTION('',(1.,0.,0.));
#8759=DIRECTION('',(0.,0.,-1.));
#8760=DIRECTION('',(0.,-1.,0.));
#8761=DIRECTION('',(0.,-1.,0.));
#8762=DIRECTION('',(0.,0.,1.));
#8763=DIRECTION('',(1.,0.,0.));
#8764=DIRECTION('',(0.707106781186548,0.,0.707106781186548));
#8765=DIRECTION('',(0.707106781186548,0.,-0.707106781186548));
#8766=DIRECTION('',(-0.707106781186549,0.,0.707106781186546));
#8767=DIRECTION('',(0.707106781186546,0.,0.707106781186549));
#8768=DIRECTION('',(-1.,0.,0.));
#8769=DIRECTION('',(0.,0.,1.));
#8770=DIRECTION('',(0.,-1.,0.));
#8771=DIRECTION('',(0.,-1.,0.));
#8772=DIRECTION('',(1.,0.,0.));
#8773=DIRECTION('',(0.,0.,-1.));
#8774=DIRECTION('',(0.,-1.,0.));
#8775=DIRECTION('',(0.,-1.,0.));
#8776=DIRECTION('',(0.,0.,1.));
#8777=DIRECTION('',(1.,0.,0.));
#8778=DIRECTION('',(0.707106781186548,0.,0.707106781186547));
#8779=DIRECTION('',(0.707106781186547,0.,-0.707106781186548));
#8780=DIRECTION('',(-0.707106781186548,0.,0.707106781186547));
#8781=DIRECTION('',(0.707106781186547,0.,0.707106781186548));
#8782=DIRECTION('',(-1.,0.,0.));
#8783=DIRECTION('',(0.,0.,1.));
#8784=DIRECTION('',(0.,-1.,0.));
#8785=DIRECTION('',(0.,-1.,0.));
#8786=DIRECTION('',(1.,0.,0.));
#8787=DIRECTION('',(0.,0.,-1.));
#8788=DIRECTION('',(0.,-1.,0.));
#8789=DIRECTION('',(0.,-1.,0.));
#8790=DIRECTION('',(0.,0.,1.));
#8791=DIRECTION('',(1.,0.,0.));
#8792=DIRECTION('',(0.707106781186548,0.,0.707106781186547));
#8793=DIRECTION('',(0.707106781186547,0.,-0.707106781186548));
#8794=DIRECTION('',(-0.707106781186548,0.,0.707106781186547));
#8795=DIRECTION('',(0.707106781186547,0.,0.707106781186548));
#8796=DIRECTION('',(-0.70710678118655,0.,0.707106781186545));
#8797=DIRECTION('',(0.707106781186545,0.,0.70710678118655));
#8798=DIRECTION('',(0.,-1.,0.));
#8799=DIRECTION('',(0.70710678118655,0.,0.707106781186545));
#8800=DIRECTION('',(0.707106781186545,0.,-0.70710678118655));
#8801=DIRECTION('',(0.,-1.,0.));
#8802=DIRECTION('',(0.,0.,1.));
#8803=DIRECTION('',(1.,0.,0.));
#8804=DIRECTION('',(0.,-1.,0.));
#8805=DIRECTION('',(0.,-1.,0.));
#8806=DIRECTION('',(-1.,0.,0.));
#8807=DIRECTION('',(0.,0.,1.));
#8808=DIRECTION('',(1.,0.,0.));
#8809=DIRECTION('',(0.,0.,-1.));
#8810=DIRECTION('',(1.,0.,0.));
#8811=DIRECTION('',(0.,0.,-1.));
#8812=DIRECTION('',(0.,-1.,0.));
#8813=DIRECTION('',(0.,-1.,0.));
#8814=DIRECTION('',(0.70710678118655,0.,-0.707106781186545));
#8815=DIRECTION('',(-0.707106781186545,0.,-0.70710678118655));
#8816=DIRECTION('',(-1.,0.,0.));
#8817=DIRECTION('',(0.,0.,1.));
#8818=DIRECTION('',(0.,-1.,0.));
#8819=DIRECTION('',(0.,-1.,0.));
#8820=DIRECTION('',(-0.707106781186548,0.,-0.707106781186548));
#8821=DIRECTION('',(-0.707106781186548,0.,0.707106781186548));
#8822=DIRECTION('',(0.,0.,-1.));
#8823=DIRECTION('',(-1.,0.,0.));
#8824=DIRECTION('',(1.,0.,0.));
#8825=DIRECTION('',(0.,0.,-1.));
#8826=DIRECTION('',(0.,-1.,0.));
#8827=DIRECTION('',(0.,-1.,0.));
#8828=DIRECTION('',(0.707106781186548,0.,-0.707106781186547));
#8829=DIRECTION('',(-0.707106781186547,0.,-0.707106781186548));
#8830=DIRECTION('',(-1.,0.,0.));
#8831=DIRECTION('',(0.,0.,1.));
#8832=DIRECTION('',(0.,-1.,0.));
#8833=DIRECTION('',(0.,-1.,0.));
#8834=DIRECTION('',(-0.70710678118655,0.,-0.707106781186545));
#8835=DIRECTION('',(-0.707106781186545,0.,0.70710678118655));
#8836=DIRECTION('',(0.,0.,-1.));
#8837=DIRECTION('',(-1.,0.,0.));
#8838=DIRECTION('',(1.,0.,0.));
#8839=DIRECTION('',(0.,0.,-1.));
#8840=DIRECTION('',(0.,-1.,0.));
#8841=DIRECTION('',(0.,-1.,0.));
#8842=DIRECTION('',(0.707106781186548,0.,-0.707106781186547));
#8843=DIRECTION('',(-0.707106781186547,0.,-0.707106781186548));
#8844=DIRECTION('',(-1.,0.,0.));
#8845=DIRECTION('',(0.,0.,1.));
#8846=DIRECTION('',(0.,-1.,0.));
#8847=DIRECTION('',(0.,-1.,0.));
#8848=DIRECTION('',(-0.707106781186549,0.,-0.707106781186546));
#8849=DIRECTION('',(-0.707106781186546,0.,0.707106781186549));
#8850=DIRECTION('',(0.,0.,-1.));
#8851=DIRECTION('',(-1.,0.,0.));
#8852=DIRECTION('',(1.,0.,0.));
#8853=DIRECTION('',(0.,0.,-1.));
#8854=DIRECTION('',(0.,-1.,0.));
#8855=DIRECTION('',(0.,-1.,0.));
#8856=DIRECTION('',(0.707106781186548,0.,-0.707106781186548));
#8857=DIRECTION('',(-0.707106781186548,0.,-0.707106781186548));
#8858=DIRECTION('',(-1.,0.,0.));
#8859=DIRECTION('',(0.,0.,1.));
#8860=DIRECTION('',(0.,-1.,0.));
#8861=DIRECTION('',(0.,-1.,0.));
#8862=DIRECTION('',(-0.707106781186548,0.,-0.707106781186547));
#8863=DIRECTION('',(-0.707106781186547,0.,0.707106781186548));
#8864=DIRECTION('',(0.,0.,-1.));
#8865=DIRECTION('',(-1.,0.,0.));
#8866=DIRECTION('',(1.,0.,0.));
#8867=DIRECTION('',(0.,0.,-1.));
#8868=DIRECTION('',(0.,-1.,0.));
#8869=DIRECTION('',(0.,-1.,0.));
#8870=DIRECTION('',(0.707106781186548,0.,-0.707106781186548));
#8871=DIRECTION('',(-0.707106781186548,0.,-0.707106781186548));
#8872=DIRECTION('',(-1.,0.,0.));
#8873=DIRECTION('',(0.,0.,1.));
#8874=DIRECTION('',(0.,-1.,0.));
#8875=DIRECTION('',(0.,-1.,0.));
#8876=DIRECTION('',(-0.70710678118655,0.,-0.707106781186545));
#8877=DIRECTION('',(-0.707106781186545,0.,0.70710678118655));
#8878=DIRECTION('',(0.,0.,-1.));
#8879=DIRECTION('',(-1.,0.,0.));
#8880=DIRECTION('',(0.707106781186548,0.,-0.707106781186548));
#8881=DIRECTION('',(-0.707106781186548,0.,-0.707106781186548));
#8882=DIRECTION('',(-0.707106781186548,0.,-0.707106781186548));
#8883=DIRECTION('',(-0.707106781186548,0.,0.707106781186548));
#8884=DIRECTION('',(0.,1.,0.));
#8885=DIRECTION('',(1.,0.,0.));
#8886=CARTESIAN_POINT('',(0.,0.,0.));
#8887=CARTESIAN_POINT('',(0.,0.,0.));
#8888=CARTESIAN_POINT('',(0.2925,0.,0.));
#8889=CARTESIAN_POINT('',(0.2925,0.,0.036));
#8890=CARTESIAN_POINT('',(0.2925,0.,0.055));
#8891=CARTESIAN_POINT('',(0.,0.,0.036));
#8892=CARTESIAN_POINT('',(0.3,0.,0.036));
#8893=CARTESIAN_POINT('',(0.3,0.,0.055));
#8894=CARTESIAN_POINT('',(0.3,0.,0.055));
#8895=CARTESIAN_POINT('',(-0.3,0.,0.055));
#8896=CARTESIAN_POINT('',(0.,0.,0.));
#8897=CARTESIAN_POINT('',(0.2075,0.,0.));
#8898=CARTESIAN_POINT('',(0.2075,0.,0.055));
#8899=CARTESIAN_POINT('',(0.2075,0.,0.036));
#8900=CARTESIAN_POINT('',(-0.3,0.,0.055));
#8901=CARTESIAN_POINT('',(0.1925,0.,0.055));
#8902=CARTESIAN_POINT('',(0.1925,0.,0.));
#8903=CARTESIAN_POINT('',(0.1925,-1.70740499604016E-17,0.036));
#8904=CARTESIAN_POINT('',(0.,0.,0.036));
#8905=CARTESIAN_POINT('',(0.,0.,0.));
#8906=CARTESIAN_POINT('',(0.1075,0.,0.));
#8907=CARTESIAN_POINT('',(0.1075,0.,0.055));
#8908=CARTESIAN_POINT('',(0.1075,0.,0.036));
#8909=CARTESIAN_POINT('',(-0.3,0.,0.055));
#8910=CARTESIAN_POINT('',(0.0925,0.,0.055));
#8911=CARTESIAN_POINT('',(0.0925,0.,0.));
#8912=CARTESIAN_POINT('',(0.0925,0.,0.036));
#8913=CARTESIAN_POINT('',(0.,0.,0.036));
#8914=CARTESIAN_POINT('',(0.,0.,0.));
#8915=CARTESIAN_POINT('',(0.00749999999999997,0.,0.));
#8916=CARTESIAN_POINT('',(0.00749999999999997,0.,0.055));
#8917=CARTESIAN_POINT('',(0.00750000000000002,1.70740499604016E-17,0.036));
#8918=CARTESIAN_POINT('',(-0.3,0.,0.055));
#8919=CARTESIAN_POINT('',(-0.00750000000000006,0.,0.055));
#8920=CARTESIAN_POINT('',(-0.00750000000000006,0.,0.));
#8921=CARTESIAN_POINT('',(-0.00750000000000007,0.,0.036));
#8922=CARTESIAN_POINT('',(0.,0.,0.036));
#8923=CARTESIAN_POINT('',(0.,0.,0.));
#8924=CARTESIAN_POINT('',(-0.0925,0.,0.));
#8925=CARTESIAN_POINT('',(-0.0925,0.,0.055));
#8926=CARTESIAN_POINT('',(-0.0925,0.,0.036));
#8927=CARTESIAN_POINT('',(-0.3,0.,0.055));
#8928=CARTESIAN_POINT('',(-0.1075,0.,0.055));
#8929=CARTESIAN_POINT('',(-0.1075,0.,0.));
#8930=CARTESIAN_POINT('',(-0.1075,3.41480999208033E-17,0.036));
#8931=CARTESIAN_POINT('',(0.,0.,0.036));
#8932=CARTESIAN_POINT('',(0.,0.,0.));
#8933=CARTESIAN_POINT('',(-0.1925,0.,0.));
#8934=CARTESIAN_POINT('',(-0.1925,0.,0.055));
#8935=CARTESIAN_POINT('',(-0.1925,3.41480999208033E-17,0.036));
#8936=CARTESIAN_POINT('',(-0.3,0.,0.055));
#8937=CARTESIAN_POINT('',(-0.2075,0.,0.055));
#8938=CARTESIAN_POINT('',(-0.2075,0.,0.));
#8939=CARTESIAN_POINT('',(-0.2075,0.,0.036));
#8940=CARTESIAN_POINT('',(0.,0.,0.036));
#8941=CARTESIAN_POINT('',(0.,0.,0.));
#8942=CARTESIAN_POINT('',(-0.2925,0.,0.));
#8943=CARTESIAN_POINT('',(-0.2925,0.,0.055));
#8944=CARTESIAN_POINT('',(-0.2925,-3.41480999208033E-17,0.036));
#8945=CARTESIAN_POINT('',(-0.3,0.,0.055));
#8946=CARTESIAN_POINT('',(-0.3,0.,0.055));
#8947=CARTESIAN_POINT('',(-0.3,0.,-0.055));
#8948=CARTESIAN_POINT('',(-0.3,0.,0.036));
#8949=CARTESIAN_POINT('',(0.,0.,0.036));
#8950=CARTESIAN_POINT('',(0.,0.,0.));
#8951=CARTESIAN_POINT('',(0.2925,0.,0.));
#8952=CARTESIAN_POINT('',(0.2925,0.,-0.055));
#8953=CARTESIAN_POINT('',(0.2925,0.,-0.036));
#8954=CARTESIAN_POINT('',(0.3,0.,-0.055));
#8955=CARTESIAN_POINT('',(0.3,0.,-0.055));
#8956=CARTESIAN_POINT('',(0.3,0.,0.055));
#8957=CARTESIAN_POINT('',(0.3,-2.13425624505021E-18,-0.036));
#8958=CARTESIAN_POINT('',(0.,0.,-0.036));
#8959=CARTESIAN_POINT('',(0.,0.,0.));
#8960=CARTESIAN_POINT('',(0.2075,0.,0.));
#8961=CARTESIAN_POINT('',(0.2075,-1.70740499604016E-17,-0.036));
#8962=CARTESIAN_POINT('',(0.2075,0.,-0.055));
#8963=CARTESIAN_POINT('',(0.,0.,-0.036));
#8964=CARTESIAN_POINT('',(0.1925,0.,-0.036));
#8965=CARTESIAN_POINT('',(0.1925,0.,0.));
#8966=CARTESIAN_POINT('',(0.1925,0.,-0.055));
#8967=CARTESIAN_POINT('',(0.3,0.,-0.055));
#8968=CARTESIAN_POINT('',(0.,0.,0.));
#8969=CARTESIAN_POINT('',(0.1075,0.,0.));
#8970=CARTESIAN_POINT('',(0.1075,0.,-0.036));
#8971=CARTESIAN_POINT('',(0.1075,0.,-0.055));
#8972=CARTESIAN_POINT('',(0.,0.,-0.036));
#8973=CARTESIAN_POINT('',(0.0924999999999999,0.,-0.036));
#8974=CARTESIAN_POINT('',(0.0925,0.,0.));
#8975=CARTESIAN_POINT('',(0.0925,0.,-0.055));
#8976=CARTESIAN_POINT('',(0.3,0.,-0.055));
#8977=CARTESIAN_POINT('',(0.,0.,0.));
#8978=CARTESIAN_POINT('',(0.00749999999999997,0.,0.));
#8979=CARTESIAN_POINT('',(0.00749999999999999,0.,-0.036));
#8980=CARTESIAN_POINT('',(0.00749999999999997,0.,-0.055));
#8981=CARTESIAN_POINT('',(0.,0.,-0.036));
#8982=CARTESIAN_POINT('',(-0.00750000000000009,0.,-0.036));
#8983=CARTESIAN_POINT('',(-0.00750000000000006,0.,0.));
#8984=CARTESIAN_POINT('',(-0.00750000000000006,0.,-0.055));
#8985=CARTESIAN_POINT('',(0.3,0.,-0.055));
#8986=CARTESIAN_POINT('',(0.,0.,0.));
#8987=CARTESIAN_POINT('',(-0.0925,0.,0.));
#8988=CARTESIAN_POINT('',(-0.0925000000000001,0.,-0.036));
#8989=CARTESIAN_POINT('',(-0.0925,0.,-0.055));
#8990=CARTESIAN_POINT('',(0.,0.,-0.036));
#8991=CARTESIAN_POINT('',(-0.1075,0.,-0.036));
#8992=CARTESIAN_POINT('',(-0.1075,0.,0.));
#8993=CARTESIAN_POINT('',(-0.1075,0.,-0.055));
#8994=CARTESIAN_POINT('',(0.3,0.,-0.055));
#8995=CARTESIAN_POINT('',(0.,0.,0.));
#8996=CARTESIAN_POINT('',(-0.1925,0.,0.));
#8997=CARTESIAN_POINT('',(-0.1925,0.,-0.036));
#8998=CARTESIAN_POINT('',(-0.1925,0.,-0.055));
#8999=CARTESIAN_POINT('',(0.,0.,-0.036));
#9000=CARTESIAN_POINT('',(-0.2075,0.,-0.036));
#9001=CARTESIAN_POINT('',(-0.2075,0.,0.));
#9002=CARTESIAN_POINT('',(-0.2075,0.,-0.055));
#9003=CARTESIAN_POINT('',(0.3,0.,-0.055));
#9004=CARTESIAN_POINT('',(0.,0.,0.));
#9005=CARTESIAN_POINT('',(-0.2925,0.,0.));
#9006=CARTESIAN_POINT('',(-0.2925,0.,-0.036));
#9007=CARTESIAN_POINT('',(-0.2925,0.,-0.055));
#9008=CARTESIAN_POINT('',(0.,0.,-0.036));
#9009=CARTESIAN_POINT('',(-0.3,0.,-0.036));
#9010=CARTESIAN_POINT('',(-0.3,0.,-0.055));
#9011=CARTESIAN_POINT('',(-0.3,0.,-0.055));
#9012=CARTESIAN_POINT('',(0.3,0.,-0.055));
#9013=CARTESIAN_POINT('',(0.3,0.32,-0.055));
#9014=CARTESIAN_POINT('',(0.152157303370787,0.229651685393259,-0.055));
#9015=CARTESIAN_POINT('',(0.2815,0.018,-0.055));
#9016=CARTESIAN_POINT('',(0.3,0.018,-0.055));
#9017=CARTESIAN_POINT('',(0.2765,0.018,-0.055));
#9018=CARTESIAN_POINT('',(0.437182320441989,0.196535911602209,-0.055));
#9019=CARTESIAN_POINT('',(0.2675,0.008,-0.055));
#9020=CARTESIAN_POINT('',(0.3,0.00800000000000002,-0.055));
#9021=CARTESIAN_POINT('',(0.2325,0.008,-0.055));
#9022=CARTESIAN_POINT('',(0.107569060773481,0.146812154696132,-0.055));
#9023=CARTESIAN_POINT('',(0.2235,0.018,-0.055));
#9024=CARTESIAN_POINT('',(0.3,0.018,-0.055));
#9025=CARTESIAN_POINT('',(0.2185,0.018,-0.055));
#9026=CARTESIAN_POINT('',(0.375033707865169,0.27414606741573,-0.055));
#9027=CARTESIAN_POINT('',(0.0793483146067415,0.185157303370786,-0.055));
#9028=CARTESIAN_POINT('',(0.1815,0.018,-0.055));
#9029=CARTESIAN_POINT('',(0.3,0.0179999999999999,-0.055));
#9030=CARTESIAN_POINT('',(0.1765,0.018,-0.055));
#9031=CARTESIAN_POINT('',(0.381933701657459,0.246259668508287,-0.055));
#9032=CARTESIAN_POINT('',(0.1675,0.008,-0.055));
#9033=CARTESIAN_POINT('',(0.3,0.00800000000000002,-0.055));
#9034=CARTESIAN_POINT('',(0.1325,0.008,-0.055));
#9035=CARTESIAN_POINT('',(0.0523204419889504,0.0970883977900551,-0.055));
#9036=CARTESIAN_POINT('',(0.1235,0.018,-0.055));
#9037=CARTESIAN_POINT('',(0.3,0.018,-0.055));
#9038=CARTESIAN_POINT('',(0.1185,0.018,-0.055));
#9039=CARTESIAN_POINT('',(0.302224719101124,0.318640449438202,-0.055));
#9040=CARTESIAN_POINT('',(0.00653932584269665,0.140662921348314,-0.055));
#9041=CARTESIAN_POINT('',(0.0814999999999999,0.018,-0.055));
#9042=CARTESIAN_POINT('',(0.3,0.0179999999999998,-0.055));
#9043=CARTESIAN_POINT('',(0.0764999999999999,0.018,-0.055));
#9044=CARTESIAN_POINT('',(0.326685082872928,0.295983425414365,-0.055));
#9045=CARTESIAN_POINT('',(0.0674999999999999,0.008,-0.055));
#9046=CARTESIAN_POINT('',(0.3,0.00800000000000002,-0.055));
#9047=CARTESIAN_POINT('',(0.0325,0.008,-0.055));
#9048=CARTESIAN_POINT('',(-0.00292817679558001,0.0473646408839777,-0.055));
#9049=CARTESIAN_POINT('',(0.0235,0.018,-0.055));
#9050=CARTESIAN_POINT('',(0.3,0.018,-0.055));
#9051=CARTESIAN_POINT('',(0.0185,0.018,-0.055));
#9052=CARTESIAN_POINT('',(0.229415730337079,0.363134831460674,-0.055));
#9053=CARTESIAN_POINT('',(-0.0662696629213483,0.0961685393258424,-0.055));
#9054=CARTESIAN_POINT('',(-0.0185000000000001,0.018,-0.055));
#9055=CARTESIAN_POINT('',(0.3,0.0179999999999997,-0.055));
#9056=CARTESIAN_POINT('',(-0.0235000000000001,0.018,-0.055));
#9057=CARTESIAN_POINT('',(0.271436464088398,0.345707182320442,-0.055));
#9058=CARTESIAN_POINT('',(-0.0325000000000001,0.008,-0.055));
#9059=CARTESIAN_POINT('',(0.3,0.00800000000000002,-0.055));
#9060=CARTESIAN_POINT('',(-0.0675,0.008,-0.055));
#9061=CARTESIAN_POINT('',(-0.0581767955801103,-0.00235911602209966,-0.055));
#9062=CARTESIAN_POINT('',(-0.0765,0.018,-0.055));
#9063=CARTESIAN_POINT('',(0.3,0.018,-0.055));
#9064=CARTESIAN_POINT('',(-0.0815,0.018,-0.055));
#9065=CARTESIAN_POINT('',(0.156606741573034,0.407629213483146,-0.055));
#9066=CARTESIAN_POINT('',(-0.139078651685393,0.0516741573033704,-0.055));
#9067=CARTESIAN_POINT('',(-0.1185,0.018,-0.055));
#9068=CARTESIAN_POINT('',(0.3,0.0179999999999996,-0.055));
#9069=CARTESIAN_POINT('',(-0.1235,0.018,-0.055));
#9070=CARTESIAN_POINT('',(0.216187845303868,0.395430939226519,-0.055));
#9071=CARTESIAN_POINT('',(-0.1325,0.008,-0.055));
#9072=CARTESIAN_POINT('',(0.3,0.00800000000000002,-0.055));
#9073=CARTESIAN_POINT('',(-0.1675,0.008,-0.055));
#9074=CARTESIAN_POINT('',(-0.113425414364641,-0.0520828729281767,-0.055));
#9075=CARTESIAN_POINT('',(-0.1765,0.018,-0.055));
#9076=CARTESIAN_POINT('',(0.3,0.018,-0.055));
#9077=CARTESIAN_POINT('',(-0.1815,0.018,-0.055));
#9078=CARTESIAN_POINT('',(0.0837977528089889,0.452123595505618,-0.055));
#9079=CARTESIAN_POINT('',(-0.211887640449438,0.00717977528089868,-0.055));
#9080=CARTESIAN_POINT('',(-0.2185,0.018,-0.055));
#9081=CARTESIAN_POINT('',(0.3,0.0179999999999995,-0.055));
#9082=CARTESIAN_POINT('',(-0.2235,0.018,-0.055));
#9083=CARTESIAN_POINT('',(0.160939226519337,0.445154696132597,-0.055));
#9084=CARTESIAN_POINT('',(-0.2325,0.008,-0.055));
#9085=CARTESIAN_POINT('',(0.3,0.00800000000000002,-0.055));
#9086=CARTESIAN_POINT('',(-0.2675,0.008,-0.055));
#9087=CARTESIAN_POINT('',(-0.168674033149172,-0.101806629834254,-0.055));
#9088=CARTESIAN_POINT('',(-0.2765,0.018,-0.055));
#9089=CARTESIAN_POINT('',(0.3,0.018,-0.055));
#9090=CARTESIAN_POINT('',(-0.2815,0.018,-0.055));
#9091=CARTESIAN_POINT('',(0.0109887640449441,0.49661797752809,-0.055));
#9092=CARTESIAN_POINT('',(-0.3,0.32,-0.055));
#9093=CARTESIAN_POINT('',(-0.3,0.32,-0.055));
#9094=CARTESIAN_POINT('',(0.3,0.32,-0.055));
#9095=CARTESIAN_POINT('',(0.3,0.32,-0.055));
#9096=CARTESIAN_POINT('',(0.3,0.32,-0.055));
#9097=CARTESIAN_POINT('',(-0.3,0.32,0.055));
#9098=CARTESIAN_POINT('',(0.25,0.24,0.055));
#9099=CARTESIAN_POINT('',(0.235,0.24,0.055));
#9100=CARTESIAN_POINT('',(0.25,0.0799999999999999,0.055));
#9101=CARTESIAN_POINT('',(0.235,0.0799999999999999,0.055));
#9102=CARTESIAN_POINT('',(0.15,0.24,0.055));
#9103=CARTESIAN_POINT('',(0.135,0.24,0.055));
#9104=CARTESIAN_POINT('',(0.15,0.0799999999999999,0.055));
#9105=CARTESIAN_POINT('',(0.135,0.0799999999999999,0.055));
#9106=CARTESIAN_POINT('',(0.05,0.24,0.055));
#9107=CARTESIAN_POINT('',(0.035,0.24,0.055));
#9108=CARTESIAN_POINT('',(0.05,0.0799999999999999,0.055));
#9109=CARTESIAN_POINT('',(0.035,0.0799999999999999,0.055));
#9110=CARTESIAN_POINT('',(-0.05,0.24,0.055));
#9111=CARTESIAN_POINT('',(-0.065,0.24,0.055));
#9112=CARTESIAN_POINT('',(-0.05,0.0799999999999999,0.055));
#9113=CARTESIAN_POINT('',(-0.065,0.0799999999999999,0.055));
#9114=CARTESIAN_POINT('',(-0.15,0.24,0.055));
#9115=CARTESIAN_POINT('',(-0.165,0.24,0.055));
#9116=CARTESIAN_POINT('',(-0.15,0.0799999999999999,0.055));
#9117=CARTESIAN_POINT('',(-0.165,0.0799999999999999,0.055));
#9118=CARTESIAN_POINT('',(-0.25,0.24,0.055));
#9119=CARTESIAN_POINT('',(-0.265,0.24,0.055));
#9120=CARTESIAN_POINT('',(-0.25,0.0799999999999999,0.055));
#9121=CARTESIAN_POINT('',(-0.265,0.0799999999999999,0.055));
#9122=CARTESIAN_POINT('',(-0.0109887640449434,0.49661797752809,0.055));
#9123=CARTESIAN_POINT('',(0.2815,0.018,0.055));
#9124=CARTESIAN_POINT('',(0.3,0.32,0.055));
#9125=CARTESIAN_POINT('',(0.3,0.32,0.055));
#9126=CARTESIAN_POINT('',(-0.3,0.32,0.055));
#9127=CARTESIAN_POINT('',(-0.3,0.32,0.055));
#9128=CARTESIAN_POINT('',(-0.3,0.32,0.055));
#9129=CARTESIAN_POINT('',(-0.152157303370786,0.229651685393258,0.055));
#9130=CARTESIAN_POINT('',(-0.2815,0.018,0.055));
#9131=CARTESIAN_POINT('',(-0.3,0.018,0.055));
#9132=CARTESIAN_POINT('',(-0.2765,0.018,0.055));
#9133=CARTESIAN_POINT('',(-0.437182320441989,0.19653591160221,0.055));
#9134=CARTESIAN_POINT('',(-0.2675,0.008,0.055));
#9135=CARTESIAN_POINT('',(-0.3,0.00800000000000002,0.055));
#9136=CARTESIAN_POINT('',(-0.2325,0.008,0.055));
#9137=CARTESIAN_POINT('',(-0.107569060773481,0.146812154696133,0.055));
#9138=CARTESIAN_POINT('',(-0.2235,0.018,0.055));
#9139=CARTESIAN_POINT('',(-0.3,0.0180000000000001,0.055));
#9140=CARTESIAN_POINT('',(-0.2185,0.018,0.055));
#9141=CARTESIAN_POINT('',(-0.375033707865169,0.27414606741573,0.055));
#9142=CARTESIAN_POINT('',(-0.0793483146067416,0.185157303370786,0.055));
#9143=CARTESIAN_POINT('',(-0.1815,0.018,0.055));
#9144=CARTESIAN_POINT('',(-0.3,0.018,0.055));
#9145=CARTESIAN_POINT('',(-0.1765,0.018,0.055));
#9146=CARTESIAN_POINT('',(-0.381933701657459,0.246259668508287,0.055));
#9147=CARTESIAN_POINT('',(-0.1675,0.008,0.055));
#9148=CARTESIAN_POINT('',(-0.3,0.00800000000000002,0.055));
#9149=CARTESIAN_POINT('',(-0.1325,0.008,0.055));
#9150=CARTESIAN_POINT('',(-0.0523204419889504,0.0970883977900551,0.055));
#9151=CARTESIAN_POINT('',(-0.1235,0.018,0.055));
#9152=CARTESIAN_POINT('',(-0.3,0.0180000000000002,0.055));
#9153=CARTESIAN_POINT('',(-0.1185,0.018,0.055));
#9154=CARTESIAN_POINT('',(-0.302224719101124,0.318640449438202,0.055));
#9155=CARTESIAN_POINT('',(-0.00653932584269672,0.140662921348314,0.055));
#9156=CARTESIAN_POINT('',(-0.0815,0.018,0.055));
#9157=CARTESIAN_POINT('',(-0.3,0.018,0.055));
#9158=CARTESIAN_POINT('',(-0.0765,0.018,0.055));
#9159=CARTESIAN_POINT('',(-0.326685082872928,0.295983425414365,0.055));
#9160=CARTESIAN_POINT('',(-0.0675,0.008,0.055));
#9161=CARTESIAN_POINT('',(-0.3,0.00800000000000002,0.055));
#9162=CARTESIAN_POINT('',(-0.0325000000000001,0.008,0.055));
#9163=CARTESIAN_POINT('',(0.00292817679557987,0.0473646408839778,0.055));
#9164=CARTESIAN_POINT('',(-0.0235000000000001,0.018,0.055));
#9165=CARTESIAN_POINT('',(-0.3,0.0180000000000002,0.055));
#9166=CARTESIAN_POINT('',(-0.0185000000000001,0.018,0.055));
#9167=CARTESIAN_POINT('',(-0.229415730337079,0.363134831460674,0.055));
#9168=CARTESIAN_POINT('',(0.0662696629213482,0.0961685393258424,0.055));
#9169=CARTESIAN_POINT('',(0.0185,0.018,0.055));
#9170=CARTESIAN_POINT('',(-0.3,0.018,0.055));
#9171=CARTESIAN_POINT('',(0.0235,0.018,0.055));
#9172=CARTESIAN_POINT('',(-0.271436464088398,0.345707182320442,0.055));
#9173=CARTESIAN_POINT('',(0.0325,0.008,0.055));
#9174=CARTESIAN_POINT('',(-0.3,0.00800000000000002,0.055));
#9175=CARTESIAN_POINT('',(0.0674999999999999,0.008,0.055));
#9176=CARTESIAN_POINT('',(0.0581767955801102,-0.00235911602209959,0.055));
#9177=CARTESIAN_POINT('',(0.0764999999999999,0.018,0.055));
#9178=CARTESIAN_POINT('',(-0.3,0.0180000000000003,0.055));
#9179=CARTESIAN_POINT('',(0.0814999999999999,0.018,0.055));
#9180=CARTESIAN_POINT('',(-0.156606741573034,0.407629213483146,0.055));
#9181=CARTESIAN_POINT('',(0.139078651685393,0.0516741573033705,0.055));
#9182=CARTESIAN_POINT('',(0.1185,0.018,0.055));
#9183=CARTESIAN_POINT('',(-0.3,0.018,0.055));
#9184=CARTESIAN_POINT('',(0.1235,0.018,0.055));
#9185=CARTESIAN_POINT('',(-0.216187845303868,0.395430939226519,0.055));
#9186=CARTESIAN_POINT('',(0.1325,0.008,0.055));
#9187=CARTESIAN_POINT('',(-0.3,0.00800000000000002,0.055));
#9188=CARTESIAN_POINT('',(0.1675,0.008,0.055));
#9189=CARTESIAN_POINT('',(0.11342541436464,-0.0520828729281774,0.055));
#9190=CARTESIAN_POINT('',(0.1765,0.018,0.055));
#9191=CARTESIAN_POINT('',(-0.3,0.0180000000000004,0.055));
#9192=CARTESIAN_POINT('',(0.1815,0.018,0.055));
#9193=CARTESIAN_POINT('',(-0.0837977528089894,0.452123595505618,0.055));
#9194=CARTESIAN_POINT('',(0.211887640449438,0.00717977528089834,0.055));
#9195=CARTESIAN_POINT('',(0.2185,0.018,0.055));
#9196=CARTESIAN_POINT('',(-0.3,0.018,0.055));
#9197=CARTESIAN_POINT('',(0.2235,0.018,0.055));
#9198=CARTESIAN_POINT('',(-0.160939226519338,0.445154696132596,0.055));
#9199=CARTESIAN_POINT('',(0.2325,0.008,0.055));
#9200=CARTESIAN_POINT('',(-0.3,0.00800000000000002,0.055));
#9201=CARTESIAN_POINT('',(0.2675,0.008,0.055));
#9202=CARTESIAN_POINT('',(0.16867403314917,-0.101806629834255,0.055));
#9203=CARTESIAN_POINT('',(0.2765,0.018,0.055));
#9204=CARTESIAN_POINT('',(-0.3,0.0180000000000005,0.055));
#9205=CARTESIAN_POINT('',(0.6,0.018,0.0256076951545867));
#9206=CARTESIAN_POINT('',(0.351189873417721,-0.0960379746835442,0.0914475505359708));
#9207=CARTESIAN_POINT('',(0.2815,0.018,0.0256076951545867));
#9208=CARTESIAN_POINT('',(0.6,0.018,0.0256076951545867));
#9209=CARTESIAN_POINT('',(0.3,0.018,0.0256076951545867));
#9210=CARTESIAN_POINT('',(0.3,0.231772758664048,-0.0978140646055103));
#9211=CARTESIAN_POINT('',(0.6,0.018,0.0256076951545867));
#9212=CARTESIAN_POINT('',(0.6,0.018,0.0256076951545867));
#9213=CARTESIAN_POINT('',(0.2765,0.018,0.0256076951545868));
#9214=CARTESIAN_POINT('',(0.2235,0.018,0.0256076951545867));
#9215=CARTESIAN_POINT('',(0.398755832037326,0.153839813374806,-0.0528194576640259));
#9216=CARTESIAN_POINT('',(0.2675,0.008,0.031381197846483));
#9217=CARTESIAN_POINT('',(0.6,0.008,0.031381197846483));
#9218=CARTESIAN_POINT('',(0.2325,0.00800000000000001,0.031381197846483));
#9219=CARTESIAN_POINT('',(0.365785381026439,-0.140094867807154,0.116883809640546));
#9220=CARTESIAN_POINT('',(0.6,0.018,0.0256076951545867));
#9221=CARTESIAN_POINT('',(0.6,0.018,0.0256076951545867));
#9222=CARTESIAN_POINT('',(0.2185,0.018,0.0256076951545867));
#9223=CARTESIAN_POINT('',(0.1815,0.018,0.0256076951545867));
#9224=CARTESIAN_POINT('',(0.301974683544304,0.154594936708861,-0.0532554283242141));
#9225=CARTESIAN_POINT('',(0.273070524412297,-0.131842676311031,0.112119404658854));
#9226=CARTESIAN_POINT('',(0.6,0.018,0.0256076951545867));
#9227=CARTESIAN_POINT('',(0.6,0.018,0.0256076951545867));
#9228=CARTESIAN_POINT('',(0.1765,0.018,0.0256076951545868));
#9229=CARTESIAN_POINT('',(0.1235,0.018,0.0256076951545867));
#9230=CARTESIAN_POINT('',(0.336547433903578,0.195830482115086,-0.077062781564679));
#9231=CARTESIAN_POINT('',(0.1675,0.008,0.031381197846483));
#9232=CARTESIAN_POINT('',(0.6,0.008,0.031381197846483));
#9233=CARTESIAN_POINT('',(0.1325,0.00800000000000001,0.031381197846483));
#9234=CARTESIAN_POINT('',(0.303576982892691,-0.182085536547434,0.141127133541199));
#9235=CARTESIAN_POINT('',(0.6,0.018,0.0256076951545867));
#9236=CARTESIAN_POINT('',(0.6,0.018,0.0256076951545867));
#9237=CARTESIAN_POINT('',(0.1185,0.018,0.0256076951545867));
#9238=CARTESIAN_POINT('',(0.0814999999999999,0.018,0.0256076951545867));
#9239=CARTESIAN_POINT('',(0.223855334538879,0.190399638336347,-0.0739272824470976));
#9240=CARTESIAN_POINT('',(0.194951175406872,-0.167647377938517,0.132791258781738));
#9241=CARTESIAN_POINT('',(0.6,0.018,0.0256076951545867));
#9242=CARTESIAN_POINT('',(0.6,0.018,0.0256076951545867));
#9243=CARTESIAN_POINT('',(0.0764999999999999,0.018,0.0256076951545868));
#9244=CARTESIAN_POINT('',(0.0235,0.018,0.0256076951545867));
#9245=CARTESIAN_POINT('',(0.274339035769829,0.237821150855366,-0.101306105465332));
#9246=CARTESIAN_POINT('',(0.0674999999999999,0.008,0.031381197846483));
#9247=CARTESIAN_POINT('',(0.6,0.008,0.031381197846483));
#9248=CARTESIAN_POINT('',(0.0325,0.00800000000000003,0.031381197846483));
#9249=CARTESIAN_POINT('',(0.241368584758943,-0.224076205287714,0.165370457441852));
#9250=CARTESIAN_POINT('',(0.6,0.018,0.0256076951545867));
#9251=CARTESIAN_POINT('',(0.6,0.018,0.0256076951545867));
#9252=CARTESIAN_POINT('',(0.0185,0.018,0.0256076951545867));
#9253=CARTESIAN_POINT('',(-0.0185000000000001,0.018,0.0256076951545867));
#9254=CARTESIAN_POINT('',(0.145735985533454,0.226204339963834,-0.0945991365699811));
#9255=CARTESIAN_POINT('',(0.116831826401447,-0.203452079566004,0.153463112904622));
#9256=CARTESIAN_POINT('',(0.6,0.018,0.0256076951545867));
#9257=CARTESIAN_POINT('',(0.6,0.018,0.0256076951545867));
#9258=CARTESIAN_POINT('',(-0.0235000000000001,0.018,0.0256076951545867));
#9259=CARTESIAN_POINT('',(-0.0765,0.018,0.0256076951545867));
#9260=CARTESIAN_POINT('',(0.212130637636081,0.279811819595646,-0.125549429365985));
#9261=CARTESIAN_POINT('',(-0.0325000000000001,0.008,0.031381197846483));
#9262=CARTESIAN_POINT('',(0.6,0.008,0.031381197846483));
#9263=CARTESIAN_POINT('',(-0.0675,0.00799999999999999,0.031381197846483));
#9264=CARTESIAN_POINT('',(0.179160186625195,-0.266066874027994,0.189613781342505));
#9265=CARTESIAN_POINT('',(0.6,0.018,0.0256076951545867));
#9266=CARTESIAN_POINT('',(0.6,0.018,0.0256076951545867));
#9267=CARTESIAN_POINT('',(-0.0815,0.018,0.0256076951545867));
#9268=CARTESIAN_POINT('',(-0.1185,0.018,0.0256076951545867));
#9269=CARTESIAN_POINT('',(0.0676166365280292,0.26200904159132,-0.115270990692865));
#9270=CARTESIAN_POINT('',(0.038712477396022,-0.23925678119349,0.174134967027505));
#9271=CARTESIAN_POINT('',(0.6,0.018,0.0256076951545867));
#9272=CARTESIAN_POINT('',(0.6,0.018,0.0256076951545867));
#9273=CARTESIAN_POINT('',(-0.1235,0.018,0.0256076951545868));
#9274=CARTESIAN_POINT('',(-0.1765,0.018,0.0256076951545867));
#9275=CARTESIAN_POINT('',(0.149922239502333,0.321802488335926,-0.149792753266638));
#9276=CARTESIAN_POINT('',(-0.1325,0.008,0.031381197846483));
#9277=CARTESIAN_POINT('',(0.6,0.008,0.031381197846483));
#9278=CARTESIAN_POINT('',(-0.1675,0.00799999999999994,0.031381197846483));
#9279=CARTESIAN_POINT('',(0.116951788491446,-0.308057542768274,0.213857105243158));
#9280=CARTESIAN_POINT('',(0.6,0.018,0.0256076951545867));
#9281=CARTESIAN_POINT('',(0.6,0.018,0.0256076951545867));
#9282=CARTESIAN_POINT('',(-0.1815,0.018,0.0256076951545867));
#9283=CARTESIAN_POINT('',(-0.2185,0.018,0.0256076951545867));
#9284=CARTESIAN_POINT('',(-0.0105027124773959,0.297813743218807,-0.135942844815748));
#9285=CARTESIAN_POINT('',(-0.0394068716094032,-0.275061482820977,0.194806821150389));
#9286=CARTESIAN_POINT('',(0.6,0.018,0.0256076951545867));
#9287=CARTESIAN_POINT('',(0.6,0.018,0.0256076951545867));
#9288=CARTESIAN_POINT('',(-0.2235,0.018,0.0256076951545867));
#9289=CARTESIAN_POINT('',(-0.2765,0.018,0.0256076951545867));
#9290=CARTESIAN_POINT('',(0.0877138413685844,0.363793157076205,-0.174036077167291));
#9291=CARTESIAN_POINT('',(-0.2325,0.008,0.031381197846483));
#9292=CARTESIAN_POINT('',(0.6,0.008,0.031381197846483));
#9293=CARTESIAN_POINT('',(-0.2675,0.00799999999999998,0.031381197846483));
#9294=CARTESIAN_POINT('',(0.0547433903576979,-0.350048211508554,0.238100429143811));
#9295=CARTESIAN_POINT('',(0.6,0.018,0.0256076951545867));
#9296=CARTESIAN_POINT('',(0.6,0.018,0.0256076951545867));
#9297=CARTESIAN_POINT('',(-0.2815,0.018,0.0256076951545867));
#9298=CARTESIAN_POINT('',(-0.3,0.018,0.0256076951545867));
#9299=CARTESIAN_POINT('',(-0.0886220614828208,0.333618444846293,-0.156614698938632));
#9300=CARTESIAN_POINT('',(-0.3,0.279404155872192,-0.12531406460551));
#9301=CARTESIAN_POINT('',(0.6,-1.73472347597681E-18,-0.036));
#9302=CARTESIAN_POINT('',(0.6,0.018,-0.0256076951545867));
#9303=CARTESIAN_POINT('',(0.3,0.018,-0.0256076951545867));
#9304=CARTESIAN_POINT('',(0.2815,0.018,-0.0256076951545867));
#9305=CARTESIAN_POINT('',(0.359783001808318,-0.110099457504521,-0.0995659514278668));
#9306=CARTESIAN_POINT('',(0.3,0.279404155872192,0.12531406460551));
#9307=CARTESIAN_POINT('',(0.6,-1.73472347597681E-18,-0.036));
#9308=CARTESIAN_POINT('',(0.6,0.008,-0.031381197846483));
#9309=CARTESIAN_POINT('',(0.2325,0.00800000000000003,-0.031381197846483));
#9310=CARTESIAN_POINT('',(0.2675,0.008,-0.031381197846483));
#9311=CARTESIAN_POINT('',(0.388678071539658,0.142642301710731,0.0463545712905184));
#9312=CARTESIAN_POINT('',(0.2765,0.018,-0.0256076951545867));
#9313=CARTESIAN_POINT('',(0.6,0.018,-0.0256076951545867));
#9314=CARTESIAN_POINT('',(0.2235,0.018,-0.0256076951545867));
#9315=CARTESIAN_POINT('',(0.375863141524106,-0.151292379471229,-0.123348696014053));
#9316=CARTESIAN_POINT('',(0.6,-1.73472347597681E-18,-0.036));
#9317=CARTESIAN_POINT('',(0.293381555153707,0.140533453887885,0.045137027432318));
#9318=CARTESIAN_POINT('',(0.2185,0.018,-0.0256076951545867));
#9319=CARTESIAN_POINT('',(0.6,0.018,-0.0256076951545867));
#9320=CARTESIAN_POINT('',(0.1815,0.018,-0.0256076951545867));
#9321=CARTESIAN_POINT('',(0.281663652802894,-0.145904159132007,-0.12023780555075));
#9322=CARTESIAN_POINT('',(0.6,-1.73472347597681E-18,-0.036));
#9323=CARTESIAN_POINT('',(0.6,0.008,-0.031381197846483));
#9324=CARTESIAN_POINT('',(0.1325,0.00799999999999999,-0.031381197846483));
#9325=CARTESIAN_POINT('',(0.1675,0.008,-0.031381197846483));
#9326=CARTESIAN_POINT('',(0.32646967340591,0.184632970451011,0.0705978951911715));
#9327=CARTESIAN_POINT('',(0.1765,0.018,-0.0256076951545867));
#9328=CARTESIAN_POINT('',(0.6,0.018,-0.0256076951545867));
#9329=CARTESIAN_POINT('',(0.1235,0.018,-0.0256076951545867));
#9330=CARTESIAN_POINT('',(0.313654743390358,-0.193283048211509,-0.147592019914706));
#9331=CARTESIAN_POINT('',(0.6,-1.73472347597681E-18,-0.036));
#9332=CARTESIAN_POINT('',(0.215262206148282,0.176338155515371,0.0658088815552015));
#9333=CARTESIAN_POINT('',(0.1185,0.018,-0.0256076951545867));
#9334=CARTESIAN_POINT('',(0.6,0.018,-0.0256076951545867));
#9335=CARTESIAN_POINT('',(0.0814999999999999,0.018,-0.0256076951545867));
#9336=CARTESIAN_POINT('',(0.203544303797469,-0.181708860759494,-0.140909659673634));
#9337=CARTESIAN_POINT('',(0.6,-1.73472347597681E-18,-0.036));
#9338=CARTESIAN_POINT('',(0.6,0.008,-0.031381197846483));
#9339=CARTESIAN_POINT('',(0.0325,0.00800000000000005,-0.0313811978464829));
#9340=CARTESIAN_POINT('',(0.0674999999999999,0.008,-0.031381197846483));
#9341=CARTESIAN_POINT('',(0.264261275272162,0.226623639191291,0.0948412190918244));
#9342=CARTESIAN_POINT('',(0.0764999999999999,0.018,-0.0256076951545867));
#9343=CARTESIAN_POINT('',(0.6,0.018,-0.0256076951545867));
#9344=CARTESIAN_POINT('',(0.0235,0.018,-0.0256076951545867));
#9345=CARTESIAN_POINT('',(0.25144634525661,-0.235273716951789,-0.171835343815359));
#9346=CARTESIAN_POINT('',(0.6,-1.73472347597681E-18,-0.036));
#9347=CARTESIAN_POINT('',(0.137142857142857,0.212142857142857,0.086480735678085));
#9348=CARTESIAN_POINT('',(0.0184999999999999,0.018,-0.0256076951545867));
#9349=CARTESIAN_POINT('',(0.6,0.018,-0.0256076951545867));
#9350=CARTESIAN_POINT('',(-0.0185000000000001,0.018,-0.0256076951545867));
#9351=CARTESIAN_POINT('',(0.125424954792044,-0.21751356238698,-0.161581513796518));
#9352=CARTESIAN_POINT('',(0.6,-1.73472347597681E-18,-0.036));
#9353=CARTESIAN_POINT('',(0.6,0.008,-0.031381197846483));
#9354=CARTESIAN_POINT('',(-0.0675,0.00800000000000003,-0.031381197846483));
#9355=CARTESIAN_POINT('',(-0.0325000000000001,0.008,-0.031381197846483));
#9356=CARTESIAN_POINT('',(0.202052877138414,0.268614307931571,0.119084542992477));
#9357=CARTESIAN_POINT('',(-0.0235000000000001,0.018,-0.0256076951545868));
#9358=CARTESIAN_POINT('',(0.6,0.018,-0.0256076951545867));
#9359=CARTESIAN_POINT('',(-0.0765,0.018,-0.0256076951545867));
#9360=CARTESIAN_POINT('',(0.189237947122862,-0.277264385692069,-0.196078667716012));
#9361=CARTESIAN_POINT('',(0.6,-1.73472347597681E-18,-0.036));
#9362=CARTESIAN_POINT('',(0.0590235081374324,0.247947558770344,0.107152589800969));
#9363=CARTESIAN_POINT('',(-0.0815000000000001,0.018,-0.0256076951545867));
#9364=CARTESIAN_POINT('',(0.6,0.018,-0.0256076951545867));
#9365=CARTESIAN_POINT('',(-0.1185,0.018,-0.0256076951545867));
#9366=CARTESIAN_POINT('',(0.0473056057866187,-0.253318264014467,-0.182253367919401));
#9367=CARTESIAN_POINT('',(0.6,-1.73472347597681E-18,-0.036));
#9368=CARTESIAN_POINT('',(0.6,0.008,-0.031381197846483));
#9369=CARTESIAN_POINT('',(-0.1675,0.00800000000000001,-0.031381197846483));
#9370=CARTESIAN_POINT('',(-0.1325,0.008,-0.031381197846483));
#9371=CARTESIAN_POINT('',(0.139844479004666,0.310604976671851,0.143327866893131));
#9372=CARTESIAN_POINT('',(-0.1235,0.018,-0.0256076951545867));
#9373=CARTESIAN_POINT('',(0.6,0.018,-0.0256076951545867));
#9374=CARTESIAN_POINT('',(-0.1765,0.018,-0.0256076951545867));
#9375=CARTESIAN_POINT('',(0.127029548989113,-0.319255054432348,-0.220321991616665));
#9376=CARTESIAN_POINT('',(0.6,-1.73472347597681E-18,-0.036));
#9377=CARTESIAN_POINT('',(-0.0190958408679925,0.28375226039783,0.127824443923852));
#9378=CARTESIAN_POINT('',(-0.1815,0.018,-0.0256076951545867));
#9379=CARTESIAN_POINT('',(0.6,0.018,-0.0256076951545867));
#9380=CARTESIAN_POINT('',(-0.2185,0.018,-0.0256076951545867));
#9381=CARTESIAN_POINT('',(-0.0308137432188064,-0.289122965641953,-0.202925222042285));
#9382=CARTESIAN_POINT('',(0.6,-1.73472347597681E-18,-0.036));
#9383=CARTESIAN_POINT('',(0.6,0.008,-0.031381197846483));
#9384=CARTESIAN_POINT('',(-0.2675,0.00799999999999994,-0.0313811978464831));
#9385=CARTESIAN_POINT('',(-0.2325,0.008,-0.031381197846483));
#9386=CARTESIAN_POINT('',(0.0776360808709173,0.352595645412131,0.167571190793783));
#9387=CARTESIAN_POINT('',(-0.2235,0.0180000000000001,-0.0256076951545867));
#9388=CARTESIAN_POINT('',(0.6,0.018,-0.0256076951545867));
#9389=CARTESIAN_POINT('',(-0.2765,0.018,-0.0256076951545867));
#9390=CARTESIAN_POINT('',(0.0648211508553652,-0.361245723172628,-0.244565315517318));
#9391=CARTESIAN_POINT('',(0.6,-1.73472347597681E-18,-0.036));
#9392=CARTESIAN_POINT('',(-0.0972151898734174,0.319556962025317,0.148496298046736));
#9393=CARTESIAN_POINT('',(-0.2815,0.018,-0.0256076951545867));
#9394=CARTESIAN_POINT('',(0.6,0.018,-0.0256076951545867));
#9395=CARTESIAN_POINT('',(-0.3,0.018,-0.0256076951545867));
#9396=CARTESIAN_POINT('',(-0.3,0.231772758664048,0.0978140646055102));
#9397=CARTESIAN_POINT('',(-0.3,0.32,-0.055));
#9398=CARTESIAN_POINT('',(-0.3,0.32,-0.055));
#9399=CARTESIAN_POINT('',(-0.3,0.018,-0.055));
#9400=CARTESIAN_POINT('',(0.2675,0.32,-0.0175));
#9401=CARTESIAN_POINT('',(0.2325,0.32,-0.0175));
#9402=CARTESIAN_POINT('',(0.2325,0.32,-0.0175));
#9403=CARTESIAN_POINT('',(0.2325,0.018,-0.0175));
#9404=CARTESIAN_POINT('',(0.2675,0.018,-0.0175));
#9405=CARTESIAN_POINT('',(0.2675,0.018,-0.0175));
#9406=CARTESIAN_POINT('',(0.2675,0.32,-0.0175));
#9407=CARTESIAN_POINT('',(0.2675,0.32,-0.0175));
#9408=CARTESIAN_POINT('',(0.2675,0.32,-0.0175));
#9409=CARTESIAN_POINT('',(0.2675,0.32,0.0175));
#9410=CARTESIAN_POINT('',(0.2675,0.018,0.0175));
#9411=CARTESIAN_POINT('',(0.2675,0.018,0.0175));
#9412=CARTESIAN_POINT('',(0.2675,0.32,0.0175));
#9413=CARTESIAN_POINT('',(0.2675,0.32,0.0175));
#9414=CARTESIAN_POINT('',(0.2675,0.32,0.0175));
#9415=CARTESIAN_POINT('',(0.2325,0.32,0.0175));
#9416=CARTESIAN_POINT('',(0.2325,0.018,0.0175));
#9417=CARTESIAN_POINT('',(0.2325,0.018,0.0175));
#9418=CARTESIAN_POINT('',(0.2325,0.32,0.0175));
#9419=CARTESIAN_POINT('',(0.2325,0.32,0.0175));
#9420=CARTESIAN_POINT('',(0.2325,0.32,0.0175));
#9421=CARTESIAN_POINT('',(0.1675,0.32,-0.0175));
#9422=CARTESIAN_POINT('',(0.1325,0.32,-0.0175));
#9423=CARTESIAN_POINT('',(0.1325,0.32,-0.0175));
#9424=CARTESIAN_POINT('',(0.1325,0.018,-0.0175));
#9425=CARTESIAN_POINT('',(0.1675,0.018,-0.0175));
#9426=CARTESIAN_POINT('',(0.1675,0.018,-0.0175));
#9427=CARTESIAN_POINT('',(0.1675,0.32,-0.0175));
#9428=CARTESIAN_POINT('',(0.1675,0.32,-0.0175));
#9429=CARTESIAN_POINT('',(0.1675,0.32,-0.0175));
#9430=CARTESIAN_POINT('',(0.1675,0.32,0.0175));
#9431=CARTESIAN_POINT('',(0.1675,0.018,0.0175));
#9432=CARTESIAN_POINT('',(0.1675,0.018,0.0175));
#9433=CARTESIAN_POINT('',(0.1675,0.32,0.0175));
#9434=CARTESIAN_POINT('',(0.1675,0.32,0.0175));
#9435=CARTESIAN_POINT('',(0.1675,0.32,0.0175));
#9436=CARTESIAN_POINT('',(0.1325,0.32,0.0175));
#9437=CARTESIAN_POINT('',(0.1325,0.018,0.0175));
#9438=CARTESIAN_POINT('',(0.1325,0.018,0.0175));
#9439=CARTESIAN_POINT('',(0.1325,0.32,0.0175));
#9440=CARTESIAN_POINT('',(0.1325,0.32,0.0175));
#9441=CARTESIAN_POINT('',(0.1325,0.32,0.0175));
#9442=CARTESIAN_POINT('',(0.0674999999999999,0.32,-0.0175));
#9443=CARTESIAN_POINT('',(0.0324999999999999,0.32,-0.0175));
#9444=CARTESIAN_POINT('',(0.0324999999999999,0.32,-0.0175));
#9445=CARTESIAN_POINT('',(0.0324999999999999,0.018,-0.0175));
#9446=CARTESIAN_POINT('',(0.0674999999999999,0.018,-0.0175));
#9447=CARTESIAN_POINT('',(0.0674999999999999,0.018,-0.0175));
#9448=CARTESIAN_POINT('',(0.0674999999999999,0.32,-0.0175));
#9449=CARTESIAN_POINT('',(0.0674999999999999,0.32,-0.0175));
#9450=CARTESIAN_POINT('',(0.0674999999999999,0.32,-0.0175));
#9451=CARTESIAN_POINT('',(0.0674999999999999,0.32,0.0175));
#9452=CARTESIAN_POINT('',(0.0674999999999999,0.018,0.0175));
#9453=CARTESIAN_POINT('',(0.0674999999999999,0.018,0.0175));
#9454=CARTESIAN_POINT('',(0.0674999999999999,0.32,0.0175));
#9455=CARTESIAN_POINT('',(0.0674999999999999,0.32,0.0175));
#9456=CARTESIAN_POINT('',(0.0674999999999999,0.32,0.0175));
#9457=CARTESIAN_POINT('',(0.0324999999999999,0.32,0.0175));
#9458=CARTESIAN_POINT('',(0.0324999999999999,0.018,0.0175));
#9459=CARTESIAN_POINT('',(0.0324999999999999,0.018,0.0175));
#9460=CARTESIAN_POINT('',(0.0324999999999999,0.32,0.0175));
#9461=CARTESIAN_POINT('',(0.0324999999999999,0.32,0.0175));
#9462=CARTESIAN_POINT('',(0.0324999999999999,0.32,0.0175));
#9463=CARTESIAN_POINT('',(-0.0325000000000001,0.32,-0.0175));
#9464=CARTESIAN_POINT('',(-0.0675000000000001,0.32,-0.0175));
#9465=CARTESIAN_POINT('',(-0.0675000000000001,0.32,-0.0175));
#9466=CARTESIAN_POINT('',(-0.0675000000000001,0.018,-0.0175));
#9467=CARTESIAN_POINT('',(-0.0325000000000001,0.018,-0.0175));
#9468=CARTESIAN_POINT('',(-0.0325000000000001,0.018,-0.0175));
#9469=CARTESIAN_POINT('',(-0.0325000000000001,0.32,-0.0175));
#9470=CARTESIAN_POINT('',(-0.0325000000000001,0.32,-0.0175));
#9471=CARTESIAN_POINT('',(-0.0325000000000001,0.32,-0.0175));
#9472=CARTESIAN_POINT('',(-0.0325000000000001,0.32,0.0175));
#9473=CARTESIAN_POINT('',(-0.0325000000000001,0.018,0.0175));
#9474=CARTESIAN_POINT('',(-0.0325000000000001,0.018,0.0175));
#9475=CARTESIAN_POINT('',(-0.0325000000000001,0.32,0.0175));
#9476=CARTESIAN_POINT('',(-0.0325000000000001,0.32,0.0175));
#9477=CARTESIAN_POINT('',(-0.0325000000000001,0.32,0.0175));
#9478=CARTESIAN_POINT('',(-0.0675000000000001,0.32,0.0175));
#9479=CARTESIAN_POINT('',(-0.0675000000000001,0.018,0.0175));
#9480=CARTESIAN_POINT('',(-0.0675000000000001,0.018,0.0175));
#9481=CARTESIAN_POINT('',(-0.0675000000000001,0.32,0.0175));
#9482=CARTESIAN_POINT('',(-0.0675000000000001,0.32,0.0175));
#9483=CARTESIAN_POINT('',(-0.0675000000000001,0.32,0.0175));
#9484=CARTESIAN_POINT('',(-0.1325,0.32,-0.0175));
#9485=CARTESIAN_POINT('',(-0.1675,0.32,-0.0175));
#9486=CARTESIAN_POINT('',(-0.1675,0.32,-0.0175));
#9487=CARTESIAN_POINT('',(-0.1675,0.018,-0.0175));
#9488=CARTESIAN_POINT('',(-0.1325,0.018,-0.0175));
#9489=CARTESIAN_POINT('',(-0.1325,0.018,-0.0175));
#9490=CARTESIAN_POINT('',(-0.1325,0.32,-0.0175));
#9491=CARTESIAN_POINT('',(-0.1325,0.32,-0.0175));
#9492=CARTESIAN_POINT('',(-0.1325,0.32,-0.0175));
#9493=CARTESIAN_POINT('',(-0.1325,0.32,0.0175));
#9494=CARTESIAN_POINT('',(-0.1325,0.018,0.0175));
#9495=CARTESIAN_POINT('',(-0.1325,0.018,0.0175));
#9496=CARTESIAN_POINT('',(-0.1325,0.32,0.0175));
#9497=CARTESIAN_POINT('',(-0.1325,0.32,0.0175));
#9498=CARTESIAN_POINT('',(-0.1325,0.32,0.0175));
#9499=CARTESIAN_POINT('',(-0.1675,0.32,0.0175));
#9500=CARTESIAN_POINT('',(-0.1675,0.018,0.0175));
#9501=CARTESIAN_POINT('',(-0.1675,0.018,0.0175));
#9502=CARTESIAN_POINT('',(-0.1675,0.32,0.0175));
#9503=CARTESIAN_POINT('',(-0.1675,0.32,0.0175));
#9504=CARTESIAN_POINT('',(-0.1675,0.32,0.0175));
#9505=CARTESIAN_POINT('',(-0.2325,0.32,-0.0175));
#9506=CARTESIAN_POINT('',(-0.2675,0.32,-0.0175));
#9507=CARTESIAN_POINT('',(-0.2675,0.32,-0.0175));
#9508=CARTESIAN_POINT('',(-0.2675,0.018,-0.0175));
#9509=CARTESIAN_POINT('',(-0.2325,0.018,-0.0175));
#9510=CARTESIAN_POINT('',(-0.2325,0.018,-0.0175));
#9511=CARTESIAN_POINT('',(-0.2325,0.32,-0.0175));
#9512=CARTESIAN_POINT('',(-0.2325,0.32,-0.0175));
#9513=CARTESIAN_POINT('',(-0.2325,0.32,-0.0175));
#9514=CARTESIAN_POINT('',(-0.2325,0.32,0.0175));
#9515=CARTESIAN_POINT('',(-0.2325,0.018,0.0175));
#9516=CARTESIAN_POINT('',(-0.2325,0.018,0.0175));
#9517=CARTESIAN_POINT('',(-0.2325,0.32,0.0175));
#9518=CARTESIAN_POINT('',(-0.2325,0.32,0.0175));
#9519=CARTESIAN_POINT('',(-0.2325,0.32,0.0175));
#9520=CARTESIAN_POINT('',(-0.2675,0.32,0.0175));
#9521=CARTESIAN_POINT('',(-0.2675,0.018,0.0175));
#9522=CARTESIAN_POINT('',(-0.2675,0.018,0.0175));
#9523=CARTESIAN_POINT('',(-0.2675,0.32,0.0175));
#9524=CARTESIAN_POINT('',(-0.2675,0.32,0.0175));
#9525=CARTESIAN_POINT('',(-0.2675,0.32,0.0175));
#9526=CARTESIAN_POINT('',(0.2325,0.32,-0.0175));
#9527=CARTESIAN_POINT('',(0.2325,0.018,-0.0175));
#9528=CARTESIAN_POINT('',(0.2325,0.32,-0.0175));
#9529=CARTESIAN_POINT('',(0.1325,0.32,-0.0175));
#9530=CARTESIAN_POINT('',(0.1325,0.018,-0.0175));
#9531=CARTESIAN_POINT('',(0.1325,0.32,-0.0175));
#9532=CARTESIAN_POINT('',(0.0324999999999999,0.32,-0.0175));
#9533=CARTESIAN_POINT('',(0.0324999999999999,0.018,-0.0175));
#9534=CARTESIAN_POINT('',(0.0324999999999999,0.32,-0.0175));
#9535=CARTESIAN_POINT('',(-0.0675000000000001,0.32,-0.0175));
#9536=CARTESIAN_POINT('',(-0.0675000000000001,0.018,-0.0175));
#9537=CARTESIAN_POINT('',(-0.0675000000000001,0.32,-0.0175));
#9538=CARTESIAN_POINT('',(-0.1675,0.32,-0.0175));
#9539=CARTESIAN_POINT('',(-0.1675,0.018,-0.0175));
#9540=CARTESIAN_POINT('',(-0.1675,0.32,-0.0175));
#9541=CARTESIAN_POINT('',(-0.2675,0.32,-0.0175));
#9542=CARTESIAN_POINT('',(-0.2675,0.018,-0.0175));
#9543=CARTESIAN_POINT('',(-0.2675,0.32,-0.0175));
#9544=CARTESIAN_POINT('',(0.3,0.32,0.055));
#9545=CARTESIAN_POINT('',(0.3,0.018,0.055));
#9546=CARTESIAN_POINT('',(0.3,0.32,0.055));
#9547=CARTESIAN_POINT('',(0.,0.32,0.));
#9548=CARTESIAN_POINT('',(0.,0.32,0.02));
#9549=CARTESIAN_POINT('',(-0.1075,0.32,0.02));
#9550=CARTESIAN_POINT('',(-0.0925000000000001,0.32,0.02));
#9551=CARTESIAN_POINT('',(-0.1075,0.32,0.02));
#9552=CARTESIAN_POINT('',(-0.1075,0.32,-0.02));
#9553=CARTESIAN_POINT('',(0.,0.32,-0.02));
#9554=CARTESIAN_POINT('',(-0.0925000000000001,0.32,-0.02));
#9555=CARTESIAN_POINT('',(-0.0925000000000001,0.32,0.02));
#9556=CARTESIAN_POINT('',(0.,0.32,0.02));
#9557=CARTESIAN_POINT('',(-0.00750000000000004,0.32,0.02));
#9558=CARTESIAN_POINT('',(0.00749999999999995,0.32,0.02));
#9559=CARTESIAN_POINT('',(-0.00750000000000004,0.32,0.02));
#9560=CARTESIAN_POINT('',(-0.00750000000000004,0.32,-0.02));
#9561=CARTESIAN_POINT('',(0.,0.32,-0.02));
#9562=CARTESIAN_POINT('',(0.00749999999999995,0.32,-0.02));
#9563=CARTESIAN_POINT('',(0.00749999999999995,0.32,0.02));
#9564=CARTESIAN_POINT('',(0.,0.32,0.02));
#9565=CARTESIAN_POINT('',(0.0925,0.32,0.02));
#9566=CARTESIAN_POINT('',(0.1075,0.32,0.02));
#9567=CARTESIAN_POINT('',(0.0925,0.32,0.02));
#9568=CARTESIAN_POINT('',(0.0925,0.32,-0.02));
#9569=CARTESIAN_POINT('',(0.,0.32,-0.02));
#9570=CARTESIAN_POINT('',(0.1075,0.32,-0.02));
#9571=CARTESIAN_POINT('',(0.1075,0.32,0.02));
#9572=CARTESIAN_POINT('',(0.,0.32,0.02));
#9573=CARTESIAN_POINT('',(0.1925,0.32,0.02));
#9574=CARTESIAN_POINT('',(0.2075,0.32,0.02));
#9575=CARTESIAN_POINT('',(0.1925,0.32,0.02));
#9576=CARTESIAN_POINT('',(0.1925,0.32,-0.02));
#9577=CARTESIAN_POINT('',(0.,0.32,-0.02));
#9578=CARTESIAN_POINT('',(0.2075,0.32,-0.02));
#9579=CARTESIAN_POINT('',(0.2075,0.32,0.));
#9580=CARTESIAN_POINT('',(0.,0.32,0.02));
#9581=CARTESIAN_POINT('',(-0.2075,0.32,0.02));
#9582=CARTESIAN_POINT('',(-0.1925,0.32,0.02));
#9583=CARTESIAN_POINT('',(-0.2075,0.32,0.));
#9584=CARTESIAN_POINT('',(-0.2075,0.32,-0.02));
#9585=CARTESIAN_POINT('',(0.,0.32,-0.02));
#9586=CARTESIAN_POINT('',(-0.1925,0.32,-0.02));
#9587=CARTESIAN_POINT('',(-0.1925,0.32,0.02));
#9588=CARTESIAN_POINT('',(0.6,0.018,-0.0256076951545867));
#9589=CARTESIAN_POINT('',(-0.2765,0.018,0.1));
#9590=CARTESIAN_POINT('',(-0.2235,0.018,0.1));
#9591=CARTESIAN_POINT('',(-0.2185,0.018,0.1));
#9592=CARTESIAN_POINT('',(-0.1815,0.018,0.1));
#9593=CARTESIAN_POINT('',(-0.1765,0.018,0.1));
#9594=CARTESIAN_POINT('',(-0.1235,0.018,0.1));
#9595=CARTESIAN_POINT('',(-0.1185,0.018,0.1));
#9596=CARTESIAN_POINT('',(-0.0815,0.018,0.1));
#9597=CARTESIAN_POINT('',(-0.0765,0.018,0.1));
#9598=CARTESIAN_POINT('',(-0.0235000000000001,0.018,0.1));
#9599=CARTESIAN_POINT('',(-0.0185000000000001,0.018,0.1));
#9600=CARTESIAN_POINT('',(0.0185,0.018,0.1));
#9601=CARTESIAN_POINT('',(0.0235,0.018,0.1));
#9602=CARTESIAN_POINT('',(0.0764999999999999,0.018,0.1));
#9603=CARTESIAN_POINT('',(0.0814999999999999,0.018,0.1));
#9604=CARTESIAN_POINT('',(0.1185,0.018,0.1));
#9605=CARTESIAN_POINT('',(0.1235,0.018,0.1));
#9606=CARTESIAN_POINT('',(0.1765,0.018,0.1));
#9607=CARTESIAN_POINT('',(0.1815,0.018,0.1));
#9608=CARTESIAN_POINT('',(0.2185,0.018,0.1));
#9609=CARTESIAN_POINT('',(0.2235,0.018,0.1));
#9610=CARTESIAN_POINT('',(0.2765,0.018,0.1));
#9611=CARTESIAN_POINT('',(0.2815,0.018,0.1));
#9612=CARTESIAN_POINT('',(0.2815,0.018,0.1));
#9613=CARTESIAN_POINT('',(0.2765,0.018,0.1));
#9614=CARTESIAN_POINT('',(0.2235,0.018,0.1));
#9615=CARTESIAN_POINT('',(0.2185,0.018,0.1));
#9616=CARTESIAN_POINT('',(0.1815,0.018,0.1));
#9617=CARTESIAN_POINT('',(0.1765,0.018,0.1));
#9618=CARTESIAN_POINT('',(0.1235,0.018,0.1));
#9619=CARTESIAN_POINT('',(0.1185,0.018,0.1));
#9620=CARTESIAN_POINT('',(0.0814999999999999,0.018,0.1));
#9621=CARTESIAN_POINT('',(0.0764999999999999,0.018,0.1));
#9622=CARTESIAN_POINT('',(0.0235,0.018,0.1));
#9623=CARTESIAN_POINT('',(0.0185,0.018,0.1));
#9624=CARTESIAN_POINT('',(-0.0185000000000001,0.018,0.1));
#9625=CARTESIAN_POINT('',(-0.0235000000000001,0.018,0.1));
#9626=CARTESIAN_POINT('',(-0.0765,0.018,0.1));
#9627=CARTESIAN_POINT('',(-0.0815,0.018,0.1));
#9628=CARTESIAN_POINT('',(-0.1185,0.018,0.1));
#9629=CARTESIAN_POINT('',(-0.1235,0.018,0.1));
#9630=CARTESIAN_POINT('',(-0.1765,0.018,0.1));
#9631=CARTESIAN_POINT('',(-0.1815,0.018,0.1));
#9632=CARTESIAN_POINT('',(-0.2185,0.018,0.1));
#9633=CARTESIAN_POINT('',(-0.2235,0.018,0.1));
#9634=CARTESIAN_POINT('',(-0.2765,0.018,0.1));
#9635=CARTESIAN_POINT('',(-0.2815,0.018,0.1));
#9636=CARTESIAN_POINT('',(-0.2815,0.018,0.1));
#9637=CARTESIAN_POINT('',(-0.2815,0.018,0.1));
#9638=CARTESIAN_POINT('',(-0.2675,0.008,0.1));
#9639=CARTESIAN_POINT('',(-0.2675,0.008,0.1));
#9640=CARTESIAN_POINT('',(-0.2325,0.008,0.1));
#9641=CARTESIAN_POINT('',(-0.2325,0.008,0.1));
#9642=CARTESIAN_POINT('',(-0.2235,0.018,0.1));
#9643=CARTESIAN_POINT('',(-0.201388888888889,-0.01,0.1));
#9644=CARTESIAN_POINT('',(-0.1815,0.018,0.1));
#9645=CARTESIAN_POINT('',(-0.1675,0.008,0.1));
#9646=CARTESIAN_POINT('',(-0.1675,0.008,0.1));
#9647=CARTESIAN_POINT('',(-0.1325,0.008,0.1));
#9648=CARTESIAN_POINT('',(-0.1325,0.008,0.1));
#9649=CARTESIAN_POINT('',(-0.1235,0.018,0.1));
#9650=CARTESIAN_POINT('',(-0.101388888888889,-0.01,0.1));
#9651=CARTESIAN_POINT('',(-0.0815,0.018,0.1));
#9652=CARTESIAN_POINT('',(-0.0675,0.008,0.1));
#9653=CARTESIAN_POINT('',(-0.0675,0.008,0.1));
#9654=CARTESIAN_POINT('',(-0.0325000000000001,0.008,0.1));
#9655=CARTESIAN_POINT('',(-0.0325000000000001,0.008,0.1));
#9656=CARTESIAN_POINT('',(-0.0235000000000001,0.018,0.1));
#9657=CARTESIAN_POINT('',(-0.00138888888888894,-0.01,0.1));
#9658=CARTESIAN_POINT('',(0.0185,0.018,0.1));
#9659=CARTESIAN_POINT('',(0.0325,0.008,0.1));
#9660=CARTESIAN_POINT('',(0.0325,0.008,0.1));
#9661=CARTESIAN_POINT('',(0.0674999999999999,0.008,0.1));
#9662=CARTESIAN_POINT('',(0.0674999999999999,0.008,0.1));
#9663=CARTESIAN_POINT('',(0.0764999999999999,0.018,0.1));
#9664=CARTESIAN_POINT('',(0.0986111111111111,-0.01,0.1));
#9665=CARTESIAN_POINT('',(0.1185,0.018,0.1));
#9666=CARTESIAN_POINT('',(0.1325,0.008,0.1));
#9667=CARTESIAN_POINT('',(0.1325,0.008,0.1));
#9668=CARTESIAN_POINT('',(0.1675,0.008,0.1));
#9669=CARTESIAN_POINT('',(0.1675,0.008,0.1));
#9670=CARTESIAN_POINT('',(0.1765,0.018,0.1));
#9671=CARTESIAN_POINT('',(0.198611111111111,-0.01,0.1));
#9672=CARTESIAN_POINT('',(0.2185,0.018,0.1));
#9673=CARTESIAN_POINT('',(0.2325,0.008,0.1));
#9674=CARTESIAN_POINT('',(0.2325,0.008,0.1));
#9675=CARTESIAN_POINT('',(0.2675,0.008,0.1));
#9676=CARTESIAN_POINT('',(0.2675,0.008,0.1));
#9677=CARTESIAN_POINT('',(0.2765,0.018,0.1));
#9678=CARTESIAN_POINT('',(0.298611111111111,-0.01,0.1));
#9679=CARTESIAN_POINT('',(-0.2815,0.018,0.1));
#9680=CARTESIAN_POINT('',(-0.2675,0.008,0.1));
#9681=CARTESIAN_POINT('',(-0.2675,0.008,0.1));
#9682=CARTESIAN_POINT('',(-0.2325,0.008,0.1));
#9683=CARTESIAN_POINT('',(-0.2325,0.008,0.1));
#9684=CARTESIAN_POINT('',(-0.2235,0.018,0.1));
#9685=CARTESIAN_POINT('',(-0.201388888888889,-0.01,0.1));
#9686=CARTESIAN_POINT('',(-0.1815,0.018,0.1));
#9687=CARTESIAN_POINT('',(-0.1675,0.008,0.1));
#9688=CARTESIAN_POINT('',(-0.1675,0.008,0.1));
#9689=CARTESIAN_POINT('',(-0.1325,0.008,0.1));
#9690=CARTESIAN_POINT('',(-0.1325,0.008,0.1));
#9691=CARTESIAN_POINT('',(-0.1235,0.018,0.1));
#9692=CARTESIAN_POINT('',(-0.101388888888889,-0.01,0.1));
#9693=CARTESIAN_POINT('',(-0.0815,0.018,0.1));
#9694=CARTESIAN_POINT('',(-0.0675,0.008,0.1));
#9695=CARTESIAN_POINT('',(-0.0675,0.008,0.1));
#9696=CARTESIAN_POINT('',(-0.0325000000000001,0.008,0.1));
#9697=CARTESIAN_POINT('',(-0.0325000000000001,0.008,0.1));
#9698=CARTESIAN_POINT('',(-0.0235000000000001,0.018,0.1));
#9699=CARTESIAN_POINT('',(-0.00138888888888894,-0.01,0.1));
#9700=CARTESIAN_POINT('',(0.0185,0.018,0.1));
#9701=CARTESIAN_POINT('',(0.0325,0.008,0.1));
#9702=CARTESIAN_POINT('',(0.0325,0.008,0.1));
#9703=CARTESIAN_POINT('',(0.0674999999999999,0.008,0.1));
#9704=CARTESIAN_POINT('',(0.0674999999999999,0.008,0.1));
#9705=CARTESIAN_POINT('',(0.0764999999999999,0.018,0.1));
#9706=CARTESIAN_POINT('',(0.0986111111111111,-0.01,0.1));
#9707=CARTESIAN_POINT('',(0.1185,0.018,0.1));
#9708=CARTESIAN_POINT('',(0.1325,0.008,0.1));
#9709=CARTESIAN_POINT('',(0.1325,0.008,0.1));
#9710=CARTESIAN_POINT('',(0.1675,0.008,0.1));
#9711=CARTESIAN_POINT('',(0.1675,0.008,0.1));
#9712=CARTESIAN_POINT('',(0.1765,0.018,0.1));
#9713=CARTESIAN_POINT('',(0.198611111111111,-0.01,0.1));
#9714=CARTESIAN_POINT('',(0.298611111111111,-0.01,0.1));
#9715=CARTESIAN_POINT('',(0.2765,0.018,0.1));
#9716=CARTESIAN_POINT('',(0.2675,0.008,0.1));
#9717=CARTESIAN_POINT('',(0.2675,0.008,0.1));
#9718=CARTESIAN_POINT('',(0.2325,0.008,0.1));
#9719=CARTESIAN_POINT('',(0.2325,0.008,0.1));
#9720=CARTESIAN_POINT('',(0.2185,0.018,0.1));
#9721=CARTESIAN_POINT('',(0.1925,0.235,0.02));
#9722=CARTESIAN_POINT('',(0.1925,0.235,-0.02));
#9723=CARTESIAN_POINT('',(0.1925,0.235,-0.02));
#9724=CARTESIAN_POINT('',(0.2075,0.235,-0.02));
#9725=CARTESIAN_POINT('',(0.1925,0.235,0.02));
#9726=CARTESIAN_POINT('',(0.1925,0.235,0.02));
#9727=CARTESIAN_POINT('',(0.1925,0.235,0.02));
#9728=CARTESIAN_POINT('',(0.2075,0.235,0.02));
#9729=CARTESIAN_POINT('',(0.2075,0.235,0.02));
#9730=CARTESIAN_POINT('',(0.,0.,0.02));
#9731=CARTESIAN_POINT('',(0.2075,0.235,0.02));
#9732=CARTESIAN_POINT('',(0.1925,0.32,0.02));
#9733=CARTESIAN_POINT('',(0.,0.,-0.02));
#9734=CARTESIAN_POINT('',(0.1925,0.32,-0.02));
#9735=CARTESIAN_POINT('',(0.2075,0.235,-0.02));
#9736=CARTESIAN_POINT('',(0.2075,0.235,0.02));
#9737=CARTESIAN_POINT('',(0.1925,0.32,0.02));
#9738=CARTESIAN_POINT('',(0.0925,0.235,0.02));
#9739=CARTESIAN_POINT('',(0.0925,0.235,-0.02));
#9740=CARTESIAN_POINT('',(0.0925,0.235,-0.02));
#9741=CARTESIAN_POINT('',(0.1075,0.235,-0.02));
#9742=CARTESIAN_POINT('',(0.0925,0.235,0.02));
#9743=CARTESIAN_POINT('',(0.0925,0.235,0.02));
#9744=CARTESIAN_POINT('',(0.0925,0.235,0.02));
#9745=CARTESIAN_POINT('',(0.1075,0.235,0.02));
#9746=CARTESIAN_POINT('',(0.1075,0.235,0.02));
#9747=CARTESIAN_POINT('',(0.,0.,0.02));
#9748=CARTESIAN_POINT('',(0.1075,0.235,0.02));
#9749=CARTESIAN_POINT('',(0.0925,0.32,0.02));
#9750=CARTESIAN_POINT('',(0.,0.,-0.02));
#9751=CARTESIAN_POINT('',(0.0925,0.32,-0.02));
#9752=CARTESIAN_POINT('',(0.1075,0.235,-0.02));
#9753=CARTESIAN_POINT('',(0.1075,0.235,0.02));
#9754=CARTESIAN_POINT('',(0.0925,0.32,0.02));
#9755=CARTESIAN_POINT('',(-0.00750000000000003,0.235,0.02));
#9756=CARTESIAN_POINT('',(-0.00750000000000003,0.235,-0.02));
#9757=CARTESIAN_POINT('',(-0.00750000000000003,0.235,-0.02));
#9758=CARTESIAN_POINT('',(0.00749999999999995,0.235,-0.02));
#9759=CARTESIAN_POINT('',(-0.00750000000000003,0.235,0.02));
#9760=CARTESIAN_POINT('',(-0.00750000000000003,0.235,0.02));
#9761=CARTESIAN_POINT('',(-0.00750000000000003,0.235,0.02));
#9762=CARTESIAN_POINT('',(0.00749999999999995,0.235,0.02));
#9763=CARTESIAN_POINT('',(0.00749999999999995,0.235,0.02));
#9764=CARTESIAN_POINT('',(0.,0.,0.02));
#9765=CARTESIAN_POINT('',(0.00749999999999995,0.235,0.02));
#9766=CARTESIAN_POINT('',(-0.00750000000000003,0.32,0.02));
#9767=CARTESIAN_POINT('',(0.,0.,-0.02));
#9768=CARTESIAN_POINT('',(-0.00750000000000003,0.32,-0.02));
#9769=CARTESIAN_POINT('',(0.00749999999999995,0.235,-0.02));
#9770=CARTESIAN_POINT('',(0.00749999999999995,0.235,0.02));
#9771=CARTESIAN_POINT('',(-0.00750000000000003,0.32,0.02));
#9772=CARTESIAN_POINT('',(-0.1075,0.235,0.02));
#9773=CARTESIAN_POINT('',(-0.1075,0.235,-0.02));
#9774=CARTESIAN_POINT('',(-0.1075,0.235,-0.02));
#9775=CARTESIAN_POINT('',(-0.0925000000000001,0.235,-0.02));
#9776=CARTESIAN_POINT('',(-0.1075,0.235,0.02));
#9777=CARTESIAN_POINT('',(-0.1075,0.235,0.02));
#9778=CARTESIAN_POINT('',(-0.1075,0.235,0.02));
#9779=CARTESIAN_POINT('',(-0.0925000000000001,0.235,0.02));
#9780=CARTESIAN_POINT('',(-0.0925000000000001,0.235,0.02));
#9781=CARTESIAN_POINT('',(0.,0.,0.02));
#9782=CARTESIAN_POINT('',(-0.0925000000000001,0.235,0.02));
#9783=CARTESIAN_POINT('',(-0.1075,0.32,0.02));
#9784=CARTESIAN_POINT('',(0.,0.,-0.02));
#9785=CARTESIAN_POINT('',(-0.1075,0.32,-0.02));
#9786=CARTESIAN_POINT('',(-0.0925000000000001,0.235,-0.02));
#9787=CARTESIAN_POINT('',(-0.0925000000000001,0.235,0.02));
#9788=CARTESIAN_POINT('',(-0.1075,0.32,0.02));
#9789=CARTESIAN_POINT('',(0.,0.,0.02));
#9790=CARTESIAN_POINT('',(-0.1925,0.235,0.02));
#9791=CARTESIAN_POINT('',(-0.1925,0.235,0.02));
#9792=CARTESIAN_POINT('',(-0.2075,0.235,0.02));
#9793=CARTESIAN_POINT('',(-0.2075,0.235,0.02));
#9794=CARTESIAN_POINT('',(-0.2075,0.335,0.02));
#9795=CARTESIAN_POINT('',(0.,0.,-0.02));
#9796=CARTESIAN_POINT('',(-0.2075,0.335,-0.02));
#9797=CARTESIAN_POINT('',(-0.2075,0.235,-0.02));
#9798=CARTESIAN_POINT('',(-0.2075,0.235,-0.02));
#9799=CARTESIAN_POINT('',(-0.1925,0.235,-0.02));
#9800=CARTESIAN_POINT('',(-0.1925,0.235,-0.02));
#9801=CARTESIAN_POINT('',(-0.2075,0.335,0.02));
#9802=CARTESIAN_POINT('',(-0.2075,0.235,0.02));
#9803=CARTESIAN_POINT('',(-0.2075,0.235,0.02));
#9804=CARTESIAN_POINT('',(-0.1925,0.235,0.02));
#9805=CARTESIAN_POINT('',(-0.1925,0.235,0.02));
#9806=CARTESIAN_POINT('',(-0.25,0.0799999999999999,0.055));
#9807=CARTESIAN_POINT('',(-0.25,0.24,0.055));
#9808=CARTESIAN_POINT('',(-0.15,0.0799999999999999,0.055));
#9809=CARTESIAN_POINT('',(-0.15,0.24,0.055));
#9810=CARTESIAN_POINT('',(-0.05,0.0799999999999999,0.055));
#9811=CARTESIAN_POINT('',(-0.05,0.24,0.055));
#9812=CARTESIAN_POINT('',(0.05,0.0799999999999999,0.055));
#9813=CARTESIAN_POINT('',(0.05,0.24,0.055));
#9814=CARTESIAN_POINT('',(0.15,0.0799999999999999,0.055));
#9815=CARTESIAN_POINT('',(0.15,0.24,0.055));
#9816=CARTESIAN_POINT('',(0.25,0.0799999999999999,0.055));
#9817=CARTESIAN_POINT('',(0.25,0.24,0.055));
#9818=CARTESIAN_POINT('',(0.,0.,0.));
#9819=CARTESIAN_POINT('',(0.26,0.0425,0.145));
#9820=CARTESIAN_POINT('',(-0.24,0.0425,0.145));
#9821=CARTESIAN_POINT('',(-0.24,0.0425,-0.01));
#9822=CARTESIAN_POINT('',(-0.24,0.0425,-0.135));
#9823=CARTESIAN_POINT('',(0.26,0.0425,-0.01));
#9824=CARTESIAN_POINT('',(-0.16,0.0425,-0.01));
#9825=CARTESIAN_POINT('',(-0.16,0.0425,0.145));
#9826=CARTESIAN_POINT('',(-0.16,0.0425,-0.135));
#9827=CARTESIAN_POINT('',(0.26,0.0425,-0.135));
#9828=CARTESIAN_POINT('',(-0.14,0.0425,-0.135));
#9829=CARTESIAN_POINT('',(-0.14,0.0425,0.145));
#9830=CARTESIAN_POINT('',(-0.14,0.0425,-0.01));
#9831=CARTESIAN_POINT('',(0.26,0.0425,-0.01));
#9832=CARTESIAN_POINT('',(-0.0600000000000001,0.0425,-0.01));
#9833=CARTESIAN_POINT('',(-0.0600000000000001,0.0425,0.145));
#9834=CARTESIAN_POINT('',(-0.0600000000000001,0.0425,-0.135));
#9835=CARTESIAN_POINT('',(0.26,0.0425,-0.135));
#9836=CARTESIAN_POINT('',(-0.04,0.0425,-0.135));
#9837=CARTESIAN_POINT('',(-0.04,0.0425,0.145));
#9838=CARTESIAN_POINT('',(-0.0400000000000001,0.0425,-0.01));
#9839=CARTESIAN_POINT('',(0.26,0.0425,-0.01));
#9840=CARTESIAN_POINT('',(0.0399999999999999,0.0425,-0.01));
#9841=CARTESIAN_POINT('',(0.0399999999999999,0.0425,0.145));
#9842=CARTESIAN_POINT('',(0.0399999999999999,0.0425,-0.135));
#9843=CARTESIAN_POINT('',(0.26,0.0425,-0.135));
#9844=CARTESIAN_POINT('',(0.0599999999999999,0.0425,-0.135));
#9845=CARTESIAN_POINT('',(0.0599999999999999,0.0425,0.145));
#9846=CARTESIAN_POINT('',(0.0599999999999999,0.0425,-0.01));
#9847=CARTESIAN_POINT('',(0.26,0.0425,-0.01));
#9848=CARTESIAN_POINT('',(0.14,0.0425,-0.01));
#9849=CARTESIAN_POINT('',(0.14,0.0425,0.145));
#9850=CARTESIAN_POINT('',(0.14,0.0425,-0.135));
#9851=CARTESIAN_POINT('',(0.26,0.0425,-0.135));
#9852=CARTESIAN_POINT('',(0.16,0.0425,-0.135));
#9853=CARTESIAN_POINT('',(0.16,0.0425,0.145));
#9854=CARTESIAN_POINT('',(0.16,0.0425,-0.01));
#9855=CARTESIAN_POINT('',(0.26,0.0425,-0.01));
#9856=CARTESIAN_POINT('',(0.24,0.0425,-0.01));
#9857=CARTESIAN_POINT('',(0.24,0.0425,0.145));
#9858=CARTESIAN_POINT('',(0.24,0.0425,-0.135));
#9859=CARTESIAN_POINT('',(0.26,0.0425,-0.135));
#9860=CARTESIAN_POINT('',(0.26,0.0425,-0.135));
#9861=CARTESIAN_POINT('',(0.26,0.0425,0.145));
#9862=CARTESIAN_POINT('',(0.26,0.0425,0.145));
#9863=CARTESIAN_POINT('',(0.26,0.0425,0.145));
#9864=CARTESIAN_POINT('',(0.24,0.0425,0.145));
#9865=CARTESIAN_POINT('',(0.24,0.0425,0.145));
#9866=CARTESIAN_POINT('',(0.24,0.0425,0.01));
#9867=CARTESIAN_POINT('',(0.26,0.0425,0.01));
#9868=CARTESIAN_POINT('',(0.16,0.0425,0.01));
#9869=CARTESIAN_POINT('',(0.16,0.0425,0.145));
#9870=CARTESIAN_POINT('',(0.16,0.0425,0.145));
#9871=CARTESIAN_POINT('',(0.26,0.0425,0.145));
#9872=CARTESIAN_POINT('',(0.14,0.0425,0.145));
#9873=CARTESIAN_POINT('',(0.14,0.0425,0.145));
#9874=CARTESIAN_POINT('',(0.14,0.0425,0.01));
#9875=CARTESIAN_POINT('',(0.26,0.0425,0.01));
#9876=CARTESIAN_POINT('',(0.0599999999999999,0.0425,0.01));
#9877=CARTESIAN_POINT('',(0.0599999999999999,0.0425,0.145));
#9878=CARTESIAN_POINT('',(0.0599999999999999,0.0425,0.145));
#9879=CARTESIAN_POINT('',(0.26,0.0425,0.145));
#9880=CARTESIAN_POINT('',(0.0399999999999999,0.0425,0.145));
#9881=CARTESIAN_POINT('',(0.0399999999999999,0.0425,0.145));
#9882=CARTESIAN_POINT('',(0.0399999999999999,0.0425,0.01));
#9883=CARTESIAN_POINT('',(0.26,0.0425,0.01));
#9884=CARTESIAN_POINT('',(-0.0400000000000001,0.0425,0.01));
#9885=CARTESIAN_POINT('',(-0.04,0.0425,0.145));
#9886=CARTESIAN_POINT('',(-0.04,0.0425,0.145));
#9887=CARTESIAN_POINT('',(0.26,0.0425,0.145));
#9888=CARTESIAN_POINT('',(-0.0600000000000001,0.0425,0.145));
#9889=CARTESIAN_POINT('',(-0.0600000000000001,0.0425,0.145));
#9890=CARTESIAN_POINT('',(-0.0600000000000001,0.0425,0.01));
#9891=CARTESIAN_POINT('',(0.26,0.0425,0.01));
#9892=CARTESIAN_POINT('',(-0.14,0.0425,0.01));
#9893=CARTESIAN_POINT('',(-0.14,0.0425,0.145));
#9894=CARTESIAN_POINT('',(-0.14,0.0425,0.145));
#9895=CARTESIAN_POINT('',(0.26,0.0425,0.145));
#9896=CARTESIAN_POINT('',(-0.16,0.0425,0.145));
#9897=CARTESIAN_POINT('',(-0.16,0.0425,0.145));
#9898=CARTESIAN_POINT('',(-0.16,0.0425,0.01));
#9899=CARTESIAN_POINT('',(0.26,0.0425,0.01));
#9900=CARTESIAN_POINT('',(-0.24,0.0425,0.01));
#9901=CARTESIAN_POINT('',(-0.24,0.0425,0.145));
#9902=CARTESIAN_POINT('',(-0.24,0.0425,0.145));
#9903=CARTESIAN_POINT('',(0.26,0.0425,0.145));
#9904=CARTESIAN_POINT('',(-0.26,0.0425,0.145));
#9905=CARTESIAN_POINT('',(-0.26,0.0425,0.145));
#9906=CARTESIAN_POINT('',(-0.26,0.0425,-0.135));
#9907=CARTESIAN_POINT('',(0.26,0.0425,-0.135));
#9908=CARTESIAN_POINT('',(0.26,0.0525,-0.13));
#9909=CARTESIAN_POINT('',(-0.24,0.0525,-0.13));
#9910=CARTESIAN_POINT('',(-0.24,0.0525,-0.13));
#9911=CARTESIAN_POINT('',(-0.24,0.0525,-0.01));
#9912=CARTESIAN_POINT('',(0.26,0.0525,-0.13));
#9913=CARTESIAN_POINT('',(-0.26,0.0525,-0.13));
#9914=CARTESIAN_POINT('',(-0.26,0.0525,-0.13));
#9915=CARTESIAN_POINT('',(-0.26,0.0525,0.145));
#9916=CARTESIAN_POINT('',(0.26,0.0525,0.145));
#9917=CARTESIAN_POINT('',(-0.24,0.0525,0.145));
#9918=CARTESIAN_POINT('',(-0.24,0.0525,-0.13));
#9919=CARTESIAN_POINT('',(-0.24,0.0525,0.01));
#9920=CARTESIAN_POINT('',(0.26,0.0525,0.01));
#9921=CARTESIAN_POINT('',(-0.16,0.0525,0.01));
#9922=CARTESIAN_POINT('',(-0.16,0.0525,-0.13));
#9923=CARTESIAN_POINT('',(-0.16,0.0525,0.145));
#9924=CARTESIAN_POINT('',(0.26,0.0525,0.145));
#9925=CARTESIAN_POINT('',(-0.14,0.0525,0.145));
#9926=CARTESIAN_POINT('',(-0.14,0.0525,-0.13));
#9927=CARTESIAN_POINT('',(-0.14,0.0525,0.01));
#9928=CARTESIAN_POINT('',(0.26,0.0525,0.01));
#9929=CARTESIAN_POINT('',(-0.0600000000000001,0.0525,0.01));
#9930=CARTESIAN_POINT('',(-0.0600000000000001,0.0525,-0.13));
#9931=CARTESIAN_POINT('',(-0.0600000000000001,0.0525,0.145));
#9932=CARTESIAN_POINT('',(0.26,0.0525,0.145));
#9933=CARTESIAN_POINT('',(-0.04,0.0525,0.145));
#9934=CARTESIAN_POINT('',(-0.04,0.0525,-0.13));
#9935=CARTESIAN_POINT('',(-0.0400000000000001,0.0525,0.01));
#9936=CARTESIAN_POINT('',(0.26,0.0525,0.01));
#9937=CARTESIAN_POINT('',(0.0399999999999999,0.0525,0.01));
#9938=CARTESIAN_POINT('',(0.0399999999999999,0.0525,-0.13));
#9939=CARTESIAN_POINT('',(0.0399999999999999,0.0525,0.145));
#9940=CARTESIAN_POINT('',(0.26,0.0525,0.145));
#9941=CARTESIAN_POINT('',(0.0599999999999999,0.0525,0.145));
#9942=CARTESIAN_POINT('',(0.0599999999999999,0.0525,-0.13));
#9943=CARTESIAN_POINT('',(0.0599999999999999,0.0525,0.01));
#9944=CARTESIAN_POINT('',(0.26,0.0525,0.01));
#9945=CARTESIAN_POINT('',(0.14,0.0525,0.01));
#9946=CARTESIAN_POINT('',(0.14,0.0525,-0.13));
#9947=CARTESIAN_POINT('',(0.14,0.0525,0.145));
#9948=CARTESIAN_POINT('',(0.26,0.0525,0.145));
#9949=CARTESIAN_POINT('',(0.16,0.0525,0.145));
#9950=CARTESIAN_POINT('',(0.16,0.0525,-0.13));
#9951=CARTESIAN_POINT('',(0.16,0.0525,0.01));
#9952=CARTESIAN_POINT('',(0.26,0.0525,0.01));
#9953=CARTESIAN_POINT('',(0.24,0.0525,0.01));
#9954=CARTESIAN_POINT('',(0.24,0.0525,-0.13));
#9955=CARTESIAN_POINT('',(0.24,0.0525,0.145));
#9956=CARTESIAN_POINT('',(0.26,0.0525,0.145));
#9957=CARTESIAN_POINT('',(0.26,0.0525,0.145));
#9958=CARTESIAN_POINT('',(0.26,0.0525,-0.13));
#9959=CARTESIAN_POINT('',(0.26,0.0525,-0.13));
#9960=CARTESIAN_POINT('',(0.26,0.0525,-0.13));
#9961=CARTESIAN_POINT('',(0.24,0.0525,-0.13));
#9962=CARTESIAN_POINT('',(0.24,0.0525,-0.13));
#9963=CARTESIAN_POINT('',(0.24,0.0525,-0.01));
#9964=CARTESIAN_POINT('',(0.26,0.0525,-0.01));
#9965=CARTESIAN_POINT('',(0.16,0.0525,-0.01));
#9966=CARTESIAN_POINT('',(0.16,0.0525,-0.13));
#9967=CARTESIAN_POINT('',(0.16,0.0525,-0.13));
#9968=CARTESIAN_POINT('',(0.26,0.0525,-0.13));
#9969=CARTESIAN_POINT('',(0.14,0.0525,-0.13));
#9970=CARTESIAN_POINT('',(0.14,0.0525,-0.13));
#9971=CARTESIAN_POINT('',(0.14,0.0525,-0.01));
#9972=CARTESIAN_POINT('',(0.26,0.0525,-0.01));
#9973=CARTESIAN_POINT('',(0.0599999999999999,0.0525,-0.01));
#9974=CARTESIAN_POINT('',(0.0599999999999999,0.0525,-0.13));
#9975=CARTESIAN_POINT('',(0.0599999999999999,0.0525,-0.13));
#9976=CARTESIAN_POINT('',(0.26,0.0525,-0.13));
#9977=CARTESIAN_POINT('',(0.0399999999999999,0.0525,-0.13));
#9978=CARTESIAN_POINT('',(0.0399999999999999,0.0525,-0.13));
#9979=CARTESIAN_POINT('',(0.0399999999999999,0.0525,-0.01));
#9980=CARTESIAN_POINT('',(0.26,0.0525,-0.01));
#9981=CARTESIAN_POINT('',(-0.0400000000000001,0.0525,-0.01));
#9982=CARTESIAN_POINT('',(-0.04,0.0525,-0.13));
#9983=CARTESIAN_POINT('',(-0.04,0.0525,-0.13));
#9984=CARTESIAN_POINT('',(0.26,0.0525,-0.13));
#9985=CARTESIAN_POINT('',(-0.0600000000000001,0.0525,-0.13));
#9986=CARTESIAN_POINT('',(-0.0600000000000001,0.0525,-0.13));
#9987=CARTESIAN_POINT('',(-0.0600000000000001,0.0525,-0.01));
#9988=CARTESIAN_POINT('',(0.26,0.0525,-0.01));
#9989=CARTESIAN_POINT('',(-0.14,0.0525,-0.01));
#9990=CARTESIAN_POINT('',(-0.14,0.0525,-0.13));
#9991=CARTESIAN_POINT('',(-0.14,0.0525,-0.13));
#9992=CARTESIAN_POINT('',(0.26,0.0525,-0.13));
#9993=CARTESIAN_POINT('',(-0.16,0.0525,-0.13));
#9994=CARTESIAN_POINT('',(-0.16,0.0525,-0.13));
#9995=CARTESIAN_POINT('',(-0.16,0.0525,-0.01));
#9996=CARTESIAN_POINT('',(0.26,0.0525,-0.01));
#9997=CARTESIAN_POINT('',(0.26,0.015,0.165));
#9998=CARTESIAN_POINT('',(0.26,0.0275,-0.135));
#9999=CARTESIAN_POINT('',(0.26,0.0275,-0.15));
#10000=CARTESIAN_POINT('',(0.26,0.0275,-0.15));
#10001=CARTESIAN_POINT('',(0.26,0.015,-0.15));
#10002=CARTESIAN_POINT('',(0.26,0.015,-0.165));
#10003=CARTESIAN_POINT('',(0.26,1.70740499604016E-17,-0.165));
#10004=CARTESIAN_POINT('',(0.26,0.,-0.165));
#10005=CARTESIAN_POINT('',(0.26,0.,-0.2105));
#10006=CARTESIAN_POINT('',(0.26,0.1,-0.2105));
#10007=CARTESIAN_POINT('',(0.26,0.00999999999999998,-0.2105));
#10008=CARTESIAN_POINT('',(0.26,0.00999999999999999,-0.2165));
#10009=CARTESIAN_POINT('',(0.26,0.00999999999999996,-0.165));
#10010=CARTESIAN_POINT('',(0.26,0.0149999999999999,-0.165));
#10011=CARTESIAN_POINT('',(0.26,0.015,-0.16));
#10012=CARTESIAN_POINT('',(0.26,0.015,-0.16));
#10013=CARTESIAN_POINT('',(0.26,0.0225,-0.16));
#10014=CARTESIAN_POINT('',(0.26,0.0225,-0.13));
#10015=CARTESIAN_POINT('',(0.26,0.0375,0.145));
#10016=CARTESIAN_POINT('',(0.26,0.0375,0.16));
#10017=CARTESIAN_POINT('',(0.26,0.0375,0.16));
#10018=CARTESIAN_POINT('',(0.26,0.015,0.16));
#10019=CARTESIAN_POINT('',(0.26,0.015,0.165));
#10020=CARTESIAN_POINT('',(0.26,0.01,0.165));
#10021=CARTESIAN_POINT('',(0.26,0.01,0.165));
#10022=CARTESIAN_POINT('',(0.26,0.01,0.2105));
#10023=CARTESIAN_POINT('',(0.26,0.015,0.2105));
#10024=CARTESIAN_POINT('',(0.26,0.,0.2105));
#10025=CARTESIAN_POINT('',(0.26,0.,0.2165));
#10026=CARTESIAN_POINT('',(0.26,0.,0.165));
#10027=CARTESIAN_POINT('',(0.26,0.015,0.165));
#10028=CARTESIAN_POINT('',(0.26,0.015,0.15));
#10029=CARTESIAN_POINT('',(0.26,0.015,0.15));
#10030=CARTESIAN_POINT('',(0.26,0.0375,0.15));
#10031=CARTESIAN_POINT('',(0.26,0.0375,0.145));
#10032=CARTESIAN_POINT('',(-0.26,0.015,0.165));
#10033=CARTESIAN_POINT('',(-0.26,0.1,-0.2105));
#10034=CARTESIAN_POINT('',(-0.26,0.00999999999999998,-0.2105));
#10035=CARTESIAN_POINT('',(-0.26,0.,-0.2105));
#10036=CARTESIAN_POINT('',(-0.26,0.,-0.165));
#10037=CARTESIAN_POINT('',(-0.26,1.70740499604016E-17,-0.165));
#10038=CARTESIAN_POINT('',(-0.26,0.015,-0.165));
#10039=CARTESIAN_POINT('',(-0.26,0.015,-0.15));
#10040=CARTESIAN_POINT('',(-0.26,0.0275,-0.15));
#10041=CARTESIAN_POINT('',(-0.26,0.0275,-0.15));
#10042=CARTESIAN_POINT('',(-0.26,0.0275,-0.135));
#10043=CARTESIAN_POINT('',(-0.26,0.0375,0.145));
#10044=CARTESIAN_POINT('',(-0.26,0.0375,0.15));
#10045=CARTESIAN_POINT('',(-0.26,0.015,0.15));
#10046=CARTESIAN_POINT('',(-0.26,0.015,0.15));
#10047=CARTESIAN_POINT('',(-0.26,0.015,0.165));
#10048=CARTESIAN_POINT('',(-0.26,0.,0.165));
#10049=CARTESIAN_POINT('',(-0.26,0.,0.2165));
#10050=CARTESIAN_POINT('',(-0.26,0.,0.2105));
#10051=CARTESIAN_POINT('',(-0.26,0.015,0.2105));
#10052=CARTESIAN_POINT('',(-0.26,0.01,0.2105));
#10053=CARTESIAN_POINT('',(-0.26,0.01,0.165));
#10054=CARTESIAN_POINT('',(-0.26,0.01,0.165));
#10055=CARTESIAN_POINT('',(-0.26,0.015,0.165));
#10056=CARTESIAN_POINT('',(-0.26,0.015,0.16));
#10057=CARTESIAN_POINT('',(-0.26,0.0375,0.16));
#10058=CARTESIAN_POINT('',(-0.26,0.0375,0.16));
#10059=CARTESIAN_POINT('',(-0.26,0.0375,0.145));
#10060=CARTESIAN_POINT('',(-0.26,0.0225,-0.13));
#10061=CARTESIAN_POINT('',(-0.26,0.0225,-0.16));
#10062=CARTESIAN_POINT('',(-0.26,0.015,-0.16));
#10063=CARTESIAN_POINT('',(-0.26,0.015,-0.16));
#10064=CARTESIAN_POINT('',(-0.26,0.0149999999999999,-0.165));
#10065=CARTESIAN_POINT('',(-0.26,0.00999999999999996,-0.165));
#10066=CARTESIAN_POINT('',(-0.26,0.00999999999999999,-0.2165));
#10067=CARTESIAN_POINT('',(0.26,0.0275,-0.135));
#10068=CARTESIAN_POINT('',(0.26,0.0275,-0.15));
#10069=CARTESIAN_POINT('',(-0.24,0.0275,-0.15));
#10070=CARTESIAN_POINT('',(-0.24,0.0275,-0.135));
#10071=CARTESIAN_POINT('',(0.26,0.0275,-0.135));
#10072=CARTESIAN_POINT('',(-0.16,0.0275,-0.135));
#10073=CARTESIAN_POINT('',(-0.16,0.0275,-0.15));
#10074=CARTESIAN_POINT('',(0.26,0.0275,-0.15));
#10075=CARTESIAN_POINT('',(-0.14,0.0275,-0.15));
#10076=CARTESIAN_POINT('',(-0.14,0.0275,-0.135));
#10077=CARTESIAN_POINT('',(0.26,0.0275,-0.135));
#10078=CARTESIAN_POINT('',(-0.0600000000000001,0.0275,-0.135));
#10079=CARTESIAN_POINT('',(-0.0600000000000001,0.0275,-0.15));
#10080=CARTESIAN_POINT('',(0.26,0.0275,-0.15));
#10081=CARTESIAN_POINT('',(-0.04,0.0275,-0.15));
#10082=CARTESIAN_POINT('',(-0.04,0.0275,-0.135));
#10083=CARTESIAN_POINT('',(0.26,0.0275,-0.135));
#10084=CARTESIAN_POINT('',(0.0399999999999999,0.0275,-0.135));
#10085=CARTESIAN_POINT('',(0.0399999999999999,0.0275,-0.15));
#10086=CARTESIAN_POINT('',(0.26,0.0275,-0.15));
#10087=CARTESIAN_POINT('',(0.0599999999999999,0.0275,-0.15));
#10088=CARTESIAN_POINT('',(0.0599999999999999,0.0275,-0.135));
#10089=CARTESIAN_POINT('',(0.26,0.0275,-0.135));
#10090=CARTESIAN_POINT('',(0.14,0.0275,-0.135));
#10091=CARTESIAN_POINT('',(0.14,0.0275,-0.15));
#10092=CARTESIAN_POINT('',(0.26,0.0275,-0.15));
#10093=CARTESIAN_POINT('',(0.16,0.0275,-0.15));
#10094=CARTESIAN_POINT('',(0.16,0.0275,-0.135));
#10095=CARTESIAN_POINT('',(0.26,0.0275,-0.135));
#10096=CARTESIAN_POINT('',(0.24,0.0275,-0.135));
#10097=CARTESIAN_POINT('',(0.24,0.0275,-0.15));
#10098=CARTESIAN_POINT('',(0.26,0.0275,-0.15));
#10099=CARTESIAN_POINT('',(0.26,0.0275,-0.15));
#10100=CARTESIAN_POINT('',(-0.24,0.0275,-0.15));
#10101=CARTESIAN_POINT('',(-0.24,0.015,-0.15));
#10102=CARTESIAN_POINT('',(0.26,0.015,-0.15));
#10103=CARTESIAN_POINT('',(0.26,0.0275,-0.15));
#10104=CARTESIAN_POINT('',(-0.16,0.0275,-0.15));
#10105=CARTESIAN_POINT('',(-0.16,0.015,-0.15));
#10106=CARTESIAN_POINT('',(0.26,0.015,-0.15));
#10107=CARTESIAN_POINT('',(-0.14,0.015,-0.15));
#10108=CARTESIAN_POINT('',(-0.14,0.0275,-0.15));
#10109=CARTESIAN_POINT('',(0.26,0.0275,-0.15));
#10110=CARTESIAN_POINT('',(-0.0600000000000001,0.0275,-0.15));
#10111=CARTESIAN_POINT('',(-0.0600000000000001,0.015,-0.15));
#10112=CARTESIAN_POINT('',(0.26,0.015,-0.15));
#10113=CARTESIAN_POINT('',(-0.04,0.015,-0.15));
#10114=CARTESIAN_POINT('',(-0.04,0.0275,-0.15));
#10115=CARTESIAN_POINT('',(0.26,0.0275,-0.15));
#10116=CARTESIAN_POINT('',(0.0399999999999999,0.0275,-0.15));
#10117=CARTESIAN_POINT('',(0.0399999999999999,0.015,-0.15));
#10118=CARTESIAN_POINT('',(0.26,0.015,-0.15));
#10119=CARTESIAN_POINT('',(0.0599999999999999,0.015,-0.15));
#10120=CARTESIAN_POINT('',(0.0599999999999999,0.0275,-0.15));
#10121=CARTESIAN_POINT('',(0.26,0.0275,-0.15));
#10122=CARTESIAN_POINT('',(0.14,0.0275,-0.15));
#10123=CARTESIAN_POINT('',(0.14,0.015,-0.15));
#10124=CARTESIAN_POINT('',(0.26,0.015,-0.15));
#10125=CARTESIAN_POINT('',(0.16,0.015,-0.15));
#10126=CARTESIAN_POINT('',(0.16,0.0275,-0.15));
#10127=CARTESIAN_POINT('',(0.26,0.0275,-0.15));
#10128=CARTESIAN_POINT('',(0.24,0.0275,-0.15));
#10129=CARTESIAN_POINT('',(0.24,0.015,-0.15));
#10130=CARTESIAN_POINT('',(0.26,0.015,-0.15));
#10131=CARTESIAN_POINT('',(0.26,0.015,-0.165));
#10132=CARTESIAN_POINT('',(-0.24,0.015,-0.165));
#10133=CARTESIAN_POINT('',(-0.24,0.,-0.165));
#10134=CARTESIAN_POINT('',(0.26,1.70740499604016E-17,-0.165));
#10135=CARTESIAN_POINT('',(0.26,0.015,-0.165));
#10136=CARTESIAN_POINT('',(-0.16,0.015,-0.165));
#10137=CARTESIAN_POINT('',(-0.16,0.,-0.165));
#10138=CARTESIAN_POINT('',(0.26,1.70740499604016E-17,-0.165));
#10139=CARTESIAN_POINT('',(-0.14,0.,-0.165));
#10140=CARTESIAN_POINT('',(-0.14,0.015,-0.165));
#10141=CARTESIAN_POINT('',(0.26,0.015,-0.165));
#10142=CARTESIAN_POINT('',(-0.0600000000000001,0.015,-0.165));
#10143=CARTESIAN_POINT('',(-0.0600000000000001,0.,-0.165));
#10144=CARTESIAN_POINT('',(0.26,1.70740499604016E-17,-0.165));
#10145=CARTESIAN_POINT('',(-0.04,0.,-0.165));
#10146=CARTESIAN_POINT('',(-0.04,0.015,-0.165));
#10147=CARTESIAN_POINT('',(0.26,0.015,-0.165));
#10148=CARTESIAN_POINT('',(0.0399999999999999,0.015,-0.165));
#10149=CARTESIAN_POINT('',(0.0399999999999999,0.,-0.165));
#10150=CARTESIAN_POINT('',(0.26,1.70740499604016E-17,-0.165));
#10151=CARTESIAN_POINT('',(0.0599999999999999,0.,-0.165));
#10152=CARTESIAN_POINT('',(0.0599999999999999,0.015,-0.165));
#10153=CARTESIAN_POINT('',(0.26,0.015,-0.165));
#10154=CARTESIAN_POINT('',(0.14,0.015,-0.165));
#10155=CARTESIAN_POINT('',(0.14,0.,-0.165));
#10156=CARTESIAN_POINT('',(0.26,1.70740499604016E-17,-0.165));
#10157=CARTESIAN_POINT('',(0.16,0.,-0.165));
#10158=CARTESIAN_POINT('',(0.16,0.015,-0.165));
#10159=CARTESIAN_POINT('',(0.26,0.015,-0.165));
#10160=CARTESIAN_POINT('',(0.24,0.015,-0.165));
#10161=CARTESIAN_POINT('',(0.24,0.,-0.165));
#10162=CARTESIAN_POINT('',(0.26,1.70740499604016E-17,-0.165));
#10163=CARTESIAN_POINT('',(0.26,0.,-0.165));
#10164=CARTESIAN_POINT('',(-0.0227499999999999,0.,-0.44775));
#10165=CARTESIAN_POINT('',(-0.254,0.,-0.2165));
#10166=CARTESIAN_POINT('',(0.26,0.,-0.2165));
#10167=CARTESIAN_POINT('',(-0.246,0.,-0.2165));
#10168=CARTESIAN_POINT('',(0.03275,0.,0.0622500000000001));
#10169=CARTESIAN_POINT('',(-0.24,0.,-0.2105));
#10170=CARTESIAN_POINT('',(-0.24,0.,-0.165));
#10171=CARTESIAN_POINT('',(0.26,0.,-0.165));
#10172=CARTESIAN_POINT('',(-0.16,0.,-0.165));
#10173=CARTESIAN_POINT('',(-0.16,0.,-0.2105));
#10174=CARTESIAN_POINT('',(0.0272499999999988,0.,-0.39775));
#10175=CARTESIAN_POINT('',(-0.154,0.,-0.2165));
#10176=CARTESIAN_POINT('',(0.26,0.,-0.2165));
#10177=CARTESIAN_POINT('',(-0.146,0.,-0.2165));
#10178=CARTESIAN_POINT('',(0.0827500000000001,0.,0.01225));
#10179=CARTESIAN_POINT('',(-0.14,0.,-0.2105));
#10180=CARTESIAN_POINT('',(-0.14,0.,-0.165));
#10181=CARTESIAN_POINT('',(0.26,0.,-0.165));
#10182=CARTESIAN_POINT('',(-0.0600000000000001,0.,-0.165));
#10183=CARTESIAN_POINT('',(-0.0600000000000001,0.,-0.2105));
#10184=CARTESIAN_POINT('',(0.0772499999999996,0.,-0.34775));
#10185=CARTESIAN_POINT('',(-0.0540000000000001,0.,-0.2165));
#10186=CARTESIAN_POINT('',(0.26,0.,-0.2165));
#10187=CARTESIAN_POINT('',(-0.0460000000000001,0.,-0.2165));
#10188=CARTESIAN_POINT('',(0.13275,0.,-0.0377499999999999));
#10189=CARTESIAN_POINT('',(-0.0400000000000001,0.,-0.2105));
#10190=CARTESIAN_POINT('',(-0.04,0.,-0.165));
#10191=CARTESIAN_POINT('',(0.26,0.,-0.165));
#10192=CARTESIAN_POINT('',(0.0399999999999999,0.,-0.165));
#10193=CARTESIAN_POINT('',(0.0399999999999999,0.,-0.2105));
#10194=CARTESIAN_POINT('',(0.127249999999999,0.,-0.29775));
#10195=CARTESIAN_POINT('',(0.0459999999999999,0.,-0.2165));
#10196=CARTESIAN_POINT('',(0.26,0.,-0.2165));
#10197=CARTESIAN_POINT('',(0.0539999999999999,0.,-0.2165));
#10198=CARTESIAN_POINT('',(0.18275,0.,-0.0877499999999999));
#10199=CARTESIAN_POINT('',(0.0599999999999999,0.,-0.2105));
#10200=CARTESIAN_POINT('',(0.0599999999999999,0.,-0.165));
#10201=CARTESIAN_POINT('',(0.26,0.,-0.165));
#10202=CARTESIAN_POINT('',(0.14,0.,-0.165));
#10203=CARTESIAN_POINT('',(0.14,0.,-0.2105));
#10204=CARTESIAN_POINT('',(0.17725,0.,-0.24775));
#10205=CARTESIAN_POINT('',(0.146,0.,-0.2165));
#10206=CARTESIAN_POINT('',(0.26,0.,-0.2165));
#10207=CARTESIAN_POINT('',(0.154,0.,-0.2165));
#10208=CARTESIAN_POINT('',(0.23275,0.,-0.13775));
#10209=CARTESIAN_POINT('',(0.16,0.,-0.2105));
#10210=CARTESIAN_POINT('',(0.16,0.,-0.165));
#10211=CARTESIAN_POINT('',(0.26,0.,-0.165));
#10212=CARTESIAN_POINT('',(0.24,0.,-0.165));
#10213=CARTESIAN_POINT('',(0.24,0.,-0.2105));
#10214=CARTESIAN_POINT('',(0.22725,0.,-0.19775));
#10215=CARTESIAN_POINT('',(0.246,0.,-0.2165));
#10216=CARTESIAN_POINT('',(0.26,0.,-0.2165));
#10217=CARTESIAN_POINT('',(0.254,0.,-0.2165));
#10218=CARTESIAN_POINT('',(0.28275,0.,-0.18775));
#10219=CARTESIAN_POINT('',(0.26,0.,-0.2165));
#10220=CARTESIAN_POINT('',(-0.254,0.1,-0.2165));
#10221=CARTESIAN_POINT('',(-0.254,0.00999999999999998,-0.2165));
#10222=CARTESIAN_POINT('',(0.26,0.00999999999999999,-0.2165));
#10223=CARTESIAN_POINT('',(-0.246,0.00999999999999998,-0.2165));
#10224=CARTESIAN_POINT('',(-0.246,0.1,-0.2165));
#10225=CARTESIAN_POINT('',(0.26,0.,-0.2165));
#10226=CARTESIAN_POINT('',(-0.154,0.1,-0.2165));
#10227=CARTESIAN_POINT('',(-0.154,0.00999999999999998,-0.2165));
#10228=CARTESIAN_POINT('',(0.26,0.00999999999999999,-0.2165));
#10229=CARTESIAN_POINT('',(-0.146,0.00999999999999998,-0.2165));
#10230=CARTESIAN_POINT('',(-0.146,0.1,-0.2165));
#10231=CARTESIAN_POINT('',(0.26,0.,-0.2165));
#10232=CARTESIAN_POINT('',(-0.0540000000000001,0.1,-0.2165));
#10233=CARTESIAN_POINT('',(-0.0540000000000001,0.00999999999999998,-0.2165));
#10234=CARTESIAN_POINT('',(0.26,0.00999999999999999,-0.2165));
#10235=CARTESIAN_POINT('',(-0.0460000000000001,0.00999999999999998,-0.2165));
#10236=CARTESIAN_POINT('',(-0.0460000000000001,0.1,-0.2165));
#10237=CARTESIAN_POINT('',(0.26,0.,-0.2165));
#10238=CARTESIAN_POINT('',(0.0459999999999999,0.1,-0.2165));
#10239=CARTESIAN_POINT('',(0.0459999999999999,0.00999999999999998,-0.2165));
#10240=CARTESIAN_POINT('',(0.26,0.00999999999999999,-0.2165));
#10241=CARTESIAN_POINT('',(0.0539999999999999,0.00999999999999998,-0.2165));
#10242=CARTESIAN_POINT('',(0.0539999999999999,0.1,-0.2165));
#10243=CARTESIAN_POINT('',(0.26,0.,-0.2165));
#10244=CARTESIAN_POINT('',(0.146,0.1,-0.2165));
#10245=CARTESIAN_POINT('',(0.146,0.00999999999999998,-0.2165));
#10246=CARTESIAN_POINT('',(0.26,0.00999999999999999,-0.2165));
#10247=CARTESIAN_POINT('',(0.154,0.00999999999999998,-0.2165));
#10248=CARTESIAN_POINT('',(0.154,0.1,-0.2165));
#10249=CARTESIAN_POINT('',(0.26,0.,-0.2165));
#10250=CARTESIAN_POINT('',(0.246,0.1,-0.2165));
#10251=CARTESIAN_POINT('',(0.246,0.00999999999999998,-0.2165));
#10252=CARTESIAN_POINT('',(0.26,0.00999999999999999,-0.2165));
#10253=CARTESIAN_POINT('',(0.254,0.00999999999999999,-0.2165));
#10254=CARTESIAN_POINT('',(0.254,0.1,-0.2165));
#10255=CARTESIAN_POINT('',(0.26,0.00999999999999999,-0.2165));
#10256=CARTESIAN_POINT('',(0.00300000000000004,0.0100000000000001,-0.4735));
#10257=CARTESIAN_POINT('',(0.26,0.00999999999999996,-0.165));
#10258=CARTESIAN_POINT('',(-0.24,0.00999999999999996,-0.165));
#10259=CARTESIAN_POINT('',(-0.24,0.00999999999999999,-0.2165));
#10260=CARTESIAN_POINT('',(-0.24,0.00999999999999998,-0.2105));
#10261=CARTESIAN_POINT('',(0.00699999999999999,0.00999999999999986,0.0365000000000001));
#10262=CARTESIAN_POINT('',(0.26,0.00999999999999999,-0.2165));
#10263=CARTESIAN_POINT('',(-0.16,0.00999999999999999,-0.2165));
#10264=CARTESIAN_POINT('',(-0.16,0.00999999999999996,-0.165));
#10265=CARTESIAN_POINT('',(-0.16,0.00999999999999998,-0.2105));
#10266=CARTESIAN_POINT('',(0.26,0.00999999999999996,-0.165));
#10267=CARTESIAN_POINT('',(-0.14,0.00999999999999996,-0.165));
#10268=CARTESIAN_POINT('',(-0.14,0.00999999999999999,-0.2165));
#10269=CARTESIAN_POINT('',(-0.14,0.00999999999999998,-0.2105));
#10270=CARTESIAN_POINT('',(0.057,0.00999999999999989,-0.0135));
#10271=CARTESIAN_POINT('',(0.0529999999999988,0.0100000000000001,-0.4235));
#10272=CARTESIAN_POINT('',(0.26,0.00999999999999999,-0.2165));
#10273=CARTESIAN_POINT('',(-0.0600000000000001,0.00999999999999999,-0.2165));
#10274=CARTESIAN_POINT('',(-0.0600000000000001,0.00999999999999996,-0.165));
#10275=CARTESIAN_POINT('',(-0.0600000000000001,0.00999999999999998,-0.2105));
#10276=CARTESIAN_POINT('',(0.26,0.00999999999999996,-0.165));
#10277=CARTESIAN_POINT('',(-0.04,0.00999999999999996,-0.165));
#10278=CARTESIAN_POINT('',(-0.04,0.00999999999999999,-0.2165));
#10279=CARTESIAN_POINT('',(-0.0400000000000001,0.00999999999999998,-0.2105));
#10280=CARTESIAN_POINT('',(0.107,0.00999999999999991,-0.0634999999999999));
#10281=CARTESIAN_POINT('',(0.103,0.0100000000000001,-0.3735));
#10282=CARTESIAN_POINT('',(0.26,0.00999999999999999,-0.2165));
#10283=CARTESIAN_POINT('',(0.0399999999999999,0.00999999999999999,-0.2165));
#10284=CARTESIAN_POINT('',(0.0399999999999999,0.00999999999999996,-0.165));
#10285=CARTESIAN_POINT('',(0.0399999999999999,0.00999999999999998,-0.2105));
#10286=CARTESIAN_POINT('',(0.26,0.00999999999999996,-0.165));
#10287=CARTESIAN_POINT('',(0.0599999999999999,0.00999999999999996,-0.165));
#10288=CARTESIAN_POINT('',(0.0599999999999999,0.00999999999999999,-0.2165));
#10289=CARTESIAN_POINT('',(0.0599999999999999,0.00999999999999998,-0.2105));
#10290=CARTESIAN_POINT('',(0.157,0.00999999999999994,-0.1135));
#10291=CARTESIAN_POINT('',(0.152999999999999,0.01,-0.3235));
#10292=CARTESIAN_POINT('',(0.26,0.00999999999999999,-0.2165));
#10293=CARTESIAN_POINT('',(0.14,0.00999999999999999,-0.2165));
#10294=CARTESIAN_POINT('',(0.14,0.00999999999999996,-0.165));
#10295=CARTESIAN_POINT('',(0.14,0.00999999999999998,-0.2105));
#10296=CARTESIAN_POINT('',(0.26,0.00999999999999996,-0.165));
#10297=CARTESIAN_POINT('',(0.16,0.00999999999999996,-0.165));
#10298=CARTESIAN_POINT('',(0.16,0.00999999999999999,-0.2165));
#10299=CARTESIAN_POINT('',(0.16,0.00999999999999998,-0.2105));
#10300=CARTESIAN_POINT('',(0.207,0.00999999999999996,-0.1635));
#10301=CARTESIAN_POINT('',(0.203,0.01,-0.2735));
#10302=CARTESIAN_POINT('',(0.26,0.00999999999999999,-0.2165));
#10303=CARTESIAN_POINT('',(0.24,0.00999999999999999,-0.2165));
#10304=CARTESIAN_POINT('',(0.24,0.00999999999999996,-0.165));
#10305=CARTESIAN_POINT('',(0.24,0.00999999999999998,-0.2105));
#10306=CARTESIAN_POINT('',(0.26,0.00999999999999996,-0.165));
#10307=CARTESIAN_POINT('',(0.257,0.00999999999999998,-0.2135));
#10308=CARTESIAN_POINT('',(0.253,0.00999999999999999,-0.2235));
#10309=CARTESIAN_POINT('',(0.26,0.0149999999999999,-0.165));
#10310=CARTESIAN_POINT('',(0.26,0.015,-0.16));
#10311=CARTESIAN_POINT('',(-0.24,0.015,-0.16));
#10312=CARTESIAN_POINT('',(-0.24,0.0149999999999999,-0.165));
#10313=CARTESIAN_POINT('',(0.26,0.0149999999999999,-0.165));
#10314=CARTESIAN_POINT('',(-0.16,0.0149999999999999,-0.165));
#10315=CARTESIAN_POINT('',(-0.16,0.015,-0.16));
#10316=CARTESIAN_POINT('',(0.26,0.015,-0.16));
#10317=CARTESIAN_POINT('',(-0.14,0.015,-0.16));
#10318=CARTESIAN_POINT('',(-0.14,0.0149999999999999,-0.165));
#10319=CARTESIAN_POINT('',(0.26,0.0149999999999999,-0.165));
#10320=CARTESIAN_POINT('',(-0.0600000000000001,0.0149999999999999,-0.165));
#10321=CARTESIAN_POINT('',(-0.0600000000000001,0.015,-0.16));
#10322=CARTESIAN_POINT('',(0.26,0.015,-0.16));
#10323=CARTESIAN_POINT('',(-0.04,0.015,-0.16));
#10324=CARTESIAN_POINT('',(-0.04,0.0149999999999999,-0.165));
#10325=CARTESIAN_POINT('',(0.26,0.0149999999999999,-0.165));
#10326=CARTESIAN_POINT('',(0.0399999999999999,0.0149999999999999,-0.165));
#10327=CARTESIAN_POINT('',(0.0399999999999999,0.015,-0.16));
#10328=CARTESIAN_POINT('',(0.26,0.015,-0.16));
#10329=CARTESIAN_POINT('',(0.0599999999999999,0.015,-0.16));
#10330=CARTESIAN_POINT('',(0.0599999999999999,0.0149999999999999,-0.165));
#10331=CARTESIAN_POINT('',(0.26,0.0149999999999999,-0.165));
#10332=CARTESIAN_POINT('',(0.14,0.0149999999999999,-0.165));
#10333=CARTESIAN_POINT('',(0.14,0.015,-0.16));
#10334=CARTESIAN_POINT('',(0.26,0.015,-0.16));
#10335=CARTESIAN_POINT('',(0.16,0.015,-0.16));
#10336=CARTESIAN_POINT('',(0.16,0.0149999999999999,-0.165));
#10337=CARTESIAN_POINT('',(0.26,0.0149999999999999,-0.165));
#10338=CARTESIAN_POINT('',(0.24,0.0149999999999999,-0.165));
#10339=CARTESIAN_POINT('',(0.24,0.015,-0.16));
#10340=CARTESIAN_POINT('',(0.26,0.015,-0.16));
#10341=CARTESIAN_POINT('',(0.26,0.015,-0.16));
#10342=CARTESIAN_POINT('',(-0.24,0.015,-0.16));
#10343=CARTESIAN_POINT('',(-0.24,0.0225,-0.16));
#10344=CARTESIAN_POINT('',(0.26,0.0225,-0.16));
#10345=CARTESIAN_POINT('',(0.26,0.015,-0.16));
#10346=CARTESIAN_POINT('',(-0.16,0.015,-0.16));
#10347=CARTESIAN_POINT('',(-0.16,0.0225,-0.16));
#10348=CARTESIAN_POINT('',(0.26,0.0225,-0.16));
#10349=CARTESIAN_POINT('',(-0.14,0.0225,-0.16));
#10350=CARTESIAN_POINT('',(-0.14,0.015,-0.16));
#10351=CARTESIAN_POINT('',(0.26,0.015,-0.16));
#10352=CARTESIAN_POINT('',(-0.0600000000000001,0.015,-0.16));
#10353=CARTESIAN_POINT('',(-0.0600000000000001,0.0225,-0.16));
#10354=CARTESIAN_POINT('',(0.26,0.0225,-0.16));
#10355=CARTESIAN_POINT('',(-0.04,0.0225,-0.16));
#10356=CARTESIAN_POINT('',(-0.04,0.015,-0.16));
#10357=CARTESIAN_POINT('',(0.26,0.015,-0.16));
#10358=CARTESIAN_POINT('',(0.0399999999999999,0.015,-0.16));
#10359=CARTESIAN_POINT('',(0.0399999999999999,0.0225,-0.16));
#10360=CARTESIAN_POINT('',(0.26,0.0225,-0.16));
#10361=CARTESIAN_POINT('',(0.0599999999999999,0.0225,-0.16));
#10362=CARTESIAN_POINT('',(0.0599999999999999,0.015,-0.16));
#10363=CARTESIAN_POINT('',(0.26,0.015,-0.16));
#10364=CARTESIAN_POINT('',(0.14,0.015,-0.16));
#10365=CARTESIAN_POINT('',(0.14,0.0225,-0.16));
#10366=CARTESIAN_POINT('',(0.26,0.0225,-0.16));
#10367=CARTESIAN_POINT('',(0.16,0.0225,-0.16));
#10368=CARTESIAN_POINT('',(0.16,0.015,-0.16));
#10369=CARTESIAN_POINT('',(0.26,0.015,-0.16));
#10370=CARTESIAN_POINT('',(0.24,0.015,-0.16));
#10371=CARTESIAN_POINT('',(0.24,0.0225,-0.16));
#10372=CARTESIAN_POINT('',(0.26,0.0225,-0.16));
#10373=CARTESIAN_POINT('',(0.26,0.0225,-0.13));
#10374=CARTESIAN_POINT('',(-0.24,0.0225,-0.13));
#10375=CARTESIAN_POINT('',(0.26,0.0225,-0.13));
#10376=CARTESIAN_POINT('',(-0.16,0.0225,-0.13));
#10377=CARTESIAN_POINT('',(-0.14,0.0225,-0.13));
#10378=CARTESIAN_POINT('',(0.26,0.0225,-0.13));
#10379=CARTESIAN_POINT('',(-0.0600000000000001,0.0225,-0.13));
#10380=CARTESIAN_POINT('',(-0.04,0.0225,-0.13));
#10381=CARTESIAN_POINT('',(0.26,0.0225,-0.13));
#10382=CARTESIAN_POINT('',(0.0399999999999999,0.0225,-0.13));
#10383=CARTESIAN_POINT('',(0.0599999999999999,0.0225,-0.13));
#10384=CARTESIAN_POINT('',(0.26,0.0225,-0.13));
#10385=CARTESIAN_POINT('',(0.14,0.0225,-0.13));
#10386=CARTESIAN_POINT('',(0.16,0.0225,-0.13));
#10387=CARTESIAN_POINT('',(0.26,0.0225,-0.13));
#10388=CARTESIAN_POINT('',(0.24,0.0225,-0.13));
#10389=CARTESIAN_POINT('',(0.26,0.01,0.165));
#10390=CARTESIAN_POINT('',(-0.02275,0.01,0.44775));
#10391=CARTESIAN_POINT('',(-0.254,0.01,0.2165));
#10392=CARTESIAN_POINT('',(0.26,0.01,0.2165));
#10393=CARTESIAN_POINT('',(-0.246,0.01,0.2165));
#10394=CARTESIAN_POINT('',(0.03275,0.00999999999999999,-0.06225));
#10395=CARTESIAN_POINT('',(-0.24,0.01,0.2105));
#10396=CARTESIAN_POINT('',(-0.24,0.01,0.165));
#10397=CARTESIAN_POINT('',(-0.24,0.01,0.165));
#10398=CARTESIAN_POINT('',(0.26,0.01,0.165));
#10399=CARTESIAN_POINT('',(0.26,0.01,0.165));
#10400=CARTESIAN_POINT('',(0.28275,0.01,0.18775));
#10401=CARTESIAN_POINT('',(0.254,0.01,0.2165));
#10402=CARTESIAN_POINT('',(0.26,0.01,0.165));
#10403=CARTESIAN_POINT('',(0.24,0.01,0.165));
#10404=CARTESIAN_POINT('',(0.24,0.01,0.165));
#10405=CARTESIAN_POINT('',(0.24,0.01,0.2105));
#10406=CARTESIAN_POINT('',(0.22725,0.01,0.19775));
#10407=CARTESIAN_POINT('',(0.246,0.01,0.2165));
#10408=CARTESIAN_POINT('',(0.26,0.01,0.2165));
#10409=CARTESIAN_POINT('',(0.26,0.01,0.165));
#10410=CARTESIAN_POINT('',(0.16,0.01,0.165));
#10411=CARTESIAN_POINT('',(0.16,0.01,0.165));
#10412=CARTESIAN_POINT('',(0.16,0.01,0.2105));
#10413=CARTESIAN_POINT('',(0.26,0.01,0.165));
#10414=CARTESIAN_POINT('',(0.14,0.01,0.165));
#10415=CARTESIAN_POINT('',(0.14,0.01,0.165));
#10416=CARTESIAN_POINT('',(0.14,0.01,0.2105));
#10417=CARTESIAN_POINT('',(0.17725,0.01,0.24775));
#10418=CARTESIAN_POINT('',(0.146,0.01,0.2165));
#10419=CARTESIAN_POINT('',(0.26,0.01,0.2165));
#10420=CARTESIAN_POINT('',(0.154,0.01,0.2165));
#10421=CARTESIAN_POINT('',(0.23275,0.01,0.13775));
#10422=CARTESIAN_POINT('',(0.26,0.01,0.165));
#10423=CARTESIAN_POINT('',(0.0599999999999999,0.01,0.165));
#10424=CARTESIAN_POINT('',(0.0599999999999999,0.01,0.165));
#10425=CARTESIAN_POINT('',(0.0599999999999999,0.01,0.2105));
#10426=CARTESIAN_POINT('',(0.26,0.01,0.165));
#10427=CARTESIAN_POINT('',(0.0399999999999999,0.01,0.165));
#10428=CARTESIAN_POINT('',(0.0399999999999999,0.01,0.165));
#10429=CARTESIAN_POINT('',(0.0399999999999999,0.01,0.2105));
#10430=CARTESIAN_POINT('',(0.12725,0.01,0.29775));
#10431=CARTESIAN_POINT('',(0.046,0.01,0.2165));
#10432=CARTESIAN_POINT('',(0.26,0.01,0.2165));
#10433=CARTESIAN_POINT('',(0.0539999999999999,0.01,0.2165));
#10434=CARTESIAN_POINT('',(0.18275,0.01,0.0877499999999999));
#10435=CARTESIAN_POINT('',(0.26,0.01,0.165));
#10436=CARTESIAN_POINT('',(-0.04,0.01,0.165));
#10437=CARTESIAN_POINT('',(-0.04,0.01,0.165));
#10438=CARTESIAN_POINT('',(-0.0400000000000001,0.01,0.2105));
#10439=CARTESIAN_POINT('',(0.26,0.01,0.165));
#10440=CARTESIAN_POINT('',(-0.0600000000000001,0.01,0.165));
#10441=CARTESIAN_POINT('',(-0.0600000000000001,0.01,0.165));
#10442=CARTESIAN_POINT('',(-0.0600000000000001,0.01,0.2105));
#10443=CARTESIAN_POINT('',(0.0772499999999993,0.01,0.34775));
#10444=CARTESIAN_POINT('',(-0.054,0.01,0.2165));
#10445=CARTESIAN_POINT('',(0.26,0.01,0.2165));
#10446=CARTESIAN_POINT('',(-0.0460000000000001,0.01,0.2165));
#10447=CARTESIAN_POINT('',(0.13275,0.01,0.0377499999999999));
#10448=CARTESIAN_POINT('',(0.26,0.01,0.165));
#10449=CARTESIAN_POINT('',(-0.14,0.01,0.165));
#10450=CARTESIAN_POINT('',(-0.14,0.01,0.165));
#10451=CARTESIAN_POINT('',(-0.14,0.01,0.2105));
#10452=CARTESIAN_POINT('',(0.26,0.01,0.165));
#10453=CARTESIAN_POINT('',(-0.16,0.01,0.165));
#10454=CARTESIAN_POINT('',(-0.16,0.01,0.165));
#10455=CARTESIAN_POINT('',(-0.16,0.01,0.2105));
#10456=CARTESIAN_POINT('',(0.0272499999999988,0.01,0.39775));
#10457=CARTESIAN_POINT('',(-0.154,0.01,0.2165));
#10458=CARTESIAN_POINT('',(0.26,0.01,0.2165));
#10459=CARTESIAN_POINT('',(-0.146,0.01,0.2165));
#10460=CARTESIAN_POINT('',(0.08275,0.00999999999999999,-0.01225));
#10461=CARTESIAN_POINT('',(0.26,0.01,0.2165));
#10462=CARTESIAN_POINT('',(-0.254,0.1,0.2165));
#10463=CARTESIAN_POINT('',(-0.254,0.,0.2165));
#10464=CARTESIAN_POINT('',(0.26,0.,0.2165));
#10465=CARTESIAN_POINT('',(-0.246,0.,0.2165));
#10466=CARTESIAN_POINT('',(-0.246,0.1,0.2165));
#10467=CARTESIAN_POINT('',(0.26,0.01,0.2165));
#10468=CARTESIAN_POINT('',(0.254,0.1,0.2165));
#10469=CARTESIAN_POINT('',(0.254,0.,0.2165));
#10470=CARTESIAN_POINT('',(0.246,0.1,0.2165));
#10471=CARTESIAN_POINT('',(0.246,0.,0.2165));
#10472=CARTESIAN_POINT('',(0.26,0.,0.2165));
#10473=CARTESIAN_POINT('',(0.26,0.01,0.2165));
#10474=CARTESIAN_POINT('',(0.154,0.1,0.2165));
#10475=CARTESIAN_POINT('',(0.154,0.,0.2165));
#10476=CARTESIAN_POINT('',(0.146,0.1,0.2165));
#10477=CARTESIAN_POINT('',(0.146,0.,0.2165));
#10478=CARTESIAN_POINT('',(0.26,0.,0.2165));
#10479=CARTESIAN_POINT('',(0.26,0.01,0.2165));
#10480=CARTESIAN_POINT('',(0.0539999999999999,0.1,0.2165));
#10481=CARTESIAN_POINT('',(0.0539999999999999,0.,0.2165));
#10482=CARTESIAN_POINT('',(0.046,0.1,0.2165));
#10483=CARTESIAN_POINT('',(0.046,0.,0.2165));
#10484=CARTESIAN_POINT('',(0.26,0.,0.2165));
#10485=CARTESIAN_POINT('',(0.26,0.01,0.2165));
#10486=CARTESIAN_POINT('',(-0.0460000000000001,0.1,0.2165));
#10487=CARTESIAN_POINT('',(-0.0460000000000001,0.,0.2165));
#10488=CARTESIAN_POINT('',(-0.054,0.1,0.2165));
#10489=CARTESIAN_POINT('',(-0.054,0.,0.2165));
#10490=CARTESIAN_POINT('',(0.26,0.,0.2165));
#10491=CARTESIAN_POINT('',(0.26,0.01,0.2165));
#10492=CARTESIAN_POINT('',(-0.146,0.1,0.2165));
#10493=CARTESIAN_POINT('',(-0.146,0.,0.2165));
#10494=CARTESIAN_POINT('',(-0.154,0.1,0.2165));
#10495=CARTESIAN_POINT('',(-0.154,0.,0.2165));
#10496=CARTESIAN_POINT('',(0.26,0.,0.2165));
#10497=CARTESIAN_POINT('',(0.26,0.,0.2165));
#10498=CARTESIAN_POINT('',(0.00300000000000001,0.,0.4735));
#10499=CARTESIAN_POINT('',(0.26,0.,0.165));
#10500=CARTESIAN_POINT('',(-0.24,0.,0.165));
#10501=CARTESIAN_POINT('',(-0.24,0.,0.2165));
#10502=CARTESIAN_POINT('',(-0.24,0.,0.2105));
#10503=CARTESIAN_POINT('',(0.00699999999999999,0.,-0.0365000000000001));
#10504=CARTESIAN_POINT('',(0.26,0.,0.2165));
#10505=CARTESIAN_POINT('',(0.257,0.,0.2135));
#10506=CARTESIAN_POINT('',(0.253,0.,0.2235));
#10507=CARTESIAN_POINT('',(0.24,0.,0.2105));
#10508=CARTESIAN_POINT('',(0.24,0.,0.2165));
#10509=CARTESIAN_POINT('',(0.24,0.,0.165));
#10510=CARTESIAN_POINT('',(0.26,0.,0.165));
#10511=CARTESIAN_POINT('',(0.26,0.,0.2165));
#10512=CARTESIAN_POINT('',(0.16,0.,0.2165));
#10513=CARTESIAN_POINT('',(0.16,0.,0.2105));
#10514=CARTESIAN_POINT('',(0.16,0.,0.165));
#10515=CARTESIAN_POINT('',(0.207,0.,0.1635));
#10516=CARTESIAN_POINT('',(0.203,0.,0.2735));
#10517=CARTESIAN_POINT('',(0.14,0.,0.2105));
#10518=CARTESIAN_POINT('',(0.14,0.,0.2165));
#10519=CARTESIAN_POINT('',(0.14,0.,0.165));
#10520=CARTESIAN_POINT('',(0.26,0.,0.165));
#10521=CARTESIAN_POINT('',(0.26,0.,0.2165));
#10522=CARTESIAN_POINT('',(0.0599999999999999,0.,0.2165));
#10523=CARTESIAN_POINT('',(0.0599999999999999,0.,0.2105));
#10524=CARTESIAN_POINT('',(0.0599999999999999,0.,0.165));
#10525=CARTESIAN_POINT('',(0.157,0.,0.1135));
#10526=CARTESIAN_POINT('',(0.153,0.,0.3235));
#10527=CARTESIAN_POINT('',(0.0399999999999999,0.,0.2105));
#10528=CARTESIAN_POINT('',(0.0399999999999999,0.,0.2165));
#10529=CARTESIAN_POINT('',(0.0399999999999999,0.,0.165));
#10530=CARTESIAN_POINT('',(0.26,0.,0.165));
#10531=CARTESIAN_POINT('',(0.26,0.,0.2165));
#10532=CARTESIAN_POINT('',(-0.04,0.,0.2165));
#10533=CARTESIAN_POINT('',(-0.0400000000000001,0.,0.2105));
#10534=CARTESIAN_POINT('',(-0.04,0.,0.165));
#10535=CARTESIAN_POINT('',(0.107,0.,0.0634999999999999));
#10536=CARTESIAN_POINT('',(0.102999999999999,0.,0.3735));
#10537=CARTESIAN_POINT('',(-0.0600000000000001,0.,0.2105));
#10538=CARTESIAN_POINT('',(-0.0600000000000001,0.,0.2165));
#10539=CARTESIAN_POINT('',(-0.0600000000000001,0.,0.165));
#10540=CARTESIAN_POINT('',(0.26,0.,0.165));
#10541=CARTESIAN_POINT('',(0.26,0.,0.2165));
#10542=CARTESIAN_POINT('',(-0.14,0.,0.2165));
#10543=CARTESIAN_POINT('',(-0.14,0.,0.2105));
#10544=CARTESIAN_POINT('',(-0.14,0.,0.165));
#10545=CARTESIAN_POINT('',(0.057,0.,0.0135));
#10546=CARTESIAN_POINT('',(0.0529999999999988,0.,0.4235));
#10547=CARTESIAN_POINT('',(-0.16,0.,0.2105));
#10548=CARTESIAN_POINT('',(-0.16,0.,0.2165));
#10549=CARTESIAN_POINT('',(-0.16,0.,0.165));
#10550=CARTESIAN_POINT('',(0.26,0.,0.165));
#10551=CARTESIAN_POINT('',(0.26,0.015,0.165));
#10552=CARTESIAN_POINT('',(0.24,0.015,0.165));
#10553=CARTESIAN_POINT('',(0.24,0.015,0.15));
#10554=CARTESIAN_POINT('',(0.26,0.015,0.15));
#10555=CARTESIAN_POINT('',(0.26,0.015,0.165));
#10556=CARTESIAN_POINT('',(0.16,0.015,0.165));
#10557=CARTESIAN_POINT('',(0.16,0.015,0.15));
#10558=CARTESIAN_POINT('',(0.14,0.015,0.165));
#10559=CARTESIAN_POINT('',(0.14,0.015,0.15));
#10560=CARTESIAN_POINT('',(0.26,0.015,0.15));
#10561=CARTESIAN_POINT('',(0.26,0.015,0.165));
#10562=CARTESIAN_POINT('',(0.0599999999999999,0.015,0.165));
#10563=CARTESIAN_POINT('',(0.0599999999999999,0.015,0.15));
#10564=CARTESIAN_POINT('',(0.0399999999999999,0.015,0.165));
#10565=CARTESIAN_POINT('',(0.0399999999999999,0.015,0.15));
#10566=CARTESIAN_POINT('',(0.26,0.015,0.15));
#10567=CARTESIAN_POINT('',(0.26,0.015,0.165));
#10568=CARTESIAN_POINT('',(-0.04,0.015,0.165));
#10569=CARTESIAN_POINT('',(-0.04,0.015,0.15));
#10570=CARTESIAN_POINT('',(-0.0600000000000001,0.015,0.165));
#10571=CARTESIAN_POINT('',(-0.0600000000000001,0.015,0.15));
#10572=CARTESIAN_POINT('',(0.26,0.015,0.15));
#10573=CARTESIAN_POINT('',(0.26,0.015,0.165));
#10574=CARTESIAN_POINT('',(-0.14,0.015,0.165));
#10575=CARTESIAN_POINT('',(-0.14,0.015,0.15));
#10576=CARTESIAN_POINT('',(-0.16,0.015,0.165));
#10577=CARTESIAN_POINT('',(-0.16,0.015,0.15));
#10578=CARTESIAN_POINT('',(0.26,0.015,0.15));
#10579=CARTESIAN_POINT('',(0.26,0.015,0.165));
#10580=CARTESIAN_POINT('',(-0.24,0.015,0.165));
#10581=CARTESIAN_POINT('',(-0.24,0.015,0.15));
#10582=CARTESIAN_POINT('',(0.26,0.015,0.15));
#10583=CARTESIAN_POINT('',(0.26,0.015,0.15));
#10584=CARTESIAN_POINT('',(0.24,0.015,0.15));
#10585=CARTESIAN_POINT('',(0.24,0.0375,0.15));
#10586=CARTESIAN_POINT('',(0.26,0.0375,0.15));
#10587=CARTESIAN_POINT('',(0.26,0.015,0.15));
#10588=CARTESIAN_POINT('',(0.16,0.015,0.15));
#10589=CARTESIAN_POINT('',(0.16,0.0375,0.15));
#10590=CARTESIAN_POINT('',(0.14,0.015,0.15));
#10591=CARTESIAN_POINT('',(0.14,0.0375,0.15));
#10592=CARTESIAN_POINT('',(0.26,0.0375,0.15));
#10593=CARTESIAN_POINT('',(0.26,0.015,0.15));
#10594=CARTESIAN_POINT('',(0.0599999999999999,0.015,0.15));
#10595=CARTESIAN_POINT('',(0.0599999999999999,0.0375,0.15));
#10596=CARTESIAN_POINT('',(0.0399999999999999,0.015,0.15));
#10597=CARTESIAN_POINT('',(0.0399999999999999,0.0375,0.15));
#10598=CARTESIAN_POINT('',(0.26,0.0375,0.15));
#10599=CARTESIAN_POINT('',(0.26,0.015,0.15));
#10600=CARTESIAN_POINT('',(-0.04,0.015,0.15));
#10601=CARTESIAN_POINT('',(-0.04,0.0375,0.15));
#10602=CARTESIAN_POINT('',(-0.0600000000000001,0.015,0.15));
#10603=CARTESIAN_POINT('',(-0.0600000000000001,0.0375,0.15));
#10604=CARTESIAN_POINT('',(0.26,0.0375,0.15));
#10605=CARTESIAN_POINT('',(0.26,0.015,0.15));
#10606=CARTESIAN_POINT('',(-0.14,0.015,0.15));
#10607=CARTESIAN_POINT('',(-0.14,0.0375,0.15));
#10608=CARTESIAN_POINT('',(-0.16,0.015,0.15));
#10609=CARTESIAN_POINT('',(-0.16,0.0375,0.15));
#10610=CARTESIAN_POINT('',(0.26,0.0375,0.15));
#10611=CARTESIAN_POINT('',(0.26,0.015,0.15));
#10612=CARTESIAN_POINT('',(-0.24,0.015,0.15));
#10613=CARTESIAN_POINT('',(-0.24,0.0375,0.15));
#10614=CARTESIAN_POINT('',(0.26,0.0375,0.15));
#10615=CARTESIAN_POINT('',(0.26,0.0375,0.145));
#10616=CARTESIAN_POINT('',(0.24,0.0375,0.145));
#10617=CARTESIAN_POINT('',(0.26,0.0375,0.145));
#10618=CARTESIAN_POINT('',(0.16,0.0375,0.145));
#10619=CARTESIAN_POINT('',(0.14,0.0375,0.145));
#10620=CARTESIAN_POINT('',(0.26,0.0375,0.145));
#10621=CARTESIAN_POINT('',(0.0599999999999999,0.0375,0.145));
#10622=CARTESIAN_POINT('',(0.0399999999999999,0.0375,0.145));
#10623=CARTESIAN_POINT('',(0.26,0.0375,0.145));
#10624=CARTESIAN_POINT('',(-0.04,0.0375,0.145));
#10625=CARTESIAN_POINT('',(-0.0600000000000001,0.0375,0.145));
#10626=CARTESIAN_POINT('',(0.26,0.0375,0.145));
#10627=CARTESIAN_POINT('',(-0.14,0.0375,0.145));
#10628=CARTESIAN_POINT('',(-0.16,0.0375,0.145));
#10629=CARTESIAN_POINT('',(0.26,0.0375,0.145));
#10630=CARTESIAN_POINT('',(-0.24,0.0375,0.145));
#10631=CARTESIAN_POINT('',(0.26,0.0375,0.145));
#10632=CARTESIAN_POINT('',(0.24,0.0375,0.145));
#10633=CARTESIAN_POINT('',(0.24,0.0375,0.16));
#10634=CARTESIAN_POINT('',(0.26,0.0375,0.16));
#10635=CARTESIAN_POINT('',(0.26,0.0375,0.145));
#10636=CARTESIAN_POINT('',(0.16,0.0375,0.145));
#10637=CARTESIAN_POINT('',(0.16,0.0375,0.16));
#10638=CARTESIAN_POINT('',(0.14,0.0375,0.145));
#10639=CARTESIAN_POINT('',(0.14,0.0375,0.16));
#10640=CARTESIAN_POINT('',(0.26,0.0375,0.16));
#10641=CARTESIAN_POINT('',(0.26,0.0375,0.145));
#10642=CARTESIAN_POINT('',(0.0599999999999999,0.0375,0.145));
#10643=CARTESIAN_POINT('',(0.0599999999999999,0.0375,0.16));
#10644=CARTESIAN_POINT('',(0.0399999999999999,0.0375,0.145));
#10645=CARTESIAN_POINT('',(0.0399999999999999,0.0375,0.16));
#10646=CARTESIAN_POINT('',(0.26,0.0375,0.16));
#10647=CARTESIAN_POINT('',(0.26,0.0375,0.145));
#10648=CARTESIAN_POINT('',(-0.04,0.0375,0.145));
#10649=CARTESIAN_POINT('',(-0.04,0.0375,0.16));
#10650=CARTESIAN_POINT('',(-0.0600000000000001,0.0375,0.145));
#10651=CARTESIAN_POINT('',(-0.0600000000000001,0.0375,0.16));
#10652=CARTESIAN_POINT('',(0.26,0.0375,0.16));
#10653=CARTESIAN_POINT('',(0.26,0.0375,0.145));
#10654=CARTESIAN_POINT('',(-0.14,0.0375,0.145));
#10655=CARTESIAN_POINT('',(-0.14,0.0375,0.16));
#10656=CARTESIAN_POINT('',(-0.16,0.0375,0.145));
#10657=CARTESIAN_POINT('',(-0.16,0.0375,0.16));
#10658=CARTESIAN_POINT('',(0.26,0.0375,0.16));
#10659=CARTESIAN_POINT('',(0.26,0.0375,0.145));
#10660=CARTESIAN_POINT('',(-0.24,0.0375,0.145));
#10661=CARTESIAN_POINT('',(-0.24,0.0375,0.16));
#10662=CARTESIAN_POINT('',(0.26,0.0375,0.16));
#10663=CARTESIAN_POINT('',(0.26,0.0375,0.16));
#10664=CARTESIAN_POINT('',(0.24,0.0375,0.16));
#10665=CARTESIAN_POINT('',(0.24,0.015,0.16));
#10666=CARTESIAN_POINT('',(0.26,0.015,0.16));
#10667=CARTESIAN_POINT('',(0.26,0.0375,0.16));
#10668=CARTESIAN_POINT('',(0.16,0.0375,0.16));
#10669=CARTESIAN_POINT('',(0.16,0.015,0.16));
#10670=CARTESIAN_POINT('',(0.14,0.0375,0.16));
#10671=CARTESIAN_POINT('',(0.14,0.015,0.16));
#10672=CARTESIAN_POINT('',(0.26,0.015,0.16));
#10673=CARTESIAN_POINT('',(0.26,0.0375,0.16));
#10674=CARTESIAN_POINT('',(0.0599999999999999,0.0375,0.16));
#10675=CARTESIAN_POINT('',(0.0599999999999999,0.015,0.16));
#10676=CARTESIAN_POINT('',(0.0399999999999999,0.0375,0.16));
#10677=CARTESIAN_POINT('',(0.0399999999999999,0.015,0.16));
#10678=CARTESIAN_POINT('',(0.26,0.015,0.16));
#10679=CARTESIAN_POINT('',(0.26,0.0375,0.16));
#10680=CARTESIAN_POINT('',(-0.04,0.0375,0.16));
#10681=CARTESIAN_POINT('',(-0.04,0.015,0.16));
#10682=CARTESIAN_POINT('',(-0.0600000000000001,0.0375,0.16));
#10683=CARTESIAN_POINT('',(-0.0600000000000001,0.015,0.16));
#10684=CARTESIAN_POINT('',(0.26,0.015,0.16));
#10685=CARTESIAN_POINT('',(0.26,0.0375,0.16));
#10686=CARTESIAN_POINT('',(-0.14,0.0375,0.16));
#10687=CARTESIAN_POINT('',(-0.14,0.015,0.16));
#10688=CARTESIAN_POINT('',(-0.16,0.0375,0.16));
#10689=CARTESIAN_POINT('',(-0.16,0.015,0.16));
#10690=CARTESIAN_POINT('',(0.26,0.015,0.16));
#10691=CARTESIAN_POINT('',(0.26,0.0375,0.16));
#10692=CARTESIAN_POINT('',(-0.24,0.0375,0.16));
#10693=CARTESIAN_POINT('',(-0.24,0.015,0.16));
#10694=CARTESIAN_POINT('',(0.26,0.015,0.16));
#10695=CARTESIAN_POINT('',(0.26,0.015,0.165));
#10696=CARTESIAN_POINT('',(0.24,0.015,0.165));
#10697=CARTESIAN_POINT('',(0.26,0.015,0.165));
#10698=CARTESIAN_POINT('',(0.16,0.015,0.165));
#10699=CARTESIAN_POINT('',(0.14,0.015,0.165));
#10700=CARTESIAN_POINT('',(0.26,0.015,0.165));
#10701=CARTESIAN_POINT('',(0.0599999999999999,0.015,0.165));
#10702=CARTESIAN_POINT('',(0.0399999999999999,0.015,0.165));
#10703=CARTESIAN_POINT('',(0.26,0.015,0.165));
#10704=CARTESIAN_POINT('',(-0.04,0.015,0.165));
#10705=CARTESIAN_POINT('',(-0.0600000000000001,0.015,0.165));
#10706=CARTESIAN_POINT('',(0.26,0.015,0.165));
#10707=CARTESIAN_POINT('',(-0.14,0.015,0.165));
#10708=CARTESIAN_POINT('',(-0.16,0.015,0.165));
#10709=CARTESIAN_POINT('',(0.26,0.015,0.165));
#10710=CARTESIAN_POINT('',(-0.24,0.015,0.165));
#10711=CARTESIAN_POINT('',(-0.254,0.1,0.2165));
#10712=CARTESIAN_POINT('',(0.26,0.1,0.2105));
#10713=CARTESIAN_POINT('',(-0.16,0.1,0.2105));
#10714=CARTESIAN_POINT('',(-0.16,0.1,0.2105));
#10715=CARTESIAN_POINT('',(-0.16,0.1,0.01));
#10716=CARTESIAN_POINT('',(-0.24,0.1,0.01));
#10717=CARTESIAN_POINT('',(-0.24,0.1,0.01));
#10718=CARTESIAN_POINT('',(-0.24,0.1,0.2105));
#10719=CARTESIAN_POINT('',(-0.16,0.1,0.01));
#10720=CARTESIAN_POINT('',(-0.24,0.1,0.2105));
#10721=CARTESIAN_POINT('',(-0.154,0.1,0.2165));
#10722=CARTESIAN_POINT('',(-0.0600000000000001,0.1,0.2105));
#10723=CARTESIAN_POINT('',(-0.0600000000000001,0.1,0.2105));
#10724=CARTESIAN_POINT('',(-0.0600000000000001,0.1,0.01));
#10725=CARTESIAN_POINT('',(-0.14,0.1,0.01));
#10726=CARTESIAN_POINT('',(-0.14,0.1,0.01));
#10727=CARTESIAN_POINT('',(-0.14,0.1,0.2105));
#10728=CARTESIAN_POINT('',(-0.0600000000000001,0.1,0.01));
#10729=CARTESIAN_POINT('',(-0.14,0.1,0.2105));
#10730=CARTESIAN_POINT('',(-0.054,0.1,0.2165));
#10731=CARTESIAN_POINT('',(0.0399999999999999,0.1,0.2105));
#10732=CARTESIAN_POINT('',(0.0399999999999999,0.1,0.2105));
#10733=CARTESIAN_POINT('',(0.0399999999999999,0.1,0.01));
#10734=CARTESIAN_POINT('',(-0.0400000000000001,0.1,0.01));
#10735=CARTESIAN_POINT('',(-0.0400000000000001,0.1,0.01));
#10736=CARTESIAN_POINT('',(-0.0400000000000001,0.1,0.2105));
#10737=CARTESIAN_POINT('',(0.0399999999999999,0.1,0.01));
#10738=CARTESIAN_POINT('',(-0.0400000000000001,0.1,0.2105));
#10739=CARTESIAN_POINT('',(0.046,0.1,0.2165));
#10740=CARTESIAN_POINT('',(0.14,0.1,0.2105));
#10741=CARTESIAN_POINT('',(0.14,0.1,0.2105));
#10742=CARTESIAN_POINT('',(0.14,0.1,0.01));
#10743=CARTESIAN_POINT('',(0.0599999999999999,0.1,0.01));
#10744=CARTESIAN_POINT('',(0.0599999999999999,0.1,0.01));
#10745=CARTESIAN_POINT('',(0.0599999999999999,0.1,0.2105));
#10746=CARTESIAN_POINT('',(0.14,0.1,0.01));
#10747=CARTESIAN_POINT('',(0.0599999999999999,0.1,0.2105));
#10748=CARTESIAN_POINT('',(0.146,0.1,0.2165));
#10749=CARTESIAN_POINT('',(0.246,0.1,0.2165));
#10750=CARTESIAN_POINT('',(0.24,0.1,0.2105));
#10751=CARTESIAN_POINT('',(0.16,0.1,0.2105));
#10752=CARTESIAN_POINT('',(0.16,0.1,0.2105));
#10753=CARTESIAN_POINT('',(0.24,0.1,0.01));
#10754=CARTESIAN_POINT('',(0.24,0.1,0.01));
#10755=CARTESIAN_POINT('',(0.16,0.1,0.01));
#10756=CARTESIAN_POINT('',(0.24,0.1,0.2105));
#10757=CARTESIAN_POINT('',(0.16,0.1,0.01));
#10758=CARTESIAN_POINT('',(0.16,0.1,-0.2105));
#10759=CARTESIAN_POINT('',(0.16,0.1,-0.2105));
#10760=CARTESIAN_POINT('',(0.16,0.1,-0.01));
#10761=CARTESIAN_POINT('',(0.154,0.1,-0.2165));
#10762=CARTESIAN_POINT('',(0.24,0.1,-0.01));
#10763=CARTESIAN_POINT('',(0.24,0.1,-0.01));
#10764=CARTESIAN_POINT('',(0.24,0.1,-0.2105));
#10765=CARTESIAN_POINT('',(0.24,0.1,-0.2105));
#10766=CARTESIAN_POINT('',(0.16,0.1,-0.01));
#10767=CARTESIAN_POINT('',(0.0599999999999999,0.1,-0.2105));
#10768=CARTESIAN_POINT('',(0.0599999999999999,0.1,-0.2105));
#10769=CARTESIAN_POINT('',(0.0599999999999999,0.1,-0.01));
#10770=CARTESIAN_POINT('',(0.0539999999999999,0.1,-0.2165));
#10771=CARTESIAN_POINT('',(0.14,0.1,-0.01));
#10772=CARTESIAN_POINT('',(0.14,0.1,-0.01));
#10773=CARTESIAN_POINT('',(0.14,0.1,-0.2105));
#10774=CARTESIAN_POINT('',(0.14,0.1,-0.2105));
#10775=CARTESIAN_POINT('',(0.0599999999999999,0.1,-0.01));
#10776=CARTESIAN_POINT('',(-0.0400000000000001,0.1,-0.2105));
#10777=CARTESIAN_POINT('',(-0.0400000000000001,0.1,-0.2105));
#10778=CARTESIAN_POINT('',(-0.0400000000000001,0.1,-0.01));
#10779=CARTESIAN_POINT('',(-0.0460000000000001,0.1,-0.2165));
#10780=CARTESIAN_POINT('',(0.0399999999999999,0.1,-0.01));
#10781=CARTESIAN_POINT('',(0.0399999999999999,0.1,-0.01));
#10782=CARTESIAN_POINT('',(0.0399999999999999,0.1,-0.2105));
#10783=CARTESIAN_POINT('',(0.0399999999999999,0.1,-0.2105));
#10784=CARTESIAN_POINT('',(-0.0400000000000001,0.1,-0.01));
#10785=CARTESIAN_POINT('',(-0.14,0.1,-0.2105));
#10786=CARTESIAN_POINT('',(-0.14,0.1,-0.2105));
#10787=CARTESIAN_POINT('',(-0.14,0.1,-0.01));
#10788=CARTESIAN_POINT('',(-0.146,0.1,-0.2165));
#10789=CARTESIAN_POINT('',(-0.0600000000000001,0.1,-0.01));
#10790=CARTESIAN_POINT('',(-0.0600000000000001,0.1,-0.01));
#10791=CARTESIAN_POINT('',(-0.0600000000000001,0.1,-0.2105));
#10792=CARTESIAN_POINT('',(-0.0600000000000001,0.1,-0.2105));
#10793=CARTESIAN_POINT('',(-0.14,0.1,-0.01));
#10794=CARTESIAN_POINT('',(-0.24,0.1,-0.2105));
#10795=CARTESIAN_POINT('',(-0.24,0.1,-0.2105));
#10796=CARTESIAN_POINT('',(-0.24,0.1,-0.01));
#10797=CARTESIAN_POINT('',(-0.246,0.1,-0.2165));
#10798=CARTESIAN_POINT('',(-0.16,0.1,-0.01));
#10799=CARTESIAN_POINT('',(-0.16,0.1,-0.01));
#10800=CARTESIAN_POINT('',(-0.16,0.1,-0.2105));
#10801=CARTESIAN_POINT('',(-0.16,0.1,-0.2105));
#10802=CARTESIAN_POINT('',(-0.24,0.1,-0.01));
#10803=CARTESIAN_POINT('',(0.254,0.1,-0.2165));
#10804=CARTESIAN_POINT('',(-0.26,0.1,-0.2105));
#10805=CARTESIAN_POINT('',(0.,0.156,0.07));
#10806=MECHANICAL_DESIGN_GEOMETRIC_PRESENTATION_REPRESENTATION('',(#6690,
#6691),#10807);
#10807=(
GEOMETRIC_REPRESENTATION_CONTEXT(3)
GLOBAL_UNCERTAINTY_ASSIGNED_CONTEXT((#10810))
GLOBAL_UNIT_ASSIGNED_CONTEXT((#10815,#10814,#10813))
REPRESENTATION_CONTEXT('SSM-106-F-SH-TR','TOP_LEVEL_ASSEMBLY_PART')
);
#10808=(
GEOMETRIC_REPRESENTATION_CONTEXT(3)
GLOBAL_UNCERTAINTY_ASSIGNED_CONTEXT((#10811))
GLOBAL_UNIT_ASSIGNED_CONTEXT((#10815,#10814,#10813))
REPRESENTATION_CONTEXT('SSM-106-F-SH-TR_body','COMPONENT_PART')
);
#10809=(
GEOMETRIC_REPRESENTATION_CONTEXT(3)
GLOBAL_UNCERTAINTY_ASSIGNED_CONTEXT((#10812))
GLOBAL_UNIT_ASSIGNED_CONTEXT((#10815,#10814,#10813))
REPRESENTATION_CONTEXT('C-58-06-F6','COMPONENT_PART')
);
#10810=UNCERTAINTY_MEASURE_WITH_UNIT(LENGTH_MEASURE(0.000196850393700787),
#10815,'DISTANCE_ACCURACY_VALUE','Maximum Tolerance applied to model');
#10811=UNCERTAINTY_MEASURE_WITH_UNIT(LENGTH_MEASURE(0.000196850393700787),
#10815,'DISTANCE_ACCURACY_VALUE','Maximum Tolerance applied to model');
#10812=UNCERTAINTY_MEASURE_WITH_UNIT(LENGTH_MEASURE(0.000196850393700787),
#10815,'DISTANCE_ACCURACY_VALUE','Maximum Tolerance applied to model');
#10813=(
NAMED_UNIT(*)
SI_UNIT($,.STERADIAN.)
SOLID_ANGLE_UNIT()
);
#10814=(
NAMED_UNIT(*)
PLANE_ANGLE_UNIT()
SI_UNIT($,.RADIAN.)
);
#10815=(
CONVERSION_BASED_UNIT('INCH',#10817)
LENGTH_UNIT()
NAMED_UNIT(#10816)
);
#10816=DIMENSIONAL_EXPONENTS(1.,0.,0.,0.,0.,0.,0.);
#10817=LENGTH_MEASURE_WITH_UNIT(LENGTH_MEASURE(25.4),#10818);
#10818=(
LENGTH_UNIT()
NAMED_UNIT(*)
SI_UNIT(.MILLI.,.METRE.)
);
#10819=PRODUCT_DEFINITION_SHAPE('','',#10824);
#10820=PRODUCT_DEFINITION_SHAPE('','',#10825);
#10821=PRODUCT_DEFINITION_SHAPE(' ','NAUO PRDDFN',#68);
#10822=PRODUCT_DEFINITION_SHAPE('','',#10826);
#10823=PRODUCT_DEFINITION_SHAPE(' ','NAUO PRDDFN',#69);
#10824=PRODUCT_DEFINITION('','',#10830,#10827);
#10825=PRODUCT_DEFINITION('','',#10831,#10828);
#10826=PRODUCT_DEFINITION('','',#10832,#10829);
#10827=PRODUCT_DEFINITION_CONTEXT('',#10846,'design');
#10828=PRODUCT_DEFINITION_CONTEXT('',#10846,'design');
#10829=PRODUCT_DEFINITION_CONTEXT('',#10846,'design');
#10830=PRODUCT_DEFINITION_FORMATION_WITH_SPECIFIED_SOURCE('','',#10836,
 .NOT_KNOWN.);
#10831=PRODUCT_DEFINITION_FORMATION_WITH_SPECIFIED_SOURCE('','',#10837,
 .NOT_KNOWN.);
#10832=PRODUCT_DEFINITION_FORMATION_WITH_SPECIFIED_SOURCE('','',#10838,
 .NOT_KNOWN.);
#10833=PRODUCT_RELATED_PRODUCT_CATEGORY('','',(#10836));
#10834=PRODUCT_RELATED_PRODUCT_CATEGORY('','',(#10837));
#10835=PRODUCT_RELATED_PRODUCT_CATEGORY('','',(#10838));
#10836=PRODUCT('SSM-106-F-SH-TR','SSM-106-F-SH-TR','SSM-106-F-SH-TR',(#10842));
#10837=PRODUCT('SSM-106-F-SH-TR_body','SSM-106-F-SH-TR_body',
'SSM-106-F-SH-TR_body',(#10843));
#10838=PRODUCT('C-58-06-F6','C-58-06-F6','C-58-06-F6',(#10844));
#10839=PRODUCT_CATEGORY('','');
#10840=PRODUCT_CATEGORY('','');
#10841=PRODUCT_CATEGORY('','');
#10842=PRODUCT_CONTEXT('',#10846,'mechanical');
#10843=PRODUCT_CONTEXT('',#10846,'mechanical');
#10844=PRODUCT_CONTEXT('',#10846,'mechanical');
#10845=APPLICATION_PROTOCOL_DEFINITION('international standard',
'automotive_design',2010,#10846);
#10846=APPLICATION_CONTEXT(
'core data for automotive mechanical design processes');
ENDSEC;
END-ISO-10303-21;
