ISO-10303-21;
HEADER;
/* Generated by software containing ST-Developer
 * from STEP Tools, Inc. (www.steptools.com) 
 */
/* OPTION: using custom renumber hook */

FILE_DESCRIPTION(
/* description */ ('STEP AP214'),
/* implementation_level */ '2;1');

FILE_NAME(
/* name */ 'SSM-108-F-SH-TR',
/* time_stamp */ '2024-11-08T02:48:52+01:00',
/* author */ ('License CC BY-ND 4.0'),
/* organization */ ('CADENAS'),
/* preprocessor_version */ 'ST-DEVELOPER v19.3',
/* originating_system */ 'PARTsolutions',
/* authorisation */ '  ');

FILE_SCHEMA (('AUTOMOTIVE_DESIGN {1 0 10303 214 3 1 1}'));
ENDSEC;

DATA;
#10=PROPERTY_DEFINITION_REPRESENTATION(#14,#12);
#11=PROPERTY_DEFINITION_REPRESENTATION(#15,#13);
#12=REPRESENTATION('',(#16),#14379);
#13=REPRESENTATION('',(#17),#14379);
#14=PROPERTY_DEFINITION('pmi validation property','',#14391);
#15=PROPERTY_DEFINITION('pmi validation property','',#14391);
#16=VALUE_REPRESENTATION_ITEM('number of annotations',COUNT_MEASURE(0.));
#17=VALUE_REPRESENTATION_ITEM('number of views',COUNT_MEASURE(0.));
#18=CYLINDRICAL_SURFACE('',#9189,0.015);
#19=CYLINDRICAL_SURFACE('',#9191,0.015);
#20=CYLINDRICAL_SURFACE('',#9194,0.015);
#21=CYLINDRICAL_SURFACE('',#9197,0.015);
#22=CYLINDRICAL_SURFACE('',#9200,0.015);
#23=CYLINDRICAL_SURFACE('',#9203,0.015);
#24=CYLINDRICAL_SURFACE('',#9206,0.015);
#25=CYLINDRICAL_SURFACE('',#9209,0.015);
#26=CYLINDRICAL_SURFACE('',#9219,0.015);
#27=CYLINDRICAL_SURFACE('',#9221,0.015);
#28=CYLINDRICAL_SURFACE('',#9224,0.015);
#29=CYLINDRICAL_SURFACE('',#9227,0.015);
#30=CYLINDRICAL_SURFACE('',#9230,0.015);
#31=CYLINDRICAL_SURFACE('',#9233,0.015);
#32=CYLINDRICAL_SURFACE('',#9236,0.015);
#33=CYLINDRICAL_SURFACE('',#9239,0.015);
#34=CYLINDRICAL_SURFACE('',#9265,0.00499999999999997);
#35=CYLINDRICAL_SURFACE('',#9267,0.00499999999999997);
#36=CYLINDRICAL_SURFACE('',#9270,0.00499999999999997);
#37=CYLINDRICAL_SURFACE('',#9273,0.00499999999999997);
#38=CYLINDRICAL_SURFACE('',#9276,0.00499999999999997);
#39=CYLINDRICAL_SURFACE('',#9279,0.00499999999999997);
#40=CYLINDRICAL_SURFACE('',#9282,0.00499999999999997);
#41=CYLINDRICAL_SURFACE('',#9285,0.00499999999999997);
#42=CYLINDRICAL_SURFACE('',#9295,0.03);
#43=CYLINDRICAL_SURFACE('',#9297,0.03);
#44=CYLINDRICAL_SURFACE('',#9300,0.03);
#45=CYLINDRICAL_SURFACE('',#9303,0.03);
#46=CYLINDRICAL_SURFACE('',#9306,0.03);
#47=CYLINDRICAL_SURFACE('',#9309,0.03);
#48=CYLINDRICAL_SURFACE('',#9312,0.03);
#49=CYLINDRICAL_SURFACE('',#9315,0.03);
#50=CYLINDRICAL_SURFACE('',#9341,0.015);
#51=CYLINDRICAL_SURFACE('',#9343,0.015);
#52=CYLINDRICAL_SURFACE('',#9346,0.015);
#53=CYLINDRICAL_SURFACE('',#9349,0.015);
#54=CYLINDRICAL_SURFACE('',#9352,0.015);
#55=CYLINDRICAL_SURFACE('',#9355,0.015);
#56=CYLINDRICAL_SURFACE('',#9358,0.015);
#57=CYLINDRICAL_SURFACE('',#9361,0.015);
#58=CYLINDRICAL_SURFACE('',#9371,0.00500000000000001);
#59=CYLINDRICAL_SURFACE('',#9373,0.00500000000000001);
#60=CYLINDRICAL_SURFACE('',#9376,0.00500000000000001);
#61=CYLINDRICAL_SURFACE('',#9379,0.00500000000000001);
#62=CYLINDRICAL_SURFACE('',#9382,0.00500000000000001);
#63=CYLINDRICAL_SURFACE('',#9385,0.00500000000000001);
#64=CYLINDRICAL_SURFACE('',#9388,0.00500000000000001);
#65=CYLINDRICAL_SURFACE('',#9391,0.00500000000000001);
#66=CYLINDRICAL_SURFACE('',#9393,0.015);
#67=CYLINDRICAL_SURFACE('',#9395,0.015);
#68=CYLINDRICAL_SURFACE('',#9398,0.015);
#69=CYLINDRICAL_SURFACE('',#9401,0.015);
#70=CYLINDRICAL_SURFACE('',#9404,0.015);
#71=CYLINDRICAL_SURFACE('',#9407,0.015);
#72=CYLINDRICAL_SURFACE('',#9410,0.015);
#73=CYLINDRICAL_SURFACE('',#9413,0.015);
#74=CYLINDRICAL_SURFACE('',#9423,0.00500000000000001);
#75=CYLINDRICAL_SURFACE('',#9425,0.00500000000000001);
#76=CYLINDRICAL_SURFACE('',#9428,0.00500000000000001);
#77=CYLINDRICAL_SURFACE('',#9431,0.00500000000000001);
#78=CYLINDRICAL_SURFACE('',#9434,0.00500000000000001);
#79=CYLINDRICAL_SURFACE('',#9437,0.00500000000000001);
#80=CYLINDRICAL_SURFACE('',#9440,0.00500000000000001);
#81=CYLINDRICAL_SURFACE('',#9443,0.00500000000000001);
#82=CONTEXT_DEPENDENT_SHAPE_REPRESENTATION(#86,#14393);
#83=CONTEXT_DEPENDENT_SHAPE_REPRESENTATION(#87,#14395);
#84=NEXT_ASSEMBLY_USAGE_OCCURRENCE('NAUO1','SSM-108-F-SH-TR_body',
'SSM-108-F-SH-TR_body',#14396,#14397,'');
#85=NEXT_ASSEMBLY_USAGE_OCCURRENCE('NAUO2','C-58-06-F8','C-58-06-F8',#14396,
#14398,'');
#86=(
REPRESENTATION_RELATIONSHIP(' ',' ',#8928,#8927)
REPRESENTATION_RELATIONSHIP_WITH_TRANSFORMATION(#88)
SHAPE_REPRESENTATION_RELATIONSHIP()
);
#87=(
REPRESENTATION_RELATIONSHIP(' ',' ',#8929,#8927)
REPRESENTATION_RELATIONSHIP_WITH_TRANSFORMATION(#89)
SHAPE_REPRESENTATION_RELATIONSHIP()
);
#88=ITEM_DEFINED_TRANSFORMATION(' ',' ',#8930,#9168);
#89=ITEM_DEFINED_TRANSFORMATION(' ',' ',#8930,#9519);
#90=SHAPE_REPRESENTATION_RELATIONSHIP('','',#8928,#92);
#91=SHAPE_REPRESENTATION_RELATIONSHIP('','',#8929,#93);
#92=ADVANCED_BREP_SHAPE_REPRESENTATION('',(#8922),#14380);
#93=ADVANCED_BREP_SHAPE_REPRESENTATION('',(#8923),#14381);
#94=SPHERICAL_SURFACE('',#9152,0.015);
#95=SPHERICAL_SURFACE('',#9153,0.015);
#96=SPHERICAL_SURFACE('',#9154,0.015);
#97=SPHERICAL_SURFACE('',#9155,0.015);
#98=SPHERICAL_SURFACE('',#9156,0.015);
#99=SPHERICAL_SURFACE('',#9157,0.015);
#100=SPHERICAL_SURFACE('',#9158,0.015);
#101=SPHERICAL_SURFACE('',#9159,0.015);
#102=SPHERICAL_SURFACE('',#9160,0.015);
#103=SPHERICAL_SURFACE('',#9161,0.015);
#104=SPHERICAL_SURFACE('',#9162,0.015);
#105=SPHERICAL_SURFACE('',#9163,0.015);
#106=SPHERICAL_SURFACE('',#9164,0.015);
#107=SPHERICAL_SURFACE('',#9165,0.015);
#108=SPHERICAL_SURFACE('',#9166,0.015);
#109=SPHERICAL_SURFACE('',#9167,0.015);
#110=CIRCLE('',#8951,0.015);
#111=CIRCLE('',#8952,0.015);
#112=CIRCLE('',#8953,0.015);
#113=CIRCLE('',#8954,0.015);
#114=CIRCLE('',#8955,0.015);
#115=CIRCLE('',#8956,0.015);
#116=CIRCLE('',#8957,0.015);
#117=CIRCLE('',#8958,0.015);
#118=CIRCLE('',#8959,0.015);
#119=CIRCLE('',#8960,0.015);
#120=CIRCLE('',#8961,0.015);
#121=CIRCLE('',#8962,0.015);
#122=CIRCLE('',#8963,0.015);
#123=CIRCLE('',#8964,0.015);
#124=CIRCLE('',#8965,0.015);
#125=CIRCLE('',#8966,0.015);
#126=CIRCLE('',#9172,0.015);
#127=CIRCLE('',#9173,0.015);
#128=CIRCLE('',#9174,0.00499999999999997);
#129=CIRCLE('',#9175,0.03);
#130=CIRCLE('',#9176,0.015);
#131=CIRCLE('',#9177,0.00500000000000001);
#132=CIRCLE('',#9178,0.015);
#133=CIRCLE('',#9179,0.00500000000000001);
#134=CIRCLE('',#9181,0.015);
#135=CIRCLE('',#9182,0.015);
#136=CIRCLE('',#9183,0.00500000000000001);
#137=CIRCLE('',#9184,0.015);
#138=CIRCLE('',#9185,0.00500000000000001);
#139=CIRCLE('',#9186,0.015);
#140=CIRCLE('',#9187,0.03);
#141=CIRCLE('',#9188,0.00499999999999997);
#142=CIRCLE('',#9190,0.015);
#143=CIRCLE('',#9192,0.015);
#144=CIRCLE('',#9193,0.015);
#145=CIRCLE('',#9195,0.015);
#146=CIRCLE('',#9196,0.015);
#147=CIRCLE('',#9198,0.015);
#148=CIRCLE('',#9199,0.015);
#149=CIRCLE('',#9201,0.015);
#150=CIRCLE('',#9202,0.015);
#151=CIRCLE('',#9204,0.015);
#152=CIRCLE('',#9205,0.015);
#153=CIRCLE('',#9207,0.015);
#154=CIRCLE('',#9208,0.015);
#155=CIRCLE('',#9210,0.015);
#156=CIRCLE('',#9220,0.015);
#157=CIRCLE('',#9222,0.015);
#158=CIRCLE('',#9223,0.015);
#159=CIRCLE('',#9225,0.015);
#160=CIRCLE('',#9226,0.015);
#161=CIRCLE('',#9228,0.015);
#162=CIRCLE('',#9229,0.015);
#163=CIRCLE('',#9231,0.015);
#164=CIRCLE('',#9232,0.015);
#165=CIRCLE('',#9234,0.015);
#166=CIRCLE('',#9235,0.015);
#167=CIRCLE('',#9237,0.015);
#168=CIRCLE('',#9238,0.015);
#169=CIRCLE('',#9240,0.015);
#170=CIRCLE('',#9266,0.00499999999999997);
#171=CIRCLE('',#9268,0.00499999999999997);
#172=CIRCLE('',#9269,0.00499999999999997);
#173=CIRCLE('',#9271,0.00499999999999997);
#174=CIRCLE('',#9272,0.00499999999999997);
#175=CIRCLE('',#9274,0.00499999999999997);
#176=CIRCLE('',#9275,0.00499999999999997);
#177=CIRCLE('',#9277,0.00499999999999997);
#178=CIRCLE('',#9278,0.00499999999999997);
#179=CIRCLE('',#9280,0.00499999999999997);
#180=CIRCLE('',#9281,0.00499999999999997);
#181=CIRCLE('',#9283,0.00499999999999997);
#182=CIRCLE('',#9284,0.00499999999999997);
#183=CIRCLE('',#9286,0.00499999999999997);
#184=CIRCLE('',#9296,0.03);
#185=CIRCLE('',#9298,0.03);
#186=CIRCLE('',#9299,0.03);
#187=CIRCLE('',#9301,0.03);
#188=CIRCLE('',#9302,0.03);
#189=CIRCLE('',#9304,0.03);
#190=CIRCLE('',#9305,0.03);
#191=CIRCLE('',#9307,0.03);
#192=CIRCLE('',#9308,0.03);
#193=CIRCLE('',#9310,0.03);
#194=CIRCLE('',#9311,0.03);
#195=CIRCLE('',#9313,0.03);
#196=CIRCLE('',#9314,0.03);
#197=CIRCLE('',#9316,0.03);
#198=CIRCLE('',#9342,0.015);
#199=CIRCLE('',#9344,0.015);
#200=CIRCLE('',#9345,0.015);
#201=CIRCLE('',#9347,0.015);
#202=CIRCLE('',#9348,0.015);
#203=CIRCLE('',#9350,0.015);
#204=CIRCLE('',#9351,0.015);
#205=CIRCLE('',#9353,0.015);
#206=CIRCLE('',#9354,0.015);
#207=CIRCLE('',#9356,0.015);
#208=CIRCLE('',#9357,0.015);
#209=CIRCLE('',#9359,0.015);
#210=CIRCLE('',#9360,0.015);
#211=CIRCLE('',#9362,0.015);
#212=CIRCLE('',#9372,0.00500000000000001);
#213=CIRCLE('',#9374,0.00500000000000001);
#214=CIRCLE('',#9375,0.00500000000000001);
#215=CIRCLE('',#9377,0.00500000000000001);
#216=CIRCLE('',#9378,0.00500000000000001);
#217=CIRCLE('',#9380,0.00500000000000001);
#218=CIRCLE('',#9381,0.00500000000000001);
#219=CIRCLE('',#9383,0.00500000000000001);
#220=CIRCLE('',#9384,0.00500000000000001);
#221=CIRCLE('',#9386,0.00500000000000001);
#222=CIRCLE('',#9387,0.00500000000000001);
#223=CIRCLE('',#9389,0.00500000000000001);
#224=CIRCLE('',#9390,0.00500000000000001);
#225=CIRCLE('',#9392,0.00500000000000001);
#226=CIRCLE('',#9394,0.015);
#227=CIRCLE('',#9396,0.015);
#228=CIRCLE('',#9397,0.015);
#229=CIRCLE('',#9399,0.015);
#230=CIRCLE('',#9400,0.015);
#231=CIRCLE('',#9402,0.015);
#232=CIRCLE('',#9403,0.015);
#233=CIRCLE('',#9405,0.015);
#234=CIRCLE('',#9406,0.015);
#235=CIRCLE('',#9408,0.015);
#236=CIRCLE('',#9409,0.015);
#237=CIRCLE('',#9411,0.015);
#238=CIRCLE('',#9412,0.015);
#239=CIRCLE('',#9414,0.015);
#240=CIRCLE('',#9424,0.00500000000000001);
#241=CIRCLE('',#9426,0.00500000000000001);
#242=CIRCLE('',#9427,0.00500000000000001);
#243=CIRCLE('',#9429,0.00500000000000001);
#244=CIRCLE('',#9430,0.00500000000000001);
#245=CIRCLE('',#9432,0.00500000000000001);
#246=CIRCLE('',#9433,0.00500000000000001);
#247=CIRCLE('',#9435,0.00500000000000001);
#248=CIRCLE('',#9436,0.00500000000000001);
#249=CIRCLE('',#9438,0.00500000000000001);
#250=CIRCLE('',#9439,0.00500000000000001);
#251=CIRCLE('',#9441,0.00500000000000001);
#252=CIRCLE('',#9442,0.00500000000000001);
#253=CIRCLE('',#9444,0.00500000000000001);
#254=ORIENTED_EDGE('',*,*,#2782,.F.);
#255=ORIENTED_EDGE('',*,*,#2783,.F.);
#256=ORIENTED_EDGE('',*,*,#2784,.F.);
#257=ORIENTED_EDGE('',*,*,#2785,.F.);
#258=ORIENTED_EDGE('',*,*,#2786,.F.);
#259=ORIENTED_EDGE('',*,*,#2787,.F.);
#260=ORIENTED_EDGE('',*,*,#2788,.F.);
#261=ORIENTED_EDGE('',*,*,#2789,.F.);
#262=ORIENTED_EDGE('',*,*,#2790,.F.);
#263=ORIENTED_EDGE('',*,*,#2791,.F.);
#264=ORIENTED_EDGE('',*,*,#2792,.F.);
#265=ORIENTED_EDGE('',*,*,#2793,.F.);
#266=ORIENTED_EDGE('',*,*,#2794,.F.);
#267=ORIENTED_EDGE('',*,*,#2795,.F.);
#268=ORIENTED_EDGE('',*,*,#2796,.F.);
#269=ORIENTED_EDGE('',*,*,#2797,.F.);
#270=ORIENTED_EDGE('',*,*,#2798,.F.);
#271=ORIENTED_EDGE('',*,*,#2799,.F.);
#272=ORIENTED_EDGE('',*,*,#2800,.F.);
#273=ORIENTED_EDGE('',*,*,#2801,.F.);
#274=ORIENTED_EDGE('',*,*,#2802,.F.);
#275=ORIENTED_EDGE('',*,*,#2803,.F.);
#276=ORIENTED_EDGE('',*,*,#2804,.F.);
#277=ORIENTED_EDGE('',*,*,#2805,.F.);
#278=ORIENTED_EDGE('',*,*,#2806,.F.);
#279=ORIENTED_EDGE('',*,*,#2807,.F.);
#280=ORIENTED_EDGE('',*,*,#2808,.F.);
#281=ORIENTED_EDGE('',*,*,#2809,.F.);
#282=ORIENTED_EDGE('',*,*,#2810,.F.);
#283=ORIENTED_EDGE('',*,*,#2811,.F.);
#284=ORIENTED_EDGE('',*,*,#2812,.F.);
#285=ORIENTED_EDGE('',*,*,#2813,.F.);
#286=ORIENTED_EDGE('',*,*,#2814,.F.);
#287=ORIENTED_EDGE('',*,*,#2815,.F.);
#288=ORIENTED_EDGE('',*,*,#2816,.F.);
#289=ORIENTED_EDGE('',*,*,#2817,.F.);
#290=ORIENTED_EDGE('',*,*,#2818,.F.);
#291=ORIENTED_EDGE('',*,*,#2819,.F.);
#292=ORIENTED_EDGE('',*,*,#2820,.F.);
#293=ORIENTED_EDGE('',*,*,#2821,.F.);
#294=ORIENTED_EDGE('',*,*,#2822,.F.);
#295=ORIENTED_EDGE('',*,*,#2823,.F.);
#296=ORIENTED_EDGE('',*,*,#2824,.F.);
#297=ORIENTED_EDGE('',*,*,#2825,.F.);
#298=ORIENTED_EDGE('',*,*,#2826,.F.);
#299=ORIENTED_EDGE('',*,*,#2827,.F.);
#300=ORIENTED_EDGE('',*,*,#2828,.F.);
#301=ORIENTED_EDGE('',*,*,#2829,.F.);
#302=ORIENTED_EDGE('',*,*,#2830,.F.);
#303=ORIENTED_EDGE('',*,*,#2831,.F.);
#304=ORIENTED_EDGE('',*,*,#2832,.F.);
#305=ORIENTED_EDGE('',*,*,#2833,.F.);
#306=ORIENTED_EDGE('',*,*,#2834,.F.);
#307=ORIENTED_EDGE('',*,*,#2835,.F.);
#308=ORIENTED_EDGE('',*,*,#2836,.F.);
#309=ORIENTED_EDGE('',*,*,#2837,.F.);
#310=ORIENTED_EDGE('',*,*,#2838,.F.);
#311=ORIENTED_EDGE('',*,*,#2839,.F.);
#312=ORIENTED_EDGE('',*,*,#2840,.F.);
#313=ORIENTED_EDGE('',*,*,#2841,.F.);
#314=ORIENTED_EDGE('',*,*,#2842,.F.);
#315=ORIENTED_EDGE('',*,*,#2843,.F.);
#316=ORIENTED_EDGE('',*,*,#2844,.F.);
#317=ORIENTED_EDGE('',*,*,#2845,.F.);
#318=ORIENTED_EDGE('',*,*,#2846,.F.);
#319=ORIENTED_EDGE('',*,*,#2847,.F.);
#320=ORIENTED_EDGE('',*,*,#2848,.F.);
#321=ORIENTED_EDGE('',*,*,#2849,.F.);
#322=ORIENTED_EDGE('',*,*,#2850,.F.);
#323=ORIENTED_EDGE('',*,*,#2851,.F.);
#324=ORIENTED_EDGE('',*,*,#2852,.F.);
#325=ORIENTED_EDGE('',*,*,#2853,.F.);
#326=ORIENTED_EDGE('',*,*,#2854,.F.);
#327=ORIENTED_EDGE('',*,*,#2855,.F.);
#328=ORIENTED_EDGE('',*,*,#2856,.F.);
#329=ORIENTED_EDGE('',*,*,#2857,.F.);
#330=ORIENTED_EDGE('',*,*,#2858,.F.);
#331=ORIENTED_EDGE('',*,*,#2859,.F.);
#332=ORIENTED_EDGE('',*,*,#2860,.F.);
#333=ORIENTED_EDGE('',*,*,#2825,.T.);
#334=ORIENTED_EDGE('',*,*,#2861,.F.);
#335=ORIENTED_EDGE('',*,*,#2862,.F.);
#336=ORIENTED_EDGE('',*,*,#2863,.F.);
#337=ORIENTED_EDGE('',*,*,#2864,.F.);
#338=ORIENTED_EDGE('',*,*,#2865,.F.);
#339=ORIENTED_EDGE('',*,*,#2866,.F.);
#340=ORIENTED_EDGE('',*,*,#2867,.F.);
#341=ORIENTED_EDGE('',*,*,#2829,.T.);
#342=ORIENTED_EDGE('',*,*,#2868,.F.);
#343=ORIENTED_EDGE('',*,*,#2869,.F.);
#344=ORIENTED_EDGE('',*,*,#2870,.F.);
#345=ORIENTED_EDGE('',*,*,#2871,.F.);
#346=ORIENTED_EDGE('',*,*,#2872,.F.);
#347=ORIENTED_EDGE('',*,*,#2873,.F.);
#348=ORIENTED_EDGE('',*,*,#2874,.F.);
#349=ORIENTED_EDGE('',*,*,#2833,.T.);
#350=ORIENTED_EDGE('',*,*,#2875,.F.);
#351=ORIENTED_EDGE('',*,*,#2876,.F.);
#352=ORIENTED_EDGE('',*,*,#2877,.F.);
#353=ORIENTED_EDGE('',*,*,#2878,.F.);
#354=ORIENTED_EDGE('',*,*,#2879,.F.);
#355=ORIENTED_EDGE('',*,*,#2880,.F.);
#356=ORIENTED_EDGE('',*,*,#2881,.F.);
#357=ORIENTED_EDGE('',*,*,#2837,.T.);
#358=ORIENTED_EDGE('',*,*,#2882,.F.);
#359=ORIENTED_EDGE('',*,*,#2883,.F.);
#360=ORIENTED_EDGE('',*,*,#2884,.F.);
#361=ORIENTED_EDGE('',*,*,#2885,.F.);
#362=ORIENTED_EDGE('',*,*,#2886,.F.);
#363=ORIENTED_EDGE('',*,*,#2887,.F.);
#364=ORIENTED_EDGE('',*,*,#2888,.F.);
#365=ORIENTED_EDGE('',*,*,#2841,.T.);
#366=ORIENTED_EDGE('',*,*,#2889,.F.);
#367=ORIENTED_EDGE('',*,*,#2890,.F.);
#368=ORIENTED_EDGE('',*,*,#2891,.F.);
#369=ORIENTED_EDGE('',*,*,#2892,.F.);
#370=ORIENTED_EDGE('',*,*,#2893,.F.);
#371=ORIENTED_EDGE('',*,*,#2894,.F.);
#372=ORIENTED_EDGE('',*,*,#2895,.F.);
#373=ORIENTED_EDGE('',*,*,#2845,.T.);
#374=ORIENTED_EDGE('',*,*,#2896,.F.);
#375=ORIENTED_EDGE('',*,*,#2897,.F.);
#376=ORIENTED_EDGE('',*,*,#2898,.F.);
#377=ORIENTED_EDGE('',*,*,#2899,.F.);
#378=ORIENTED_EDGE('',*,*,#2900,.F.);
#379=ORIENTED_EDGE('',*,*,#2901,.F.);
#380=ORIENTED_EDGE('',*,*,#2902,.F.);
#381=ORIENTED_EDGE('',*,*,#2849,.T.);
#382=ORIENTED_EDGE('',*,*,#2903,.F.);
#383=ORIENTED_EDGE('',*,*,#2904,.F.);
#384=ORIENTED_EDGE('',*,*,#2905,.F.);
#385=ORIENTED_EDGE('',*,*,#2906,.F.);
#386=ORIENTED_EDGE('',*,*,#2907,.F.);
#387=ORIENTED_EDGE('',*,*,#2908,.F.);
#388=ORIENTED_EDGE('',*,*,#2909,.F.);
#389=ORIENTED_EDGE('',*,*,#2853,.T.);
#390=ORIENTED_EDGE('',*,*,#2910,.F.);
#391=ORIENTED_EDGE('',*,*,#2911,.F.);
#392=ORIENTED_EDGE('',*,*,#2912,.T.);
#393=ORIENTED_EDGE('',*,*,#2819,.T.);
#394=ORIENTED_EDGE('',*,*,#2913,.T.);
#395=ORIENTED_EDGE('',*,*,#2914,.T.);
#396=ORIENTED_EDGE('',*,*,#2915,.T.);
#397=ORIENTED_EDGE('',*,*,#2916,.T.);
#398=ORIENTED_EDGE('',*,*,#2917,.T.);
#399=ORIENTED_EDGE('',*,*,#2918,.T.);
#400=ORIENTED_EDGE('',*,*,#2919,.T.);
#401=ORIENTED_EDGE('',*,*,#2920,.T.);
#402=ORIENTED_EDGE('',*,*,#2921,.T.);
#403=ORIENTED_EDGE('',*,*,#2922,.T.);
#404=ORIENTED_EDGE('',*,*,#2923,.T.);
#405=ORIENTED_EDGE('',*,*,#2924,.T.);
#406=ORIENTED_EDGE('',*,*,#2925,.T.);
#407=ORIENTED_EDGE('',*,*,#2926,.T.);
#408=ORIENTED_EDGE('',*,*,#2927,.T.);
#409=ORIENTED_EDGE('',*,*,#2928,.T.);
#410=ORIENTED_EDGE('',*,*,#2929,.F.);
#411=ORIENTED_EDGE('',*,*,#2785,.T.);
#412=ORIENTED_EDGE('',*,*,#2930,.F.);
#413=ORIENTED_EDGE('',*,*,#2931,.F.);
#414=ORIENTED_EDGE('',*,*,#2932,.T.);
#415=ORIENTED_EDGE('',*,*,#2815,.T.);
#416=ORIENTED_EDGE('',*,*,#2933,.F.);
#417=ORIENTED_EDGE('',*,*,#2934,.F.);
#418=ORIENTED_EDGE('',*,*,#2935,.F.);
#419=ORIENTED_EDGE('',*,*,#2936,.F.);
#420=ORIENTED_EDGE('',*,*,#2937,.F.);
#421=ORIENTED_EDGE('',*,*,#2938,.F.);
#422=ORIENTED_EDGE('',*,*,#2939,.F.);
#423=ORIENTED_EDGE('',*,*,#2811,.T.);
#424=ORIENTED_EDGE('',*,*,#2940,.F.);
#425=ORIENTED_EDGE('',*,*,#2941,.F.);
#426=ORIENTED_EDGE('',*,*,#2942,.F.);
#427=ORIENTED_EDGE('',*,*,#2943,.F.);
#428=ORIENTED_EDGE('',*,*,#2944,.F.);
#429=ORIENTED_EDGE('',*,*,#2945,.F.);
#430=ORIENTED_EDGE('',*,*,#2946,.F.);
#431=ORIENTED_EDGE('',*,*,#2807,.T.);
#432=ORIENTED_EDGE('',*,*,#2947,.F.);
#433=ORIENTED_EDGE('',*,*,#2948,.F.);
#434=ORIENTED_EDGE('',*,*,#2949,.F.);
#435=ORIENTED_EDGE('',*,*,#2950,.F.);
#436=ORIENTED_EDGE('',*,*,#2951,.F.);
#437=ORIENTED_EDGE('',*,*,#2952,.F.);
#438=ORIENTED_EDGE('',*,*,#2953,.F.);
#439=ORIENTED_EDGE('',*,*,#2803,.T.);
#440=ORIENTED_EDGE('',*,*,#2954,.F.);
#441=ORIENTED_EDGE('',*,*,#2955,.F.);
#442=ORIENTED_EDGE('',*,*,#2956,.F.);
#443=ORIENTED_EDGE('',*,*,#2957,.F.);
#444=ORIENTED_EDGE('',*,*,#2958,.F.);
#445=ORIENTED_EDGE('',*,*,#2959,.F.);
#446=ORIENTED_EDGE('',*,*,#2960,.F.);
#447=ORIENTED_EDGE('',*,*,#2799,.T.);
#448=ORIENTED_EDGE('',*,*,#2961,.F.);
#449=ORIENTED_EDGE('',*,*,#2962,.F.);
#450=ORIENTED_EDGE('',*,*,#2963,.F.);
#451=ORIENTED_EDGE('',*,*,#2964,.F.);
#452=ORIENTED_EDGE('',*,*,#2965,.F.);
#453=ORIENTED_EDGE('',*,*,#2966,.F.);
#454=ORIENTED_EDGE('',*,*,#2967,.F.);
#455=ORIENTED_EDGE('',*,*,#2795,.T.);
#456=ORIENTED_EDGE('',*,*,#2968,.F.);
#457=ORIENTED_EDGE('',*,*,#2969,.F.);
#458=ORIENTED_EDGE('',*,*,#2970,.F.);
#459=ORIENTED_EDGE('',*,*,#2971,.F.);
#460=ORIENTED_EDGE('',*,*,#2972,.F.);
#461=ORIENTED_EDGE('',*,*,#2973,.F.);
#462=ORIENTED_EDGE('',*,*,#2974,.F.);
#463=ORIENTED_EDGE('',*,*,#2791,.T.);
#464=ORIENTED_EDGE('',*,*,#2975,.F.);
#465=ORIENTED_EDGE('',*,*,#2976,.F.);
#466=ORIENTED_EDGE('',*,*,#2977,.F.);
#467=ORIENTED_EDGE('',*,*,#2978,.F.);
#468=ORIENTED_EDGE('',*,*,#2979,.F.);
#469=ORIENTED_EDGE('',*,*,#2980,.F.);
#470=ORIENTED_EDGE('',*,*,#2981,.F.);
#471=ORIENTED_EDGE('',*,*,#2787,.T.);
#472=ORIENTED_EDGE('',*,*,#2982,.F.);
#473=ORIENTED_EDGE('',*,*,#2983,.F.);
#474=ORIENTED_EDGE('',*,*,#2984,.F.);
#475=ORIENTED_EDGE('',*,*,#2985,.F.);
#476=ORIENTED_EDGE('',*,*,#2986,.F.);
#477=ORIENTED_EDGE('',*,*,#2987,.F.);
#478=ORIENTED_EDGE('',*,*,#2783,.T.);
#479=ORIENTED_EDGE('',*,*,#2988,.T.);
#480=ORIENTED_EDGE('',*,*,#2989,.F.);
#481=ORIENTED_EDGE('',*,*,#2990,.T.);
#482=ORIENTED_EDGE('',*,*,#2991,.F.);
#483=ORIENTED_EDGE('',*,*,#2992,.T.);
#484=ORIENTED_EDGE('',*,*,#2993,.T.);
#485=ORIENTED_EDGE('',*,*,#2994,.T.);
#486=ORIENTED_EDGE('',*,*,#2995,.F.);
#487=ORIENTED_EDGE('',*,*,#2996,.T.);
#488=ORIENTED_EDGE('',*,*,#2789,.T.);
#489=ORIENTED_EDGE('',*,*,#2997,.T.);
#490=ORIENTED_EDGE('',*,*,#2998,.F.);
#491=ORIENTED_EDGE('',*,*,#2999,.T.);
#492=ORIENTED_EDGE('',*,*,#3000,.T.);
#493=ORIENTED_EDGE('',*,*,#3001,.T.);
#494=ORIENTED_EDGE('',*,*,#3002,.F.);
#495=ORIENTED_EDGE('',*,*,#3003,.T.);
#496=ORIENTED_EDGE('',*,*,#2793,.T.);
#497=ORIENTED_EDGE('',*,*,#3004,.T.);
#498=ORIENTED_EDGE('',*,*,#3005,.F.);
#499=ORIENTED_EDGE('',*,*,#3006,.T.);
#500=ORIENTED_EDGE('',*,*,#3007,.T.);
#501=ORIENTED_EDGE('',*,*,#3008,.T.);
#502=ORIENTED_EDGE('',*,*,#3009,.F.);
#503=ORIENTED_EDGE('',*,*,#3010,.T.);
#504=ORIENTED_EDGE('',*,*,#2797,.T.);
#505=ORIENTED_EDGE('',*,*,#3011,.T.);
#506=ORIENTED_EDGE('',*,*,#3012,.F.);
#507=ORIENTED_EDGE('',*,*,#3013,.T.);
#508=ORIENTED_EDGE('',*,*,#3014,.T.);
#509=ORIENTED_EDGE('',*,*,#3015,.T.);
#510=ORIENTED_EDGE('',*,*,#3016,.F.);
#511=ORIENTED_EDGE('',*,*,#3017,.T.);
#512=ORIENTED_EDGE('',*,*,#2801,.T.);
#513=ORIENTED_EDGE('',*,*,#3018,.T.);
#514=ORIENTED_EDGE('',*,*,#3019,.F.);
#515=ORIENTED_EDGE('',*,*,#3020,.T.);
#516=ORIENTED_EDGE('',*,*,#3021,.T.);
#517=ORIENTED_EDGE('',*,*,#3022,.T.);
#518=ORIENTED_EDGE('',*,*,#3023,.F.);
#519=ORIENTED_EDGE('',*,*,#3024,.T.);
#520=ORIENTED_EDGE('',*,*,#2805,.T.);
#521=ORIENTED_EDGE('',*,*,#3025,.T.);
#522=ORIENTED_EDGE('',*,*,#3026,.F.);
#523=ORIENTED_EDGE('',*,*,#3027,.T.);
#524=ORIENTED_EDGE('',*,*,#3028,.T.);
#525=ORIENTED_EDGE('',*,*,#3029,.T.);
#526=ORIENTED_EDGE('',*,*,#3030,.F.);
#527=ORIENTED_EDGE('',*,*,#3031,.T.);
#528=ORIENTED_EDGE('',*,*,#2809,.T.);
#529=ORIENTED_EDGE('',*,*,#3032,.T.);
#530=ORIENTED_EDGE('',*,*,#3033,.F.);
#531=ORIENTED_EDGE('',*,*,#3034,.T.);
#532=ORIENTED_EDGE('',*,*,#3035,.T.);
#533=ORIENTED_EDGE('',*,*,#3036,.T.);
#534=ORIENTED_EDGE('',*,*,#3037,.F.);
#535=ORIENTED_EDGE('',*,*,#3038,.T.);
#536=ORIENTED_EDGE('',*,*,#2813,.T.);
#537=ORIENTED_EDGE('',*,*,#3039,.T.);
#538=ORIENTED_EDGE('',*,*,#3040,.F.);
#539=ORIENTED_EDGE('',*,*,#3041,.T.);
#540=ORIENTED_EDGE('',*,*,#3042,.T.);
#541=ORIENTED_EDGE('',*,*,#3043,.T.);
#542=ORIENTED_EDGE('',*,*,#3044,.F.);
#543=ORIENTED_EDGE('',*,*,#3045,.T.);
#544=ORIENTED_EDGE('',*,*,#2817,.T.);
#545=ORIENTED_EDGE('',*,*,#3046,.T.);
#546=ORIENTED_EDGE('',*,*,#3047,.T.);
#547=ORIENTED_EDGE('',*,*,#3048,.T.);
#548=ORIENTED_EDGE('',*,*,#2821,.T.);
#549=ORIENTED_EDGE('',*,*,#3049,.T.);
#550=ORIENTED_EDGE('',*,*,#3050,.T.);
#551=ORIENTED_EDGE('',*,*,#3051,.T.);
#552=ORIENTED_EDGE('',*,*,#3052,.T.);
#553=ORIENTED_EDGE('',*,*,#3053,.T.);
#554=ORIENTED_EDGE('',*,*,#2823,.T.);
#555=ORIENTED_EDGE('',*,*,#3054,.T.);
#556=ORIENTED_EDGE('',*,*,#3055,.T.);
#557=ORIENTED_EDGE('',*,*,#3056,.T.);
#558=ORIENTED_EDGE('',*,*,#3057,.T.);
#559=ORIENTED_EDGE('',*,*,#3058,.T.);
#560=ORIENTED_EDGE('',*,*,#3059,.T.);
#561=ORIENTED_EDGE('',*,*,#3060,.T.);
#562=ORIENTED_EDGE('',*,*,#2827,.T.);
#563=ORIENTED_EDGE('',*,*,#3061,.T.);
#564=ORIENTED_EDGE('',*,*,#3062,.T.);
#565=ORIENTED_EDGE('',*,*,#3063,.T.);
#566=ORIENTED_EDGE('',*,*,#3064,.T.);
#567=ORIENTED_EDGE('',*,*,#3065,.T.);
#568=ORIENTED_EDGE('',*,*,#3066,.T.);
#569=ORIENTED_EDGE('',*,*,#3067,.T.);
#570=ORIENTED_EDGE('',*,*,#2831,.T.);
#571=ORIENTED_EDGE('',*,*,#3068,.T.);
#572=ORIENTED_EDGE('',*,*,#3069,.T.);
#573=ORIENTED_EDGE('',*,*,#3070,.T.);
#574=ORIENTED_EDGE('',*,*,#3071,.T.);
#575=ORIENTED_EDGE('',*,*,#3072,.T.);
#576=ORIENTED_EDGE('',*,*,#3073,.T.);
#577=ORIENTED_EDGE('',*,*,#3074,.T.);
#578=ORIENTED_EDGE('',*,*,#2835,.T.);
#579=ORIENTED_EDGE('',*,*,#3075,.T.);
#580=ORIENTED_EDGE('',*,*,#3076,.T.);
#581=ORIENTED_EDGE('',*,*,#3077,.T.);
#582=ORIENTED_EDGE('',*,*,#3078,.T.);
#583=ORIENTED_EDGE('',*,*,#3079,.T.);
#584=ORIENTED_EDGE('',*,*,#3080,.T.);
#585=ORIENTED_EDGE('',*,*,#3081,.T.);
#586=ORIENTED_EDGE('',*,*,#2839,.T.);
#587=ORIENTED_EDGE('',*,*,#3082,.T.);
#588=ORIENTED_EDGE('',*,*,#3083,.T.);
#589=ORIENTED_EDGE('',*,*,#3084,.T.);
#590=ORIENTED_EDGE('',*,*,#3085,.T.);
#591=ORIENTED_EDGE('',*,*,#3086,.T.);
#592=ORIENTED_EDGE('',*,*,#3087,.T.);
#593=ORIENTED_EDGE('',*,*,#3088,.T.);
#594=ORIENTED_EDGE('',*,*,#2843,.T.);
#595=ORIENTED_EDGE('',*,*,#3089,.T.);
#596=ORIENTED_EDGE('',*,*,#3090,.T.);
#597=ORIENTED_EDGE('',*,*,#3091,.T.);
#598=ORIENTED_EDGE('',*,*,#3092,.T.);
#599=ORIENTED_EDGE('',*,*,#3093,.T.);
#600=ORIENTED_EDGE('',*,*,#3094,.T.);
#601=ORIENTED_EDGE('',*,*,#3095,.T.);
#602=ORIENTED_EDGE('',*,*,#2847,.T.);
#603=ORIENTED_EDGE('',*,*,#3096,.T.);
#604=ORIENTED_EDGE('',*,*,#3097,.T.);
#605=ORIENTED_EDGE('',*,*,#3098,.T.);
#606=ORIENTED_EDGE('',*,*,#3099,.T.);
#607=ORIENTED_EDGE('',*,*,#3100,.T.);
#608=ORIENTED_EDGE('',*,*,#3101,.T.);
#609=ORIENTED_EDGE('',*,*,#3102,.T.);
#610=ORIENTED_EDGE('',*,*,#2851,.T.);
#611=ORIENTED_EDGE('',*,*,#3103,.T.);
#612=ORIENTED_EDGE('',*,*,#3104,.T.);
#613=ORIENTED_EDGE('',*,*,#3105,.T.);
#614=ORIENTED_EDGE('',*,*,#3046,.F.);
#615=ORIENTED_EDGE('',*,*,#2816,.T.);
#616=ORIENTED_EDGE('',*,*,#2932,.F.);
#617=ORIENTED_EDGE('',*,*,#3106,.F.);
#618=ORIENTED_EDGE('',*,*,#2910,.T.);
#619=ORIENTED_EDGE('',*,*,#2852,.T.);
#620=ORIENTED_EDGE('',*,*,#3105,.F.);
#621=ORIENTED_EDGE('',*,*,#3107,.F.);
#622=ORIENTED_EDGE('',*,*,#3108,.T.);
#623=ORIENTED_EDGE('',*,*,#3109,.T.);
#624=ORIENTED_EDGE('',*,*,#3110,.F.);
#625=ORIENTED_EDGE('',*,*,#3111,.T.);
#626=ORIENTED_EDGE('',*,*,#3110,.T.);
#627=ORIENTED_EDGE('',*,*,#3112,.T.);
#628=ORIENTED_EDGE('',*,*,#3113,.F.);
#629=ORIENTED_EDGE('',*,*,#3114,.T.);
#630=ORIENTED_EDGE('',*,*,#3113,.T.);
#631=ORIENTED_EDGE('',*,*,#3115,.T.);
#632=ORIENTED_EDGE('',*,*,#3116,.F.);
#633=ORIENTED_EDGE('',*,*,#3117,.T.);
#634=ORIENTED_EDGE('',*,*,#3118,.T.);
#635=ORIENTED_EDGE('',*,*,#3119,.T.);
#636=ORIENTED_EDGE('',*,*,#3120,.F.);
#637=ORIENTED_EDGE('',*,*,#3121,.T.);
#638=ORIENTED_EDGE('',*,*,#3120,.T.);
#639=ORIENTED_EDGE('',*,*,#3122,.T.);
#640=ORIENTED_EDGE('',*,*,#3123,.F.);
#641=ORIENTED_EDGE('',*,*,#3124,.T.);
#642=ORIENTED_EDGE('',*,*,#3123,.T.);
#643=ORIENTED_EDGE('',*,*,#3125,.T.);
#644=ORIENTED_EDGE('',*,*,#3126,.F.);
#645=ORIENTED_EDGE('',*,*,#3127,.T.);
#646=ORIENTED_EDGE('',*,*,#3128,.T.);
#647=ORIENTED_EDGE('',*,*,#3129,.T.);
#648=ORIENTED_EDGE('',*,*,#3130,.F.);
#649=ORIENTED_EDGE('',*,*,#3131,.T.);
#650=ORIENTED_EDGE('',*,*,#3130,.T.);
#651=ORIENTED_EDGE('',*,*,#3132,.T.);
#652=ORIENTED_EDGE('',*,*,#3133,.F.);
#653=ORIENTED_EDGE('',*,*,#3134,.T.);
#654=ORIENTED_EDGE('',*,*,#3133,.T.);
#655=ORIENTED_EDGE('',*,*,#3135,.T.);
#656=ORIENTED_EDGE('',*,*,#3136,.F.);
#657=ORIENTED_EDGE('',*,*,#3137,.T.);
#658=ORIENTED_EDGE('',*,*,#3138,.T.);
#659=ORIENTED_EDGE('',*,*,#3139,.T.);
#660=ORIENTED_EDGE('',*,*,#3140,.F.);
#661=ORIENTED_EDGE('',*,*,#3141,.T.);
#662=ORIENTED_EDGE('',*,*,#3140,.T.);
#663=ORIENTED_EDGE('',*,*,#3142,.T.);
#664=ORIENTED_EDGE('',*,*,#3143,.F.);
#665=ORIENTED_EDGE('',*,*,#3144,.T.);
#666=ORIENTED_EDGE('',*,*,#3143,.T.);
#667=ORIENTED_EDGE('',*,*,#3145,.T.);
#668=ORIENTED_EDGE('',*,*,#3146,.F.);
#669=ORIENTED_EDGE('',*,*,#3147,.T.);
#670=ORIENTED_EDGE('',*,*,#3148,.T.);
#671=ORIENTED_EDGE('',*,*,#3149,.T.);
#672=ORIENTED_EDGE('',*,*,#3150,.F.);
#673=ORIENTED_EDGE('',*,*,#3151,.T.);
#674=ORIENTED_EDGE('',*,*,#3150,.T.);
#675=ORIENTED_EDGE('',*,*,#3152,.T.);
#676=ORIENTED_EDGE('',*,*,#3153,.F.);
#677=ORIENTED_EDGE('',*,*,#3154,.T.);
#678=ORIENTED_EDGE('',*,*,#3153,.T.);
#679=ORIENTED_EDGE('',*,*,#3155,.T.);
#680=ORIENTED_EDGE('',*,*,#3156,.F.);
#681=ORIENTED_EDGE('',*,*,#3157,.T.);
#682=ORIENTED_EDGE('',*,*,#3158,.T.);
#683=ORIENTED_EDGE('',*,*,#3159,.T.);
#684=ORIENTED_EDGE('',*,*,#3160,.F.);
#685=ORIENTED_EDGE('',*,*,#3161,.T.);
#686=ORIENTED_EDGE('',*,*,#3160,.T.);
#687=ORIENTED_EDGE('',*,*,#3162,.T.);
#688=ORIENTED_EDGE('',*,*,#3163,.F.);
#689=ORIENTED_EDGE('',*,*,#3164,.T.);
#690=ORIENTED_EDGE('',*,*,#3163,.T.);
#691=ORIENTED_EDGE('',*,*,#3165,.T.);
#692=ORIENTED_EDGE('',*,*,#3166,.F.);
#693=ORIENTED_EDGE('',*,*,#3167,.T.);
#694=ORIENTED_EDGE('',*,*,#3168,.T.);
#695=ORIENTED_EDGE('',*,*,#3169,.T.);
#696=ORIENTED_EDGE('',*,*,#3170,.F.);
#697=ORIENTED_EDGE('',*,*,#3171,.T.);
#698=ORIENTED_EDGE('',*,*,#3170,.T.);
#699=ORIENTED_EDGE('',*,*,#3172,.T.);
#700=ORIENTED_EDGE('',*,*,#3173,.F.);
#701=ORIENTED_EDGE('',*,*,#3174,.T.);
#702=ORIENTED_EDGE('',*,*,#3173,.T.);
#703=ORIENTED_EDGE('',*,*,#3175,.T.);
#704=ORIENTED_EDGE('',*,*,#3176,.F.);
#705=ORIENTED_EDGE('',*,*,#3177,.T.);
#706=ORIENTED_EDGE('',*,*,#3178,.T.);
#707=ORIENTED_EDGE('',*,*,#3179,.T.);
#708=ORIENTED_EDGE('',*,*,#3180,.F.);
#709=ORIENTED_EDGE('',*,*,#3181,.T.);
#710=ORIENTED_EDGE('',*,*,#3180,.T.);
#711=ORIENTED_EDGE('',*,*,#3182,.T.);
#712=ORIENTED_EDGE('',*,*,#3183,.F.);
#713=ORIENTED_EDGE('',*,*,#3184,.T.);
#714=ORIENTED_EDGE('',*,*,#3183,.T.);
#715=ORIENTED_EDGE('',*,*,#3185,.T.);
#716=ORIENTED_EDGE('',*,*,#3186,.F.);
#717=ORIENTED_EDGE('',*,*,#3187,.T.);
#718=ORIENTED_EDGE('',*,*,#3116,.T.);
#719=ORIENTED_EDGE('',*,*,#3188,.T.);
#720=ORIENTED_EDGE('',*,*,#3108,.F.);
#721=ORIENTED_EDGE('',*,*,#3189,.T.);
#722=ORIENTED_EDGE('',*,*,#3126,.T.);
#723=ORIENTED_EDGE('',*,*,#3190,.T.);
#724=ORIENTED_EDGE('',*,*,#3118,.F.);
#725=ORIENTED_EDGE('',*,*,#3191,.T.);
#726=ORIENTED_EDGE('',*,*,#3136,.T.);
#727=ORIENTED_EDGE('',*,*,#3192,.T.);
#728=ORIENTED_EDGE('',*,*,#3128,.F.);
#729=ORIENTED_EDGE('',*,*,#3193,.T.);
#730=ORIENTED_EDGE('',*,*,#3146,.T.);
#731=ORIENTED_EDGE('',*,*,#3194,.T.);
#732=ORIENTED_EDGE('',*,*,#3138,.F.);
#733=ORIENTED_EDGE('',*,*,#3195,.T.);
#734=ORIENTED_EDGE('',*,*,#3156,.T.);
#735=ORIENTED_EDGE('',*,*,#3196,.T.);
#736=ORIENTED_EDGE('',*,*,#3148,.F.);
#737=ORIENTED_EDGE('',*,*,#3197,.T.);
#738=ORIENTED_EDGE('',*,*,#3166,.T.);
#739=ORIENTED_EDGE('',*,*,#3198,.T.);
#740=ORIENTED_EDGE('',*,*,#3158,.F.);
#741=ORIENTED_EDGE('',*,*,#3199,.T.);
#742=ORIENTED_EDGE('',*,*,#3176,.T.);
#743=ORIENTED_EDGE('',*,*,#3200,.T.);
#744=ORIENTED_EDGE('',*,*,#3168,.F.);
#745=ORIENTED_EDGE('',*,*,#3201,.T.);
#746=ORIENTED_EDGE('',*,*,#3186,.T.);
#747=ORIENTED_EDGE('',*,*,#3202,.T.);
#748=ORIENTED_EDGE('',*,*,#3178,.F.);
#749=ORIENTED_EDGE('',*,*,#3203,.T.);
#750=ORIENTED_EDGE('',*,*,#2990,.F.);
#751=ORIENTED_EDGE('',*,*,#3204,.F.);
#752=ORIENTED_EDGE('',*,*,#3049,.F.);
#753=ORIENTED_EDGE('',*,*,#2820,.T.);
#754=ORIENTED_EDGE('',*,*,#2912,.F.);
#755=ORIENTED_EDGE('',*,*,#3205,.F.);
#756=ORIENTED_EDGE('',*,*,#2930,.T.);
#757=ORIENTED_EDGE('',*,*,#2784,.T.);
#758=ORIENTED_EDGE('',*,*,#3206,.F.);
#759=ORIENTED_EDGE('',*,*,#3207,.T.);
#760=ORIENTED_EDGE('',*,*,#3208,.T.);
#761=ORIENTED_EDGE('',*,*,#3209,.F.);
#762=ORIENTED_EDGE('',*,*,#3210,.F.);
#763=ORIENTED_EDGE('',*,*,#3211,.T.);
#764=ORIENTED_EDGE('',*,*,#3212,.T.);
#765=ORIENTED_EDGE('',*,*,#3213,.F.);
#766=ORIENTED_EDGE('',*,*,#3214,.F.);
#767=ORIENTED_EDGE('',*,*,#3215,.T.);
#768=ORIENTED_EDGE('',*,*,#3216,.T.);
#769=ORIENTED_EDGE('',*,*,#3217,.F.);
#770=ORIENTED_EDGE('',*,*,#3218,.F.);
#771=ORIENTED_EDGE('',*,*,#3219,.T.);
#772=ORIENTED_EDGE('',*,*,#3220,.T.);
#773=ORIENTED_EDGE('',*,*,#3221,.F.);
#774=ORIENTED_EDGE('',*,*,#3222,.F.);
#775=ORIENTED_EDGE('',*,*,#3223,.T.);
#776=ORIENTED_EDGE('',*,*,#3224,.T.);
#777=ORIENTED_EDGE('',*,*,#3225,.F.);
#778=ORIENTED_EDGE('',*,*,#3226,.F.);
#779=ORIENTED_EDGE('',*,*,#3227,.T.);
#780=ORIENTED_EDGE('',*,*,#3228,.T.);
#781=ORIENTED_EDGE('',*,*,#3229,.T.);
#782=ORIENTED_EDGE('',*,*,#3230,.F.);
#783=ORIENTED_EDGE('',*,*,#3231,.T.);
#784=ORIENTED_EDGE('',*,*,#3232,.T.);
#785=ORIENTED_EDGE('',*,*,#3233,.F.);
#786=ORIENTED_EDGE('',*,*,#3181,.F.);
#787=ORIENTED_EDGE('',*,*,#3184,.F.);
#788=ORIENTED_EDGE('',*,*,#3187,.F.);
#789=ORIENTED_EDGE('',*,*,#3203,.F.);
#790=ORIENTED_EDGE('',*,*,#3111,.F.);
#791=ORIENTED_EDGE('',*,*,#3114,.F.);
#792=ORIENTED_EDGE('',*,*,#3117,.F.);
#793=ORIENTED_EDGE('',*,*,#3189,.F.);
#794=ORIENTED_EDGE('',*,*,#2911,.T.);
#795=ORIENTED_EDGE('',*,*,#3106,.T.);
#796=ORIENTED_EDGE('',*,*,#2931,.T.);
#797=ORIENTED_EDGE('',*,*,#3205,.T.);
#798=ORIENTED_EDGE('',*,*,#3121,.F.);
#799=ORIENTED_EDGE('',*,*,#3124,.F.);
#800=ORIENTED_EDGE('',*,*,#3127,.F.);
#801=ORIENTED_EDGE('',*,*,#3191,.F.);
#802=ORIENTED_EDGE('',*,*,#3131,.F.);
#803=ORIENTED_EDGE('',*,*,#3134,.F.);
#804=ORIENTED_EDGE('',*,*,#3137,.F.);
#805=ORIENTED_EDGE('',*,*,#3193,.F.);
#806=ORIENTED_EDGE('',*,*,#3141,.F.);
#807=ORIENTED_EDGE('',*,*,#3144,.F.);
#808=ORIENTED_EDGE('',*,*,#3147,.F.);
#809=ORIENTED_EDGE('',*,*,#3195,.F.);
#810=ORIENTED_EDGE('',*,*,#3151,.F.);
#811=ORIENTED_EDGE('',*,*,#3154,.F.);
#812=ORIENTED_EDGE('',*,*,#3157,.F.);
#813=ORIENTED_EDGE('',*,*,#3197,.F.);
#814=ORIENTED_EDGE('',*,*,#3161,.F.);
#815=ORIENTED_EDGE('',*,*,#3164,.F.);
#816=ORIENTED_EDGE('',*,*,#3167,.F.);
#817=ORIENTED_EDGE('',*,*,#3199,.F.);
#818=ORIENTED_EDGE('',*,*,#3171,.F.);
#819=ORIENTED_EDGE('',*,*,#3174,.F.);
#820=ORIENTED_EDGE('',*,*,#3177,.F.);
#821=ORIENTED_EDGE('',*,*,#3201,.F.);
#822=ORIENTED_EDGE('',*,*,#3234,.F.);
#823=ORIENTED_EDGE('',*,*,#3101,.F.);
#824=ORIENTED_EDGE('',*,*,#3235,.T.);
#825=ORIENTED_EDGE('',*,*,#2904,.T.);
#826=ORIENTED_EDGE('',*,*,#3236,.F.);
#827=ORIENTED_EDGE('',*,*,#3097,.F.);
#828=ORIENTED_EDGE('',*,*,#3237,.T.);
#829=ORIENTED_EDGE('',*,*,#2901,.T.);
#830=ORIENTED_EDGE('',*,*,#3238,.F.);
#831=ORIENTED_EDGE('',*,*,#3094,.F.);
#832=ORIENTED_EDGE('',*,*,#3239,.T.);
#833=ORIENTED_EDGE('',*,*,#2897,.T.);
#834=ORIENTED_EDGE('',*,*,#3240,.F.);
#835=ORIENTED_EDGE('',*,*,#3090,.F.);
#836=ORIENTED_EDGE('',*,*,#3241,.T.);
#837=ORIENTED_EDGE('',*,*,#2894,.T.);
#838=ORIENTED_EDGE('',*,*,#3242,.F.);
#839=ORIENTED_EDGE('',*,*,#3087,.F.);
#840=ORIENTED_EDGE('',*,*,#3243,.T.);
#841=ORIENTED_EDGE('',*,*,#2890,.T.);
#842=ORIENTED_EDGE('',*,*,#3244,.F.);
#843=ORIENTED_EDGE('',*,*,#3083,.F.);
#844=ORIENTED_EDGE('',*,*,#3245,.T.);
#845=ORIENTED_EDGE('',*,*,#2887,.T.);
#846=ORIENTED_EDGE('',*,*,#3246,.F.);
#847=ORIENTED_EDGE('',*,*,#3080,.F.);
#848=ORIENTED_EDGE('',*,*,#3247,.T.);
#849=ORIENTED_EDGE('',*,*,#2883,.T.);
#850=ORIENTED_EDGE('',*,*,#3248,.F.);
#851=ORIENTED_EDGE('',*,*,#3076,.F.);
#852=ORIENTED_EDGE('',*,*,#3249,.T.);
#853=ORIENTED_EDGE('',*,*,#2880,.T.);
#854=ORIENTED_EDGE('',*,*,#3250,.F.);
#855=ORIENTED_EDGE('',*,*,#3073,.F.);
#856=ORIENTED_EDGE('',*,*,#3251,.T.);
#857=ORIENTED_EDGE('',*,*,#2876,.T.);
#858=ORIENTED_EDGE('',*,*,#3252,.F.);
#859=ORIENTED_EDGE('',*,*,#3069,.F.);
#860=ORIENTED_EDGE('',*,*,#3253,.T.);
#861=ORIENTED_EDGE('',*,*,#2873,.T.);
#862=ORIENTED_EDGE('',*,*,#3254,.F.);
#863=ORIENTED_EDGE('',*,*,#3066,.F.);
#864=ORIENTED_EDGE('',*,*,#3255,.T.);
#865=ORIENTED_EDGE('',*,*,#2869,.T.);
#866=ORIENTED_EDGE('',*,*,#3256,.F.);
#867=ORIENTED_EDGE('',*,*,#3062,.F.);
#868=ORIENTED_EDGE('',*,*,#3257,.T.);
#869=ORIENTED_EDGE('',*,*,#2866,.T.);
#870=ORIENTED_EDGE('',*,*,#3258,.F.);
#871=ORIENTED_EDGE('',*,*,#3059,.F.);
#872=ORIENTED_EDGE('',*,*,#3259,.T.);
#873=ORIENTED_EDGE('',*,*,#2862,.T.);
#874=ORIENTED_EDGE('',*,*,#3260,.F.);
#875=ORIENTED_EDGE('',*,*,#3055,.F.);
#876=ORIENTED_EDGE('',*,*,#3261,.T.);
#877=ORIENTED_EDGE('',*,*,#2859,.T.);
#878=ORIENTED_EDGE('',*,*,#3262,.F.);
#879=ORIENTED_EDGE('',*,*,#3052,.F.);
#880=ORIENTED_EDGE('',*,*,#3263,.T.);
#881=ORIENTED_EDGE('',*,*,#2855,.T.);
#882=ORIENTED_EDGE('',*,*,#3264,.F.);
#883=ORIENTED_EDGE('',*,*,#3047,.F.);
#884=ORIENTED_EDGE('',*,*,#3204,.T.);
#885=ORIENTED_EDGE('',*,*,#2989,.T.);
#886=ORIENTED_EDGE('',*,*,#3265,.F.);
#887=ORIENTED_EDGE('',*,*,#2987,.T.);
#888=ORIENTED_EDGE('',*,*,#3266,.T.);
#889=ORIENTED_EDGE('',*,*,#2991,.T.);
#890=ORIENTED_EDGE('',*,*,#3267,.F.);
#891=ORIENTED_EDGE('',*,*,#2983,.T.);
#892=ORIENTED_EDGE('',*,*,#3268,.T.);
#893=ORIENTED_EDGE('',*,*,#2995,.T.);
#894=ORIENTED_EDGE('',*,*,#3269,.F.);
#895=ORIENTED_EDGE('',*,*,#2980,.T.);
#896=ORIENTED_EDGE('',*,*,#3270,.T.);
#897=ORIENTED_EDGE('',*,*,#2998,.T.);
#898=ORIENTED_EDGE('',*,*,#3271,.F.);
#899=ORIENTED_EDGE('',*,*,#2976,.T.);
#900=ORIENTED_EDGE('',*,*,#3272,.T.);
#901=ORIENTED_EDGE('',*,*,#3002,.T.);
#902=ORIENTED_EDGE('',*,*,#3273,.F.);
#903=ORIENTED_EDGE('',*,*,#2973,.T.);
#904=ORIENTED_EDGE('',*,*,#3274,.T.);
#905=ORIENTED_EDGE('',*,*,#3005,.T.);
#906=ORIENTED_EDGE('',*,*,#3275,.F.);
#907=ORIENTED_EDGE('',*,*,#2969,.T.);
#908=ORIENTED_EDGE('',*,*,#3276,.T.);
#909=ORIENTED_EDGE('',*,*,#3009,.T.);
#910=ORIENTED_EDGE('',*,*,#3277,.F.);
#911=ORIENTED_EDGE('',*,*,#2966,.T.);
#912=ORIENTED_EDGE('',*,*,#3278,.T.);
#913=ORIENTED_EDGE('',*,*,#3012,.T.);
#914=ORIENTED_EDGE('',*,*,#3279,.F.);
#915=ORIENTED_EDGE('',*,*,#2962,.T.);
#916=ORIENTED_EDGE('',*,*,#3280,.T.);
#917=ORIENTED_EDGE('',*,*,#3016,.T.);
#918=ORIENTED_EDGE('',*,*,#3281,.F.);
#919=ORIENTED_EDGE('',*,*,#2959,.T.);
#920=ORIENTED_EDGE('',*,*,#3282,.T.);
#921=ORIENTED_EDGE('',*,*,#3019,.T.);
#922=ORIENTED_EDGE('',*,*,#3283,.F.);
#923=ORIENTED_EDGE('',*,*,#2955,.T.);
#924=ORIENTED_EDGE('',*,*,#3284,.T.);
#925=ORIENTED_EDGE('',*,*,#3023,.T.);
#926=ORIENTED_EDGE('',*,*,#3285,.F.);
#927=ORIENTED_EDGE('',*,*,#2952,.T.);
#928=ORIENTED_EDGE('',*,*,#3286,.T.);
#929=ORIENTED_EDGE('',*,*,#3026,.T.);
#930=ORIENTED_EDGE('',*,*,#3287,.F.);
#931=ORIENTED_EDGE('',*,*,#2948,.T.);
#932=ORIENTED_EDGE('',*,*,#3288,.T.);
#933=ORIENTED_EDGE('',*,*,#3030,.T.);
#934=ORIENTED_EDGE('',*,*,#3289,.F.);
#935=ORIENTED_EDGE('',*,*,#2945,.T.);
#936=ORIENTED_EDGE('',*,*,#3290,.T.);
#937=ORIENTED_EDGE('',*,*,#3033,.T.);
#938=ORIENTED_EDGE('',*,*,#3291,.F.);
#939=ORIENTED_EDGE('',*,*,#2941,.T.);
#940=ORIENTED_EDGE('',*,*,#3292,.T.);
#941=ORIENTED_EDGE('',*,*,#3037,.T.);
#942=ORIENTED_EDGE('',*,*,#3293,.F.);
#943=ORIENTED_EDGE('',*,*,#2938,.T.);
#944=ORIENTED_EDGE('',*,*,#3294,.T.);
#945=ORIENTED_EDGE('',*,*,#3040,.T.);
#946=ORIENTED_EDGE('',*,*,#3295,.F.);
#947=ORIENTED_EDGE('',*,*,#2934,.T.);
#948=ORIENTED_EDGE('',*,*,#3296,.T.);
#949=ORIENTED_EDGE('',*,*,#3044,.T.);
#950=ORIENTED_EDGE('',*,*,#3107,.T.);
#951=ORIENTED_EDGE('',*,*,#3104,.F.);
#952=ORIENTED_EDGE('',*,*,#3297,.T.);
#953=ORIENTED_EDGE('',*,*,#2908,.T.);
#954=ORIENTED_EDGE('',*,*,#3202,.F.);
#955=ORIENTED_EDGE('',*,*,#3185,.F.);
#956=ORIENTED_EDGE('',*,*,#3182,.F.);
#957=ORIENTED_EDGE('',*,*,#3179,.F.);
#958=ORIENTED_EDGE('',*,*,#3200,.F.);
#959=ORIENTED_EDGE('',*,*,#3175,.F.);
#960=ORIENTED_EDGE('',*,*,#3172,.F.);
#961=ORIENTED_EDGE('',*,*,#3169,.F.);
#962=ORIENTED_EDGE('',*,*,#3198,.F.);
#963=ORIENTED_EDGE('',*,*,#3165,.F.);
#964=ORIENTED_EDGE('',*,*,#3162,.F.);
#965=ORIENTED_EDGE('',*,*,#3159,.F.);
#966=ORIENTED_EDGE('',*,*,#3196,.F.);
#967=ORIENTED_EDGE('',*,*,#3155,.F.);
#968=ORIENTED_EDGE('',*,*,#3152,.F.);
#969=ORIENTED_EDGE('',*,*,#3149,.F.);
#970=ORIENTED_EDGE('',*,*,#3194,.F.);
#971=ORIENTED_EDGE('',*,*,#3145,.F.);
#972=ORIENTED_EDGE('',*,*,#3142,.F.);
#973=ORIENTED_EDGE('',*,*,#3139,.F.);
#974=ORIENTED_EDGE('',*,*,#3192,.F.);
#975=ORIENTED_EDGE('',*,*,#3135,.F.);
#976=ORIENTED_EDGE('',*,*,#3132,.F.);
#977=ORIENTED_EDGE('',*,*,#3129,.F.);
#978=ORIENTED_EDGE('',*,*,#3190,.F.);
#979=ORIENTED_EDGE('',*,*,#3125,.F.);
#980=ORIENTED_EDGE('',*,*,#3122,.F.);
#981=ORIENTED_EDGE('',*,*,#3119,.F.);
#982=ORIENTED_EDGE('',*,*,#3188,.F.);
#983=ORIENTED_EDGE('',*,*,#3115,.F.);
#984=ORIENTED_EDGE('',*,*,#3112,.F.);
#985=ORIENTED_EDGE('',*,*,#3109,.F.);
#986=ORIENTED_EDGE('',*,*,#2909,.T.);
#987=ORIENTED_EDGE('',*,*,#3297,.F.);
#988=ORIENTED_EDGE('',*,*,#3103,.F.);
#989=ORIENTED_EDGE('',*,*,#2850,.T.);
#990=ORIENTED_EDGE('',*,*,#2907,.T.);
#991=ORIENTED_EDGE('',*,*,#3298,.F.);
#992=ORIENTED_EDGE('',*,*,#3102,.F.);
#993=ORIENTED_EDGE('',*,*,#3234,.T.);
#994=ORIENTED_EDGE('',*,*,#2906,.T.);
#995=ORIENTED_EDGE('',*,*,#3299,.F.);
#996=ORIENTED_EDGE('',*,*,#3099,.F.);
#997=ORIENTED_EDGE('',*,*,#3298,.T.);
#998=ORIENTED_EDGE('',*,*,#2905,.T.);
#999=ORIENTED_EDGE('',*,*,#3235,.F.);
#1000=ORIENTED_EDGE('',*,*,#3100,.F.);
#1001=ORIENTED_EDGE('',*,*,#3299,.T.);
#1002=ORIENTED_EDGE('',*,*,#2903,.T.);
#1003=ORIENTED_EDGE('',*,*,#2848,.T.);
#1004=ORIENTED_EDGE('',*,*,#3098,.F.);
#1005=ORIENTED_EDGE('',*,*,#3236,.T.);
#1006=ORIENTED_EDGE('',*,*,#2902,.T.);
#1007=ORIENTED_EDGE('',*,*,#3237,.F.);
#1008=ORIENTED_EDGE('',*,*,#3096,.F.);
#1009=ORIENTED_EDGE('',*,*,#2846,.T.);
#1010=ORIENTED_EDGE('',*,*,#2900,.T.);
#1011=ORIENTED_EDGE('',*,*,#3300,.F.);
#1012=ORIENTED_EDGE('',*,*,#3095,.F.);
#1013=ORIENTED_EDGE('',*,*,#3238,.T.);
#1014=ORIENTED_EDGE('',*,*,#2899,.T.);
#1015=ORIENTED_EDGE('',*,*,#3301,.F.);
#1016=ORIENTED_EDGE('',*,*,#3092,.F.);
#1017=ORIENTED_EDGE('',*,*,#3300,.T.);
#1018=ORIENTED_EDGE('',*,*,#2898,.T.);
#1019=ORIENTED_EDGE('',*,*,#3239,.F.);
#1020=ORIENTED_EDGE('',*,*,#3093,.F.);
#1021=ORIENTED_EDGE('',*,*,#3301,.T.);
#1022=ORIENTED_EDGE('',*,*,#2896,.T.);
#1023=ORIENTED_EDGE('',*,*,#2844,.T.);
#1024=ORIENTED_EDGE('',*,*,#3091,.F.);
#1025=ORIENTED_EDGE('',*,*,#3240,.T.);
#1026=ORIENTED_EDGE('',*,*,#2895,.T.);
#1027=ORIENTED_EDGE('',*,*,#3241,.F.);
#1028=ORIENTED_EDGE('',*,*,#3089,.F.);
#1029=ORIENTED_EDGE('',*,*,#2842,.T.);
#1030=ORIENTED_EDGE('',*,*,#2893,.T.);
#1031=ORIENTED_EDGE('',*,*,#3302,.F.);
#1032=ORIENTED_EDGE('',*,*,#3088,.F.);
#1033=ORIENTED_EDGE('',*,*,#3242,.T.);
#1034=ORIENTED_EDGE('',*,*,#2892,.T.);
#1035=ORIENTED_EDGE('',*,*,#3303,.F.);
#1036=ORIENTED_EDGE('',*,*,#3085,.F.);
#1037=ORIENTED_EDGE('',*,*,#3302,.T.);
#1038=ORIENTED_EDGE('',*,*,#2891,.T.);
#1039=ORIENTED_EDGE('',*,*,#3243,.F.);
#1040=ORIENTED_EDGE('',*,*,#3086,.F.);
#1041=ORIENTED_EDGE('',*,*,#3303,.T.);
#1042=ORIENTED_EDGE('',*,*,#2889,.T.);
#1043=ORIENTED_EDGE('',*,*,#2840,.T.);
#1044=ORIENTED_EDGE('',*,*,#3084,.F.);
#1045=ORIENTED_EDGE('',*,*,#3244,.T.);
#1046=ORIENTED_EDGE('',*,*,#2888,.T.);
#1047=ORIENTED_EDGE('',*,*,#3245,.F.);
#1048=ORIENTED_EDGE('',*,*,#3082,.F.);
#1049=ORIENTED_EDGE('',*,*,#2838,.T.);
#1050=ORIENTED_EDGE('',*,*,#2886,.T.);
#1051=ORIENTED_EDGE('',*,*,#3304,.F.);
#1052=ORIENTED_EDGE('',*,*,#3081,.F.);
#1053=ORIENTED_EDGE('',*,*,#3246,.T.);
#1054=ORIENTED_EDGE('',*,*,#2885,.T.);
#1055=ORIENTED_EDGE('',*,*,#3305,.F.);
#1056=ORIENTED_EDGE('',*,*,#3078,.F.);
#1057=ORIENTED_EDGE('',*,*,#3304,.T.);
#1058=ORIENTED_EDGE('',*,*,#2884,.T.);
#1059=ORIENTED_EDGE('',*,*,#3247,.F.);
#1060=ORIENTED_EDGE('',*,*,#3079,.F.);
#1061=ORIENTED_EDGE('',*,*,#3305,.T.);
#1062=ORIENTED_EDGE('',*,*,#2882,.T.);
#1063=ORIENTED_EDGE('',*,*,#2836,.T.);
#1064=ORIENTED_EDGE('',*,*,#3077,.F.);
#1065=ORIENTED_EDGE('',*,*,#3248,.T.);
#1066=ORIENTED_EDGE('',*,*,#2881,.T.);
#1067=ORIENTED_EDGE('',*,*,#3249,.F.);
#1068=ORIENTED_EDGE('',*,*,#3075,.F.);
#1069=ORIENTED_EDGE('',*,*,#2834,.T.);
#1070=ORIENTED_EDGE('',*,*,#2879,.T.);
#1071=ORIENTED_EDGE('',*,*,#3306,.F.);
#1072=ORIENTED_EDGE('',*,*,#3074,.F.);
#1073=ORIENTED_EDGE('',*,*,#3250,.T.);
#1074=ORIENTED_EDGE('',*,*,#2878,.T.);
#1075=ORIENTED_EDGE('',*,*,#3307,.F.);
#1076=ORIENTED_EDGE('',*,*,#3071,.F.);
#1077=ORIENTED_EDGE('',*,*,#3306,.T.);
#1078=ORIENTED_EDGE('',*,*,#2877,.T.);
#1079=ORIENTED_EDGE('',*,*,#3251,.F.);
#1080=ORIENTED_EDGE('',*,*,#3072,.F.);
#1081=ORIENTED_EDGE('',*,*,#3307,.T.);
#1082=ORIENTED_EDGE('',*,*,#2875,.T.);
#1083=ORIENTED_EDGE('',*,*,#2832,.T.);
#1084=ORIENTED_EDGE('',*,*,#3070,.F.);
#1085=ORIENTED_EDGE('',*,*,#3252,.T.);
#1086=ORIENTED_EDGE('',*,*,#2874,.T.);
#1087=ORIENTED_EDGE('',*,*,#3253,.F.);
#1088=ORIENTED_EDGE('',*,*,#3068,.F.);
#1089=ORIENTED_EDGE('',*,*,#2830,.T.);
#1090=ORIENTED_EDGE('',*,*,#2872,.T.);
#1091=ORIENTED_EDGE('',*,*,#3308,.F.);
#1092=ORIENTED_EDGE('',*,*,#3067,.F.);
#1093=ORIENTED_EDGE('',*,*,#3254,.T.);
#1094=ORIENTED_EDGE('',*,*,#2871,.T.);
#1095=ORIENTED_EDGE('',*,*,#3309,.F.);
#1096=ORIENTED_EDGE('',*,*,#3064,.F.);
#1097=ORIENTED_EDGE('',*,*,#3308,.T.);
#1098=ORIENTED_EDGE('',*,*,#2870,.T.);
#1099=ORIENTED_EDGE('',*,*,#3255,.F.);
#1100=ORIENTED_EDGE('',*,*,#3065,.F.);
#1101=ORIENTED_EDGE('',*,*,#3309,.T.);
#1102=ORIENTED_EDGE('',*,*,#2868,.T.);
#1103=ORIENTED_EDGE('',*,*,#2828,.T.);
#1104=ORIENTED_EDGE('',*,*,#3063,.F.);
#1105=ORIENTED_EDGE('',*,*,#3256,.T.);
#1106=ORIENTED_EDGE('',*,*,#2867,.T.);
#1107=ORIENTED_EDGE('',*,*,#3257,.F.);
#1108=ORIENTED_EDGE('',*,*,#3061,.F.);
#1109=ORIENTED_EDGE('',*,*,#2826,.T.);
#1110=ORIENTED_EDGE('',*,*,#2865,.T.);
#1111=ORIENTED_EDGE('',*,*,#3310,.F.);
#1112=ORIENTED_EDGE('',*,*,#3060,.F.);
#1113=ORIENTED_EDGE('',*,*,#3258,.T.);
#1114=ORIENTED_EDGE('',*,*,#2864,.T.);
#1115=ORIENTED_EDGE('',*,*,#3311,.F.);
#1116=ORIENTED_EDGE('',*,*,#3057,.F.);
#1117=ORIENTED_EDGE('',*,*,#3310,.T.);
#1118=ORIENTED_EDGE('',*,*,#2863,.T.);
#1119=ORIENTED_EDGE('',*,*,#3259,.F.);
#1120=ORIENTED_EDGE('',*,*,#3058,.F.);
#1121=ORIENTED_EDGE('',*,*,#3311,.T.);
#1122=ORIENTED_EDGE('',*,*,#2861,.T.);
#1123=ORIENTED_EDGE('',*,*,#2824,.T.);
#1124=ORIENTED_EDGE('',*,*,#3056,.F.);
#1125=ORIENTED_EDGE('',*,*,#3260,.T.);
#1126=ORIENTED_EDGE('',*,*,#2860,.T.);
#1127=ORIENTED_EDGE('',*,*,#3261,.F.);
#1128=ORIENTED_EDGE('',*,*,#3054,.F.);
#1129=ORIENTED_EDGE('',*,*,#2822,.T.);
#1130=ORIENTED_EDGE('',*,*,#2858,.T.);
#1131=ORIENTED_EDGE('',*,*,#3312,.F.);
#1132=ORIENTED_EDGE('',*,*,#3053,.F.);
#1133=ORIENTED_EDGE('',*,*,#3262,.T.);
#1134=ORIENTED_EDGE('',*,*,#2857,.T.);
#1135=ORIENTED_EDGE('',*,*,#3313,.F.);
#1136=ORIENTED_EDGE('',*,*,#3050,.F.);
#1137=ORIENTED_EDGE('',*,*,#3312,.T.);
#1138=ORIENTED_EDGE('',*,*,#2856,.T.);
#1139=ORIENTED_EDGE('',*,*,#3263,.F.);
#1140=ORIENTED_EDGE('',*,*,#3051,.F.);
#1141=ORIENTED_EDGE('',*,*,#3313,.T.);
#1142=ORIENTED_EDGE('',*,*,#2854,.T.);
#1143=ORIENTED_EDGE('',*,*,#2818,.T.);
#1144=ORIENTED_EDGE('',*,*,#3048,.F.);
#1145=ORIENTED_EDGE('',*,*,#3264,.T.);
#1146=ORIENTED_EDGE('',*,*,#2933,.T.);
#1147=ORIENTED_EDGE('',*,*,#2814,.T.);
#1148=ORIENTED_EDGE('',*,*,#3045,.F.);
#1149=ORIENTED_EDGE('',*,*,#3296,.F.);
#1150=ORIENTED_EDGE('',*,*,#2935,.T.);
#1151=ORIENTED_EDGE('',*,*,#3295,.T.);
#1152=ORIENTED_EDGE('',*,*,#3043,.F.);
#1153=ORIENTED_EDGE('',*,*,#3314,.F.);
#1154=ORIENTED_EDGE('',*,*,#2936,.T.);
#1155=ORIENTED_EDGE('',*,*,#3314,.T.);
#1156=ORIENTED_EDGE('',*,*,#3042,.F.);
#1157=ORIENTED_EDGE('',*,*,#3315,.F.);
#1158=ORIENTED_EDGE('',*,*,#2937,.T.);
#1159=ORIENTED_EDGE('',*,*,#3315,.T.);
#1160=ORIENTED_EDGE('',*,*,#3041,.F.);
#1161=ORIENTED_EDGE('',*,*,#3294,.F.);
#1162=ORIENTED_EDGE('',*,*,#2939,.T.);
#1163=ORIENTED_EDGE('',*,*,#3293,.T.);
#1164=ORIENTED_EDGE('',*,*,#3039,.F.);
#1165=ORIENTED_EDGE('',*,*,#2812,.T.);
#1166=ORIENTED_EDGE('',*,*,#2940,.T.);
#1167=ORIENTED_EDGE('',*,*,#2810,.T.);
#1168=ORIENTED_EDGE('',*,*,#3038,.F.);
#1169=ORIENTED_EDGE('',*,*,#3292,.F.);
#1170=ORIENTED_EDGE('',*,*,#2942,.T.);
#1171=ORIENTED_EDGE('',*,*,#3291,.T.);
#1172=ORIENTED_EDGE('',*,*,#3036,.F.);
#1173=ORIENTED_EDGE('',*,*,#3316,.F.);
#1174=ORIENTED_EDGE('',*,*,#2943,.T.);
#1175=ORIENTED_EDGE('',*,*,#3316,.T.);
#1176=ORIENTED_EDGE('',*,*,#3035,.F.);
#1177=ORIENTED_EDGE('',*,*,#3317,.F.);
#1178=ORIENTED_EDGE('',*,*,#2944,.T.);
#1179=ORIENTED_EDGE('',*,*,#3317,.T.);
#1180=ORIENTED_EDGE('',*,*,#3034,.F.);
#1181=ORIENTED_EDGE('',*,*,#3290,.F.);
#1182=ORIENTED_EDGE('',*,*,#2946,.T.);
#1183=ORIENTED_EDGE('',*,*,#3289,.T.);
#1184=ORIENTED_EDGE('',*,*,#3032,.F.);
#1185=ORIENTED_EDGE('',*,*,#2808,.T.);
#1186=ORIENTED_EDGE('',*,*,#2947,.T.);
#1187=ORIENTED_EDGE('',*,*,#2806,.T.);
#1188=ORIENTED_EDGE('',*,*,#3031,.F.);
#1189=ORIENTED_EDGE('',*,*,#3288,.F.);
#1190=ORIENTED_EDGE('',*,*,#2949,.T.);
#1191=ORIENTED_EDGE('',*,*,#3287,.T.);
#1192=ORIENTED_EDGE('',*,*,#3029,.F.);
#1193=ORIENTED_EDGE('',*,*,#3318,.F.);
#1194=ORIENTED_EDGE('',*,*,#2950,.T.);
#1195=ORIENTED_EDGE('',*,*,#3318,.T.);
#1196=ORIENTED_EDGE('',*,*,#3028,.F.);
#1197=ORIENTED_EDGE('',*,*,#3319,.F.);
#1198=ORIENTED_EDGE('',*,*,#2951,.T.);
#1199=ORIENTED_EDGE('',*,*,#3319,.T.);
#1200=ORIENTED_EDGE('',*,*,#3027,.F.);
#1201=ORIENTED_EDGE('',*,*,#3286,.F.);
#1202=ORIENTED_EDGE('',*,*,#2953,.T.);
#1203=ORIENTED_EDGE('',*,*,#3285,.T.);
#1204=ORIENTED_EDGE('',*,*,#3025,.F.);
#1205=ORIENTED_EDGE('',*,*,#2804,.T.);
#1206=ORIENTED_EDGE('',*,*,#2954,.T.);
#1207=ORIENTED_EDGE('',*,*,#2802,.T.);
#1208=ORIENTED_EDGE('',*,*,#3024,.F.);
#1209=ORIENTED_EDGE('',*,*,#3284,.F.);
#1210=ORIENTED_EDGE('',*,*,#2956,.T.);
#1211=ORIENTED_EDGE('',*,*,#3283,.T.);
#1212=ORIENTED_EDGE('',*,*,#3022,.F.);
#1213=ORIENTED_EDGE('',*,*,#3320,.F.);
#1214=ORIENTED_EDGE('',*,*,#2957,.T.);
#1215=ORIENTED_EDGE('',*,*,#3320,.T.);
#1216=ORIENTED_EDGE('',*,*,#3021,.F.);
#1217=ORIENTED_EDGE('',*,*,#3321,.F.);
#1218=ORIENTED_EDGE('',*,*,#2958,.T.);
#1219=ORIENTED_EDGE('',*,*,#3321,.T.);
#1220=ORIENTED_EDGE('',*,*,#3020,.F.);
#1221=ORIENTED_EDGE('',*,*,#3282,.F.);
#1222=ORIENTED_EDGE('',*,*,#2960,.T.);
#1223=ORIENTED_EDGE('',*,*,#3281,.T.);
#1224=ORIENTED_EDGE('',*,*,#3018,.F.);
#1225=ORIENTED_EDGE('',*,*,#2800,.T.);
#1226=ORIENTED_EDGE('',*,*,#2961,.T.);
#1227=ORIENTED_EDGE('',*,*,#2798,.T.);
#1228=ORIENTED_EDGE('',*,*,#3017,.F.);
#1229=ORIENTED_EDGE('',*,*,#3280,.F.);
#1230=ORIENTED_EDGE('',*,*,#2963,.T.);
#1231=ORIENTED_EDGE('',*,*,#3279,.T.);
#1232=ORIENTED_EDGE('',*,*,#3015,.F.);
#1233=ORIENTED_EDGE('',*,*,#3322,.F.);
#1234=ORIENTED_EDGE('',*,*,#2964,.T.);
#1235=ORIENTED_EDGE('',*,*,#3322,.T.);
#1236=ORIENTED_EDGE('',*,*,#3014,.F.);
#1237=ORIENTED_EDGE('',*,*,#3323,.F.);
#1238=ORIENTED_EDGE('',*,*,#2965,.T.);
#1239=ORIENTED_EDGE('',*,*,#3323,.T.);
#1240=ORIENTED_EDGE('',*,*,#3013,.F.);
#1241=ORIENTED_EDGE('',*,*,#3278,.F.);
#1242=ORIENTED_EDGE('',*,*,#2967,.T.);
#1243=ORIENTED_EDGE('',*,*,#3277,.T.);
#1244=ORIENTED_EDGE('',*,*,#3011,.F.);
#1245=ORIENTED_EDGE('',*,*,#2796,.T.);
#1246=ORIENTED_EDGE('',*,*,#2968,.T.);
#1247=ORIENTED_EDGE('',*,*,#2794,.T.);
#1248=ORIENTED_EDGE('',*,*,#3010,.F.);
#1249=ORIENTED_EDGE('',*,*,#3276,.F.);
#1250=ORIENTED_EDGE('',*,*,#2970,.T.);
#1251=ORIENTED_EDGE('',*,*,#3275,.T.);
#1252=ORIENTED_EDGE('',*,*,#3008,.F.);
#1253=ORIENTED_EDGE('',*,*,#3324,.F.);
#1254=ORIENTED_EDGE('',*,*,#2971,.T.);
#1255=ORIENTED_EDGE('',*,*,#3324,.T.);
#1256=ORIENTED_EDGE('',*,*,#3007,.F.);
#1257=ORIENTED_EDGE('',*,*,#3325,.F.);
#1258=ORIENTED_EDGE('',*,*,#2972,.T.);
#1259=ORIENTED_EDGE('',*,*,#3325,.T.);
#1260=ORIENTED_EDGE('',*,*,#3006,.F.);
#1261=ORIENTED_EDGE('',*,*,#3274,.F.);
#1262=ORIENTED_EDGE('',*,*,#2974,.T.);
#1263=ORIENTED_EDGE('',*,*,#3273,.T.);
#1264=ORIENTED_EDGE('',*,*,#3004,.F.);
#1265=ORIENTED_EDGE('',*,*,#2792,.T.);
#1266=ORIENTED_EDGE('',*,*,#2975,.T.);
#1267=ORIENTED_EDGE('',*,*,#2790,.T.);
#1268=ORIENTED_EDGE('',*,*,#3003,.F.);
#1269=ORIENTED_EDGE('',*,*,#3272,.F.);
#1270=ORIENTED_EDGE('',*,*,#2977,.T.);
#1271=ORIENTED_EDGE('',*,*,#3271,.T.);
#1272=ORIENTED_EDGE('',*,*,#3001,.F.);
#1273=ORIENTED_EDGE('',*,*,#3326,.F.);
#1274=ORIENTED_EDGE('',*,*,#2978,.T.);
#1275=ORIENTED_EDGE('',*,*,#3326,.T.);
#1276=ORIENTED_EDGE('',*,*,#3000,.F.);
#1277=ORIENTED_EDGE('',*,*,#3327,.F.);
#1278=ORIENTED_EDGE('',*,*,#2979,.T.);
#1279=ORIENTED_EDGE('',*,*,#3327,.T.);
#1280=ORIENTED_EDGE('',*,*,#2999,.F.);
#1281=ORIENTED_EDGE('',*,*,#3270,.F.);
#1282=ORIENTED_EDGE('',*,*,#2981,.T.);
#1283=ORIENTED_EDGE('',*,*,#3269,.T.);
#1284=ORIENTED_EDGE('',*,*,#2997,.F.);
#1285=ORIENTED_EDGE('',*,*,#2788,.T.);
#1286=ORIENTED_EDGE('',*,*,#2929,.T.);
#1287=ORIENTED_EDGE('',*,*,#3265,.T.);
#1288=ORIENTED_EDGE('',*,*,#2988,.F.);
#1289=ORIENTED_EDGE('',*,*,#2782,.T.);
#1290=ORIENTED_EDGE('',*,*,#2986,.T.);
#1291=ORIENTED_EDGE('',*,*,#3328,.T.);
#1292=ORIENTED_EDGE('',*,*,#2992,.F.);
#1293=ORIENTED_EDGE('',*,*,#3266,.F.);
#1294=ORIENTED_EDGE('',*,*,#2985,.T.);
#1295=ORIENTED_EDGE('',*,*,#3329,.T.);
#1296=ORIENTED_EDGE('',*,*,#2993,.F.);
#1297=ORIENTED_EDGE('',*,*,#3328,.F.);
#1298=ORIENTED_EDGE('',*,*,#2984,.T.);
#1299=ORIENTED_EDGE('',*,*,#3267,.T.);
#1300=ORIENTED_EDGE('',*,*,#2994,.F.);
#1301=ORIENTED_EDGE('',*,*,#3329,.F.);
#1302=ORIENTED_EDGE('',*,*,#2982,.T.);
#1303=ORIENTED_EDGE('',*,*,#2786,.T.);
#1304=ORIENTED_EDGE('',*,*,#2996,.F.);
#1305=ORIENTED_EDGE('',*,*,#3268,.F.);
#1306=ORIENTED_EDGE('',*,*,#3330,.F.);
#1307=ORIENTED_EDGE('',*,*,#3331,.F.);
#1308=ORIENTED_EDGE('',*,*,#3332,.T.);
#1309=ORIENTED_EDGE('',*,*,#3333,.T.);
#1310=ORIENTED_EDGE('',*,*,#3226,.T.);
#1311=ORIENTED_EDGE('',*,*,#3334,.F.);
#1312=ORIENTED_EDGE('',*,*,#3332,.F.);
#1313=ORIENTED_EDGE('',*,*,#3335,.F.);
#1314=ORIENTED_EDGE('',*,*,#3336,.T.);
#1315=ORIENTED_EDGE('',*,*,#3330,.T.);
#1316=ORIENTED_EDGE('',*,*,#3337,.T.);
#1317=ORIENTED_EDGE('',*,*,#3228,.F.);
#1318=ORIENTED_EDGE('',*,*,#3337,.F.);
#1319=ORIENTED_EDGE('',*,*,#3333,.F.);
#1320=ORIENTED_EDGE('',*,*,#3334,.T.);
#1321=ORIENTED_EDGE('',*,*,#3229,.F.);
#1322=ORIENTED_EDGE('',*,*,#3336,.F.);
#1323=ORIENTED_EDGE('',*,*,#3227,.F.);
#1324=ORIENTED_EDGE('',*,*,#3335,.T.);
#1325=ORIENTED_EDGE('',*,*,#3331,.T.);
#1326=ORIENTED_EDGE('',*,*,#3338,.F.);
#1327=ORIENTED_EDGE('',*,*,#3339,.F.);
#1328=ORIENTED_EDGE('',*,*,#3340,.T.);
#1329=ORIENTED_EDGE('',*,*,#3341,.T.);
#1330=ORIENTED_EDGE('',*,*,#3222,.T.);
#1331=ORIENTED_EDGE('',*,*,#3342,.F.);
#1332=ORIENTED_EDGE('',*,*,#3340,.F.);
#1333=ORIENTED_EDGE('',*,*,#3343,.F.);
#1334=ORIENTED_EDGE('',*,*,#3344,.T.);
#1335=ORIENTED_EDGE('',*,*,#3338,.T.);
#1336=ORIENTED_EDGE('',*,*,#3345,.T.);
#1337=ORIENTED_EDGE('',*,*,#3224,.F.);
#1338=ORIENTED_EDGE('',*,*,#3345,.F.);
#1339=ORIENTED_EDGE('',*,*,#3341,.F.);
#1340=ORIENTED_EDGE('',*,*,#3342,.T.);
#1341=ORIENTED_EDGE('',*,*,#3225,.T.);
#1342=ORIENTED_EDGE('',*,*,#3344,.F.);
#1343=ORIENTED_EDGE('',*,*,#3223,.F.);
#1344=ORIENTED_EDGE('',*,*,#3343,.T.);
#1345=ORIENTED_EDGE('',*,*,#3339,.T.);
#1346=ORIENTED_EDGE('',*,*,#3346,.F.);
#1347=ORIENTED_EDGE('',*,*,#3347,.F.);
#1348=ORIENTED_EDGE('',*,*,#3348,.T.);
#1349=ORIENTED_EDGE('',*,*,#3349,.T.);
#1350=ORIENTED_EDGE('',*,*,#3218,.T.);
#1351=ORIENTED_EDGE('',*,*,#3350,.F.);
#1352=ORIENTED_EDGE('',*,*,#3348,.F.);
#1353=ORIENTED_EDGE('',*,*,#3351,.F.);
#1354=ORIENTED_EDGE('',*,*,#3352,.T.);
#1355=ORIENTED_EDGE('',*,*,#3346,.T.);
#1356=ORIENTED_EDGE('',*,*,#3353,.T.);
#1357=ORIENTED_EDGE('',*,*,#3220,.F.);
#1358=ORIENTED_EDGE('',*,*,#3353,.F.);
#1359=ORIENTED_EDGE('',*,*,#3349,.F.);
#1360=ORIENTED_EDGE('',*,*,#3350,.T.);
#1361=ORIENTED_EDGE('',*,*,#3221,.T.);
#1362=ORIENTED_EDGE('',*,*,#3352,.F.);
#1363=ORIENTED_EDGE('',*,*,#3219,.F.);
#1364=ORIENTED_EDGE('',*,*,#3351,.T.);
#1365=ORIENTED_EDGE('',*,*,#3347,.T.);
#1366=ORIENTED_EDGE('',*,*,#3354,.F.);
#1367=ORIENTED_EDGE('',*,*,#3355,.F.);
#1368=ORIENTED_EDGE('',*,*,#3356,.T.);
#1369=ORIENTED_EDGE('',*,*,#3357,.T.);
#1370=ORIENTED_EDGE('',*,*,#3214,.T.);
#1371=ORIENTED_EDGE('',*,*,#3358,.F.);
#1372=ORIENTED_EDGE('',*,*,#3356,.F.);
#1373=ORIENTED_EDGE('',*,*,#3359,.F.);
#1374=ORIENTED_EDGE('',*,*,#3360,.T.);
#1375=ORIENTED_EDGE('',*,*,#3354,.T.);
#1376=ORIENTED_EDGE('',*,*,#3361,.T.);
#1377=ORIENTED_EDGE('',*,*,#3216,.F.);
#1378=ORIENTED_EDGE('',*,*,#3361,.F.);
#1379=ORIENTED_EDGE('',*,*,#3357,.F.);
#1380=ORIENTED_EDGE('',*,*,#3358,.T.);
#1381=ORIENTED_EDGE('',*,*,#3217,.T.);
#1382=ORIENTED_EDGE('',*,*,#3360,.F.);
#1383=ORIENTED_EDGE('',*,*,#3215,.F.);
#1384=ORIENTED_EDGE('',*,*,#3359,.T.);
#1385=ORIENTED_EDGE('',*,*,#3355,.T.);
#1386=ORIENTED_EDGE('',*,*,#3362,.F.);
#1387=ORIENTED_EDGE('',*,*,#3363,.F.);
#1388=ORIENTED_EDGE('',*,*,#3364,.T.);
#1389=ORIENTED_EDGE('',*,*,#3365,.T.);
#1390=ORIENTED_EDGE('',*,*,#3210,.T.);
#1391=ORIENTED_EDGE('',*,*,#3366,.F.);
#1392=ORIENTED_EDGE('',*,*,#3364,.F.);
#1393=ORIENTED_EDGE('',*,*,#3367,.F.);
#1394=ORIENTED_EDGE('',*,*,#3368,.T.);
#1395=ORIENTED_EDGE('',*,*,#3362,.T.);
#1396=ORIENTED_EDGE('',*,*,#3369,.T.);
#1397=ORIENTED_EDGE('',*,*,#3212,.F.);
#1398=ORIENTED_EDGE('',*,*,#3369,.F.);
#1399=ORIENTED_EDGE('',*,*,#3365,.F.);
#1400=ORIENTED_EDGE('',*,*,#3366,.T.);
#1401=ORIENTED_EDGE('',*,*,#3213,.T.);
#1402=ORIENTED_EDGE('',*,*,#3368,.F.);
#1403=ORIENTED_EDGE('',*,*,#3211,.F.);
#1404=ORIENTED_EDGE('',*,*,#3367,.T.);
#1405=ORIENTED_EDGE('',*,*,#3363,.T.);
#1406=ORIENTED_EDGE('',*,*,#3370,.F.);
#1407=ORIENTED_EDGE('',*,*,#3371,.F.);
#1408=ORIENTED_EDGE('',*,*,#3372,.T.);
#1409=ORIENTED_EDGE('',*,*,#3373,.T.);
#1410=ORIENTED_EDGE('',*,*,#3206,.T.);
#1411=ORIENTED_EDGE('',*,*,#3374,.F.);
#1412=ORIENTED_EDGE('',*,*,#3372,.F.);
#1413=ORIENTED_EDGE('',*,*,#3375,.F.);
#1414=ORIENTED_EDGE('',*,*,#3376,.T.);
#1415=ORIENTED_EDGE('',*,*,#3370,.T.);
#1416=ORIENTED_EDGE('',*,*,#3377,.T.);
#1417=ORIENTED_EDGE('',*,*,#3208,.F.);
#1418=ORIENTED_EDGE('',*,*,#3377,.F.);
#1419=ORIENTED_EDGE('',*,*,#3373,.F.);
#1420=ORIENTED_EDGE('',*,*,#3374,.T.);
#1421=ORIENTED_EDGE('',*,*,#3209,.T.);
#1422=ORIENTED_EDGE('',*,*,#3376,.F.);
#1423=ORIENTED_EDGE('',*,*,#3207,.F.);
#1424=ORIENTED_EDGE('',*,*,#3375,.T.);
#1425=ORIENTED_EDGE('',*,*,#3371,.T.);
#1426=ORIENTED_EDGE('',*,*,#3230,.T.);
#1427=ORIENTED_EDGE('',*,*,#3378,.F.);
#1428=ORIENTED_EDGE('',*,*,#3379,.F.);
#1429=ORIENTED_EDGE('',*,*,#3380,.F.);
#1430=ORIENTED_EDGE('',*,*,#3381,.T.);
#1431=ORIENTED_EDGE('',*,*,#3382,.T.);
#1432=ORIENTED_EDGE('',*,*,#3383,.T.);
#1433=ORIENTED_EDGE('',*,*,#3232,.F.);
#1434=ORIENTED_EDGE('',*,*,#3380,.T.);
#1435=ORIENTED_EDGE('',*,*,#3384,.T.);
#1436=ORIENTED_EDGE('',*,*,#3381,.F.);
#1437=ORIENTED_EDGE('',*,*,#3231,.F.);
#1438=ORIENTED_EDGE('',*,*,#3382,.F.);
#1439=ORIENTED_EDGE('',*,*,#3384,.F.);
#1440=ORIENTED_EDGE('',*,*,#3379,.T.);
#1441=ORIENTED_EDGE('',*,*,#3385,.T.);
#1442=ORIENTED_EDGE('',*,*,#3383,.F.);
#1443=ORIENTED_EDGE('',*,*,#3385,.F.);
#1444=ORIENTED_EDGE('',*,*,#3378,.T.);
#1445=ORIENTED_EDGE('',*,*,#3233,.T.);
#1446=ORIENTED_EDGE('',*,*,#2928,.F.);
#1447=ORIENTED_EDGE('',*,*,#2927,.F.);
#1448=ORIENTED_EDGE('',*,*,#2926,.F.);
#1449=ORIENTED_EDGE('',*,*,#2925,.F.);
#1450=ORIENTED_EDGE('',*,*,#2924,.F.);
#1451=ORIENTED_EDGE('',*,*,#2923,.F.);
#1452=ORIENTED_EDGE('',*,*,#2922,.F.);
#1453=ORIENTED_EDGE('',*,*,#2921,.F.);
#1454=ORIENTED_EDGE('',*,*,#2920,.F.);
#1455=ORIENTED_EDGE('',*,*,#2919,.F.);
#1456=ORIENTED_EDGE('',*,*,#2918,.F.);
#1457=ORIENTED_EDGE('',*,*,#2917,.F.);
#1458=ORIENTED_EDGE('',*,*,#2916,.F.);
#1459=ORIENTED_EDGE('',*,*,#2915,.F.);
#1460=ORIENTED_EDGE('',*,*,#2914,.F.);
#1461=ORIENTED_EDGE('',*,*,#2913,.F.);
#1462=ORIENTED_EDGE('',*,*,#3386,.F.);
#1463=ORIENTED_EDGE('',*,*,#3387,.F.);
#1464=ORIENTED_EDGE('',*,*,#3388,.F.);
#1465=ORIENTED_EDGE('',*,*,#3389,.F.);
#1466=ORIENTED_EDGE('',*,*,#3390,.F.);
#1467=ORIENTED_EDGE('',*,*,#3391,.F.);
#1468=ORIENTED_EDGE('',*,*,#3392,.F.);
#1469=ORIENTED_EDGE('',*,*,#3393,.F.);
#1470=ORIENTED_EDGE('',*,*,#3394,.F.);
#1471=ORIENTED_EDGE('',*,*,#3395,.F.);
#1472=ORIENTED_EDGE('',*,*,#3396,.F.);
#1473=ORIENTED_EDGE('',*,*,#3397,.F.);
#1474=ORIENTED_EDGE('',*,*,#3398,.F.);
#1475=ORIENTED_EDGE('',*,*,#3399,.F.);
#1476=ORIENTED_EDGE('',*,*,#3400,.F.);
#1477=ORIENTED_EDGE('',*,*,#3401,.F.);
#1478=ORIENTED_EDGE('',*,*,#3402,.F.);
#1479=ORIENTED_EDGE('',*,*,#3403,.F.);
#1480=ORIENTED_EDGE('',*,*,#3404,.F.);
#1481=ORIENTED_EDGE('',*,*,#3405,.F.);
#1482=ORIENTED_EDGE('',*,*,#3406,.F.);
#1483=ORIENTED_EDGE('',*,*,#3407,.F.);
#1484=ORIENTED_EDGE('',*,*,#3408,.F.);
#1485=ORIENTED_EDGE('',*,*,#3409,.F.);
#1486=ORIENTED_EDGE('',*,*,#3410,.F.);
#1487=ORIENTED_EDGE('',*,*,#3411,.F.);
#1488=ORIENTED_EDGE('',*,*,#3412,.F.);
#1489=ORIENTED_EDGE('',*,*,#3413,.F.);
#1490=ORIENTED_EDGE('',*,*,#3414,.F.);
#1491=ORIENTED_EDGE('',*,*,#3415,.T.);
#1492=ORIENTED_EDGE('',*,*,#3416,.F.);
#1493=ORIENTED_EDGE('',*,*,#3417,.F.);
#1494=ORIENTED_EDGE('',*,*,#3418,.F.);
#1495=ORIENTED_EDGE('',*,*,#3419,.T.);
#1496=ORIENTED_EDGE('',*,*,#3420,.F.);
#1497=ORIENTED_EDGE('',*,*,#3421,.F.);
#1498=ORIENTED_EDGE('',*,*,#3422,.F.);
#1499=ORIENTED_EDGE('',*,*,#3423,.T.);
#1500=ORIENTED_EDGE('',*,*,#3424,.F.);
#1501=ORIENTED_EDGE('',*,*,#3425,.F.);
#1502=ORIENTED_EDGE('',*,*,#3426,.F.);
#1503=ORIENTED_EDGE('',*,*,#3427,.T.);
#1504=ORIENTED_EDGE('',*,*,#3428,.F.);
#1505=ORIENTED_EDGE('',*,*,#3429,.F.);
#1506=ORIENTED_EDGE('',*,*,#3430,.F.);
#1507=ORIENTED_EDGE('',*,*,#3431,.T.);
#1508=ORIENTED_EDGE('',*,*,#3432,.F.);
#1509=ORIENTED_EDGE('',*,*,#3433,.F.);
#1510=ORIENTED_EDGE('',*,*,#3434,.F.);
#1511=ORIENTED_EDGE('',*,*,#3435,.T.);
#1512=ORIENTED_EDGE('',*,*,#3436,.F.);
#1513=ORIENTED_EDGE('',*,*,#3437,.F.);
#1514=ORIENTED_EDGE('',*,*,#3438,.F.);
#1515=ORIENTED_EDGE('',*,*,#3439,.T.);
#1516=ORIENTED_EDGE('',*,*,#3440,.F.);
#1517=ORIENTED_EDGE('',*,*,#3441,.F.);
#1518=ORIENTED_EDGE('',*,*,#3442,.F.);
#1519=ORIENTED_EDGE('',*,*,#3443,.T.);
#1520=ORIENTED_EDGE('',*,*,#3444,.T.);
#1521=ORIENTED_EDGE('',*,*,#3445,.F.);
#1522=ORIENTED_EDGE('',*,*,#3446,.F.);
#1523=ORIENTED_EDGE('',*,*,#3447,.T.);
#1524=ORIENTED_EDGE('',*,*,#3448,.T.);
#1525=ORIENTED_EDGE('',*,*,#3449,.F.);
#1526=ORIENTED_EDGE('',*,*,#3450,.F.);
#1527=ORIENTED_EDGE('',*,*,#3451,.F.);
#1528=ORIENTED_EDGE('',*,*,#3452,.F.);
#1529=ORIENTED_EDGE('',*,*,#3453,.F.);
#1530=ORIENTED_EDGE('',*,*,#3454,.F.);
#1531=ORIENTED_EDGE('',*,*,#3455,.F.);
#1532=ORIENTED_EDGE('',*,*,#3456,.F.);
#1533=ORIENTED_EDGE('',*,*,#3457,.F.);
#1534=ORIENTED_EDGE('',*,*,#3458,.F.);
#1535=ORIENTED_EDGE('',*,*,#3459,.F.);
#1536=ORIENTED_EDGE('',*,*,#3460,.F.);
#1537=ORIENTED_EDGE('',*,*,#3461,.F.);
#1538=ORIENTED_EDGE('',*,*,#3462,.F.);
#1539=ORIENTED_EDGE('',*,*,#3463,.F.);
#1540=ORIENTED_EDGE('',*,*,#3464,.F.);
#1541=ORIENTED_EDGE('',*,*,#3465,.F.);
#1542=ORIENTED_EDGE('',*,*,#3466,.F.);
#1543=ORIENTED_EDGE('',*,*,#3467,.F.);
#1544=ORIENTED_EDGE('',*,*,#3468,.F.);
#1545=ORIENTED_EDGE('',*,*,#3469,.F.);
#1546=ORIENTED_EDGE('',*,*,#3470,.F.);
#1547=ORIENTED_EDGE('',*,*,#3471,.F.);
#1548=ORIENTED_EDGE('',*,*,#3472,.F.);
#1549=ORIENTED_EDGE('',*,*,#3473,.F.);
#1550=ORIENTED_EDGE('',*,*,#3474,.F.);
#1551=ORIENTED_EDGE('',*,*,#3475,.F.);
#1552=ORIENTED_EDGE('',*,*,#3476,.F.);
#1553=ORIENTED_EDGE('',*,*,#3477,.F.);
#1554=ORIENTED_EDGE('',*,*,#3478,.F.);
#1555=ORIENTED_EDGE('',*,*,#3479,.T.);
#1556=ORIENTED_EDGE('',*,*,#3480,.F.);
#1557=ORIENTED_EDGE('',*,*,#3481,.F.);
#1558=ORIENTED_EDGE('',*,*,#3482,.F.);
#1559=ORIENTED_EDGE('',*,*,#3483,.T.);
#1560=ORIENTED_EDGE('',*,*,#3484,.F.);
#1561=ORIENTED_EDGE('',*,*,#3485,.F.);
#1562=ORIENTED_EDGE('',*,*,#3486,.F.);
#1563=ORIENTED_EDGE('',*,*,#3487,.T.);
#1564=ORIENTED_EDGE('',*,*,#3488,.F.);
#1565=ORIENTED_EDGE('',*,*,#3489,.F.);
#1566=ORIENTED_EDGE('',*,*,#3490,.F.);
#1567=ORIENTED_EDGE('',*,*,#3491,.T.);
#1568=ORIENTED_EDGE('',*,*,#3492,.F.);
#1569=ORIENTED_EDGE('',*,*,#3493,.F.);
#1570=ORIENTED_EDGE('',*,*,#3494,.F.);
#1571=ORIENTED_EDGE('',*,*,#3495,.T.);
#1572=ORIENTED_EDGE('',*,*,#3496,.F.);
#1573=ORIENTED_EDGE('',*,*,#3497,.F.);
#1574=ORIENTED_EDGE('',*,*,#3498,.F.);
#1575=ORIENTED_EDGE('',*,*,#3499,.T.);
#1576=ORIENTED_EDGE('',*,*,#3500,.F.);
#1577=ORIENTED_EDGE('',*,*,#3501,.F.);
#1578=ORIENTED_EDGE('',*,*,#3502,.F.);
#1579=ORIENTED_EDGE('',*,*,#3503,.T.);
#1580=ORIENTED_EDGE('',*,*,#3504,.F.);
#1581=ORIENTED_EDGE('',*,*,#3505,.F.);
#1582=ORIENTED_EDGE('',*,*,#3414,.T.);
#1583=ORIENTED_EDGE('',*,*,#3506,.F.);
#1584=ORIENTED_EDGE('',*,*,#3507,.T.);
#1585=ORIENTED_EDGE('',*,*,#3508,.T.);
#1586=ORIENTED_EDGE('',*,*,#3509,.T.);
#1587=ORIENTED_EDGE('',*,*,#3510,.F.);
#1588=ORIENTED_EDGE('',*,*,#3511,.T.);
#1589=ORIENTED_EDGE('',*,*,#3512,.F.);
#1590=ORIENTED_EDGE('',*,*,#3513,.T.);
#1591=ORIENTED_EDGE('',*,*,#3514,.T.);
#1592=ORIENTED_EDGE('',*,*,#3478,.T.);
#1593=ORIENTED_EDGE('',*,*,#3515,.T.);
#1594=ORIENTED_EDGE('',*,*,#3516,.T.);
#1595=ORIENTED_EDGE('',*,*,#3517,.F.);
#1596=ORIENTED_EDGE('',*,*,#3518,.T.);
#1597=ORIENTED_EDGE('',*,*,#3519,.T.);
#1598=ORIENTED_EDGE('',*,*,#3520,.T.);
#1599=ORIENTED_EDGE('',*,*,#3521,.T.);
#1600=ORIENTED_EDGE('',*,*,#3522,.T.);
#1601=ORIENTED_EDGE('',*,*,#3523,.F.);
#1602=ORIENTED_EDGE('',*,*,#3524,.T.);
#1603=ORIENTED_EDGE('',*,*,#3525,.F.);
#1604=ORIENTED_EDGE('',*,*,#3526,.F.);
#1605=ORIENTED_EDGE('',*,*,#3527,.F.);
#1606=ORIENTED_EDGE('',*,*,#3528,.T.);
#1607=ORIENTED_EDGE('',*,*,#3444,.F.);
#1608=ORIENTED_EDGE('',*,*,#3529,.T.);
#1609=ORIENTED_EDGE('',*,*,#3530,.F.);
#1610=ORIENTED_EDGE('',*,*,#3531,.F.);
#1611=ORIENTED_EDGE('',*,*,#3532,.F.);
#1612=ORIENTED_EDGE('',*,*,#3533,.F.);
#1613=ORIENTED_EDGE('',*,*,#3534,.F.);
#1614=ORIENTED_EDGE('',*,*,#3535,.T.);
#1615=ORIENTED_EDGE('',*,*,#3536,.F.);
#1616=ORIENTED_EDGE('',*,*,#3537,.F.);
#1617=ORIENTED_EDGE('',*,*,#3448,.F.);
#1618=ORIENTED_EDGE('',*,*,#3538,.F.);
#1619=ORIENTED_EDGE('',*,*,#3539,.F.);
#1620=ORIENTED_EDGE('',*,*,#3540,.T.);
#1621=ORIENTED_EDGE('',*,*,#3541,.F.);
#1622=ORIENTED_EDGE('',*,*,#3542,.F.);
#1623=ORIENTED_EDGE('',*,*,#3543,.T.);
#1624=ORIENTED_EDGE('',*,*,#3445,.T.);
#1625=ORIENTED_EDGE('',*,*,#3528,.F.);
#1626=ORIENTED_EDGE('',*,*,#3389,.T.);
#1627=ORIENTED_EDGE('',*,*,#3544,.T.);
#1628=ORIENTED_EDGE('',*,*,#3545,.F.);
#1629=ORIENTED_EDGE('',*,*,#3546,.T.);
#1630=ORIENTED_EDGE('',*,*,#3393,.T.);
#1631=ORIENTED_EDGE('',*,*,#3547,.T.);
#1632=ORIENTED_EDGE('',*,*,#3548,.F.);
#1633=ORIENTED_EDGE('',*,*,#3549,.T.);
#1634=ORIENTED_EDGE('',*,*,#3397,.T.);
#1635=ORIENTED_EDGE('',*,*,#3550,.T.);
#1636=ORIENTED_EDGE('',*,*,#3551,.F.);
#1637=ORIENTED_EDGE('',*,*,#3552,.T.);
#1638=ORIENTED_EDGE('',*,*,#3401,.T.);
#1639=ORIENTED_EDGE('',*,*,#3553,.T.);
#1640=ORIENTED_EDGE('',*,*,#3554,.F.);
#1641=ORIENTED_EDGE('',*,*,#3555,.T.);
#1642=ORIENTED_EDGE('',*,*,#3405,.T.);
#1643=ORIENTED_EDGE('',*,*,#3556,.T.);
#1644=ORIENTED_EDGE('',*,*,#3557,.F.);
#1645=ORIENTED_EDGE('',*,*,#3558,.T.);
#1646=ORIENTED_EDGE('',*,*,#3409,.T.);
#1647=ORIENTED_EDGE('',*,*,#3559,.T.);
#1648=ORIENTED_EDGE('',*,*,#3560,.F.);
#1649=ORIENTED_EDGE('',*,*,#3561,.T.);
#1650=ORIENTED_EDGE('',*,*,#3413,.T.);
#1651=ORIENTED_EDGE('',*,*,#3562,.T.);
#1652=ORIENTED_EDGE('',*,*,#3563,.F.);
#1653=ORIENTED_EDGE('',*,*,#3506,.T.);
#1654=ORIENTED_EDGE('',*,*,#3564,.F.);
#1655=ORIENTED_EDGE('',*,*,#3542,.T.);
#1656=ORIENTED_EDGE('',*,*,#3527,.T.);
#1657=ORIENTED_EDGE('',*,*,#3565,.F.);
#1658=ORIENTED_EDGE('',*,*,#3566,.F.);
#1659=ORIENTED_EDGE('',*,*,#3567,.F.);
#1660=ORIENTED_EDGE('',*,*,#3568,.F.);
#1661=ORIENTED_EDGE('',*,*,#3545,.T.);
#1662=ORIENTED_EDGE('',*,*,#3569,.F.);
#1663=ORIENTED_EDGE('',*,*,#3570,.F.);
#1664=ORIENTED_EDGE('',*,*,#3571,.F.);
#1665=ORIENTED_EDGE('',*,*,#3548,.T.);
#1666=ORIENTED_EDGE('',*,*,#3572,.F.);
#1667=ORIENTED_EDGE('',*,*,#3573,.F.);
#1668=ORIENTED_EDGE('',*,*,#3574,.F.);
#1669=ORIENTED_EDGE('',*,*,#3551,.T.);
#1670=ORIENTED_EDGE('',*,*,#3575,.F.);
#1671=ORIENTED_EDGE('',*,*,#3576,.F.);
#1672=ORIENTED_EDGE('',*,*,#3577,.F.);
#1673=ORIENTED_EDGE('',*,*,#3554,.T.);
#1674=ORIENTED_EDGE('',*,*,#3578,.F.);
#1675=ORIENTED_EDGE('',*,*,#3579,.F.);
#1676=ORIENTED_EDGE('',*,*,#3580,.F.);
#1677=ORIENTED_EDGE('',*,*,#3557,.T.);
#1678=ORIENTED_EDGE('',*,*,#3581,.F.);
#1679=ORIENTED_EDGE('',*,*,#3582,.F.);
#1680=ORIENTED_EDGE('',*,*,#3583,.F.);
#1681=ORIENTED_EDGE('',*,*,#3560,.T.);
#1682=ORIENTED_EDGE('',*,*,#3584,.F.);
#1683=ORIENTED_EDGE('',*,*,#3585,.F.);
#1684=ORIENTED_EDGE('',*,*,#3507,.F.);
#1685=ORIENTED_EDGE('',*,*,#3563,.T.);
#1686=ORIENTED_EDGE('',*,*,#3586,.F.);
#1687=ORIENTED_EDGE('',*,*,#3565,.T.);
#1688=ORIENTED_EDGE('',*,*,#3526,.T.);
#1689=ORIENTED_EDGE('',*,*,#3587,.F.);
#1690=ORIENTED_EDGE('',*,*,#3588,.F.);
#1691=ORIENTED_EDGE('',*,*,#3589,.F.);
#1692=ORIENTED_EDGE('',*,*,#3590,.F.);
#1693=ORIENTED_EDGE('',*,*,#3567,.T.);
#1694=ORIENTED_EDGE('',*,*,#3591,.F.);
#1695=ORIENTED_EDGE('',*,*,#3592,.F.);
#1696=ORIENTED_EDGE('',*,*,#3593,.F.);
#1697=ORIENTED_EDGE('',*,*,#3570,.T.);
#1698=ORIENTED_EDGE('',*,*,#3594,.F.);
#1699=ORIENTED_EDGE('',*,*,#3595,.F.);
#1700=ORIENTED_EDGE('',*,*,#3596,.F.);
#1701=ORIENTED_EDGE('',*,*,#3573,.T.);
#1702=ORIENTED_EDGE('',*,*,#3597,.F.);
#1703=ORIENTED_EDGE('',*,*,#3598,.F.);
#1704=ORIENTED_EDGE('',*,*,#3599,.F.);
#1705=ORIENTED_EDGE('',*,*,#3576,.T.);
#1706=ORIENTED_EDGE('',*,*,#3600,.F.);
#1707=ORIENTED_EDGE('',*,*,#3601,.F.);
#1708=ORIENTED_EDGE('',*,*,#3602,.F.);
#1709=ORIENTED_EDGE('',*,*,#3579,.T.);
#1710=ORIENTED_EDGE('',*,*,#3603,.F.);
#1711=ORIENTED_EDGE('',*,*,#3604,.F.);
#1712=ORIENTED_EDGE('',*,*,#3605,.F.);
#1713=ORIENTED_EDGE('',*,*,#3582,.T.);
#1714=ORIENTED_EDGE('',*,*,#3606,.F.);
#1715=ORIENTED_EDGE('',*,*,#3607,.F.);
#1716=ORIENTED_EDGE('',*,*,#3508,.F.);
#1717=ORIENTED_EDGE('',*,*,#3585,.T.);
#1718=ORIENTED_EDGE('',*,*,#3608,.F.);
#1719=ORIENTED_EDGE('',*,*,#3609,.F.);
#1720=ORIENTED_EDGE('',*,*,#3610,.F.);
#1721=ORIENTED_EDGE('',*,*,#3611,.F.);
#1722=ORIENTED_EDGE('',*,*,#3587,.T.);
#1723=ORIENTED_EDGE('',*,*,#3525,.T.);
#1724=ORIENTED_EDGE('',*,*,#3612,.F.);
#1725=ORIENTED_EDGE('',*,*,#3613,.F.);
#1726=ORIENTED_EDGE('',*,*,#3614,.F.);
#1727=ORIENTED_EDGE('',*,*,#3615,.F.);
#1728=ORIENTED_EDGE('',*,*,#3616,.F.);
#1729=ORIENTED_EDGE('',*,*,#3589,.T.);
#1730=ORIENTED_EDGE('',*,*,#3617,.F.);
#1731=ORIENTED_EDGE('',*,*,#3618,.F.);
#1732=ORIENTED_EDGE('',*,*,#3619,.F.);
#1733=ORIENTED_EDGE('',*,*,#3620,.F.);
#1734=ORIENTED_EDGE('',*,*,#3621,.F.);
#1735=ORIENTED_EDGE('',*,*,#3592,.T.);
#1736=ORIENTED_EDGE('',*,*,#3622,.F.);
#1737=ORIENTED_EDGE('',*,*,#3623,.F.);
#1738=ORIENTED_EDGE('',*,*,#3624,.F.);
#1739=ORIENTED_EDGE('',*,*,#3625,.F.);
#1740=ORIENTED_EDGE('',*,*,#3626,.F.);
#1741=ORIENTED_EDGE('',*,*,#3595,.T.);
#1742=ORIENTED_EDGE('',*,*,#3627,.F.);
#1743=ORIENTED_EDGE('',*,*,#3628,.F.);
#1744=ORIENTED_EDGE('',*,*,#3629,.F.);
#1745=ORIENTED_EDGE('',*,*,#3630,.F.);
#1746=ORIENTED_EDGE('',*,*,#3631,.F.);
#1747=ORIENTED_EDGE('',*,*,#3598,.T.);
#1748=ORIENTED_EDGE('',*,*,#3632,.F.);
#1749=ORIENTED_EDGE('',*,*,#3633,.F.);
#1750=ORIENTED_EDGE('',*,*,#3634,.F.);
#1751=ORIENTED_EDGE('',*,*,#3635,.F.);
#1752=ORIENTED_EDGE('',*,*,#3636,.F.);
#1753=ORIENTED_EDGE('',*,*,#3601,.T.);
#1754=ORIENTED_EDGE('',*,*,#3637,.F.);
#1755=ORIENTED_EDGE('',*,*,#3638,.F.);
#1756=ORIENTED_EDGE('',*,*,#3639,.F.);
#1757=ORIENTED_EDGE('',*,*,#3640,.F.);
#1758=ORIENTED_EDGE('',*,*,#3641,.F.);
#1759=ORIENTED_EDGE('',*,*,#3604,.T.);
#1760=ORIENTED_EDGE('',*,*,#3642,.F.);
#1761=ORIENTED_EDGE('',*,*,#3643,.F.);
#1762=ORIENTED_EDGE('',*,*,#3644,.F.);
#1763=ORIENTED_EDGE('',*,*,#3645,.F.);
#1764=ORIENTED_EDGE('',*,*,#3509,.F.);
#1765=ORIENTED_EDGE('',*,*,#3607,.T.);
#1766=ORIENTED_EDGE('',*,*,#3646,.F.);
#1767=ORIENTED_EDGE('',*,*,#3647,.F.);
#1768=ORIENTED_EDGE('',*,*,#3648,.T.);
#1769=ORIENTED_EDGE('',*,*,#3609,.T.);
#1770=ORIENTED_EDGE('',*,*,#3649,.F.);
#1771=ORIENTED_EDGE('',*,*,#3650,.F.);
#1772=ORIENTED_EDGE('',*,*,#3651,.T.);
#1773=ORIENTED_EDGE('',*,*,#3614,.T.);
#1774=ORIENTED_EDGE('',*,*,#3652,.F.);
#1775=ORIENTED_EDGE('',*,*,#3653,.F.);
#1776=ORIENTED_EDGE('',*,*,#3654,.T.);
#1777=ORIENTED_EDGE('',*,*,#3619,.T.);
#1778=ORIENTED_EDGE('',*,*,#3655,.F.);
#1779=ORIENTED_EDGE('',*,*,#3656,.F.);
#1780=ORIENTED_EDGE('',*,*,#3657,.T.);
#1781=ORIENTED_EDGE('',*,*,#3624,.T.);
#1782=ORIENTED_EDGE('',*,*,#3658,.F.);
#1783=ORIENTED_EDGE('',*,*,#3659,.F.);
#1784=ORIENTED_EDGE('',*,*,#3660,.T.);
#1785=ORIENTED_EDGE('',*,*,#3629,.T.);
#1786=ORIENTED_EDGE('',*,*,#3661,.F.);
#1787=ORIENTED_EDGE('',*,*,#3662,.F.);
#1788=ORIENTED_EDGE('',*,*,#3663,.T.);
#1789=ORIENTED_EDGE('',*,*,#3634,.T.);
#1790=ORIENTED_EDGE('',*,*,#3664,.F.);
#1791=ORIENTED_EDGE('',*,*,#3665,.F.);
#1792=ORIENTED_EDGE('',*,*,#3666,.T.);
#1793=ORIENTED_EDGE('',*,*,#3639,.T.);
#1794=ORIENTED_EDGE('',*,*,#3667,.F.);
#1795=ORIENTED_EDGE('',*,*,#3668,.F.);
#1796=ORIENTED_EDGE('',*,*,#3669,.T.);
#1797=ORIENTED_EDGE('',*,*,#3644,.T.);
#1798=ORIENTED_EDGE('',*,*,#3670,.F.);
#1799=ORIENTED_EDGE('',*,*,#3541,.T.);
#1800=ORIENTED_EDGE('',*,*,#3671,.F.);
#1801=ORIENTED_EDGE('',*,*,#3672,.F.);
#1802=ORIENTED_EDGE('',*,*,#3673,.F.);
#1803=ORIENTED_EDGE('',*,*,#3647,.T.);
#1804=ORIENTED_EDGE('',*,*,#3674,.F.);
#1805=ORIENTED_EDGE('',*,*,#3675,.F.);
#1806=ORIENTED_EDGE('',*,*,#3676,.F.);
#1807=ORIENTED_EDGE('',*,*,#3677,.F.);
#1808=ORIENTED_EDGE('',*,*,#3650,.T.);
#1809=ORIENTED_EDGE('',*,*,#3678,.F.);
#1810=ORIENTED_EDGE('',*,*,#3679,.F.);
#1811=ORIENTED_EDGE('',*,*,#3680,.F.);
#1812=ORIENTED_EDGE('',*,*,#3681,.F.);
#1813=ORIENTED_EDGE('',*,*,#3682,.F.);
#1814=ORIENTED_EDGE('',*,*,#3653,.T.);
#1815=ORIENTED_EDGE('',*,*,#3683,.F.);
#1816=ORIENTED_EDGE('',*,*,#3684,.F.);
#1817=ORIENTED_EDGE('',*,*,#3685,.F.);
#1818=ORIENTED_EDGE('',*,*,#3686,.F.);
#1819=ORIENTED_EDGE('',*,*,#3687,.F.);
#1820=ORIENTED_EDGE('',*,*,#3656,.T.);
#1821=ORIENTED_EDGE('',*,*,#3688,.F.);
#1822=ORIENTED_EDGE('',*,*,#3689,.F.);
#1823=ORIENTED_EDGE('',*,*,#3690,.F.);
#1824=ORIENTED_EDGE('',*,*,#3691,.F.);
#1825=ORIENTED_EDGE('',*,*,#3692,.F.);
#1826=ORIENTED_EDGE('',*,*,#3659,.T.);
#1827=ORIENTED_EDGE('',*,*,#3693,.F.);
#1828=ORIENTED_EDGE('',*,*,#3694,.F.);
#1829=ORIENTED_EDGE('',*,*,#3695,.F.);
#1830=ORIENTED_EDGE('',*,*,#3696,.F.);
#1831=ORIENTED_EDGE('',*,*,#3697,.F.);
#1832=ORIENTED_EDGE('',*,*,#3662,.T.);
#1833=ORIENTED_EDGE('',*,*,#3698,.F.);
#1834=ORIENTED_EDGE('',*,*,#3699,.F.);
#1835=ORIENTED_EDGE('',*,*,#3700,.F.);
#1836=ORIENTED_EDGE('',*,*,#3701,.F.);
#1837=ORIENTED_EDGE('',*,*,#3702,.F.);
#1838=ORIENTED_EDGE('',*,*,#3665,.T.);
#1839=ORIENTED_EDGE('',*,*,#3703,.F.);
#1840=ORIENTED_EDGE('',*,*,#3704,.F.);
#1841=ORIENTED_EDGE('',*,*,#3705,.F.);
#1842=ORIENTED_EDGE('',*,*,#3511,.F.);
#1843=ORIENTED_EDGE('',*,*,#3706,.F.);
#1844=ORIENTED_EDGE('',*,*,#3668,.T.);
#1845=ORIENTED_EDGE('',*,*,#3707,.F.);
#1846=ORIENTED_EDGE('',*,*,#3708,.F.);
#1847=ORIENTED_EDGE('',*,*,#3709,.T.);
#1848=ORIENTED_EDGE('',*,*,#3671,.T.);
#1849=ORIENTED_EDGE('',*,*,#3540,.F.);
#1850=ORIENTED_EDGE('',*,*,#3675,.T.);
#1851=ORIENTED_EDGE('',*,*,#3710,.T.);
#1852=ORIENTED_EDGE('',*,*,#3711,.F.);
#1853=ORIENTED_EDGE('',*,*,#3712,.T.);
#1854=ORIENTED_EDGE('',*,*,#3680,.T.);
#1855=ORIENTED_EDGE('',*,*,#3713,.T.);
#1856=ORIENTED_EDGE('',*,*,#3714,.F.);
#1857=ORIENTED_EDGE('',*,*,#3715,.T.);
#1858=ORIENTED_EDGE('',*,*,#3685,.T.);
#1859=ORIENTED_EDGE('',*,*,#3716,.T.);
#1860=ORIENTED_EDGE('',*,*,#3717,.F.);
#1861=ORIENTED_EDGE('',*,*,#3718,.T.);
#1862=ORIENTED_EDGE('',*,*,#3690,.T.);
#1863=ORIENTED_EDGE('',*,*,#3719,.T.);
#1864=ORIENTED_EDGE('',*,*,#3720,.F.);
#1865=ORIENTED_EDGE('',*,*,#3721,.T.);
#1866=ORIENTED_EDGE('',*,*,#3695,.T.);
#1867=ORIENTED_EDGE('',*,*,#3722,.T.);
#1868=ORIENTED_EDGE('',*,*,#3723,.F.);
#1869=ORIENTED_EDGE('',*,*,#3724,.T.);
#1870=ORIENTED_EDGE('',*,*,#3700,.T.);
#1871=ORIENTED_EDGE('',*,*,#3725,.T.);
#1872=ORIENTED_EDGE('',*,*,#3726,.F.);
#1873=ORIENTED_EDGE('',*,*,#3727,.T.);
#1874=ORIENTED_EDGE('',*,*,#3705,.T.);
#1875=ORIENTED_EDGE('',*,*,#3728,.T.);
#1876=ORIENTED_EDGE('',*,*,#3729,.F.);
#1877=ORIENTED_EDGE('',*,*,#3512,.T.);
#1878=ORIENTED_EDGE('',*,*,#3730,.F.);
#1879=ORIENTED_EDGE('',*,*,#3708,.T.);
#1880=ORIENTED_EDGE('',*,*,#3539,.T.);
#1881=ORIENTED_EDGE('',*,*,#3731,.F.);
#1882=ORIENTED_EDGE('',*,*,#3732,.F.);
#1883=ORIENTED_EDGE('',*,*,#3733,.F.);
#1884=ORIENTED_EDGE('',*,*,#3734,.F.);
#1885=ORIENTED_EDGE('',*,*,#3711,.T.);
#1886=ORIENTED_EDGE('',*,*,#3735,.F.);
#1887=ORIENTED_EDGE('',*,*,#3736,.F.);
#1888=ORIENTED_EDGE('',*,*,#3737,.F.);
#1889=ORIENTED_EDGE('',*,*,#3714,.T.);
#1890=ORIENTED_EDGE('',*,*,#3738,.F.);
#1891=ORIENTED_EDGE('',*,*,#3739,.F.);
#1892=ORIENTED_EDGE('',*,*,#3740,.F.);
#1893=ORIENTED_EDGE('',*,*,#3717,.T.);
#1894=ORIENTED_EDGE('',*,*,#3741,.F.);
#1895=ORIENTED_EDGE('',*,*,#3742,.F.);
#1896=ORIENTED_EDGE('',*,*,#3743,.F.);
#1897=ORIENTED_EDGE('',*,*,#3720,.T.);
#1898=ORIENTED_EDGE('',*,*,#3744,.F.);
#1899=ORIENTED_EDGE('',*,*,#3745,.F.);
#1900=ORIENTED_EDGE('',*,*,#3746,.F.);
#1901=ORIENTED_EDGE('',*,*,#3723,.T.);
#1902=ORIENTED_EDGE('',*,*,#3747,.F.);
#1903=ORIENTED_EDGE('',*,*,#3748,.F.);
#1904=ORIENTED_EDGE('',*,*,#3749,.F.);
#1905=ORIENTED_EDGE('',*,*,#3726,.T.);
#1906=ORIENTED_EDGE('',*,*,#3750,.F.);
#1907=ORIENTED_EDGE('',*,*,#3751,.F.);
#1908=ORIENTED_EDGE('',*,*,#3513,.F.);
#1909=ORIENTED_EDGE('',*,*,#3729,.T.);
#1910=ORIENTED_EDGE('',*,*,#3752,.F.);
#1911=ORIENTED_EDGE('',*,*,#3731,.T.);
#1912=ORIENTED_EDGE('',*,*,#3538,.T.);
#1913=ORIENTED_EDGE('',*,*,#3447,.F.);
#1914=ORIENTED_EDGE('',*,*,#3753,.F.);
#1915=ORIENTED_EDGE('',*,*,#3503,.F.);
#1916=ORIENTED_EDGE('',*,*,#3754,.F.);
#1917=ORIENTED_EDGE('',*,*,#3733,.T.);
#1918=ORIENTED_EDGE('',*,*,#3755,.F.);
#1919=ORIENTED_EDGE('',*,*,#3499,.F.);
#1920=ORIENTED_EDGE('',*,*,#3756,.F.);
#1921=ORIENTED_EDGE('',*,*,#3736,.T.);
#1922=ORIENTED_EDGE('',*,*,#3757,.F.);
#1923=ORIENTED_EDGE('',*,*,#3495,.F.);
#1924=ORIENTED_EDGE('',*,*,#3758,.F.);
#1925=ORIENTED_EDGE('',*,*,#3739,.T.);
#1926=ORIENTED_EDGE('',*,*,#3759,.F.);
#1927=ORIENTED_EDGE('',*,*,#3491,.F.);
#1928=ORIENTED_EDGE('',*,*,#3760,.F.);
#1929=ORIENTED_EDGE('',*,*,#3742,.T.);
#1930=ORIENTED_EDGE('',*,*,#3761,.F.);
#1931=ORIENTED_EDGE('',*,*,#3487,.F.);
#1932=ORIENTED_EDGE('',*,*,#3762,.F.);
#1933=ORIENTED_EDGE('',*,*,#3745,.T.);
#1934=ORIENTED_EDGE('',*,*,#3763,.F.);
#1935=ORIENTED_EDGE('',*,*,#3483,.F.);
#1936=ORIENTED_EDGE('',*,*,#3764,.F.);
#1937=ORIENTED_EDGE('',*,*,#3748,.T.);
#1938=ORIENTED_EDGE('',*,*,#3765,.F.);
#1939=ORIENTED_EDGE('',*,*,#3479,.F.);
#1940=ORIENTED_EDGE('',*,*,#3514,.F.);
#1941=ORIENTED_EDGE('',*,*,#3751,.T.);
#1942=ORIENTED_EDGE('',*,*,#3766,.F.);
#1943=ORIENTED_EDGE('',*,*,#3767,.F.);
#1944=ORIENTED_EDGE('',*,*,#3768,.F.);
#1945=ORIENTED_EDGE('',*,*,#3769,.F.);
#1946=ORIENTED_EDGE('',*,*,#3770,.T.);
#1947=ORIENTED_EDGE('',*,*,#3534,.T.);
#1948=ORIENTED_EDGE('',*,*,#3771,.F.);
#1949=ORIENTED_EDGE('',*,*,#3518,.F.);
#1950=ORIENTED_EDGE('',*,*,#3772,.T.);
#1951=ORIENTED_EDGE('',*,*,#3773,.F.);
#1952=ORIENTED_EDGE('',*,*,#3774,.F.);
#1953=ORIENTED_EDGE('',*,*,#3775,.F.);
#1954=ORIENTED_EDGE('',*,*,#3776,.F.);
#1955=ORIENTED_EDGE('',*,*,#3777,.T.);
#1956=ORIENTED_EDGE('',*,*,#3778,.F.);
#1957=ORIENTED_EDGE('',*,*,#3779,.F.);
#1958=ORIENTED_EDGE('',*,*,#3780,.F.);
#1959=ORIENTED_EDGE('',*,*,#3781,.F.);
#1960=ORIENTED_EDGE('',*,*,#3782,.F.);
#1961=ORIENTED_EDGE('',*,*,#3783,.T.);
#1962=ORIENTED_EDGE('',*,*,#3784,.F.);
#1963=ORIENTED_EDGE('',*,*,#3785,.F.);
#1964=ORIENTED_EDGE('',*,*,#3786,.F.);
#1965=ORIENTED_EDGE('',*,*,#3787,.F.);
#1966=ORIENTED_EDGE('',*,*,#3788,.F.);
#1967=ORIENTED_EDGE('',*,*,#3789,.T.);
#1968=ORIENTED_EDGE('',*,*,#3790,.F.);
#1969=ORIENTED_EDGE('',*,*,#3791,.F.);
#1970=ORIENTED_EDGE('',*,*,#3792,.F.);
#1971=ORIENTED_EDGE('',*,*,#3793,.F.);
#1972=ORIENTED_EDGE('',*,*,#3794,.F.);
#1973=ORIENTED_EDGE('',*,*,#3795,.T.);
#1974=ORIENTED_EDGE('',*,*,#3796,.F.);
#1975=ORIENTED_EDGE('',*,*,#3797,.F.);
#1976=ORIENTED_EDGE('',*,*,#3798,.F.);
#1977=ORIENTED_EDGE('',*,*,#3799,.F.);
#1978=ORIENTED_EDGE('',*,*,#3800,.F.);
#1979=ORIENTED_EDGE('',*,*,#3801,.T.);
#1980=ORIENTED_EDGE('',*,*,#3802,.F.);
#1981=ORIENTED_EDGE('',*,*,#3803,.F.);
#1982=ORIENTED_EDGE('',*,*,#3804,.F.);
#1983=ORIENTED_EDGE('',*,*,#3805,.F.);
#1984=ORIENTED_EDGE('',*,*,#3806,.F.);
#1985=ORIENTED_EDGE('',*,*,#3807,.T.);
#1986=ORIENTED_EDGE('',*,*,#3808,.F.);
#1987=ORIENTED_EDGE('',*,*,#3809,.F.);
#1988=ORIENTED_EDGE('',*,*,#3810,.F.);
#1989=ORIENTED_EDGE('',*,*,#3811,.F.);
#1990=ORIENTED_EDGE('',*,*,#3812,.T.);
#1991=ORIENTED_EDGE('',*,*,#3813,.F.);
#1992=ORIENTED_EDGE('',*,*,#3814,.F.);
#1993=ORIENTED_EDGE('',*,*,#3767,.T.);
#1994=ORIENTED_EDGE('',*,*,#3815,.F.);
#1995=ORIENTED_EDGE('',*,*,#3775,.T.);
#1996=ORIENTED_EDGE('',*,*,#3816,.T.);
#1997=ORIENTED_EDGE('',*,*,#3817,.F.);
#1998=ORIENTED_EDGE('',*,*,#3818,.F.);
#1999=ORIENTED_EDGE('',*,*,#3780,.T.);
#2000=ORIENTED_EDGE('',*,*,#3819,.T.);
#2001=ORIENTED_EDGE('',*,*,#3820,.F.);
#2002=ORIENTED_EDGE('',*,*,#3821,.F.);
#2003=ORIENTED_EDGE('',*,*,#3786,.T.);
#2004=ORIENTED_EDGE('',*,*,#3822,.T.);
#2005=ORIENTED_EDGE('',*,*,#3823,.F.);
#2006=ORIENTED_EDGE('',*,*,#3824,.F.);
#2007=ORIENTED_EDGE('',*,*,#3792,.T.);
#2008=ORIENTED_EDGE('',*,*,#3825,.T.);
#2009=ORIENTED_EDGE('',*,*,#3826,.F.);
#2010=ORIENTED_EDGE('',*,*,#3827,.F.);
#2011=ORIENTED_EDGE('',*,*,#3798,.T.);
#2012=ORIENTED_EDGE('',*,*,#3828,.T.);
#2013=ORIENTED_EDGE('',*,*,#3829,.F.);
#2014=ORIENTED_EDGE('',*,*,#3830,.F.);
#2015=ORIENTED_EDGE('',*,*,#3804,.T.);
#2016=ORIENTED_EDGE('',*,*,#3831,.T.);
#2017=ORIENTED_EDGE('',*,*,#3832,.F.);
#2018=ORIENTED_EDGE('',*,*,#3833,.F.);
#2019=ORIENTED_EDGE('',*,*,#3810,.T.);
#2020=ORIENTED_EDGE('',*,*,#3834,.T.);
#2021=ORIENTED_EDGE('',*,*,#3835,.F.);
#2022=ORIENTED_EDGE('',*,*,#3836,.F.);
#2023=ORIENTED_EDGE('',*,*,#3532,.T.);
#2024=ORIENTED_EDGE('',*,*,#3837,.F.);
#2025=ORIENTED_EDGE('',*,*,#3838,.F.);
#2026=ORIENTED_EDGE('',*,*,#3839,.F.);
#2027=ORIENTED_EDGE('',*,*,#3813,.T.);
#2028=ORIENTED_EDGE('',*,*,#3840,.F.);
#2029=ORIENTED_EDGE('',*,*,#3817,.T.);
#2030=ORIENTED_EDGE('',*,*,#3841,.F.);
#2031=ORIENTED_EDGE('',*,*,#3842,.F.);
#2032=ORIENTED_EDGE('',*,*,#3843,.F.);
#2033=ORIENTED_EDGE('',*,*,#3520,.F.);
#2034=ORIENTED_EDGE('',*,*,#3844,.F.);
#2035=ORIENTED_EDGE('',*,*,#3845,.F.);
#2036=ORIENTED_EDGE('',*,*,#3820,.T.);
#2037=ORIENTED_EDGE('',*,*,#3846,.F.);
#2038=ORIENTED_EDGE('',*,*,#3847,.F.);
#2039=ORIENTED_EDGE('',*,*,#3848,.F.);
#2040=ORIENTED_EDGE('',*,*,#3849,.F.);
#2041=ORIENTED_EDGE('',*,*,#3850,.F.);
#2042=ORIENTED_EDGE('',*,*,#3823,.T.);
#2043=ORIENTED_EDGE('',*,*,#3851,.F.);
#2044=ORIENTED_EDGE('',*,*,#3852,.F.);
#2045=ORIENTED_EDGE('',*,*,#3853,.F.);
#2046=ORIENTED_EDGE('',*,*,#3854,.F.);
#2047=ORIENTED_EDGE('',*,*,#3855,.F.);
#2048=ORIENTED_EDGE('',*,*,#3826,.T.);
#2049=ORIENTED_EDGE('',*,*,#3856,.F.);
#2050=ORIENTED_EDGE('',*,*,#3857,.F.);
#2051=ORIENTED_EDGE('',*,*,#3858,.F.);
#2052=ORIENTED_EDGE('',*,*,#3859,.F.);
#2053=ORIENTED_EDGE('',*,*,#3860,.F.);
#2054=ORIENTED_EDGE('',*,*,#3829,.T.);
#2055=ORIENTED_EDGE('',*,*,#3861,.F.);
#2056=ORIENTED_EDGE('',*,*,#3862,.F.);
#2057=ORIENTED_EDGE('',*,*,#3863,.F.);
#2058=ORIENTED_EDGE('',*,*,#3864,.F.);
#2059=ORIENTED_EDGE('',*,*,#3865,.F.);
#2060=ORIENTED_EDGE('',*,*,#3832,.T.);
#2061=ORIENTED_EDGE('',*,*,#3866,.F.);
#2062=ORIENTED_EDGE('',*,*,#3867,.F.);
#2063=ORIENTED_EDGE('',*,*,#3868,.F.);
#2064=ORIENTED_EDGE('',*,*,#3869,.F.);
#2065=ORIENTED_EDGE('',*,*,#3870,.F.);
#2066=ORIENTED_EDGE('',*,*,#3835,.T.);
#2067=ORIENTED_EDGE('',*,*,#3871,.F.);
#2068=ORIENTED_EDGE('',*,*,#3872,.F.);
#2069=ORIENTED_EDGE('',*,*,#3873,.F.);
#2070=ORIENTED_EDGE('',*,*,#3874,.F.);
#2071=ORIENTED_EDGE('',*,*,#3875,.F.);
#2072=ORIENTED_EDGE('',*,*,#3521,.F.);
#2073=ORIENTED_EDGE('',*,*,#3843,.T.);
#2074=ORIENTED_EDGE('',*,*,#3876,.F.);
#2075=ORIENTED_EDGE('',*,*,#3848,.T.);
#2076=ORIENTED_EDGE('',*,*,#3877,.F.);
#2077=ORIENTED_EDGE('',*,*,#3878,.F.);
#2078=ORIENTED_EDGE('',*,*,#3879,.F.);
#2079=ORIENTED_EDGE('',*,*,#3853,.T.);
#2080=ORIENTED_EDGE('',*,*,#3880,.F.);
#2081=ORIENTED_EDGE('',*,*,#3881,.F.);
#2082=ORIENTED_EDGE('',*,*,#3882,.F.);
#2083=ORIENTED_EDGE('',*,*,#3858,.T.);
#2084=ORIENTED_EDGE('',*,*,#3883,.F.);
#2085=ORIENTED_EDGE('',*,*,#3884,.F.);
#2086=ORIENTED_EDGE('',*,*,#3885,.F.);
#2087=ORIENTED_EDGE('',*,*,#3863,.T.);
#2088=ORIENTED_EDGE('',*,*,#3886,.F.);
#2089=ORIENTED_EDGE('',*,*,#3887,.F.);
#2090=ORIENTED_EDGE('',*,*,#3888,.F.);
#2091=ORIENTED_EDGE('',*,*,#3868,.T.);
#2092=ORIENTED_EDGE('',*,*,#3889,.F.);
#2093=ORIENTED_EDGE('',*,*,#3890,.F.);
#2094=ORIENTED_EDGE('',*,*,#3891,.F.);
#2095=ORIENTED_EDGE('',*,*,#3873,.T.);
#2096=ORIENTED_EDGE('',*,*,#3892,.F.);
#2097=ORIENTED_EDGE('',*,*,#3893,.F.);
#2098=ORIENTED_EDGE('',*,*,#3894,.F.);
#2099=ORIENTED_EDGE('',*,*,#3837,.T.);
#2100=ORIENTED_EDGE('',*,*,#3531,.T.);
#2101=ORIENTED_EDGE('',*,*,#3895,.F.);
#2102=ORIENTED_EDGE('',*,*,#3896,.F.);
#2103=ORIENTED_EDGE('',*,*,#3897,.F.);
#2104=ORIENTED_EDGE('',*,*,#3522,.F.);
#2105=ORIENTED_EDGE('',*,*,#3875,.T.);
#2106=ORIENTED_EDGE('',*,*,#3898,.F.);
#2107=ORIENTED_EDGE('',*,*,#3878,.T.);
#2108=ORIENTED_EDGE('',*,*,#3899,.F.);
#2109=ORIENTED_EDGE('',*,*,#3900,.F.);
#2110=ORIENTED_EDGE('',*,*,#3901,.F.);
#2111=ORIENTED_EDGE('',*,*,#3881,.T.);
#2112=ORIENTED_EDGE('',*,*,#3902,.F.);
#2113=ORIENTED_EDGE('',*,*,#3903,.F.);
#2114=ORIENTED_EDGE('',*,*,#3904,.F.);
#2115=ORIENTED_EDGE('',*,*,#3884,.T.);
#2116=ORIENTED_EDGE('',*,*,#3905,.F.);
#2117=ORIENTED_EDGE('',*,*,#3906,.F.);
#2118=ORIENTED_EDGE('',*,*,#3907,.F.);
#2119=ORIENTED_EDGE('',*,*,#3887,.T.);
#2120=ORIENTED_EDGE('',*,*,#3908,.F.);
#2121=ORIENTED_EDGE('',*,*,#3909,.F.);
#2122=ORIENTED_EDGE('',*,*,#3910,.F.);
#2123=ORIENTED_EDGE('',*,*,#3890,.T.);
#2124=ORIENTED_EDGE('',*,*,#3911,.F.);
#2125=ORIENTED_EDGE('',*,*,#3912,.F.);
#2126=ORIENTED_EDGE('',*,*,#3913,.F.);
#2127=ORIENTED_EDGE('',*,*,#3893,.T.);
#2128=ORIENTED_EDGE('',*,*,#3914,.F.);
#2129=ORIENTED_EDGE('',*,*,#3915,.F.);
#2130=ORIENTED_EDGE('',*,*,#3916,.F.);
#2131=ORIENTED_EDGE('',*,*,#3895,.T.);
#2132=ORIENTED_EDGE('',*,*,#3530,.T.);
#2133=ORIENTED_EDGE('',*,*,#3917,.F.);
#2134=ORIENTED_EDGE('',*,*,#3897,.T.);
#2135=ORIENTED_EDGE('',*,*,#3918,.T.);
#2136=ORIENTED_EDGE('',*,*,#3415,.F.);
#2137=ORIENTED_EDGE('',*,*,#3523,.T.);
#2138=ORIENTED_EDGE('',*,*,#3419,.F.);
#2139=ORIENTED_EDGE('',*,*,#3919,.T.);
#2140=ORIENTED_EDGE('',*,*,#3900,.T.);
#2141=ORIENTED_EDGE('',*,*,#3920,.T.);
#2142=ORIENTED_EDGE('',*,*,#3423,.F.);
#2143=ORIENTED_EDGE('',*,*,#3921,.T.);
#2144=ORIENTED_EDGE('',*,*,#3903,.T.);
#2145=ORIENTED_EDGE('',*,*,#3922,.T.);
#2146=ORIENTED_EDGE('',*,*,#3427,.F.);
#2147=ORIENTED_EDGE('',*,*,#3923,.T.);
#2148=ORIENTED_EDGE('',*,*,#3906,.T.);
#2149=ORIENTED_EDGE('',*,*,#3924,.T.);
#2150=ORIENTED_EDGE('',*,*,#3431,.F.);
#2151=ORIENTED_EDGE('',*,*,#3925,.T.);
#2152=ORIENTED_EDGE('',*,*,#3909,.T.);
#2153=ORIENTED_EDGE('',*,*,#3926,.T.);
#2154=ORIENTED_EDGE('',*,*,#3435,.F.);
#2155=ORIENTED_EDGE('',*,*,#3927,.T.);
#2156=ORIENTED_EDGE('',*,*,#3912,.T.);
#2157=ORIENTED_EDGE('',*,*,#3928,.T.);
#2158=ORIENTED_EDGE('',*,*,#3439,.F.);
#2159=ORIENTED_EDGE('',*,*,#3929,.T.);
#2160=ORIENTED_EDGE('',*,*,#3915,.T.);
#2161=ORIENTED_EDGE('',*,*,#3930,.T.);
#2162=ORIENTED_EDGE('',*,*,#3443,.F.);
#2163=ORIENTED_EDGE('',*,*,#3931,.T.);
#2164=ORIENTED_EDGE('',*,*,#3917,.T.);
#2165=ORIENTED_EDGE('',*,*,#3529,.F.);
#2166=ORIENTED_EDGE('',*,*,#3932,.F.);
#2167=ORIENTED_EDGE('',*,*,#3933,.F.);
#2168=ORIENTED_EDGE('',*,*,#3515,.F.);
#2169=ORIENTED_EDGE('',*,*,#3477,.T.);
#2170=ORIENTED_EDGE('',*,*,#3934,.F.);
#2171=ORIENTED_EDGE('',*,*,#3473,.T.);
#2172=ORIENTED_EDGE('',*,*,#3935,.F.);
#2173=ORIENTED_EDGE('',*,*,#3936,.F.);
#2174=ORIENTED_EDGE('',*,*,#3937,.F.);
#2175=ORIENTED_EDGE('',*,*,#3469,.T.);
#2176=ORIENTED_EDGE('',*,*,#3938,.F.);
#2177=ORIENTED_EDGE('',*,*,#3939,.F.);
#2178=ORIENTED_EDGE('',*,*,#3940,.F.);
#2179=ORIENTED_EDGE('',*,*,#3465,.T.);
#2180=ORIENTED_EDGE('',*,*,#3941,.F.);
#2181=ORIENTED_EDGE('',*,*,#3942,.F.);
#2182=ORIENTED_EDGE('',*,*,#3943,.F.);
#2183=ORIENTED_EDGE('',*,*,#3461,.T.);
#2184=ORIENTED_EDGE('',*,*,#3944,.F.);
#2185=ORIENTED_EDGE('',*,*,#3945,.F.);
#2186=ORIENTED_EDGE('',*,*,#3946,.F.);
#2187=ORIENTED_EDGE('',*,*,#3457,.T.);
#2188=ORIENTED_EDGE('',*,*,#3947,.F.);
#2189=ORIENTED_EDGE('',*,*,#3948,.F.);
#2190=ORIENTED_EDGE('',*,*,#3949,.F.);
#2191=ORIENTED_EDGE('',*,*,#3453,.T.);
#2192=ORIENTED_EDGE('',*,*,#3950,.F.);
#2193=ORIENTED_EDGE('',*,*,#3951,.F.);
#2194=ORIENTED_EDGE('',*,*,#3952,.F.);
#2195=ORIENTED_EDGE('',*,*,#3449,.T.);
#2196=ORIENTED_EDGE('',*,*,#3537,.T.);
#2197=ORIENTED_EDGE('',*,*,#3953,.F.);
#2198=ORIENTED_EDGE('',*,*,#3954,.F.);
#2199=ORIENTED_EDGE('',*,*,#3955,.F.);
#2200=ORIENTED_EDGE('',*,*,#3516,.F.);
#2201=ORIENTED_EDGE('',*,*,#3933,.T.);
#2202=ORIENTED_EDGE('',*,*,#3956,.F.);
#2203=ORIENTED_EDGE('',*,*,#3936,.T.);
#2204=ORIENTED_EDGE('',*,*,#3957,.F.);
#2205=ORIENTED_EDGE('',*,*,#3958,.F.);
#2206=ORIENTED_EDGE('',*,*,#3959,.F.);
#2207=ORIENTED_EDGE('',*,*,#3939,.T.);
#2208=ORIENTED_EDGE('',*,*,#3960,.F.);
#2209=ORIENTED_EDGE('',*,*,#3961,.F.);
#2210=ORIENTED_EDGE('',*,*,#3962,.F.);
#2211=ORIENTED_EDGE('',*,*,#3942,.T.);
#2212=ORIENTED_EDGE('',*,*,#3963,.F.);
#2213=ORIENTED_EDGE('',*,*,#3964,.F.);
#2214=ORIENTED_EDGE('',*,*,#3965,.F.);
#2215=ORIENTED_EDGE('',*,*,#3945,.T.);
#2216=ORIENTED_EDGE('',*,*,#3966,.F.);
#2217=ORIENTED_EDGE('',*,*,#3967,.F.);
#2218=ORIENTED_EDGE('',*,*,#3968,.F.);
#2219=ORIENTED_EDGE('',*,*,#3948,.T.);
#2220=ORIENTED_EDGE('',*,*,#3969,.F.);
#2221=ORIENTED_EDGE('',*,*,#3970,.F.);
#2222=ORIENTED_EDGE('',*,*,#3971,.F.);
#2223=ORIENTED_EDGE('',*,*,#3951,.T.);
#2224=ORIENTED_EDGE('',*,*,#3972,.F.);
#2225=ORIENTED_EDGE('',*,*,#3973,.F.);
#2226=ORIENTED_EDGE('',*,*,#3974,.F.);
#2227=ORIENTED_EDGE('',*,*,#3953,.T.);
#2228=ORIENTED_EDGE('',*,*,#3536,.T.);
#2229=ORIENTED_EDGE('',*,*,#3975,.F.);
#2230=ORIENTED_EDGE('',*,*,#3955,.T.);
#2231=ORIENTED_EDGE('',*,*,#3976,.T.);
#2232=ORIENTED_EDGE('',*,*,#3772,.F.);
#2233=ORIENTED_EDGE('',*,*,#3517,.T.);
#2234=ORIENTED_EDGE('',*,*,#3777,.F.);
#2235=ORIENTED_EDGE('',*,*,#3977,.T.);
#2236=ORIENTED_EDGE('',*,*,#3958,.T.);
#2237=ORIENTED_EDGE('',*,*,#3978,.T.);
#2238=ORIENTED_EDGE('',*,*,#3783,.F.);
#2239=ORIENTED_EDGE('',*,*,#3979,.T.);
#2240=ORIENTED_EDGE('',*,*,#3961,.T.);
#2241=ORIENTED_EDGE('',*,*,#3980,.T.);
#2242=ORIENTED_EDGE('',*,*,#3789,.F.);
#2243=ORIENTED_EDGE('',*,*,#3981,.T.);
#2244=ORIENTED_EDGE('',*,*,#3964,.T.);
#2245=ORIENTED_EDGE('',*,*,#3982,.T.);
#2246=ORIENTED_EDGE('',*,*,#3795,.F.);
#2247=ORIENTED_EDGE('',*,*,#3983,.T.);
#2248=ORIENTED_EDGE('',*,*,#3967,.T.);
#2249=ORIENTED_EDGE('',*,*,#3984,.T.);
#2250=ORIENTED_EDGE('',*,*,#3801,.F.);
#2251=ORIENTED_EDGE('',*,*,#3985,.T.);
#2252=ORIENTED_EDGE('',*,*,#3970,.T.);
#2253=ORIENTED_EDGE('',*,*,#3986,.T.);
#2254=ORIENTED_EDGE('',*,*,#3807,.F.);
#2255=ORIENTED_EDGE('',*,*,#3987,.T.);
#2256=ORIENTED_EDGE('',*,*,#3973,.T.);
#2257=ORIENTED_EDGE('',*,*,#3988,.T.);
#2258=ORIENTED_EDGE('',*,*,#3770,.F.);
#2259=ORIENTED_EDGE('',*,*,#3989,.T.);
#2260=ORIENTED_EDGE('',*,*,#3975,.T.);
#2261=ORIENTED_EDGE('',*,*,#3535,.F.);
#2262=ORIENTED_EDGE('',*,*,#3766,.T.);
#2263=ORIENTED_EDGE('',*,*,#3533,.T.);
#2264=ORIENTED_EDGE('',*,*,#3836,.T.);
#2265=ORIENTED_EDGE('',*,*,#3812,.F.);
#2266=ORIENTED_EDGE('',*,*,#3771,.T.);
#2267=ORIENTED_EDGE('',*,*,#3815,.T.);
#2268=ORIENTED_EDGE('',*,*,#3840,.T.);
#2269=ORIENTED_EDGE('',*,*,#3519,.F.);
#2270=ORIENTED_EDGE('',*,*,#3872,.T.);
#2271=ORIENTED_EDGE('',*,*,#3990,.F.);
#2272=ORIENTED_EDGE('',*,*,#3808,.T.);
#2273=ORIENTED_EDGE('',*,*,#3988,.F.);
#2274=ORIENTED_EDGE('',*,*,#3972,.T.);
#2275=ORIENTED_EDGE('',*,*,#3950,.T.);
#2276=ORIENTED_EDGE('',*,*,#3452,.T.);
#2277=ORIENTED_EDGE('',*,*,#3991,.T.);
#2278=ORIENTED_EDGE('',*,*,#3440,.T.);
#2279=ORIENTED_EDGE('',*,*,#3930,.F.);
#2280=ORIENTED_EDGE('',*,*,#3914,.T.);
#2281=ORIENTED_EDGE('',*,*,#3892,.T.);
#2282=ORIENTED_EDGE('',*,*,#3838,.T.);
#2283=ORIENTED_EDGE('',*,*,#3894,.T.);
#2284=ORIENTED_EDGE('',*,*,#3916,.T.);
#2285=ORIENTED_EDGE('',*,*,#3931,.F.);
#2286=ORIENTED_EDGE('',*,*,#3442,.T.);
#2287=ORIENTED_EDGE('',*,*,#3992,.F.);
#2288=ORIENTED_EDGE('',*,*,#3450,.T.);
#2289=ORIENTED_EDGE('',*,*,#3952,.T.);
#2290=ORIENTED_EDGE('',*,*,#3974,.T.);
#2291=ORIENTED_EDGE('',*,*,#3989,.F.);
#2292=ORIENTED_EDGE('',*,*,#3769,.T.);
#2293=ORIENTED_EDGE('',*,*,#3993,.T.);
#2294=ORIENTED_EDGE('',*,*,#3441,.T.);
#2295=ORIENTED_EDGE('',*,*,#3991,.F.);
#2296=ORIENTED_EDGE('',*,*,#3451,.T.);
#2297=ORIENTED_EDGE('',*,*,#3992,.T.);
#2298=ORIENTED_EDGE('',*,*,#3768,.T.);
#2299=ORIENTED_EDGE('',*,*,#3814,.T.);
#2300=ORIENTED_EDGE('',*,*,#3839,.T.);
#2301=ORIENTED_EDGE('',*,*,#3993,.F.);
#2302=ORIENTED_EDGE('',*,*,#3809,.T.);
#2303=ORIENTED_EDGE('',*,*,#3990,.T.);
#2304=ORIENTED_EDGE('',*,*,#3871,.T.);
#2305=ORIENTED_EDGE('',*,*,#3834,.F.);
#2306=ORIENTED_EDGE('',*,*,#3867,.T.);
#2307=ORIENTED_EDGE('',*,*,#3994,.F.);
#2308=ORIENTED_EDGE('',*,*,#3802,.T.);
#2309=ORIENTED_EDGE('',*,*,#3986,.F.);
#2310=ORIENTED_EDGE('',*,*,#3969,.T.);
#2311=ORIENTED_EDGE('',*,*,#3947,.T.);
#2312=ORIENTED_EDGE('',*,*,#3456,.T.);
#2313=ORIENTED_EDGE('',*,*,#3995,.T.);
#2314=ORIENTED_EDGE('',*,*,#3436,.T.);
#2315=ORIENTED_EDGE('',*,*,#3928,.F.);
#2316=ORIENTED_EDGE('',*,*,#3911,.T.);
#2317=ORIENTED_EDGE('',*,*,#3889,.T.);
#2318=ORIENTED_EDGE('',*,*,#3869,.T.);
#2319=ORIENTED_EDGE('',*,*,#3891,.T.);
#2320=ORIENTED_EDGE('',*,*,#3913,.T.);
#2321=ORIENTED_EDGE('',*,*,#3929,.F.);
#2322=ORIENTED_EDGE('',*,*,#3438,.T.);
#2323=ORIENTED_EDGE('',*,*,#3996,.F.);
#2324=ORIENTED_EDGE('',*,*,#3454,.T.);
#2325=ORIENTED_EDGE('',*,*,#3949,.T.);
#2326=ORIENTED_EDGE('',*,*,#3971,.T.);
#2327=ORIENTED_EDGE('',*,*,#3987,.F.);
#2328=ORIENTED_EDGE('',*,*,#3806,.T.);
#2329=ORIENTED_EDGE('',*,*,#3997,.T.);
#2330=ORIENTED_EDGE('',*,*,#3437,.T.);
#2331=ORIENTED_EDGE('',*,*,#3995,.F.);
#2332=ORIENTED_EDGE('',*,*,#3455,.T.);
#2333=ORIENTED_EDGE('',*,*,#3996,.T.);
#2334=ORIENTED_EDGE('',*,*,#3811,.T.);
#2335=ORIENTED_EDGE('',*,*,#3833,.T.);
#2336=ORIENTED_EDGE('',*,*,#3870,.T.);
#2337=ORIENTED_EDGE('',*,*,#3997,.F.);
#2338=ORIENTED_EDGE('',*,*,#3803,.T.);
#2339=ORIENTED_EDGE('',*,*,#3994,.T.);
#2340=ORIENTED_EDGE('',*,*,#3866,.T.);
#2341=ORIENTED_EDGE('',*,*,#3831,.F.);
#2342=ORIENTED_EDGE('',*,*,#3862,.T.);
#2343=ORIENTED_EDGE('',*,*,#3998,.F.);
#2344=ORIENTED_EDGE('',*,*,#3796,.T.);
#2345=ORIENTED_EDGE('',*,*,#3984,.F.);
#2346=ORIENTED_EDGE('',*,*,#3966,.T.);
#2347=ORIENTED_EDGE('',*,*,#3944,.T.);
#2348=ORIENTED_EDGE('',*,*,#3460,.T.);
#2349=ORIENTED_EDGE('',*,*,#3999,.T.);
#2350=ORIENTED_EDGE('',*,*,#3432,.T.);
#2351=ORIENTED_EDGE('',*,*,#3926,.F.);
#2352=ORIENTED_EDGE('',*,*,#3908,.T.);
#2353=ORIENTED_EDGE('',*,*,#3886,.T.);
#2354=ORIENTED_EDGE('',*,*,#3864,.T.);
#2355=ORIENTED_EDGE('',*,*,#3888,.T.);
#2356=ORIENTED_EDGE('',*,*,#3910,.T.);
#2357=ORIENTED_EDGE('',*,*,#3927,.F.);
#2358=ORIENTED_EDGE('',*,*,#3434,.T.);
#2359=ORIENTED_EDGE('',*,*,#4000,.F.);
#2360=ORIENTED_EDGE('',*,*,#3458,.T.);
#2361=ORIENTED_EDGE('',*,*,#3946,.T.);
#2362=ORIENTED_EDGE('',*,*,#3968,.T.);
#2363=ORIENTED_EDGE('',*,*,#3985,.F.);
#2364=ORIENTED_EDGE('',*,*,#3800,.T.);
#2365=ORIENTED_EDGE('',*,*,#4001,.T.);
#2366=ORIENTED_EDGE('',*,*,#3433,.T.);
#2367=ORIENTED_EDGE('',*,*,#3999,.F.);
#2368=ORIENTED_EDGE('',*,*,#3459,.T.);
#2369=ORIENTED_EDGE('',*,*,#4000,.T.);
#2370=ORIENTED_EDGE('',*,*,#3805,.T.);
#2371=ORIENTED_EDGE('',*,*,#3830,.T.);
#2372=ORIENTED_EDGE('',*,*,#3865,.T.);
#2373=ORIENTED_EDGE('',*,*,#4001,.F.);
#2374=ORIENTED_EDGE('',*,*,#3797,.T.);
#2375=ORIENTED_EDGE('',*,*,#3998,.T.);
#2376=ORIENTED_EDGE('',*,*,#3861,.T.);
#2377=ORIENTED_EDGE('',*,*,#3828,.F.);
#2378=ORIENTED_EDGE('',*,*,#3857,.T.);
#2379=ORIENTED_EDGE('',*,*,#4002,.F.);
#2380=ORIENTED_EDGE('',*,*,#3790,.T.);
#2381=ORIENTED_EDGE('',*,*,#3982,.F.);
#2382=ORIENTED_EDGE('',*,*,#3963,.T.);
#2383=ORIENTED_EDGE('',*,*,#3941,.T.);
#2384=ORIENTED_EDGE('',*,*,#3464,.T.);
#2385=ORIENTED_EDGE('',*,*,#4003,.T.);
#2386=ORIENTED_EDGE('',*,*,#3428,.T.);
#2387=ORIENTED_EDGE('',*,*,#3924,.F.);
#2388=ORIENTED_EDGE('',*,*,#3905,.T.);
#2389=ORIENTED_EDGE('',*,*,#3883,.T.);
#2390=ORIENTED_EDGE('',*,*,#3859,.T.);
#2391=ORIENTED_EDGE('',*,*,#3885,.T.);
#2392=ORIENTED_EDGE('',*,*,#3907,.T.);
#2393=ORIENTED_EDGE('',*,*,#3925,.F.);
#2394=ORIENTED_EDGE('',*,*,#3430,.T.);
#2395=ORIENTED_EDGE('',*,*,#4004,.F.);
#2396=ORIENTED_EDGE('',*,*,#3462,.T.);
#2397=ORIENTED_EDGE('',*,*,#3943,.T.);
#2398=ORIENTED_EDGE('',*,*,#3965,.T.);
#2399=ORIENTED_EDGE('',*,*,#3983,.F.);
#2400=ORIENTED_EDGE('',*,*,#3794,.T.);
#2401=ORIENTED_EDGE('',*,*,#4005,.T.);
#2402=ORIENTED_EDGE('',*,*,#3429,.T.);
#2403=ORIENTED_EDGE('',*,*,#4003,.F.);
#2404=ORIENTED_EDGE('',*,*,#3463,.T.);
#2405=ORIENTED_EDGE('',*,*,#4004,.T.);
#2406=ORIENTED_EDGE('',*,*,#3799,.T.);
#2407=ORIENTED_EDGE('',*,*,#3827,.T.);
#2408=ORIENTED_EDGE('',*,*,#3860,.T.);
#2409=ORIENTED_EDGE('',*,*,#4005,.F.);
#2410=ORIENTED_EDGE('',*,*,#3791,.T.);
#2411=ORIENTED_EDGE('',*,*,#4002,.T.);
#2412=ORIENTED_EDGE('',*,*,#3856,.T.);
#2413=ORIENTED_EDGE('',*,*,#3825,.F.);
#2414=ORIENTED_EDGE('',*,*,#3852,.T.);
#2415=ORIENTED_EDGE('',*,*,#4006,.F.);
#2416=ORIENTED_EDGE('',*,*,#3784,.T.);
#2417=ORIENTED_EDGE('',*,*,#3980,.F.);
#2418=ORIENTED_EDGE('',*,*,#3960,.T.);
#2419=ORIENTED_EDGE('',*,*,#3938,.T.);
#2420=ORIENTED_EDGE('',*,*,#3468,.T.);
#2421=ORIENTED_EDGE('',*,*,#4007,.T.);
#2422=ORIENTED_EDGE('',*,*,#3424,.T.);
#2423=ORIENTED_EDGE('',*,*,#3922,.F.);
#2424=ORIENTED_EDGE('',*,*,#3902,.T.);
#2425=ORIENTED_EDGE('',*,*,#3880,.T.);
#2426=ORIENTED_EDGE('',*,*,#3854,.T.);
#2427=ORIENTED_EDGE('',*,*,#3882,.T.);
#2428=ORIENTED_EDGE('',*,*,#3904,.T.);
#2429=ORIENTED_EDGE('',*,*,#3923,.F.);
#2430=ORIENTED_EDGE('',*,*,#3426,.T.);
#2431=ORIENTED_EDGE('',*,*,#4008,.F.);
#2432=ORIENTED_EDGE('',*,*,#3466,.T.);
#2433=ORIENTED_EDGE('',*,*,#3940,.T.);
#2434=ORIENTED_EDGE('',*,*,#3962,.T.);
#2435=ORIENTED_EDGE('',*,*,#3981,.F.);
#2436=ORIENTED_EDGE('',*,*,#3788,.T.);
#2437=ORIENTED_EDGE('',*,*,#4009,.T.);
#2438=ORIENTED_EDGE('',*,*,#3425,.T.);
#2439=ORIENTED_EDGE('',*,*,#4007,.F.);
#2440=ORIENTED_EDGE('',*,*,#3467,.T.);
#2441=ORIENTED_EDGE('',*,*,#4008,.T.);
#2442=ORIENTED_EDGE('',*,*,#3793,.T.);
#2443=ORIENTED_EDGE('',*,*,#3824,.T.);
#2444=ORIENTED_EDGE('',*,*,#3855,.T.);
#2445=ORIENTED_EDGE('',*,*,#4009,.F.);
#2446=ORIENTED_EDGE('',*,*,#3785,.T.);
#2447=ORIENTED_EDGE('',*,*,#4006,.T.);
#2448=ORIENTED_EDGE('',*,*,#3851,.T.);
#2449=ORIENTED_EDGE('',*,*,#3822,.F.);
#2450=ORIENTED_EDGE('',*,*,#3847,.T.);
#2451=ORIENTED_EDGE('',*,*,#4010,.F.);
#2452=ORIENTED_EDGE('',*,*,#3778,.T.);
#2453=ORIENTED_EDGE('',*,*,#3978,.F.);
#2454=ORIENTED_EDGE('',*,*,#3957,.T.);
#2455=ORIENTED_EDGE('',*,*,#3935,.T.);
#2456=ORIENTED_EDGE('',*,*,#3472,.T.);
#2457=ORIENTED_EDGE('',*,*,#4011,.T.);
#2458=ORIENTED_EDGE('',*,*,#3420,.T.);
#2459=ORIENTED_EDGE('',*,*,#3920,.F.);
#2460=ORIENTED_EDGE('',*,*,#3899,.T.);
#2461=ORIENTED_EDGE('',*,*,#3877,.T.);
#2462=ORIENTED_EDGE('',*,*,#3849,.T.);
#2463=ORIENTED_EDGE('',*,*,#3879,.T.);
#2464=ORIENTED_EDGE('',*,*,#3901,.T.);
#2465=ORIENTED_EDGE('',*,*,#3921,.F.);
#2466=ORIENTED_EDGE('',*,*,#3422,.T.);
#2467=ORIENTED_EDGE('',*,*,#4012,.F.);
#2468=ORIENTED_EDGE('',*,*,#3470,.T.);
#2469=ORIENTED_EDGE('',*,*,#3937,.T.);
#2470=ORIENTED_EDGE('',*,*,#3959,.T.);
#2471=ORIENTED_EDGE('',*,*,#3979,.F.);
#2472=ORIENTED_EDGE('',*,*,#3782,.T.);
#2473=ORIENTED_EDGE('',*,*,#4013,.T.);
#2474=ORIENTED_EDGE('',*,*,#3421,.T.);
#2475=ORIENTED_EDGE('',*,*,#4011,.F.);
#2476=ORIENTED_EDGE('',*,*,#3471,.T.);
#2477=ORIENTED_EDGE('',*,*,#4012,.T.);
#2478=ORIENTED_EDGE('',*,*,#3787,.T.);
#2479=ORIENTED_EDGE('',*,*,#3821,.T.);
#2480=ORIENTED_EDGE('',*,*,#3850,.T.);
#2481=ORIENTED_EDGE('',*,*,#4013,.F.);
#2482=ORIENTED_EDGE('',*,*,#3779,.T.);
#2483=ORIENTED_EDGE('',*,*,#4010,.T.);
#2484=ORIENTED_EDGE('',*,*,#3846,.T.);
#2485=ORIENTED_EDGE('',*,*,#3819,.F.);
#2486=ORIENTED_EDGE('',*,*,#3774,.T.);
#2487=ORIENTED_EDGE('',*,*,#4014,.T.);
#2488=ORIENTED_EDGE('',*,*,#3841,.T.);
#2489=ORIENTED_EDGE('',*,*,#3816,.F.);
#2490=ORIENTED_EDGE('',*,*,#3781,.T.);
#2491=ORIENTED_EDGE('',*,*,#3818,.T.);
#2492=ORIENTED_EDGE('',*,*,#3845,.T.);
#2493=ORIENTED_EDGE('',*,*,#4015,.F.);
#2494=ORIENTED_EDGE('',*,*,#3417,.T.);
#2495=ORIENTED_EDGE('',*,*,#4016,.F.);
#2496=ORIENTED_EDGE('',*,*,#3475,.T.);
#2497=ORIENTED_EDGE('',*,*,#4017,.T.);
#2498=ORIENTED_EDGE('',*,*,#3842,.T.);
#2499=ORIENTED_EDGE('',*,*,#4014,.F.);
#2500=ORIENTED_EDGE('',*,*,#3773,.T.);
#2501=ORIENTED_EDGE('',*,*,#3976,.F.);
#2502=ORIENTED_EDGE('',*,*,#3954,.T.);
#2503=ORIENTED_EDGE('',*,*,#3932,.T.);
#2504=ORIENTED_EDGE('',*,*,#3476,.T.);
#2505=ORIENTED_EDGE('',*,*,#4016,.T.);
#2506=ORIENTED_EDGE('',*,*,#3416,.T.);
#2507=ORIENTED_EDGE('',*,*,#3918,.F.);
#2508=ORIENTED_EDGE('',*,*,#3896,.T.);
#2509=ORIENTED_EDGE('',*,*,#3874,.T.);
#2510=ORIENTED_EDGE('',*,*,#3844,.T.);
#2511=ORIENTED_EDGE('',*,*,#3876,.T.);
#2512=ORIENTED_EDGE('',*,*,#3898,.T.);
#2513=ORIENTED_EDGE('',*,*,#3919,.F.);
#2514=ORIENTED_EDGE('',*,*,#3418,.T.);
#2515=ORIENTED_EDGE('',*,*,#4017,.F.);
#2516=ORIENTED_EDGE('',*,*,#3474,.T.);
#2517=ORIENTED_EDGE('',*,*,#3934,.T.);
#2518=ORIENTED_EDGE('',*,*,#3956,.T.);
#2519=ORIENTED_EDGE('',*,*,#3977,.F.);
#2520=ORIENTED_EDGE('',*,*,#3776,.T.);
#2521=ORIENTED_EDGE('',*,*,#4015,.T.);
#2522=ORIENTED_EDGE('',*,*,#3410,.T.);
#2523=ORIENTED_EDGE('',*,*,#3561,.F.);
#2524=ORIENTED_EDGE('',*,*,#3583,.T.);
#2525=ORIENTED_EDGE('',*,*,#3605,.T.);
#2526=ORIENTED_EDGE('',*,*,#3641,.T.);
#2527=ORIENTED_EDGE('',*,*,#4018,.F.);
#2528=ORIENTED_EDGE('',*,*,#3701,.T.);
#2529=ORIENTED_EDGE('',*,*,#3727,.F.);
#2530=ORIENTED_EDGE('',*,*,#3749,.T.);
#2531=ORIENTED_EDGE('',*,*,#3764,.T.);
#2532=ORIENTED_EDGE('',*,*,#3482,.T.);
#2533=ORIENTED_EDGE('',*,*,#4019,.T.);
#2534=ORIENTED_EDGE('',*,*,#3640,.T.);
#2535=ORIENTED_EDGE('',*,*,#3666,.F.);
#2536=ORIENTED_EDGE('',*,*,#3702,.T.);
#2537=ORIENTED_EDGE('',*,*,#4018,.T.);
#2538=ORIENTED_EDGE('',*,*,#3412,.T.);
#2539=ORIENTED_EDGE('',*,*,#4020,.F.);
#2540=ORIENTED_EDGE('',*,*,#3480,.T.);
#2541=ORIENTED_EDGE('',*,*,#3765,.T.);
#2542=ORIENTED_EDGE('',*,*,#3750,.T.);
#2543=ORIENTED_EDGE('',*,*,#3728,.F.);
#2544=ORIENTED_EDGE('',*,*,#3704,.T.);
#2545=ORIENTED_EDGE('',*,*,#4021,.T.);
#2546=ORIENTED_EDGE('',*,*,#3642,.T.);
#2547=ORIENTED_EDGE('',*,*,#3606,.T.);
#2548=ORIENTED_EDGE('',*,*,#3584,.T.);
#2549=ORIENTED_EDGE('',*,*,#3562,.F.);
#2550=ORIENTED_EDGE('',*,*,#3643,.T.);
#2551=ORIENTED_EDGE('',*,*,#4021,.F.);
#2552=ORIENTED_EDGE('',*,*,#3707,.T.);
#2553=ORIENTED_EDGE('',*,*,#3667,.T.);
#2554=ORIENTED_EDGE('',*,*,#3411,.T.);
#2555=ORIENTED_EDGE('',*,*,#4019,.F.);
#2556=ORIENTED_EDGE('',*,*,#3481,.T.);
#2557=ORIENTED_EDGE('',*,*,#4020,.T.);
#2558=ORIENTED_EDGE('',*,*,#3406,.T.);
#2559=ORIENTED_EDGE('',*,*,#3558,.F.);
#2560=ORIENTED_EDGE('',*,*,#3580,.T.);
#2561=ORIENTED_EDGE('',*,*,#3602,.T.);
#2562=ORIENTED_EDGE('',*,*,#3636,.T.);
#2563=ORIENTED_EDGE('',*,*,#4022,.F.);
#2564=ORIENTED_EDGE('',*,*,#3696,.T.);
#2565=ORIENTED_EDGE('',*,*,#3724,.F.);
#2566=ORIENTED_EDGE('',*,*,#3746,.T.);
#2567=ORIENTED_EDGE('',*,*,#3762,.T.);
#2568=ORIENTED_EDGE('',*,*,#3486,.T.);
#2569=ORIENTED_EDGE('',*,*,#4023,.T.);
#2570=ORIENTED_EDGE('',*,*,#3635,.T.);
#2571=ORIENTED_EDGE('',*,*,#3663,.F.);
#2572=ORIENTED_EDGE('',*,*,#3697,.T.);
#2573=ORIENTED_EDGE('',*,*,#4022,.T.);
#2574=ORIENTED_EDGE('',*,*,#3408,.T.);
#2575=ORIENTED_EDGE('',*,*,#4024,.F.);
#2576=ORIENTED_EDGE('',*,*,#3484,.T.);
#2577=ORIENTED_EDGE('',*,*,#3763,.T.);
#2578=ORIENTED_EDGE('',*,*,#3747,.T.);
#2579=ORIENTED_EDGE('',*,*,#3725,.F.);
#2580=ORIENTED_EDGE('',*,*,#3699,.T.);
#2581=ORIENTED_EDGE('',*,*,#4025,.T.);
#2582=ORIENTED_EDGE('',*,*,#3637,.T.);
#2583=ORIENTED_EDGE('',*,*,#3603,.T.);
#2584=ORIENTED_EDGE('',*,*,#3581,.T.);
#2585=ORIENTED_EDGE('',*,*,#3559,.F.);
#2586=ORIENTED_EDGE('',*,*,#3638,.T.);
#2587=ORIENTED_EDGE('',*,*,#4025,.F.);
#2588=ORIENTED_EDGE('',*,*,#3703,.T.);
#2589=ORIENTED_EDGE('',*,*,#3664,.T.);
#2590=ORIENTED_EDGE('',*,*,#3407,.T.);
#2591=ORIENTED_EDGE('',*,*,#4023,.F.);
#2592=ORIENTED_EDGE('',*,*,#3485,.T.);
#2593=ORIENTED_EDGE('',*,*,#4024,.T.);
#2594=ORIENTED_EDGE('',*,*,#3402,.T.);
#2595=ORIENTED_EDGE('',*,*,#3555,.F.);
#2596=ORIENTED_EDGE('',*,*,#3577,.T.);
#2597=ORIENTED_EDGE('',*,*,#3599,.T.);
#2598=ORIENTED_EDGE('',*,*,#3631,.T.);
#2599=ORIENTED_EDGE('',*,*,#4026,.F.);
#2600=ORIENTED_EDGE('',*,*,#3691,.T.);
#2601=ORIENTED_EDGE('',*,*,#3721,.F.);
#2602=ORIENTED_EDGE('',*,*,#3743,.T.);
#2603=ORIENTED_EDGE('',*,*,#3760,.T.);
#2604=ORIENTED_EDGE('',*,*,#3490,.T.);
#2605=ORIENTED_EDGE('',*,*,#4027,.T.);
#2606=ORIENTED_EDGE('',*,*,#3630,.T.);
#2607=ORIENTED_EDGE('',*,*,#3660,.F.);
#2608=ORIENTED_EDGE('',*,*,#3692,.T.);
#2609=ORIENTED_EDGE('',*,*,#4026,.T.);
#2610=ORIENTED_EDGE('',*,*,#3404,.T.);
#2611=ORIENTED_EDGE('',*,*,#4028,.F.);
#2612=ORIENTED_EDGE('',*,*,#3488,.T.);
#2613=ORIENTED_EDGE('',*,*,#3761,.T.);
#2614=ORIENTED_EDGE('',*,*,#3744,.T.);
#2615=ORIENTED_EDGE('',*,*,#3722,.F.);
#2616=ORIENTED_EDGE('',*,*,#3694,.T.);
#2617=ORIENTED_EDGE('',*,*,#4029,.T.);
#2618=ORIENTED_EDGE('',*,*,#3632,.T.);
#2619=ORIENTED_EDGE('',*,*,#3600,.T.);
#2620=ORIENTED_EDGE('',*,*,#3578,.T.);
#2621=ORIENTED_EDGE('',*,*,#3556,.F.);
#2622=ORIENTED_EDGE('',*,*,#3633,.T.);
#2623=ORIENTED_EDGE('',*,*,#4029,.F.);
#2624=ORIENTED_EDGE('',*,*,#3698,.T.);
#2625=ORIENTED_EDGE('',*,*,#3661,.T.);
#2626=ORIENTED_EDGE('',*,*,#3403,.T.);
#2627=ORIENTED_EDGE('',*,*,#4027,.F.);
#2628=ORIENTED_EDGE('',*,*,#3489,.T.);
#2629=ORIENTED_EDGE('',*,*,#4028,.T.);
#2630=ORIENTED_EDGE('',*,*,#3398,.T.);
#2631=ORIENTED_EDGE('',*,*,#3552,.F.);
#2632=ORIENTED_EDGE('',*,*,#3574,.T.);
#2633=ORIENTED_EDGE('',*,*,#3596,.T.);
#2634=ORIENTED_EDGE('',*,*,#3626,.T.);
#2635=ORIENTED_EDGE('',*,*,#4030,.F.);
#2636=ORIENTED_EDGE('',*,*,#3686,.T.);
#2637=ORIENTED_EDGE('',*,*,#3718,.F.);
#2638=ORIENTED_EDGE('',*,*,#3740,.T.);
#2639=ORIENTED_EDGE('',*,*,#3758,.T.);
#2640=ORIENTED_EDGE('',*,*,#3494,.T.);
#2641=ORIENTED_EDGE('',*,*,#4031,.T.);
#2642=ORIENTED_EDGE('',*,*,#3625,.T.);
#2643=ORIENTED_EDGE('',*,*,#3657,.F.);
#2644=ORIENTED_EDGE('',*,*,#3687,.T.);
#2645=ORIENTED_EDGE('',*,*,#4030,.T.);
#2646=ORIENTED_EDGE('',*,*,#3400,.T.);
#2647=ORIENTED_EDGE('',*,*,#4032,.F.);
#2648=ORIENTED_EDGE('',*,*,#3492,.T.);
#2649=ORIENTED_EDGE('',*,*,#3759,.T.);
#2650=ORIENTED_EDGE('',*,*,#3741,.T.);
#2651=ORIENTED_EDGE('',*,*,#3719,.F.);
#2652=ORIENTED_EDGE('',*,*,#3689,.T.);
#2653=ORIENTED_EDGE('',*,*,#4033,.T.);
#2654=ORIENTED_EDGE('',*,*,#3627,.T.);
#2655=ORIENTED_EDGE('',*,*,#3597,.T.);
#2656=ORIENTED_EDGE('',*,*,#3575,.T.);
#2657=ORIENTED_EDGE('',*,*,#3553,.F.);
#2658=ORIENTED_EDGE('',*,*,#3628,.T.);
#2659=ORIENTED_EDGE('',*,*,#4033,.F.);
#2660=ORIENTED_EDGE('',*,*,#3693,.T.);
#2661=ORIENTED_EDGE('',*,*,#3658,.T.);
#2662=ORIENTED_EDGE('',*,*,#3399,.T.);
#2663=ORIENTED_EDGE('',*,*,#4031,.F.);
#2664=ORIENTED_EDGE('',*,*,#3493,.T.);
#2665=ORIENTED_EDGE('',*,*,#4032,.T.);
#2666=ORIENTED_EDGE('',*,*,#3394,.T.);
#2667=ORIENTED_EDGE('',*,*,#3549,.F.);
#2668=ORIENTED_EDGE('',*,*,#3571,.T.);
#2669=ORIENTED_EDGE('',*,*,#3593,.T.);
#2670=ORIENTED_EDGE('',*,*,#3621,.T.);
#2671=ORIENTED_EDGE('',*,*,#4034,.F.);
#2672=ORIENTED_EDGE('',*,*,#3681,.T.);
#2673=ORIENTED_EDGE('',*,*,#3715,.F.);
#2674=ORIENTED_EDGE('',*,*,#3737,.T.);
#2675=ORIENTED_EDGE('',*,*,#3756,.T.);
#2676=ORIENTED_EDGE('',*,*,#3498,.T.);
#2677=ORIENTED_EDGE('',*,*,#4035,.T.);
#2678=ORIENTED_EDGE('',*,*,#3620,.T.);
#2679=ORIENTED_EDGE('',*,*,#3654,.F.);
#2680=ORIENTED_EDGE('',*,*,#3682,.T.);
#2681=ORIENTED_EDGE('',*,*,#4034,.T.);
#2682=ORIENTED_EDGE('',*,*,#3396,.T.);
#2683=ORIENTED_EDGE('',*,*,#4036,.F.);
#2684=ORIENTED_EDGE('',*,*,#3496,.T.);
#2685=ORIENTED_EDGE('',*,*,#3757,.T.);
#2686=ORIENTED_EDGE('',*,*,#3738,.T.);
#2687=ORIENTED_EDGE('',*,*,#3716,.F.);
#2688=ORIENTED_EDGE('',*,*,#3684,.T.);
#2689=ORIENTED_EDGE('',*,*,#4037,.T.);
#2690=ORIENTED_EDGE('',*,*,#3622,.T.);
#2691=ORIENTED_EDGE('',*,*,#3594,.T.);
#2692=ORIENTED_EDGE('',*,*,#3572,.T.);
#2693=ORIENTED_EDGE('',*,*,#3550,.F.);
#2694=ORIENTED_EDGE('',*,*,#3623,.T.);
#2695=ORIENTED_EDGE('',*,*,#4037,.F.);
#2696=ORIENTED_EDGE('',*,*,#3688,.T.);
#2697=ORIENTED_EDGE('',*,*,#3655,.T.);
#2698=ORIENTED_EDGE('',*,*,#3395,.T.);
#2699=ORIENTED_EDGE('',*,*,#4035,.F.);
#2700=ORIENTED_EDGE('',*,*,#3497,.T.);
#2701=ORIENTED_EDGE('',*,*,#4036,.T.);
#2702=ORIENTED_EDGE('',*,*,#3390,.T.);
#2703=ORIENTED_EDGE('',*,*,#3546,.F.);
#2704=ORIENTED_EDGE('',*,*,#3568,.T.);
#2705=ORIENTED_EDGE('',*,*,#3590,.T.);
#2706=ORIENTED_EDGE('',*,*,#3616,.T.);
#2707=ORIENTED_EDGE('',*,*,#4038,.F.);
#2708=ORIENTED_EDGE('',*,*,#3676,.T.);
#2709=ORIENTED_EDGE('',*,*,#3712,.F.);
#2710=ORIENTED_EDGE('',*,*,#3734,.T.);
#2711=ORIENTED_EDGE('',*,*,#3754,.T.);
#2712=ORIENTED_EDGE('',*,*,#3502,.T.);
#2713=ORIENTED_EDGE('',*,*,#4039,.T.);
#2714=ORIENTED_EDGE('',*,*,#3615,.T.);
#2715=ORIENTED_EDGE('',*,*,#3651,.F.);
#2716=ORIENTED_EDGE('',*,*,#3677,.T.);
#2717=ORIENTED_EDGE('',*,*,#4038,.T.);
#2718=ORIENTED_EDGE('',*,*,#3392,.T.);
#2719=ORIENTED_EDGE('',*,*,#4040,.F.);
#2720=ORIENTED_EDGE('',*,*,#3500,.T.);
#2721=ORIENTED_EDGE('',*,*,#3755,.T.);
#2722=ORIENTED_EDGE('',*,*,#3735,.T.);
#2723=ORIENTED_EDGE('',*,*,#3713,.F.);
#2724=ORIENTED_EDGE('',*,*,#3679,.T.);
#2725=ORIENTED_EDGE('',*,*,#4041,.T.);
#2726=ORIENTED_EDGE('',*,*,#3617,.T.);
#2727=ORIENTED_EDGE('',*,*,#3591,.T.);
#2728=ORIENTED_EDGE('',*,*,#3569,.T.);
#2729=ORIENTED_EDGE('',*,*,#3547,.F.);
#2730=ORIENTED_EDGE('',*,*,#3618,.T.);
#2731=ORIENTED_EDGE('',*,*,#4041,.F.);
#2732=ORIENTED_EDGE('',*,*,#3683,.T.);
#2733=ORIENTED_EDGE('',*,*,#3652,.T.);
#2734=ORIENTED_EDGE('',*,*,#3391,.T.);
#2735=ORIENTED_EDGE('',*,*,#4039,.F.);
#2736=ORIENTED_EDGE('',*,*,#3501,.T.);
#2737=ORIENTED_EDGE('',*,*,#4040,.T.);
#2738=ORIENTED_EDGE('',*,*,#3386,.T.);
#2739=ORIENTED_EDGE('',*,*,#3543,.F.);
#2740=ORIENTED_EDGE('',*,*,#3564,.T.);
#2741=ORIENTED_EDGE('',*,*,#3586,.T.);
#2742=ORIENTED_EDGE('',*,*,#3611,.T.);
#2743=ORIENTED_EDGE('',*,*,#4042,.F.);
#2744=ORIENTED_EDGE('',*,*,#3672,.T.);
#2745=ORIENTED_EDGE('',*,*,#3709,.F.);
#2746=ORIENTED_EDGE('',*,*,#3730,.T.);
#2747=ORIENTED_EDGE('',*,*,#3752,.T.);
#2748=ORIENTED_EDGE('',*,*,#3446,.T.);
#2749=ORIENTED_EDGE('',*,*,#4043,.T.);
#2750=ORIENTED_EDGE('',*,*,#3610,.T.);
#2751=ORIENTED_EDGE('',*,*,#3648,.F.);
#2752=ORIENTED_EDGE('',*,*,#3673,.T.);
#2753=ORIENTED_EDGE('',*,*,#4042,.T.);
#2754=ORIENTED_EDGE('',*,*,#3388,.T.);
#2755=ORIENTED_EDGE('',*,*,#4044,.F.);
#2756=ORIENTED_EDGE('',*,*,#3504,.T.);
#2757=ORIENTED_EDGE('',*,*,#3753,.T.);
#2758=ORIENTED_EDGE('',*,*,#3732,.T.);
#2759=ORIENTED_EDGE('',*,*,#3710,.F.);
#2760=ORIENTED_EDGE('',*,*,#3674,.T.);
#2761=ORIENTED_EDGE('',*,*,#4045,.T.);
#2762=ORIENTED_EDGE('',*,*,#3612,.T.);
#2763=ORIENTED_EDGE('',*,*,#3588,.T.);
#2764=ORIENTED_EDGE('',*,*,#3566,.T.);
#2765=ORIENTED_EDGE('',*,*,#3544,.F.);
#2766=ORIENTED_EDGE('',*,*,#3613,.T.);
#2767=ORIENTED_EDGE('',*,*,#4045,.F.);
#2768=ORIENTED_EDGE('',*,*,#3678,.T.);
#2769=ORIENTED_EDGE('',*,*,#3649,.T.);
#2770=ORIENTED_EDGE('',*,*,#3387,.T.);
#2771=ORIENTED_EDGE('',*,*,#4043,.F.);
#2772=ORIENTED_EDGE('',*,*,#3505,.T.);
#2773=ORIENTED_EDGE('',*,*,#4044,.T.);
#2774=ORIENTED_EDGE('',*,*,#3645,.T.);
#2775=ORIENTED_EDGE('',*,*,#3669,.F.);
#2776=ORIENTED_EDGE('',*,*,#3706,.T.);
#2777=ORIENTED_EDGE('',*,*,#3510,.T.);
#2778=ORIENTED_EDGE('',*,*,#3608,.T.);
#2779=ORIENTED_EDGE('',*,*,#3524,.F.);
#2780=ORIENTED_EDGE('',*,*,#3670,.T.);
#2781=ORIENTED_EDGE('',*,*,#3646,.T.);
#2782=EDGE_CURVE('',#4046,#4047,#4894,.T.);
#2783=EDGE_CURVE('',#4048,#4046,#4895,.T.);
#2784=EDGE_CURVE('',#4049,#4048,#4896,.T.);
#2785=EDGE_CURVE('',#4047,#4049,#4897,.T.);
#2786=EDGE_CURVE('',#4050,#4051,#4898,.T.);
#2787=EDGE_CURVE('',#4052,#4050,#4899,.T.);
#2788=EDGE_CURVE('',#4053,#4052,#4900,.T.);
#2789=EDGE_CURVE('',#4051,#4053,#4901,.T.);
#2790=EDGE_CURVE('',#4054,#4055,#4902,.T.);
#2791=EDGE_CURVE('',#4056,#4054,#4903,.T.);
#2792=EDGE_CURVE('',#4057,#4056,#4904,.T.);
#2793=EDGE_CURVE('',#4055,#4057,#4905,.T.);
#2794=EDGE_CURVE('',#4058,#4059,#4906,.T.);
#2795=EDGE_CURVE('',#4060,#4058,#4907,.T.);
#2796=EDGE_CURVE('',#4061,#4060,#4908,.T.);
#2797=EDGE_CURVE('',#4059,#4061,#4909,.T.);
#2798=EDGE_CURVE('',#4062,#4063,#4910,.T.);
#2799=EDGE_CURVE('',#4064,#4062,#4911,.T.);
#2800=EDGE_CURVE('',#4065,#4064,#4912,.T.);
#2801=EDGE_CURVE('',#4063,#4065,#4913,.T.);
#2802=EDGE_CURVE('',#4066,#4067,#4914,.T.);
#2803=EDGE_CURVE('',#4068,#4066,#4915,.T.);
#2804=EDGE_CURVE('',#4069,#4068,#4916,.T.);
#2805=EDGE_CURVE('',#4067,#4069,#4917,.T.);
#2806=EDGE_CURVE('',#4070,#4071,#4918,.T.);
#2807=EDGE_CURVE('',#4072,#4070,#4919,.T.);
#2808=EDGE_CURVE('',#4073,#4072,#4920,.T.);
#2809=EDGE_CURVE('',#4071,#4073,#4921,.T.);
#2810=EDGE_CURVE('',#4074,#4075,#4922,.T.);
#2811=EDGE_CURVE('',#4076,#4074,#4923,.T.);
#2812=EDGE_CURVE('',#4077,#4076,#4924,.T.);
#2813=EDGE_CURVE('',#4075,#4077,#4925,.T.);
#2814=EDGE_CURVE('',#4078,#4079,#4926,.T.);
#2815=EDGE_CURVE('',#4080,#4078,#4927,.T.);
#2816=EDGE_CURVE('',#4081,#4080,#4928,.T.);
#2817=EDGE_CURVE('',#4079,#4081,#4929,.T.);
#2818=EDGE_CURVE('',#4082,#4083,#4930,.T.);
#2819=EDGE_CURVE('',#4084,#4082,#4931,.T.);
#2820=EDGE_CURVE('',#4085,#4084,#4932,.T.);
#2821=EDGE_CURVE('',#4083,#4085,#4933,.T.);
#2822=EDGE_CURVE('',#4086,#4087,#4934,.T.);
#2823=EDGE_CURVE('',#4088,#4086,#4935,.T.);
#2824=EDGE_CURVE('',#4089,#4088,#4936,.T.);
#2825=EDGE_CURVE('',#4087,#4089,#4937,.T.);
#2826=EDGE_CURVE('',#4090,#4091,#4938,.T.);
#2827=EDGE_CURVE('',#4092,#4090,#4939,.T.);
#2828=EDGE_CURVE('',#4093,#4092,#4940,.T.);
#2829=EDGE_CURVE('',#4091,#4093,#4941,.T.);
#2830=EDGE_CURVE('',#4094,#4095,#4942,.T.);
#2831=EDGE_CURVE('',#4096,#4094,#4943,.T.);
#2832=EDGE_CURVE('',#4097,#4096,#4944,.T.);
#2833=EDGE_CURVE('',#4095,#4097,#4945,.T.);
#2834=EDGE_CURVE('',#4098,#4099,#4946,.T.);
#2835=EDGE_CURVE('',#4100,#4098,#4947,.T.);
#2836=EDGE_CURVE('',#4101,#4100,#4948,.T.);
#2837=EDGE_CURVE('',#4099,#4101,#4949,.T.);
#2838=EDGE_CURVE('',#4102,#4103,#4950,.T.);
#2839=EDGE_CURVE('',#4104,#4102,#4951,.T.);
#2840=EDGE_CURVE('',#4105,#4104,#4952,.T.);
#2841=EDGE_CURVE('',#4103,#4105,#4953,.T.);
#2842=EDGE_CURVE('',#4106,#4107,#4954,.T.);
#2843=EDGE_CURVE('',#4108,#4106,#4955,.T.);
#2844=EDGE_CURVE('',#4109,#4108,#4956,.T.);
#2845=EDGE_CURVE('',#4107,#4109,#4957,.T.);
#2846=EDGE_CURVE('',#4110,#4111,#4958,.T.);
#2847=EDGE_CURVE('',#4112,#4110,#4959,.T.);
#2848=EDGE_CURVE('',#4113,#4112,#4960,.T.);
#2849=EDGE_CURVE('',#4111,#4113,#4961,.T.);
#2850=EDGE_CURVE('',#4114,#4115,#4962,.T.);
#2851=EDGE_CURVE('',#4116,#4114,#4963,.T.);
#2852=EDGE_CURVE('',#4117,#4116,#4964,.T.);
#2853=EDGE_CURVE('',#4115,#4117,#4965,.T.);
#2854=EDGE_CURVE('',#4118,#4082,#4966,.T.);
#2855=EDGE_CURVE('',#4119,#4118,#4967,.T.);
#2856=EDGE_CURVE('',#4120,#4119,#4968,.T.);
#2857=EDGE_CURVE('',#4121,#4120,#4969,.T.);
#2858=EDGE_CURVE('',#4122,#4121,#4970,.T.);
#2859=EDGE_CURVE('',#4123,#4122,#4971,.T.);
#2860=EDGE_CURVE('',#4087,#4123,#4972,.T.);
#2861=EDGE_CURVE('',#4124,#4089,#4973,.T.);
#2862=EDGE_CURVE('',#4125,#4124,#4974,.T.);
#2863=EDGE_CURVE('',#4126,#4125,#4975,.T.);
#2864=EDGE_CURVE('',#4127,#4126,#4976,.T.);
#2865=EDGE_CURVE('',#4128,#4127,#4977,.T.);
#2866=EDGE_CURVE('',#4129,#4128,#4978,.T.);
#2867=EDGE_CURVE('',#4091,#4129,#4979,.T.);
#2868=EDGE_CURVE('',#4130,#4093,#4980,.T.);
#2869=EDGE_CURVE('',#4131,#4130,#4981,.T.);
#2870=EDGE_CURVE('',#4132,#4131,#4982,.T.);
#2871=EDGE_CURVE('',#4133,#4132,#4983,.T.);
#2872=EDGE_CURVE('',#4134,#4133,#4984,.T.);
#2873=EDGE_CURVE('',#4135,#4134,#4985,.T.);
#2874=EDGE_CURVE('',#4095,#4135,#4986,.T.);
#2875=EDGE_CURVE('',#4136,#4097,#4987,.T.);
#2876=EDGE_CURVE('',#4137,#4136,#4988,.T.);
#2877=EDGE_CURVE('',#4138,#4137,#4989,.T.);
#2878=EDGE_CURVE('',#4139,#4138,#4990,.T.);
#2879=EDGE_CURVE('',#4140,#4139,#4991,.T.);
#2880=EDGE_CURVE('',#4141,#4140,#4992,.T.);
#2881=EDGE_CURVE('',#4099,#4141,#4993,.T.);
#2882=EDGE_CURVE('',#4142,#4101,#4994,.T.);
#2883=EDGE_CURVE('',#4143,#4142,#4995,.T.);
#2884=EDGE_CURVE('',#4144,#4143,#4996,.T.);
#2885=EDGE_CURVE('',#4145,#4144,#4997,.T.);
#2886=EDGE_CURVE('',#4146,#4145,#4998,.T.);
#2887=EDGE_CURVE('',#4147,#4146,#4999,.T.);
#2888=EDGE_CURVE('',#4103,#4147,#5000,.T.);
#2889=EDGE_CURVE('',#4148,#4105,#5001,.T.);
#2890=EDGE_CURVE('',#4149,#4148,#5002,.T.);
#2891=EDGE_CURVE('',#4150,#4149,#5003,.T.);
#2892=EDGE_CURVE('',#4151,#4150,#5004,.T.);
#2893=EDGE_CURVE('',#4152,#4151,#5005,.T.);
#2894=EDGE_CURVE('',#4153,#4152,#5006,.T.);
#2895=EDGE_CURVE('',#4107,#4153,#5007,.T.);
#2896=EDGE_CURVE('',#4154,#4109,#5008,.T.);
#2897=EDGE_CURVE('',#4155,#4154,#5009,.T.);
#2898=EDGE_CURVE('',#4156,#4155,#5010,.T.);
#2899=EDGE_CURVE('',#4157,#4156,#5011,.T.);
#2900=EDGE_CURVE('',#4158,#4157,#5012,.T.);
#2901=EDGE_CURVE('',#4159,#4158,#5013,.T.);
#2902=EDGE_CURVE('',#4111,#4159,#5014,.T.);
#2903=EDGE_CURVE('',#4160,#4113,#5015,.T.);
#2904=EDGE_CURVE('',#4161,#4160,#5016,.T.);
#2905=EDGE_CURVE('',#4162,#4161,#5017,.T.);
#2906=EDGE_CURVE('',#4163,#4162,#5018,.T.);
#2907=EDGE_CURVE('',#4164,#4163,#5019,.T.);
#2908=EDGE_CURVE('',#4165,#4164,#5020,.T.);
#2909=EDGE_CURVE('',#4115,#4165,#5021,.T.);
#2910=EDGE_CURVE('',#4166,#4117,#5022,.T.);
#2911=EDGE_CURVE('',#4167,#4166,#5023,.T.);
#2912=EDGE_CURVE('',#4167,#4084,#5024,.T.);
#2913=EDGE_CURVE('',#4168,#4168,#110,.T.);
#2914=EDGE_CURVE('',#4169,#4169,#111,.T.);
#2915=EDGE_CURVE('',#4170,#4170,#112,.T.);
#2916=EDGE_CURVE('',#4171,#4171,#113,.T.);
#2917=EDGE_CURVE('',#4172,#4172,#114,.T.);
#2918=EDGE_CURVE('',#4173,#4173,#115,.T.);
#2919=EDGE_CURVE('',#4174,#4174,#116,.T.);
#2920=EDGE_CURVE('',#4175,#4175,#117,.T.);
#2921=EDGE_CURVE('',#4176,#4176,#118,.T.);
#2922=EDGE_CURVE('',#4177,#4177,#119,.T.);
#2923=EDGE_CURVE('',#4178,#4178,#120,.T.);
#2924=EDGE_CURVE('',#4179,#4179,#121,.T.);
#2925=EDGE_CURVE('',#4180,#4180,#122,.T.);
#2926=EDGE_CURVE('',#4181,#4181,#123,.T.);
#2927=EDGE_CURVE('',#4182,#4182,#124,.T.);
#2928=EDGE_CURVE('',#4183,#4183,#125,.T.);
#2929=EDGE_CURVE('',#4047,#4184,#5025,.T.);
#2930=EDGE_CURVE('',#4185,#4049,#5026,.T.);
#2931=EDGE_CURVE('',#4186,#4185,#5027,.T.);
#2932=EDGE_CURVE('',#4186,#4080,#5028,.T.);
#2933=EDGE_CURVE('',#4187,#4078,#5029,.T.);
#2934=EDGE_CURVE('',#4188,#4187,#5030,.T.);
#2935=EDGE_CURVE('',#4189,#4188,#5031,.T.);
#2936=EDGE_CURVE('',#4190,#4189,#5032,.T.);
#2937=EDGE_CURVE('',#4191,#4190,#5033,.T.);
#2938=EDGE_CURVE('',#4192,#4191,#5034,.T.);
#2939=EDGE_CURVE('',#4076,#4192,#5035,.T.);
#2940=EDGE_CURVE('',#4193,#4074,#5036,.T.);
#2941=EDGE_CURVE('',#4194,#4193,#5037,.T.);
#2942=EDGE_CURVE('',#4195,#4194,#5038,.T.);
#2943=EDGE_CURVE('',#4196,#4195,#5039,.T.);
#2944=EDGE_CURVE('',#4197,#4196,#5040,.T.);
#2945=EDGE_CURVE('',#4198,#4197,#5041,.T.);
#2946=EDGE_CURVE('',#4072,#4198,#5042,.T.);
#2947=EDGE_CURVE('',#4199,#4070,#5043,.T.);
#2948=EDGE_CURVE('',#4200,#4199,#5044,.T.);
#2949=EDGE_CURVE('',#4201,#4200,#5045,.T.);
#2950=EDGE_CURVE('',#4202,#4201,#5046,.T.);
#2951=EDGE_CURVE('',#4203,#4202,#5047,.T.);
#2952=EDGE_CURVE('',#4204,#4203,#5048,.T.);
#2953=EDGE_CURVE('',#4068,#4204,#5049,.T.);
#2954=EDGE_CURVE('',#4205,#4066,#5050,.T.);
#2955=EDGE_CURVE('',#4206,#4205,#5051,.T.);
#2956=EDGE_CURVE('',#4207,#4206,#5052,.T.);
#2957=EDGE_CURVE('',#4208,#4207,#5053,.T.);
#2958=EDGE_CURVE('',#4209,#4208,#5054,.T.);
#2959=EDGE_CURVE('',#4210,#4209,#5055,.T.);
#2960=EDGE_CURVE('',#4064,#4210,#5056,.T.);
#2961=EDGE_CURVE('',#4211,#4062,#5057,.T.);
#2962=EDGE_CURVE('',#4212,#4211,#5058,.T.);
#2963=EDGE_CURVE('',#4213,#4212,#5059,.T.);
#2964=EDGE_CURVE('',#4214,#4213,#5060,.T.);
#2965=EDGE_CURVE('',#4215,#4214,#5061,.T.);
#2966=EDGE_CURVE('',#4216,#4215,#5062,.T.);
#2967=EDGE_CURVE('',#4060,#4216,#5063,.T.);
#2968=EDGE_CURVE('',#4217,#4058,#5064,.T.);
#2969=EDGE_CURVE('',#4218,#4217,#5065,.T.);
#2970=EDGE_CURVE('',#4219,#4218,#5066,.T.);
#2971=EDGE_CURVE('',#4220,#4219,#5067,.T.);
#2972=EDGE_CURVE('',#4221,#4220,#5068,.T.);
#2973=EDGE_CURVE('',#4222,#4221,#5069,.T.);
#2974=EDGE_CURVE('',#4056,#4222,#5070,.T.);
#2975=EDGE_CURVE('',#4223,#4054,#5071,.T.);
#2976=EDGE_CURVE('',#4224,#4223,#5072,.T.);
#2977=EDGE_CURVE('',#4225,#4224,#5073,.T.);
#2978=EDGE_CURVE('',#4226,#4225,#5074,.T.);
#2979=EDGE_CURVE('',#4227,#4226,#5075,.T.);
#2980=EDGE_CURVE('',#4228,#4227,#5076,.T.);
#2981=EDGE_CURVE('',#4052,#4228,#5077,.T.);
#2982=EDGE_CURVE('',#4229,#4050,#5078,.T.);
#2983=EDGE_CURVE('',#4230,#4229,#5079,.T.);
#2984=EDGE_CURVE('',#4231,#4230,#5080,.T.);
#2985=EDGE_CURVE('',#4232,#4231,#5081,.T.);
#2986=EDGE_CURVE('',#4233,#4232,#5082,.T.);
#2987=EDGE_CURVE('',#4184,#4233,#5083,.T.);
#2988=EDGE_CURVE('',#4046,#4234,#5084,.T.);
#2989=EDGE_CURVE('',#4235,#4234,#5085,.T.);
#2990=EDGE_CURVE('',#4235,#4048,#5086,.T.);
#2991=EDGE_CURVE('',#4236,#4237,#5087,.T.);
#2992=EDGE_CURVE('',#4236,#4238,#5088,.T.);
#2993=EDGE_CURVE('',#4238,#4239,#5089,.T.);
#2994=EDGE_CURVE('',#4239,#4237,#5090,.T.);
#2995=EDGE_CURVE('',#4240,#4241,#5091,.T.);
#2996=EDGE_CURVE('',#4240,#4051,#5092,.T.);
#2997=EDGE_CURVE('',#4053,#4241,#5093,.T.);
#2998=EDGE_CURVE('',#4242,#4243,#5094,.T.);
#2999=EDGE_CURVE('',#4242,#4244,#5095,.T.);
#3000=EDGE_CURVE('',#4244,#4245,#5096,.T.);
#3001=EDGE_CURVE('',#4245,#4243,#5097,.T.);
#3002=EDGE_CURVE('',#4246,#4247,#5098,.T.);
#3003=EDGE_CURVE('',#4246,#4055,#5099,.T.);
#3004=EDGE_CURVE('',#4057,#4247,#5100,.T.);
#3005=EDGE_CURVE('',#4248,#4249,#5101,.T.);
#3006=EDGE_CURVE('',#4248,#4250,#5102,.T.);
#3007=EDGE_CURVE('',#4250,#4251,#5103,.T.);
#3008=EDGE_CURVE('',#4251,#4249,#5104,.T.);
#3009=EDGE_CURVE('',#4252,#4253,#5105,.T.);
#3010=EDGE_CURVE('',#4252,#4059,#5106,.T.);
#3011=EDGE_CURVE('',#4061,#4253,#5107,.T.);
#3012=EDGE_CURVE('',#4254,#4255,#5108,.T.);
#3013=EDGE_CURVE('',#4254,#4256,#5109,.T.);
#3014=EDGE_CURVE('',#4256,#4257,#5110,.T.);
#3015=EDGE_CURVE('',#4257,#4255,#5111,.T.);
#3016=EDGE_CURVE('',#4258,#4259,#5112,.T.);
#3017=EDGE_CURVE('',#4258,#4063,#5113,.T.);
#3018=EDGE_CURVE('',#4065,#4259,#5114,.T.);
#3019=EDGE_CURVE('',#4260,#4261,#5115,.T.);
#3020=EDGE_CURVE('',#4260,#4262,#5116,.T.);
#3021=EDGE_CURVE('',#4262,#4263,#5117,.T.);
#3022=EDGE_CURVE('',#4263,#4261,#5118,.T.);
#3023=EDGE_CURVE('',#4264,#4265,#5119,.T.);
#3024=EDGE_CURVE('',#4264,#4067,#5120,.T.);
#3025=EDGE_CURVE('',#4069,#4265,#5121,.T.);
#3026=EDGE_CURVE('',#4266,#4267,#5122,.T.);
#3027=EDGE_CURVE('',#4266,#4268,#5123,.T.);
#3028=EDGE_CURVE('',#4268,#4269,#5124,.T.);
#3029=EDGE_CURVE('',#4269,#4267,#5125,.T.);
#3030=EDGE_CURVE('',#4270,#4271,#5126,.T.);
#3031=EDGE_CURVE('',#4270,#4071,#5127,.T.);
#3032=EDGE_CURVE('',#4073,#4271,#5128,.T.);
#3033=EDGE_CURVE('',#4272,#4273,#5129,.T.);
#3034=EDGE_CURVE('',#4272,#4274,#5130,.T.);
#3035=EDGE_CURVE('',#4274,#4275,#5131,.T.);
#3036=EDGE_CURVE('',#4275,#4273,#5132,.T.);
#3037=EDGE_CURVE('',#4276,#4277,#5133,.T.);
#3038=EDGE_CURVE('',#4276,#4075,#5134,.T.);
#3039=EDGE_CURVE('',#4077,#4277,#5135,.T.);
#3040=EDGE_CURVE('',#4278,#4279,#5136,.T.);
#3041=EDGE_CURVE('',#4278,#4280,#5137,.T.);
#3042=EDGE_CURVE('',#4280,#4281,#5138,.T.);
#3043=EDGE_CURVE('',#4281,#4279,#5139,.T.);
#3044=EDGE_CURVE('',#4282,#4283,#5140,.T.);
#3045=EDGE_CURVE('',#4282,#4079,#5141,.T.);
#3046=EDGE_CURVE('',#4081,#4283,#5142,.T.);
#3047=EDGE_CURVE('',#4284,#4285,#5143,.T.);
#3048=EDGE_CURVE('',#4285,#4083,#5144,.T.);
#3049=EDGE_CURVE('',#4085,#4284,#5145,.T.);
#3050=EDGE_CURVE('',#4286,#4287,#5146,.T.);
#3051=EDGE_CURVE('',#4287,#4288,#5147,.T.);
#3052=EDGE_CURVE('',#4288,#4289,#5148,.T.);
#3053=EDGE_CURVE('',#4289,#4286,#5149,.T.);
#3054=EDGE_CURVE('',#4086,#4290,#5150,.T.);
#3055=EDGE_CURVE('',#4290,#4291,#5151,.T.);
#3056=EDGE_CURVE('',#4291,#4088,#5152,.T.);
#3057=EDGE_CURVE('',#4292,#4293,#5153,.T.);
#3058=EDGE_CURVE('',#4293,#4294,#5154,.T.);
#3059=EDGE_CURVE('',#4294,#4295,#5155,.T.);
#3060=EDGE_CURVE('',#4295,#4292,#5156,.T.);
#3061=EDGE_CURVE('',#4090,#4296,#5157,.T.);
#3062=EDGE_CURVE('',#4296,#4297,#5158,.T.);
#3063=EDGE_CURVE('',#4297,#4092,#5159,.T.);
#3064=EDGE_CURVE('',#4298,#4299,#5160,.T.);
#3065=EDGE_CURVE('',#4299,#4300,#5161,.T.);
#3066=EDGE_CURVE('',#4300,#4301,#5162,.T.);
#3067=EDGE_CURVE('',#4301,#4298,#5163,.T.);
#3068=EDGE_CURVE('',#4094,#4302,#5164,.T.);
#3069=EDGE_CURVE('',#4302,#4303,#5165,.T.);
#3070=EDGE_CURVE('',#4303,#4096,#5166,.T.);
#3071=EDGE_CURVE('',#4304,#4305,#5167,.T.);
#3072=EDGE_CURVE('',#4305,#4306,#5168,.T.);
#3073=EDGE_CURVE('',#4306,#4307,#5169,.T.);
#3074=EDGE_CURVE('',#4307,#4304,#5170,.T.);
#3075=EDGE_CURVE('',#4098,#4308,#5171,.T.);
#3076=EDGE_CURVE('',#4308,#4309,#5172,.T.);
#3077=EDGE_CURVE('',#4309,#4100,#5173,.T.);
#3078=EDGE_CURVE('',#4310,#4311,#5174,.T.);
#3079=EDGE_CURVE('',#4311,#4312,#5175,.T.);
#3080=EDGE_CURVE('',#4312,#4313,#5176,.T.);
#3081=EDGE_CURVE('',#4313,#4310,#5177,.T.);
#3082=EDGE_CURVE('',#4102,#4314,#5178,.T.);
#3083=EDGE_CURVE('',#4314,#4315,#5179,.T.);
#3084=EDGE_CURVE('',#4315,#4104,#5180,.T.);
#3085=EDGE_CURVE('',#4316,#4317,#5181,.T.);
#3086=EDGE_CURVE('',#4317,#4318,#5182,.T.);
#3087=EDGE_CURVE('',#4318,#4319,#5183,.T.);
#3088=EDGE_CURVE('',#4319,#4316,#5184,.T.);
#3089=EDGE_CURVE('',#4106,#4320,#5185,.T.);
#3090=EDGE_CURVE('',#4320,#4321,#5186,.T.);
#3091=EDGE_CURVE('',#4321,#4108,#5187,.T.);
#3092=EDGE_CURVE('',#4322,#4323,#5188,.T.);
#3093=EDGE_CURVE('',#4323,#4324,#5189,.T.);
#3094=EDGE_CURVE('',#4324,#4325,#5190,.T.);
#3095=EDGE_CURVE('',#4325,#4322,#5191,.T.);
#3096=EDGE_CURVE('',#4110,#4326,#5192,.T.);
#3097=EDGE_CURVE('',#4326,#4327,#5193,.T.);
#3098=EDGE_CURVE('',#4327,#4112,#5194,.T.);
#3099=EDGE_CURVE('',#4328,#4329,#5195,.T.);
#3100=EDGE_CURVE('',#4329,#4330,#5196,.T.);
#3101=EDGE_CURVE('',#4330,#4331,#5197,.T.);
#3102=EDGE_CURVE('',#4331,#4328,#5198,.T.);
#3103=EDGE_CURVE('',#4114,#4332,#5199,.T.);
#3104=EDGE_CURVE('',#4332,#4333,#5200,.T.);
#3105=EDGE_CURVE('',#4333,#4116,#5201,.T.);
#3106=EDGE_CURVE('',#4166,#4186,#5202,.T.);
#3107=EDGE_CURVE('',#4283,#4333,#5203,.T.);
#3108=EDGE_CURVE('',#4334,#4335,#5204,.T.);
#3109=EDGE_CURVE('',#4335,#4336,#5205,.T.);
#3110=EDGE_CURVE('',#4337,#4336,#5206,.T.);
#3111=EDGE_CURVE('',#4337,#4334,#5207,.T.);
#3112=EDGE_CURVE('',#4336,#4338,#5208,.T.);
#3113=EDGE_CURVE('',#4339,#4338,#5209,.T.);
#3114=EDGE_CURVE('',#4339,#4337,#5210,.T.);
#3115=EDGE_CURVE('',#4338,#4340,#5211,.T.);
#3116=EDGE_CURVE('',#4341,#4340,#5212,.T.);
#3117=EDGE_CURVE('',#4341,#4339,#5213,.T.);
#3118=EDGE_CURVE('',#4342,#4343,#5214,.T.);
#3119=EDGE_CURVE('',#4343,#4344,#5215,.T.);
#3120=EDGE_CURVE('',#4345,#4344,#5216,.T.);
#3121=EDGE_CURVE('',#4345,#4342,#5217,.T.);
#3122=EDGE_CURVE('',#4344,#4346,#5218,.T.);
#3123=EDGE_CURVE('',#4347,#4346,#5219,.T.);
#3124=EDGE_CURVE('',#4347,#4345,#5220,.T.);
#3125=EDGE_CURVE('',#4346,#4348,#5221,.T.);
#3126=EDGE_CURVE('',#4349,#4348,#5222,.T.);
#3127=EDGE_CURVE('',#4349,#4347,#5223,.T.);
#3128=EDGE_CURVE('',#4350,#4351,#5224,.T.);
#3129=EDGE_CURVE('',#4351,#4352,#5225,.T.);
#3130=EDGE_CURVE('',#4353,#4352,#5226,.T.);
#3131=EDGE_CURVE('',#4353,#4350,#5227,.T.);
#3132=EDGE_CURVE('',#4352,#4354,#5228,.T.);
#3133=EDGE_CURVE('',#4355,#4354,#5229,.T.);
#3134=EDGE_CURVE('',#4355,#4353,#5230,.T.);
#3135=EDGE_CURVE('',#4354,#4356,#5231,.T.);
#3136=EDGE_CURVE('',#4357,#4356,#5232,.T.);
#3137=EDGE_CURVE('',#4357,#4355,#5233,.T.);
#3138=EDGE_CURVE('',#4358,#4359,#5234,.T.);
#3139=EDGE_CURVE('',#4359,#4360,#5235,.T.);
#3140=EDGE_CURVE('',#4361,#4360,#5236,.T.);
#3141=EDGE_CURVE('',#4361,#4358,#5237,.T.);
#3142=EDGE_CURVE('',#4360,#4362,#5238,.T.);
#3143=EDGE_CURVE('',#4363,#4362,#5239,.T.);
#3144=EDGE_CURVE('',#4363,#4361,#5240,.T.);
#3145=EDGE_CURVE('',#4362,#4364,#5241,.T.);
#3146=EDGE_CURVE('',#4365,#4364,#5242,.T.);
#3147=EDGE_CURVE('',#4365,#4363,#5243,.T.);
#3148=EDGE_CURVE('',#4366,#4367,#5244,.T.);
#3149=EDGE_CURVE('',#4367,#4368,#5245,.T.);
#3150=EDGE_CURVE('',#4369,#4368,#5246,.T.);
#3151=EDGE_CURVE('',#4369,#4366,#5247,.T.);
#3152=EDGE_CURVE('',#4368,#4370,#5248,.T.);
#3153=EDGE_CURVE('',#4371,#4370,#5249,.T.);
#3154=EDGE_CURVE('',#4371,#4369,#5250,.T.);
#3155=EDGE_CURVE('',#4370,#4372,#5251,.T.);
#3156=EDGE_CURVE('',#4373,#4372,#5252,.T.);
#3157=EDGE_CURVE('',#4373,#4371,#5253,.T.);
#3158=EDGE_CURVE('',#4374,#4375,#5254,.T.);
#3159=EDGE_CURVE('',#4375,#4376,#5255,.T.);
#3160=EDGE_CURVE('',#4377,#4376,#5256,.T.);
#3161=EDGE_CURVE('',#4377,#4374,#5257,.T.);
#3162=EDGE_CURVE('',#4376,#4378,#5258,.T.);
#3163=EDGE_CURVE('',#4379,#4378,#5259,.T.);
#3164=EDGE_CURVE('',#4379,#4377,#5260,.T.);
#3165=EDGE_CURVE('',#4378,#4380,#5261,.T.);
#3166=EDGE_CURVE('',#4381,#4380,#5262,.T.);
#3167=EDGE_CURVE('',#4381,#4379,#5263,.T.);
#3168=EDGE_CURVE('',#4382,#4383,#5264,.T.);
#3169=EDGE_CURVE('',#4383,#4384,#5265,.T.);
#3170=EDGE_CURVE('',#4385,#4384,#5266,.T.);
#3171=EDGE_CURVE('',#4385,#4382,#5267,.T.);
#3172=EDGE_CURVE('',#4384,#4386,#5268,.T.);
#3173=EDGE_CURVE('',#4387,#4386,#5269,.T.);
#3174=EDGE_CURVE('',#4387,#4385,#5270,.T.);
#3175=EDGE_CURVE('',#4386,#4388,#5271,.T.);
#3176=EDGE_CURVE('',#4389,#4388,#5272,.T.);
#3177=EDGE_CURVE('',#4389,#4387,#5273,.T.);
#3178=EDGE_CURVE('',#4390,#4391,#5274,.T.);
#3179=EDGE_CURVE('',#4391,#4392,#5275,.T.);
#3180=EDGE_CURVE('',#4393,#4392,#5276,.T.);
#3181=EDGE_CURVE('',#4393,#4390,#5277,.T.);
#3182=EDGE_CURVE('',#4392,#4394,#5278,.T.);
#3183=EDGE_CURVE('',#4395,#4394,#5279,.T.);
#3184=EDGE_CURVE('',#4395,#4393,#5280,.T.);
#3185=EDGE_CURVE('',#4394,#4396,#5281,.T.);
#3186=EDGE_CURVE('',#4397,#4396,#5282,.T.);
#3187=EDGE_CURVE('',#4397,#4395,#5283,.T.);
#3188=EDGE_CURVE('',#4340,#4335,#5284,.T.);
#3189=EDGE_CURVE('',#4334,#4341,#5285,.T.);
#3190=EDGE_CURVE('',#4348,#4343,#5286,.T.);
#3191=EDGE_CURVE('',#4342,#4349,#5287,.T.);
#3192=EDGE_CURVE('',#4356,#4351,#5288,.T.);
#3193=EDGE_CURVE('',#4350,#4357,#5289,.T.);
#3194=EDGE_CURVE('',#4364,#4359,#5290,.T.);
#3195=EDGE_CURVE('',#4358,#4365,#5291,.T.);
#3196=EDGE_CURVE('',#4372,#4367,#5292,.T.);
#3197=EDGE_CURVE('',#4366,#4373,#5293,.T.);
#3198=EDGE_CURVE('',#4380,#4375,#5294,.T.);
#3199=EDGE_CURVE('',#4374,#4381,#5295,.T.);
#3200=EDGE_CURVE('',#4388,#4383,#5296,.T.);
#3201=EDGE_CURVE('',#4382,#4389,#5297,.T.);
#3202=EDGE_CURVE('',#4396,#4391,#5298,.T.);
#3203=EDGE_CURVE('',#4390,#4397,#5299,.T.);
#3204=EDGE_CURVE('',#4284,#4235,#5300,.T.);
#3205=EDGE_CURVE('',#4185,#4167,#5301,.T.);
#3206=EDGE_CURVE('',#4398,#4399,#5302,.T.);
#3207=EDGE_CURVE('',#4398,#4400,#5303,.T.);
#3208=EDGE_CURVE('',#4400,#4401,#5304,.T.);
#3209=EDGE_CURVE('',#4399,#4401,#5305,.T.);
#3210=EDGE_CURVE('',#4402,#4403,#5306,.T.);
#3211=EDGE_CURVE('',#4402,#4404,#5307,.T.);
#3212=EDGE_CURVE('',#4404,#4405,#5308,.T.);
#3213=EDGE_CURVE('',#4403,#4405,#5309,.T.);
#3214=EDGE_CURVE('',#4406,#4407,#5310,.T.);
#3215=EDGE_CURVE('',#4406,#4408,#5311,.T.);
#3216=EDGE_CURVE('',#4408,#4409,#5312,.T.);
#3217=EDGE_CURVE('',#4407,#4409,#5313,.T.);
#3218=EDGE_CURVE('',#4410,#4411,#5314,.T.);
#3219=EDGE_CURVE('',#4410,#4412,#5315,.T.);
#3220=EDGE_CURVE('',#4412,#4413,#5316,.T.);
#3221=EDGE_CURVE('',#4411,#4413,#5317,.T.);
#3222=EDGE_CURVE('',#4414,#4415,#5318,.T.);
#3223=EDGE_CURVE('',#4414,#4416,#5319,.T.);
#3224=EDGE_CURVE('',#4416,#4417,#5320,.T.);
#3225=EDGE_CURVE('',#4415,#4417,#5321,.T.);
#3226=EDGE_CURVE('',#4418,#4419,#5322,.T.);
#3227=EDGE_CURVE('',#4418,#4420,#5323,.T.);
#3228=EDGE_CURVE('',#4420,#4421,#5324,.T.);
#3229=EDGE_CURVE('',#4421,#4419,#5325,.T.);
#3230=EDGE_CURVE('',#4422,#4423,#5326,.T.);
#3231=EDGE_CURVE('',#4422,#4424,#5327,.T.);
#3232=EDGE_CURVE('',#4424,#4425,#5328,.T.);
#3233=EDGE_CURVE('',#4423,#4425,#5329,.T.);
#3234=EDGE_CURVE('',#4331,#4164,#5330,.T.);
#3235=EDGE_CURVE('',#4330,#4161,#5331,.T.);
#3236=EDGE_CURVE('',#4327,#4160,#5332,.T.);
#3237=EDGE_CURVE('',#4326,#4159,#5333,.T.);
#3238=EDGE_CURVE('',#4325,#4158,#5334,.T.);
#3239=EDGE_CURVE('',#4324,#4155,#5335,.T.);
#3240=EDGE_CURVE('',#4321,#4154,#5336,.T.);
#3241=EDGE_CURVE('',#4320,#4153,#5337,.T.);
#3242=EDGE_CURVE('',#4319,#4152,#5338,.T.);
#3243=EDGE_CURVE('',#4318,#4149,#5339,.T.);
#3244=EDGE_CURVE('',#4315,#4148,#5340,.T.);
#3245=EDGE_CURVE('',#4314,#4147,#5341,.T.);
#3246=EDGE_CURVE('',#4313,#4146,#5342,.T.);
#3247=EDGE_CURVE('',#4312,#4143,#5343,.T.);
#3248=EDGE_CURVE('',#4309,#4142,#5344,.T.);
#3249=EDGE_CURVE('',#4308,#4141,#5345,.T.);
#3250=EDGE_CURVE('',#4307,#4140,#5346,.T.);
#3251=EDGE_CURVE('',#4306,#4137,#5347,.T.);
#3252=EDGE_CURVE('',#4303,#4136,#5348,.T.);
#3253=EDGE_CURVE('',#4302,#4135,#5349,.T.);
#3254=EDGE_CURVE('',#4301,#4134,#5350,.T.);
#3255=EDGE_CURVE('',#4300,#4131,#5351,.T.);
#3256=EDGE_CURVE('',#4297,#4130,#5352,.T.);
#3257=EDGE_CURVE('',#4296,#4129,#5353,.T.);
#3258=EDGE_CURVE('',#4295,#4128,#5354,.T.);
#3259=EDGE_CURVE('',#4294,#4125,#5355,.T.);
#3260=EDGE_CURVE('',#4291,#4124,#5356,.T.);
#3261=EDGE_CURVE('',#4290,#4123,#5357,.T.);
#3262=EDGE_CURVE('',#4289,#4122,#5358,.T.);
#3263=EDGE_CURVE('',#4288,#4119,#5359,.T.);
#3264=EDGE_CURVE('',#4285,#4118,#5360,.T.);
#3265=EDGE_CURVE('',#4184,#4234,#5361,.T.);
#3266=EDGE_CURVE('',#4233,#4236,#5362,.T.);
#3267=EDGE_CURVE('',#4230,#4237,#5363,.T.);
#3268=EDGE_CURVE('',#4229,#4240,#5364,.T.);
#3269=EDGE_CURVE('',#4228,#4241,#5365,.T.);
#3270=EDGE_CURVE('',#4227,#4242,#5366,.T.);
#3271=EDGE_CURVE('',#4224,#4243,#5367,.T.);
#3272=EDGE_CURVE('',#4223,#4246,#5368,.T.);
#3273=EDGE_CURVE('',#4222,#4247,#5369,.T.);
#3274=EDGE_CURVE('',#4221,#4248,#5370,.T.);
#3275=EDGE_CURVE('',#4218,#4249,#5371,.T.);
#3276=EDGE_CURVE('',#4217,#4252,#5372,.T.);
#3277=EDGE_CURVE('',#4216,#4253,#5373,.T.);
#3278=EDGE_CURVE('',#4215,#4254,#5374,.T.);
#3279=EDGE_CURVE('',#4212,#4255,#5375,.T.);
#3280=EDGE_CURVE('',#4211,#4258,#5376,.T.);
#3281=EDGE_CURVE('',#4210,#4259,#5377,.T.);
#3282=EDGE_CURVE('',#4209,#4260,#5378,.T.);
#3283=EDGE_CURVE('',#4206,#4261,#5379,.T.);
#3284=EDGE_CURVE('',#4205,#4264,#5380,.T.);
#3285=EDGE_CURVE('',#4204,#4265,#5381,.T.);
#3286=EDGE_CURVE('',#4203,#4266,#5382,.T.);
#3287=EDGE_CURVE('',#4200,#4267,#5383,.T.);
#3288=EDGE_CURVE('',#4199,#4270,#5384,.T.);
#3289=EDGE_CURVE('',#4198,#4271,#5385,.T.);
#3290=EDGE_CURVE('',#4197,#4272,#5386,.T.);
#3291=EDGE_CURVE('',#4194,#4273,#5387,.T.);
#3292=EDGE_CURVE('',#4193,#4276,#5388,.T.);
#3293=EDGE_CURVE('',#4192,#4277,#5389,.T.);
#3294=EDGE_CURVE('',#4191,#4278,#5390,.T.);
#3295=EDGE_CURVE('',#4188,#4279,#5391,.T.);
#3296=EDGE_CURVE('',#4187,#4282,#5392,.T.);
#3297=EDGE_CURVE('',#4332,#4165,#5393,.T.);
#3298=EDGE_CURVE('',#4328,#4163,#5394,.T.);
#3299=EDGE_CURVE('',#4329,#4162,#5395,.T.);
#3300=EDGE_CURVE('',#4322,#4157,#5396,.T.);
#3301=EDGE_CURVE('',#4323,#4156,#5397,.T.);
#3302=EDGE_CURVE('',#4316,#4151,#5398,.T.);
#3303=EDGE_CURVE('',#4317,#4150,#5399,.T.);
#3304=EDGE_CURVE('',#4310,#4145,#5400,.T.);
#3305=EDGE_CURVE('',#4311,#4144,#5401,.T.);
#3306=EDGE_CURVE('',#4304,#4139,#5402,.T.);
#3307=EDGE_CURVE('',#4305,#4138,#5403,.T.);
#3308=EDGE_CURVE('',#4298,#4133,#5404,.T.);
#3309=EDGE_CURVE('',#4299,#4132,#5405,.T.);
#3310=EDGE_CURVE('',#4292,#4127,#5406,.T.);
#3311=EDGE_CURVE('',#4293,#4126,#5407,.T.);
#3312=EDGE_CURVE('',#4286,#4121,#5408,.T.);
#3313=EDGE_CURVE('',#4287,#4120,#5409,.T.);
#3314=EDGE_CURVE('',#4189,#4281,#5410,.T.);
#3315=EDGE_CURVE('',#4190,#4280,#5411,.T.);
#3316=EDGE_CURVE('',#4195,#4275,#5412,.T.);
#3317=EDGE_CURVE('',#4196,#4274,#5413,.T.);
#3318=EDGE_CURVE('',#4201,#4269,#5414,.T.);
#3319=EDGE_CURVE('',#4202,#4268,#5415,.T.);
#3320=EDGE_CURVE('',#4207,#4263,#5416,.T.);
#3321=EDGE_CURVE('',#4208,#4262,#5417,.T.);
#3322=EDGE_CURVE('',#4213,#4257,#5418,.T.);
#3323=EDGE_CURVE('',#4214,#4256,#5419,.T.);
#3324=EDGE_CURVE('',#4219,#4251,#5420,.T.);
#3325=EDGE_CURVE('',#4220,#4250,#5421,.T.);
#3326=EDGE_CURVE('',#4225,#4245,#5422,.T.);
#3327=EDGE_CURVE('',#4226,#4244,#5423,.T.);
#3328=EDGE_CURVE('',#4232,#4238,#5424,.T.);
#3329=EDGE_CURVE('',#4231,#4239,#5425,.T.);
#3330=EDGE_CURVE('',#4426,#4427,#5426,.T.);
#3331=EDGE_CURVE('',#4428,#4426,#5427,.T.);
#3332=EDGE_CURVE('',#4428,#4429,#5428,.T.);
#3333=EDGE_CURVE('',#4429,#4427,#5429,.T.);
#3334=EDGE_CURVE('',#4429,#4419,#5430,.T.);
#3335=EDGE_CURVE('',#4418,#4428,#5431,.T.);
#3336=EDGE_CURVE('',#4420,#4426,#5432,.T.);
#3337=EDGE_CURVE('',#4427,#4421,#5433,.T.);
#3338=EDGE_CURVE('',#4430,#4431,#5434,.T.);
#3339=EDGE_CURVE('',#4432,#4430,#5435,.T.);
#3340=EDGE_CURVE('',#4432,#4433,#5436,.T.);
#3341=EDGE_CURVE('',#4433,#4431,#5437,.T.);
#3342=EDGE_CURVE('',#4433,#4415,#5438,.T.);
#3343=EDGE_CURVE('',#4414,#4432,#5439,.T.);
#3344=EDGE_CURVE('',#4416,#4430,#5440,.T.);
#3345=EDGE_CURVE('',#4431,#4417,#5441,.T.);
#3346=EDGE_CURVE('',#4434,#4435,#5442,.T.);
#3347=EDGE_CURVE('',#4436,#4434,#5443,.T.);
#3348=EDGE_CURVE('',#4436,#4437,#5444,.T.);
#3349=EDGE_CURVE('',#4437,#4435,#5445,.T.);
#3350=EDGE_CURVE('',#4437,#4411,#5446,.T.);
#3351=EDGE_CURVE('',#4410,#4436,#5447,.T.);
#3352=EDGE_CURVE('',#4412,#4434,#5448,.T.);
#3353=EDGE_CURVE('',#4435,#4413,#5449,.T.);
#3354=EDGE_CURVE('',#4438,#4439,#5450,.T.);
#3355=EDGE_CURVE('',#4440,#4438,#5451,.T.);
#3356=EDGE_CURVE('',#4440,#4441,#5452,.T.);
#3357=EDGE_CURVE('',#4441,#4439,#5453,.T.);
#3358=EDGE_CURVE('',#4441,#4407,#5454,.T.);
#3359=EDGE_CURVE('',#4406,#4440,#5455,.T.);
#3360=EDGE_CURVE('',#4408,#4438,#5456,.T.);
#3361=EDGE_CURVE('',#4439,#4409,#5457,.T.);
#3362=EDGE_CURVE('',#4442,#4443,#5458,.T.);
#3363=EDGE_CURVE('',#4444,#4442,#5459,.T.);
#3364=EDGE_CURVE('',#4444,#4445,#5460,.T.);
#3365=EDGE_CURVE('',#4445,#4443,#5461,.T.);
#3366=EDGE_CURVE('',#4445,#4403,#5462,.T.);
#3367=EDGE_CURVE('',#4402,#4444,#5463,.T.);
#3368=EDGE_CURVE('',#4404,#4442,#5464,.T.);
#3369=EDGE_CURVE('',#4443,#4405,#5465,.T.);
#3370=EDGE_CURVE('',#4446,#4447,#5466,.T.);
#3371=EDGE_CURVE('',#4448,#4446,#5467,.T.);
#3372=EDGE_CURVE('',#4448,#4449,#5468,.T.);
#3373=EDGE_CURVE('',#4449,#4447,#5469,.T.);
#3374=EDGE_CURVE('',#4449,#4399,#5470,.T.);
#3375=EDGE_CURVE('',#4398,#4448,#5471,.T.);
#3376=EDGE_CURVE('',#4400,#4446,#5472,.T.);
#3377=EDGE_CURVE('',#4447,#4401,#5473,.T.);
#3378=EDGE_CURVE('',#4450,#4423,#5474,.T.);
#3379=EDGE_CURVE('',#4451,#4450,#5475,.T.);
#3380=EDGE_CURVE('',#4422,#4451,#5476,.T.);
#3381=EDGE_CURVE('',#4424,#4452,#5477,.T.);
#3382=EDGE_CURVE('',#4452,#4453,#5478,.T.);
#3383=EDGE_CURVE('',#4453,#4425,#5479,.T.);
#3384=EDGE_CURVE('',#4451,#4452,#5480,.T.);
#3385=EDGE_CURVE('',#4450,#4453,#5481,.T.);
#3386=EDGE_CURVE('',#4454,#4455,#5482,.T.);
#3387=EDGE_CURVE('',#4456,#4454,#5483,.T.);
#3388=EDGE_CURVE('',#4457,#4456,#5484,.T.);
#3389=EDGE_CURVE('',#4458,#4457,#5485,.T.);
#3390=EDGE_CURVE('',#4459,#4458,#5486,.T.);
#3391=EDGE_CURVE('',#4460,#4459,#5487,.T.);
#3392=EDGE_CURVE('',#4461,#4460,#5488,.T.);
#3393=EDGE_CURVE('',#4462,#4461,#5489,.T.);
#3394=EDGE_CURVE('',#4463,#4462,#5490,.T.);
#3395=EDGE_CURVE('',#4464,#4463,#5491,.T.);
#3396=EDGE_CURVE('',#4465,#4464,#5492,.T.);
#3397=EDGE_CURVE('',#4466,#4465,#5493,.T.);
#3398=EDGE_CURVE('',#4467,#4466,#5494,.T.);
#3399=EDGE_CURVE('',#4468,#4467,#5495,.T.);
#3400=EDGE_CURVE('',#4469,#4468,#5496,.T.);
#3401=EDGE_CURVE('',#4470,#4469,#5497,.T.);
#3402=EDGE_CURVE('',#4471,#4470,#5498,.T.);
#3403=EDGE_CURVE('',#4472,#4471,#5499,.T.);
#3404=EDGE_CURVE('',#4473,#4472,#5500,.T.);
#3405=EDGE_CURVE('',#4474,#4473,#5501,.T.);
#3406=EDGE_CURVE('',#4475,#4474,#5502,.T.);
#3407=EDGE_CURVE('',#4476,#4475,#5503,.T.);
#3408=EDGE_CURVE('',#4477,#4476,#5504,.T.);
#3409=EDGE_CURVE('',#4478,#4477,#5505,.T.);
#3410=EDGE_CURVE('',#4479,#4478,#5506,.T.);
#3411=EDGE_CURVE('',#4480,#4479,#5507,.T.);
#3412=EDGE_CURVE('',#4481,#4480,#5508,.T.);
#3413=EDGE_CURVE('',#4482,#4481,#5509,.T.);
#3414=EDGE_CURVE('',#4483,#4482,#5510,.T.);
#3415=EDGE_CURVE('',#4483,#4484,#5511,.T.);
#3416=EDGE_CURVE('',#4485,#4484,#5512,.T.);
#3417=EDGE_CURVE('',#4486,#4485,#5513,.T.);
#3418=EDGE_CURVE('',#4487,#4486,#5514,.T.);
#3419=EDGE_CURVE('',#4487,#4488,#5515,.T.);
#3420=EDGE_CURVE('',#4489,#4488,#5516,.T.);
#3421=EDGE_CURVE('',#4490,#4489,#5517,.T.);
#3422=EDGE_CURVE('',#4491,#4490,#5518,.T.);
#3423=EDGE_CURVE('',#4491,#4492,#5519,.T.);
#3424=EDGE_CURVE('',#4493,#4492,#5520,.T.);
#3425=EDGE_CURVE('',#4494,#4493,#5521,.T.);
#3426=EDGE_CURVE('',#4495,#4494,#5522,.T.);
#3427=EDGE_CURVE('',#4495,#4496,#5523,.T.);
#3428=EDGE_CURVE('',#4497,#4496,#5524,.T.);
#3429=EDGE_CURVE('',#4498,#4497,#5525,.T.);
#3430=EDGE_CURVE('',#4499,#4498,#5526,.T.);
#3431=EDGE_CURVE('',#4499,#4500,#5527,.T.);
#3432=EDGE_CURVE('',#4501,#4500,#5528,.T.);
#3433=EDGE_CURVE('',#4502,#4501,#5529,.T.);
#3434=EDGE_CURVE('',#4503,#4502,#5530,.T.);
#3435=EDGE_CURVE('',#4503,#4504,#5531,.T.);
#3436=EDGE_CURVE('',#4505,#4504,#5532,.T.);
#3437=EDGE_CURVE('',#4506,#4505,#5533,.T.);
#3438=EDGE_CURVE('',#4507,#4506,#5534,.T.);
#3439=EDGE_CURVE('',#4507,#4508,#5535,.T.);
#3440=EDGE_CURVE('',#4509,#4508,#5536,.T.);
#3441=EDGE_CURVE('',#4510,#4509,#5537,.T.);
#3442=EDGE_CURVE('',#4511,#4510,#5538,.T.);
#3443=EDGE_CURVE('',#4511,#4512,#5539,.T.);
#3444=EDGE_CURVE('',#4512,#4513,#5540,.T.);
#3445=EDGE_CURVE('',#4455,#4513,#5541,.T.);
#3446=EDGE_CURVE('',#4514,#4515,#5542,.T.);
#3447=EDGE_CURVE('',#4514,#4516,#5543,.T.);
#3448=EDGE_CURVE('',#4516,#4517,#5544,.T.);
#3449=EDGE_CURVE('',#4518,#4517,#5545,.T.);
#3450=EDGE_CURVE('',#4519,#4518,#5546,.T.);
#3451=EDGE_CURVE('',#4520,#4519,#5547,.T.);
#3452=EDGE_CURVE('',#4521,#4520,#5548,.T.);
#3453=EDGE_CURVE('',#4522,#4521,#5549,.T.);
#3454=EDGE_CURVE('',#4523,#4522,#5550,.T.);
#3455=EDGE_CURVE('',#4524,#4523,#5551,.T.);
#3456=EDGE_CURVE('',#4525,#4524,#5552,.T.);
#3457=EDGE_CURVE('',#4526,#4525,#5553,.T.);
#3458=EDGE_CURVE('',#4527,#4526,#5554,.T.);
#3459=EDGE_CURVE('',#4528,#4527,#5555,.T.);
#3460=EDGE_CURVE('',#4529,#4528,#5556,.T.);
#3461=EDGE_CURVE('',#4530,#4529,#5557,.T.);
#3462=EDGE_CURVE('',#4531,#4530,#5558,.T.);
#3463=EDGE_CURVE('',#4532,#4531,#5559,.T.);
#3464=EDGE_CURVE('',#4533,#4532,#5560,.T.);
#3465=EDGE_CURVE('',#4534,#4533,#5561,.T.);
#3466=EDGE_CURVE('',#4535,#4534,#5562,.T.);
#3467=EDGE_CURVE('',#4536,#4535,#5563,.T.);
#3468=EDGE_CURVE('',#4537,#4536,#5564,.T.);
#3469=EDGE_CURVE('',#4538,#4537,#5565,.T.);
#3470=EDGE_CURVE('',#4539,#4538,#5566,.T.);
#3471=EDGE_CURVE('',#4540,#4539,#5567,.T.);
#3472=EDGE_CURVE('',#4541,#4540,#5568,.T.);
#3473=EDGE_CURVE('',#4542,#4541,#5569,.T.);
#3474=EDGE_CURVE('',#4543,#4542,#5570,.T.);
#3475=EDGE_CURVE('',#4544,#4543,#5571,.T.);
#3476=EDGE_CURVE('',#4545,#4544,#5572,.T.);
#3477=EDGE_CURVE('',#4546,#4545,#5573,.T.);
#3478=EDGE_CURVE('',#4547,#4546,#5574,.T.);
#3479=EDGE_CURVE('',#4547,#4548,#5575,.T.);
#3480=EDGE_CURVE('',#4549,#4548,#5576,.T.);
#3481=EDGE_CURVE('',#4550,#4549,#5577,.T.);
#3482=EDGE_CURVE('',#4551,#4550,#5578,.T.);
#3483=EDGE_CURVE('',#4551,#4552,#5579,.T.);
#3484=EDGE_CURVE('',#4553,#4552,#5580,.T.);
#3485=EDGE_CURVE('',#4554,#4553,#5581,.T.);
#3486=EDGE_CURVE('',#4555,#4554,#5582,.T.);
#3487=EDGE_CURVE('',#4555,#4556,#5583,.T.);
#3488=EDGE_CURVE('',#4557,#4556,#5584,.T.);
#3489=EDGE_CURVE('',#4558,#4557,#5585,.T.);
#3490=EDGE_CURVE('',#4559,#4558,#5586,.T.);
#3491=EDGE_CURVE('',#4559,#4560,#5587,.T.);
#3492=EDGE_CURVE('',#4561,#4560,#5588,.T.);
#3493=EDGE_CURVE('',#4562,#4561,#5589,.T.);
#3494=EDGE_CURVE('',#4563,#4562,#5590,.T.);
#3495=EDGE_CURVE('',#4563,#4564,#5591,.T.);
#3496=EDGE_CURVE('',#4565,#4564,#5592,.T.);
#3497=EDGE_CURVE('',#4566,#4565,#5593,.T.);
#3498=EDGE_CURVE('',#4567,#4566,#5594,.T.);
#3499=EDGE_CURVE('',#4567,#4568,#5595,.T.);
#3500=EDGE_CURVE('',#4569,#4568,#5596,.T.);
#3501=EDGE_CURVE('',#4570,#4569,#5597,.T.);
#3502=EDGE_CURVE('',#4571,#4570,#5598,.T.);
#3503=EDGE_CURVE('',#4571,#4572,#5599,.T.);
#3504=EDGE_CURVE('',#4573,#4572,#5600,.T.);
#3505=EDGE_CURVE('',#4515,#4573,#5601,.T.);
#3506=EDGE_CURVE('',#4574,#4482,#126,.T.);
#3507=EDGE_CURVE('',#4574,#4575,#5602,.T.);
#3508=EDGE_CURVE('',#4575,#4576,#127,.T.);
#3509=EDGE_CURVE('',#4576,#4577,#5603,.T.);
#3510=EDGE_CURVE('',#4578,#4577,#5604,.T.);
#3511=EDGE_CURVE('',#4578,#4579,#5605,.T.);
#3512=EDGE_CURVE('',#4580,#4579,#128,.T.);
#3513=EDGE_CURVE('',#4580,#4581,#5606,.T.);
#3514=EDGE_CURVE('',#4581,#4547,#129,.T.);
#3515=EDGE_CURVE('',#4546,#4582,#130,.T.);
#3516=EDGE_CURVE('',#4582,#4583,#5607,.T.);
#3517=EDGE_CURVE('',#4584,#4583,#131,.T.);
#3518=EDGE_CURVE('',#4584,#4585,#5608,.T.);
#3519=EDGE_CURVE('',#4585,#4586,#5609,.T.);
#3520=EDGE_CURVE('',#4586,#4587,#5610,.T.);
#3521=EDGE_CURVE('',#4587,#4588,#132,.T.);
#3522=EDGE_CURVE('',#4588,#4589,#5611,.T.);
#3523=EDGE_CURVE('',#4483,#4589,#133,.T.);
#3524=EDGE_CURVE('',#4590,#4591,#5612,.T.);
#3525=EDGE_CURVE('',#4592,#4591,#5613,.T.);
#3526=EDGE_CURVE('',#4593,#4592,#134,.T.);
#3527=EDGE_CURVE('',#4594,#4593,#5614,.T.);
#3528=EDGE_CURVE('',#4594,#4513,#135,.T.);
#3529=EDGE_CURVE('',#4512,#4595,#136,.T.);
#3530=EDGE_CURVE('',#4596,#4595,#5615,.T.);
#3531=EDGE_CURVE('',#4597,#4596,#137,.T.);
#3532=EDGE_CURVE('',#4598,#4597,#5616,.T.);
#3533=EDGE_CURVE('',#4599,#4598,#5617,.T.);
#3534=EDGE_CURVE('',#4600,#4599,#5618,.T.);
#3535=EDGE_CURVE('',#4600,#4601,#138,.T.);
#3536=EDGE_CURVE('',#4602,#4601,#5619,.T.);
#3537=EDGE_CURVE('',#4517,#4602,#139,.T.);
#3538=EDGE_CURVE('',#4603,#4516,#140,.T.);
#3539=EDGE_CURVE('',#4604,#4603,#5620,.T.);
#3540=EDGE_CURVE('',#4604,#4605,#141,.T.);
#3541=EDGE_CURVE('',#4590,#4605,#5621,.T.);
#3542=EDGE_CURVE('',#4606,#4594,#5622,.T.);
#3543=EDGE_CURVE('',#4606,#4455,#142,.T.);
#3544=EDGE_CURVE('',#4457,#4607,#143,.T.);
#3545=EDGE_CURVE('',#4608,#4607,#5623,.T.);
#3546=EDGE_CURVE('',#4608,#4458,#144,.T.);
#3547=EDGE_CURVE('',#4461,#4609,#145,.T.);
#3548=EDGE_CURVE('',#4610,#4609,#5624,.T.);
#3549=EDGE_CURVE('',#4610,#4462,#146,.T.);
#3550=EDGE_CURVE('',#4465,#4611,#147,.T.);
#3551=EDGE_CURVE('',#4612,#4611,#5625,.T.);
#3552=EDGE_CURVE('',#4612,#4466,#148,.T.);
#3553=EDGE_CURVE('',#4469,#4613,#149,.T.);
#3554=EDGE_CURVE('',#4614,#4613,#5626,.T.);
#3555=EDGE_CURVE('',#4614,#4470,#150,.T.);
#3556=EDGE_CURVE('',#4473,#4615,#151,.T.);
#3557=EDGE_CURVE('',#4616,#4615,#5627,.T.);
#3558=EDGE_CURVE('',#4616,#4474,#152,.T.);
#3559=EDGE_CURVE('',#4477,#4617,#153,.T.);
#3560=EDGE_CURVE('',#4618,#4617,#5628,.T.);
#3561=EDGE_CURVE('',#4618,#4478,#154,.T.);
#3562=EDGE_CURVE('',#4481,#4619,#155,.T.);
#3563=EDGE_CURVE('',#4574,#4619,#5629,.T.);
#3564=EDGE_CURVE('',#4606,#4620,#5630,.T.);
#3565=EDGE_CURVE('',#4620,#4593,#5631,.T.);
#3566=EDGE_CURVE('',#4621,#4607,#5632,.T.);
#3567=EDGE_CURVE('',#4622,#4621,#5633,.T.);
#3568=EDGE_CURVE('',#4608,#4622,#5634,.T.);
#3569=EDGE_CURVE('',#4623,#4609,#5635,.T.);
#3570=EDGE_CURVE('',#4624,#4623,#5636,.T.);
#3571=EDGE_CURVE('',#4610,#4624,#5637,.T.);
#3572=EDGE_CURVE('',#4625,#4611,#5638,.T.);
#3573=EDGE_CURVE('',#4626,#4625,#5639,.T.);
#3574=EDGE_CURVE('',#4612,#4626,#5640,.T.);
#3575=EDGE_CURVE('',#4627,#4613,#5641,.T.);
#3576=EDGE_CURVE('',#4628,#4627,#5642,.T.);
#3577=EDGE_CURVE('',#4614,#4628,#5643,.T.);
#3578=EDGE_CURVE('',#4629,#4615,#5644,.T.);
#3579=EDGE_CURVE('',#4630,#4629,#5645,.T.);
#3580=EDGE_CURVE('',#4616,#4630,#5646,.T.);
#3581=EDGE_CURVE('',#4631,#4617,#5647,.T.);
#3582=EDGE_CURVE('',#4632,#4631,#5648,.T.);
#3583=EDGE_CURVE('',#4618,#4632,#5649,.T.);
#3584=EDGE_CURVE('',#4633,#4619,#5650,.T.);
#3585=EDGE_CURVE('',#4575,#4633,#5651,.T.);
#3586=EDGE_CURVE('',#4620,#4634,#156,.T.);
#3587=EDGE_CURVE('',#4634,#4592,#5652,.T.);
#3588=EDGE_CURVE('',#4635,#4621,#157,.T.);
#3589=EDGE_CURVE('',#4636,#4635,#5653,.T.);
#3590=EDGE_CURVE('',#4622,#4636,#158,.T.);
#3591=EDGE_CURVE('',#4637,#4623,#159,.T.);
#3592=EDGE_CURVE('',#4638,#4637,#5654,.T.);
#3593=EDGE_CURVE('',#4624,#4638,#160,.T.);
#3594=EDGE_CURVE('',#4639,#4625,#161,.T.);
#3595=EDGE_CURVE('',#4640,#4639,#5655,.T.);
#3596=EDGE_CURVE('',#4626,#4640,#162,.T.);
#3597=EDGE_CURVE('',#4641,#4627,#163,.T.);
#3598=EDGE_CURVE('',#4642,#4641,#5656,.T.);
#3599=EDGE_CURVE('',#4628,#4642,#164,.T.);
#3600=EDGE_CURVE('',#4643,#4629,#165,.T.);
#3601=EDGE_CURVE('',#4644,#4643,#5657,.T.);
#3602=EDGE_CURVE('',#4630,#4644,#166,.T.);
#3603=EDGE_CURVE('',#4645,#4631,#167,.T.);
#3604=EDGE_CURVE('',#4646,#4645,#5658,.T.);
#3605=EDGE_CURVE('',#4632,#4646,#168,.T.);
#3606=EDGE_CURVE('',#4647,#4633,#169,.T.);
#3607=EDGE_CURVE('',#4576,#4647,#5659,.T.);
#3608=EDGE_CURVE('',#4648,#4591,#5660,.T.);
#3609=EDGE_CURVE('',#4649,#4648,#5661,.T.);
#3610=EDGE_CURVE('',#4650,#4649,#5662,.T.);
#3611=EDGE_CURVE('',#4634,#4650,#5663,.T.);
#3612=EDGE_CURVE('',#4651,#4635,#5664,.T.);
#3613=EDGE_CURVE('',#4652,#4651,#5665,.T.);
#3614=EDGE_CURVE('',#4653,#4652,#5666,.T.);
#3615=EDGE_CURVE('',#4654,#4653,#5667,.T.);
#3616=EDGE_CURVE('',#4636,#4654,#5668,.T.);
#3617=EDGE_CURVE('',#4655,#4637,#5669,.T.);
#3618=EDGE_CURVE('',#4656,#4655,#5670,.T.);
#3619=EDGE_CURVE('',#4657,#4656,#5671,.T.);
#3620=EDGE_CURVE('',#4658,#4657,#5672,.T.);
#3621=EDGE_CURVE('',#4638,#4658,#5673,.T.);
#3622=EDGE_CURVE('',#4659,#4639,#5674,.T.);
#3623=EDGE_CURVE('',#4660,#4659,#5675,.T.);
#3624=EDGE_CURVE('',#4661,#4660,#5676,.T.);
#3625=EDGE_CURVE('',#4662,#4661,#5677,.T.);
#3626=EDGE_CURVE('',#4640,#4662,#5678,.T.);
#3627=EDGE_CURVE('',#4663,#4641,#5679,.T.);
#3628=EDGE_CURVE('',#4664,#4663,#5680,.T.);
#3629=EDGE_CURVE('',#4665,#4664,#5681,.T.);
#3630=EDGE_CURVE('',#4666,#4665,#5682,.T.);
#3631=EDGE_CURVE('',#4642,#4666,#5683,.T.);
#3632=EDGE_CURVE('',#4667,#4643,#5684,.T.);
#3633=EDGE_CURVE('',#4668,#4667,#5685,.T.);
#3634=EDGE_CURVE('',#4669,#4668,#5686,.T.);
#3635=EDGE_CURVE('',#4670,#4669,#5687,.T.);
#3636=EDGE_CURVE('',#4644,#4670,#5688,.T.);
#3637=EDGE_CURVE('',#4671,#4645,#5689,.T.);
#3638=EDGE_CURVE('',#4672,#4671,#5690,.T.);
#3639=EDGE_CURVE('',#4673,#4672,#5691,.T.);
#3640=EDGE_CURVE('',#4674,#4673,#5692,.T.);
#3641=EDGE_CURVE('',#4646,#4674,#5693,.T.);
#3642=EDGE_CURVE('',#4675,#4647,#5694,.T.);
#3643=EDGE_CURVE('',#4676,#4675,#5695,.T.);
#3644=EDGE_CURVE('',#4677,#4676,#5696,.T.);
#3645=EDGE_CURVE('',#4577,#4677,#5697,.T.);
#3646=EDGE_CURVE('',#4678,#4648,#5698,.T.);
#3647=EDGE_CURVE('',#4679,#4678,#5699,.T.);
#3648=EDGE_CURVE('',#4679,#4649,#5700,.T.);
#3649=EDGE_CURVE('',#4680,#4652,#5701,.T.);
#3650=EDGE_CURVE('',#4681,#4680,#5702,.T.);
#3651=EDGE_CURVE('',#4681,#4653,#5703,.T.);
#3652=EDGE_CURVE('',#4682,#4656,#5704,.T.);
#3653=EDGE_CURVE('',#4683,#4682,#5705,.T.);
#3654=EDGE_CURVE('',#4683,#4657,#5706,.T.);
#3655=EDGE_CURVE('',#4684,#4660,#5707,.T.);
#3656=EDGE_CURVE('',#4685,#4684,#5708,.T.);
#3657=EDGE_CURVE('',#4685,#4661,#5709,.T.);
#3658=EDGE_CURVE('',#4686,#4664,#5710,.T.);
#3659=EDGE_CURVE('',#4687,#4686,#5711,.T.);
#3660=EDGE_CURVE('',#4687,#4665,#5712,.T.);
#3661=EDGE_CURVE('',#4688,#4668,#5713,.T.);
#3662=EDGE_CURVE('',#4689,#4688,#5714,.T.);
#3663=EDGE_CURVE('',#4689,#4669,#5715,.T.);
#3664=EDGE_CURVE('',#4690,#4672,#5716,.T.);
#3665=EDGE_CURVE('',#4691,#4690,#5717,.T.);
#3666=EDGE_CURVE('',#4691,#4673,#5718,.T.);
#3667=EDGE_CURVE('',#4692,#4676,#5719,.T.);
#3668=EDGE_CURVE('',#4693,#4692,#5720,.T.);
#3669=EDGE_CURVE('',#4693,#4677,#5721,.T.);
#3670=EDGE_CURVE('',#4590,#4678,#5722,.T.);
#3671=EDGE_CURVE('',#4694,#4605,#5723,.T.);
#3672=EDGE_CURVE('',#4695,#4694,#5724,.T.);
#3673=EDGE_CURVE('',#4679,#4695,#5725,.T.);
#3674=EDGE_CURVE('',#4696,#4697,#5726,.T.);
#3675=EDGE_CURVE('',#4698,#4696,#5727,.T.);
#3676=EDGE_CURVE('',#4699,#4698,#5728,.T.);
#3677=EDGE_CURVE('',#4681,#4699,#5729,.T.);
#3678=EDGE_CURVE('',#4697,#4680,#5730,.T.);
#3679=EDGE_CURVE('',#4700,#4701,#5731,.T.);
#3680=EDGE_CURVE('',#4702,#4700,#5732,.T.);
#3681=EDGE_CURVE('',#4703,#4702,#5733,.T.);
#3682=EDGE_CURVE('',#4683,#4703,#5734,.T.);
#3683=EDGE_CURVE('',#4701,#4682,#5735,.T.);
#3684=EDGE_CURVE('',#4704,#4705,#5736,.T.);
#3685=EDGE_CURVE('',#4706,#4704,#5737,.T.);
#3686=EDGE_CURVE('',#4707,#4706,#5738,.T.);
#3687=EDGE_CURVE('',#4685,#4707,#5739,.T.);
#3688=EDGE_CURVE('',#4705,#4684,#5740,.T.);
#3689=EDGE_CURVE('',#4708,#4709,#5741,.T.);
#3690=EDGE_CURVE('',#4710,#4708,#5742,.T.);
#3691=EDGE_CURVE('',#4711,#4710,#5743,.T.);
#3692=EDGE_CURVE('',#4687,#4711,#5744,.T.);
#3693=EDGE_CURVE('',#4709,#4686,#5745,.T.);
#3694=EDGE_CURVE('',#4712,#4713,#5746,.T.);
#3695=EDGE_CURVE('',#4714,#4712,#5747,.T.);
#3696=EDGE_CURVE('',#4715,#4714,#5748,.T.);
#3697=EDGE_CURVE('',#4689,#4715,#5749,.T.);
#3698=EDGE_CURVE('',#4713,#4688,#5750,.T.);
#3699=EDGE_CURVE('',#4716,#4717,#5751,.T.);
#3700=EDGE_CURVE('',#4718,#4716,#5752,.T.);
#3701=EDGE_CURVE('',#4719,#4718,#5753,.T.);
#3702=EDGE_CURVE('',#4691,#4719,#5754,.T.);
#3703=EDGE_CURVE('',#4717,#4690,#5755,.T.);
#3704=EDGE_CURVE('',#4720,#4721,#5756,.T.);
#3705=EDGE_CURVE('',#4579,#4720,#5757,.T.);
#3706=EDGE_CURVE('',#4693,#4578,#5758,.T.);
#3707=EDGE_CURVE('',#4721,#4692,#5759,.T.);
#3708=EDGE_CURVE('',#4722,#4604,#5760,.T.);
#3709=EDGE_CURVE('',#4722,#4694,#170,.T.);
#3710=EDGE_CURVE('',#4696,#4723,#171,.T.);
#3711=EDGE_CURVE('',#4724,#4723,#5761,.T.);
#3712=EDGE_CURVE('',#4724,#4698,#172,.T.);
#3713=EDGE_CURVE('',#4700,#4725,#173,.T.);
#3714=EDGE_CURVE('',#4726,#4725,#5762,.T.);
#3715=EDGE_CURVE('',#4726,#4702,#174,.T.);
#3716=EDGE_CURVE('',#4704,#4727,#175,.T.);
#3717=EDGE_CURVE('',#4728,#4727,#5763,.T.);
#3718=EDGE_CURVE('',#4728,#4706,#176,.T.);
#3719=EDGE_CURVE('',#4708,#4729,#177,.T.);
#3720=EDGE_CURVE('',#4730,#4729,#5764,.T.);
#3721=EDGE_CURVE('',#4730,#4710,#178,.T.);
#3722=EDGE_CURVE('',#4712,#4731,#179,.T.);
#3723=EDGE_CURVE('',#4732,#4731,#5765,.T.);
#3724=EDGE_CURVE('',#4732,#4714,#180,.T.);
#3725=EDGE_CURVE('',#4716,#4733,#181,.T.);
#3726=EDGE_CURVE('',#4734,#4733,#5766,.T.);
#3727=EDGE_CURVE('',#4734,#4718,#182,.T.);
#3728=EDGE_CURVE('',#4720,#4735,#183,.T.);
#3729=EDGE_CURVE('',#4580,#4735,#5767,.T.);
#3730=EDGE_CURVE('',#4722,#4736,#5768,.T.);
#3731=EDGE_CURVE('',#4736,#4603,#5769,.T.);
#3732=EDGE_CURVE('',#4737,#4723,#5770,.T.);
#3733=EDGE_CURVE('',#4738,#4737,#5771,.T.);
#3734=EDGE_CURVE('',#4724,#4738,#5772,.T.);
#3735=EDGE_CURVE('',#4739,#4725,#5773,.T.);
#3736=EDGE_CURVE('',#4740,#4739,#5774,.T.);
#3737=EDGE_CURVE('',#4726,#4740,#5775,.T.);
#3738=EDGE_CURVE('',#4741,#4727,#5776,.T.);
#3739=EDGE_CURVE('',#4742,#4741,#5777,.T.);
#3740=EDGE_CURVE('',#4728,#4742,#5778,.T.);
#3741=EDGE_CURVE('',#4743,#4729,#5779,.T.);
#3742=EDGE_CURVE('',#4744,#4743,#5780,.T.);
#3743=EDGE_CURVE('',#4730,#4744,#5781,.T.);
#3744=EDGE_CURVE('',#4745,#4731,#5782,.T.);
#3745=EDGE_CURVE('',#4746,#4745,#5783,.T.);
#3746=EDGE_CURVE('',#4732,#4746,#5784,.T.);
#3747=EDGE_CURVE('',#4747,#4733,#5785,.T.);
#3748=EDGE_CURVE('',#4748,#4747,#5786,.T.);
#3749=EDGE_CURVE('',#4734,#4748,#5787,.T.);
#3750=EDGE_CURVE('',#4749,#4735,#5788,.T.);
#3751=EDGE_CURVE('',#4581,#4749,#5789,.T.);
#3752=EDGE_CURVE('',#4736,#4514,#184,.T.);
#3753=EDGE_CURVE('',#4572,#4737,#185,.T.);
#3754=EDGE_CURVE('',#4738,#4571,#186,.T.);
#3755=EDGE_CURVE('',#4568,#4739,#187,.T.);
#3756=EDGE_CURVE('',#4740,#4567,#188,.T.);
#3757=EDGE_CURVE('',#4564,#4741,#189,.T.);
#3758=EDGE_CURVE('',#4742,#4563,#190,.T.);
#3759=EDGE_CURVE('',#4560,#4743,#191,.T.);
#3760=EDGE_CURVE('',#4744,#4559,#192,.T.);
#3761=EDGE_CURVE('',#4556,#4745,#193,.T.);
#3762=EDGE_CURVE('',#4746,#4555,#194,.T.);
#3763=EDGE_CURVE('',#4552,#4747,#195,.T.);
#3764=EDGE_CURVE('',#4748,#4551,#196,.T.);
#3765=EDGE_CURVE('',#4548,#4749,#197,.T.);
#3766=EDGE_CURVE('',#4750,#4599,#5790,.T.);
#3767=EDGE_CURVE('',#4751,#4750,#5791,.T.);
#3768=EDGE_CURVE('',#4752,#4751,#5792,.T.);
#3769=EDGE_CURVE('',#4753,#4752,#5793,.T.);
#3770=EDGE_CURVE('',#4753,#4600,#5794,.T.);
#3771=EDGE_CURVE('',#4585,#4754,#5795,.T.);
#3772=EDGE_CURVE('',#4584,#4755,#5796,.T.);
#3773=EDGE_CURVE('',#4756,#4755,#5797,.T.);
#3774=EDGE_CURVE('',#4757,#4756,#5798,.T.);
#3775=EDGE_CURVE('',#4754,#4757,#5799,.T.);
#3776=EDGE_CURVE('',#4758,#4759,#5800,.T.);
#3777=EDGE_CURVE('',#4758,#4760,#5801,.T.);
#3778=EDGE_CURVE('',#4761,#4760,#5802,.T.);
#3779=EDGE_CURVE('',#4762,#4761,#5803,.T.);
#3780=EDGE_CURVE('',#4763,#4762,#5804,.T.);
#3781=EDGE_CURVE('',#4759,#4763,#5805,.T.);
#3782=EDGE_CURVE('',#4764,#4765,#5806,.T.);
#3783=EDGE_CURVE('',#4764,#4766,#5807,.T.);
#3784=EDGE_CURVE('',#4767,#4766,#5808,.T.);
#3785=EDGE_CURVE('',#4768,#4767,#5809,.T.);
#3786=EDGE_CURVE('',#4769,#4768,#5810,.T.);
#3787=EDGE_CURVE('',#4765,#4769,#5811,.T.);
#3788=EDGE_CURVE('',#4770,#4771,#5812,.T.);
#3789=EDGE_CURVE('',#4770,#4772,#5813,.T.);
#3790=EDGE_CURVE('',#4773,#4772,#5814,.T.);
#3791=EDGE_CURVE('',#4774,#4773,#5815,.T.);
#3792=EDGE_CURVE('',#4775,#4774,#5816,.T.);
#3793=EDGE_CURVE('',#4771,#4775,#5817,.T.);
#3794=EDGE_CURVE('',#4776,#4777,#5818,.T.);
#3795=EDGE_CURVE('',#4776,#4778,#5819,.T.);
#3796=EDGE_CURVE('',#4779,#4778,#5820,.T.);
#3797=EDGE_CURVE('',#4780,#4779,#5821,.T.);
#3798=EDGE_CURVE('',#4781,#4780,#5822,.T.);
#3799=EDGE_CURVE('',#4777,#4781,#5823,.T.);
#3800=EDGE_CURVE('',#4782,#4783,#5824,.T.);
#3801=EDGE_CURVE('',#4782,#4784,#5825,.T.);
#3802=EDGE_CURVE('',#4785,#4784,#5826,.T.);
#3803=EDGE_CURVE('',#4786,#4785,#5827,.T.);
#3804=EDGE_CURVE('',#4787,#4786,#5828,.T.);
#3805=EDGE_CURVE('',#4783,#4787,#5829,.T.);
#3806=EDGE_CURVE('',#4788,#4789,#5830,.T.);
#3807=EDGE_CURVE('',#4788,#4790,#5831,.T.);
#3808=EDGE_CURVE('',#4791,#4790,#5832,.T.);
#3809=EDGE_CURVE('',#4792,#4791,#5833,.T.);
#3810=EDGE_CURVE('',#4793,#4792,#5834,.T.);
#3811=EDGE_CURVE('',#4789,#4793,#5835,.T.);
#3812=EDGE_CURVE('',#4750,#4794,#5836,.T.);
#3813=EDGE_CURVE('',#4795,#4794,#5837,.T.);
#3814=EDGE_CURVE('',#4751,#4795,#5838,.T.);
#3815=EDGE_CURVE('',#4754,#4796,#5839,.T.);
#3816=EDGE_CURVE('',#4757,#4797,#5840,.T.);
#3817=EDGE_CURVE('',#4796,#4797,#5841,.T.);
#3818=EDGE_CURVE('',#4763,#4798,#5842,.T.);
#3819=EDGE_CURVE('',#4762,#4799,#5843,.T.);
#3820=EDGE_CURVE('',#4798,#4799,#5844,.T.);
#3821=EDGE_CURVE('',#4769,#4800,#5845,.T.);
#3822=EDGE_CURVE('',#4768,#4801,#5846,.T.);
#3823=EDGE_CURVE('',#4800,#4801,#5847,.T.);
#3824=EDGE_CURVE('',#4775,#4802,#5848,.T.);
#3825=EDGE_CURVE('',#4774,#4803,#5849,.T.);
#3826=EDGE_CURVE('',#4802,#4803,#5850,.T.);
#3827=EDGE_CURVE('',#4781,#4804,#5851,.T.);
#3828=EDGE_CURVE('',#4780,#4805,#5852,.T.);
#3829=EDGE_CURVE('',#4804,#4805,#5853,.T.);
#3830=EDGE_CURVE('',#4787,#4806,#5854,.T.);
#3831=EDGE_CURVE('',#4786,#4807,#5855,.T.);
#3832=EDGE_CURVE('',#4806,#4807,#5856,.T.);
#3833=EDGE_CURVE('',#4793,#4808,#5857,.T.);
#3834=EDGE_CURVE('',#4792,#4809,#5858,.T.);
#3835=EDGE_CURVE('',#4808,#4809,#5859,.T.);
#3836=EDGE_CURVE('',#4598,#4794,#5860,.T.);
#3837=EDGE_CURVE('',#4810,#4597,#5861,.T.);
#3838=EDGE_CURVE('',#4811,#4810,#5862,.T.);
#3839=EDGE_CURVE('',#4795,#4811,#5863,.T.);
#3840=EDGE_CURVE('',#4796,#4586,#5864,.T.);
#3841=EDGE_CURVE('',#4812,#4797,#5865,.T.);
#3842=EDGE_CURVE('',#4813,#4812,#5866,.T.);
#3843=EDGE_CURVE('',#4587,#4813,#5867,.T.);
#3844=EDGE_CURVE('',#4814,#4815,#5868,.T.);
#3845=EDGE_CURVE('',#4798,#4814,#5869,.T.);
#3846=EDGE_CURVE('',#4816,#4799,#5870,.T.);
#3847=EDGE_CURVE('',#4817,#4816,#5871,.T.);
#3848=EDGE_CURVE('',#4815,#4817,#5872,.T.);
#3849=EDGE_CURVE('',#4818,#4819,#5873,.T.);
#3850=EDGE_CURVE('',#4800,#4818,#5874,.T.);
#3851=EDGE_CURVE('',#4820,#4801,#5875,.T.);
#3852=EDGE_CURVE('',#4821,#4820,#5876,.T.);
#3853=EDGE_CURVE('',#4819,#4821,#5877,.T.);
#3854=EDGE_CURVE('',#4822,#4823,#5878,.T.);
#3855=EDGE_CURVE('',#4802,#4822,#5879,.T.);
#3856=EDGE_CURVE('',#4824,#4803,#5880,.T.);
#3857=EDGE_CURVE('',#4825,#4824,#5881,.T.);
#3858=EDGE_CURVE('',#4823,#4825,#5882,.T.);
#3859=EDGE_CURVE('',#4826,#4827,#5883,.T.);
#3860=EDGE_CURVE('',#4804,#4826,#5884,.T.);
#3861=EDGE_CURVE('',#4828,#4805,#5885,.T.);
#3862=EDGE_CURVE('',#4829,#4828,#5886,.T.);
#3863=EDGE_CURVE('',#4827,#4829,#5887,.T.);
#3864=EDGE_CURVE('',#4830,#4831,#5888,.T.);
#3865=EDGE_CURVE('',#4806,#4830,#5889,.T.);
#3866=EDGE_CURVE('',#4832,#4807,#5890,.T.);
#3867=EDGE_CURVE('',#4833,#4832,#5891,.T.);
#3868=EDGE_CURVE('',#4831,#4833,#5892,.T.);
#3869=EDGE_CURVE('',#4834,#4835,#5893,.T.);
#3870=EDGE_CURVE('',#4808,#4834,#5894,.T.);
#3871=EDGE_CURVE('',#4836,#4809,#5895,.T.);
#3872=EDGE_CURVE('',#4837,#4836,#5896,.T.);
#3873=EDGE_CURVE('',#4835,#4837,#5897,.T.);
#3874=EDGE_CURVE('',#4838,#4813,#198,.T.);
#3875=EDGE_CURVE('',#4588,#4838,#5898,.T.);
#3876=EDGE_CURVE('',#4815,#4839,#199,.T.);
#3877=EDGE_CURVE('',#4840,#4817,#200,.T.);
#3878=EDGE_CURVE('',#4839,#4840,#5899,.T.);
#3879=EDGE_CURVE('',#4819,#4841,#201,.T.);
#3880=EDGE_CURVE('',#4842,#4821,#202,.T.);
#3881=EDGE_CURVE('',#4841,#4842,#5900,.T.);
#3882=EDGE_CURVE('',#4823,#4843,#203,.T.);
#3883=EDGE_CURVE('',#4844,#4825,#204,.T.);
#3884=EDGE_CURVE('',#4843,#4844,#5901,.T.);
#3885=EDGE_CURVE('',#4827,#4845,#205,.T.);
#3886=EDGE_CURVE('',#4846,#4829,#206,.T.);
#3887=EDGE_CURVE('',#4845,#4846,#5902,.T.);
#3888=EDGE_CURVE('',#4831,#4847,#207,.T.);
#3889=EDGE_CURVE('',#4848,#4833,#208,.T.);
#3890=EDGE_CURVE('',#4847,#4848,#5903,.T.);
#3891=EDGE_CURVE('',#4835,#4849,#209,.T.);
#3892=EDGE_CURVE('',#4850,#4837,#210,.T.);
#3893=EDGE_CURVE('',#4849,#4850,#5904,.T.);
#3894=EDGE_CURVE('',#4810,#4851,#211,.T.);
#3895=EDGE_CURVE('',#4851,#4596,#5905,.T.);
#3896=EDGE_CURVE('',#4852,#4838,#5906,.T.);
#3897=EDGE_CURVE('',#4589,#4852,#5907,.T.);
#3898=EDGE_CURVE('',#4839,#4853,#5908,.T.);
#3899=EDGE_CURVE('',#4854,#4840,#5909,.T.);
#3900=EDGE_CURVE('',#4853,#4854,#5910,.T.);
#3901=EDGE_CURVE('',#4841,#4855,#5911,.T.);
#3902=EDGE_CURVE('',#4856,#4842,#5912,.T.);
#3903=EDGE_CURVE('',#4855,#4856,#5913,.T.);
#3904=EDGE_CURVE('',#4843,#4857,#5914,.T.);
#3905=EDGE_CURVE('',#4858,#4844,#5915,.T.);
#3906=EDGE_CURVE('',#4857,#4858,#5916,.T.);
#3907=EDGE_CURVE('',#4845,#4859,#5917,.T.);
#3908=EDGE_CURVE('',#4860,#4846,#5918,.T.);
#3909=EDGE_CURVE('',#4859,#4860,#5919,.T.);
#3910=EDGE_CURVE('',#4847,#4861,#5920,.T.);
#3911=EDGE_CURVE('',#4862,#4848,#5921,.T.);
#3912=EDGE_CURVE('',#4861,#4862,#5922,.T.);
#3913=EDGE_CURVE('',#4849,#4863,#5923,.T.);
#3914=EDGE_CURVE('',#4864,#4850,#5924,.T.);
#3915=EDGE_CURVE('',#4863,#4864,#5925,.T.);
#3916=EDGE_CURVE('',#4851,#4865,#5926,.T.);
#3917=EDGE_CURVE('',#4865,#4595,#5927,.T.);
#3918=EDGE_CURVE('',#4852,#4484,#212,.T.);
#3919=EDGE_CURVE('',#4487,#4853,#213,.T.);
#3920=EDGE_CURVE('',#4854,#4488,#214,.T.);
#3921=EDGE_CURVE('',#4491,#4855,#215,.T.);
#3922=EDGE_CURVE('',#4856,#4492,#216,.T.);
#3923=EDGE_CURVE('',#4495,#4857,#217,.T.);
#3924=EDGE_CURVE('',#4858,#4496,#218,.T.);
#3925=EDGE_CURVE('',#4499,#4859,#219,.T.);
#3926=EDGE_CURVE('',#4860,#4500,#220,.T.);
#3927=EDGE_CURVE('',#4503,#4861,#221,.T.);
#3928=EDGE_CURVE('',#4862,#4504,#222,.T.);
#3929=EDGE_CURVE('',#4507,#4863,#223,.T.);
#3930=EDGE_CURVE('',#4864,#4508,#224,.T.);
#3931=EDGE_CURVE('',#4511,#4865,#225,.T.);
#3932=EDGE_CURVE('',#4866,#4545,#226,.T.);
#3933=EDGE_CURVE('',#4582,#4866,#5928,.T.);
#3934=EDGE_CURVE('',#4542,#4867,#227,.T.);
#3935=EDGE_CURVE('',#4868,#4541,#228,.T.);
#3936=EDGE_CURVE('',#4867,#4868,#5929,.T.);
#3937=EDGE_CURVE('',#4538,#4869,#229,.T.);
#3938=EDGE_CURVE('',#4870,#4537,#230,.T.);
#3939=EDGE_CURVE('',#4869,#4870,#5930,.T.);
#3940=EDGE_CURVE('',#4534,#4871,#231,.T.);
#3941=EDGE_CURVE('',#4872,#4533,#232,.T.);
#3942=EDGE_CURVE('',#4871,#4872,#5931,.T.);
#3943=EDGE_CURVE('',#4530,#4873,#233,.T.);
#3944=EDGE_CURVE('',#4874,#4529,#234,.T.);
#3945=EDGE_CURVE('',#4873,#4874,#5932,.T.);
#3946=EDGE_CURVE('',#4526,#4875,#235,.T.);
#3947=EDGE_CURVE('',#4876,#4525,#236,.T.);
#3948=EDGE_CURVE('',#4875,#4876,#5933,.T.);
#3949=EDGE_CURVE('',#4522,#4877,#237,.T.);
#3950=EDGE_CURVE('',#4878,#4521,#238,.T.);
#3951=EDGE_CURVE('',#4877,#4878,#5934,.T.);
#3952=EDGE_CURVE('',#4518,#4879,#239,.T.);
#3953=EDGE_CURVE('',#4879,#4602,#5935,.T.);
#3954=EDGE_CURVE('',#4880,#4866,#5936,.T.);
#3955=EDGE_CURVE('',#4583,#4880,#5937,.T.);
#3956=EDGE_CURVE('',#4867,#4881,#5938,.T.);
#3957=EDGE_CURVE('',#4882,#4868,#5939,.T.);
#3958=EDGE_CURVE('',#4881,#4882,#5940,.T.);
#3959=EDGE_CURVE('',#4869,#4883,#5941,.T.);
#3960=EDGE_CURVE('',#4884,#4870,#5942,.T.);
#3961=EDGE_CURVE('',#4883,#4884,#5943,.T.);
#3962=EDGE_CURVE('',#4871,#4885,#5944,.T.);
#3963=EDGE_CURVE('',#4886,#4872,#5945,.T.);
#3964=EDGE_CURVE('',#4885,#4886,#5946,.T.);
#3965=EDGE_CURVE('',#4873,#4887,#5947,.T.);
#3966=EDGE_CURVE('',#4888,#4874,#5948,.T.);
#3967=EDGE_CURVE('',#4887,#4888,#5949,.T.);
#3968=EDGE_CURVE('',#4875,#4889,#5950,.T.);
#3969=EDGE_CURVE('',#4890,#4876,#5951,.T.);
#3970=EDGE_CURVE('',#4889,#4890,#5952,.T.);
#3971=EDGE_CURVE('',#4877,#4891,#5953,.T.);
#3972=EDGE_CURVE('',#4892,#4878,#5954,.T.);
#3973=EDGE_CURVE('',#4891,#4892,#5955,.T.);
#3974=EDGE_CURVE('',#4879,#4893,#5956,.T.);
#3975=EDGE_CURVE('',#4893,#4601,#5957,.T.);
#3976=EDGE_CURVE('',#4880,#4755,#240,.T.);
#3977=EDGE_CURVE('',#4758,#4881,#241,.T.);
#3978=EDGE_CURVE('',#4882,#4760,#242,.T.);
#3979=EDGE_CURVE('',#4764,#4883,#243,.T.);
#3980=EDGE_CURVE('',#4884,#4766,#244,.T.);
#3981=EDGE_CURVE('',#4770,#4885,#245,.T.);
#3982=EDGE_CURVE('',#4886,#4772,#246,.T.);
#3983=EDGE_CURVE('',#4776,#4887,#247,.T.);
#3984=EDGE_CURVE('',#4888,#4778,#248,.T.);
#3985=EDGE_CURVE('',#4782,#4889,#249,.T.);
#3986=EDGE_CURVE('',#4890,#4784,#250,.T.);
#3987=EDGE_CURVE('',#4788,#4891,#251,.T.);
#3988=EDGE_CURVE('',#4892,#4790,#252,.T.);
#3989=EDGE_CURVE('',#4753,#4893,#253,.T.);
#3990=EDGE_CURVE('',#4791,#4836,#5958,.T.);
#3991=EDGE_CURVE('',#4520,#4509,#5959,.T.);
#3992=EDGE_CURVE('',#4519,#4510,#5960,.T.);
#3993=EDGE_CURVE('',#4752,#4811,#5961,.T.);
#3994=EDGE_CURVE('',#4785,#4832,#5962,.T.);
#3995=EDGE_CURVE('',#4524,#4505,#5963,.T.);
#3996=EDGE_CURVE('',#4523,#4506,#5964,.T.);
#3997=EDGE_CURVE('',#4789,#4834,#5965,.T.);
#3998=EDGE_CURVE('',#4779,#4828,#5966,.T.);
#3999=EDGE_CURVE('',#4528,#4501,#5967,.T.);
#4000=EDGE_CURVE('',#4527,#4502,#5968,.T.);
#4001=EDGE_CURVE('',#4783,#4830,#5969,.T.);
#4002=EDGE_CURVE('',#4773,#4824,#5970,.T.);
#4003=EDGE_CURVE('',#4532,#4497,#5971,.T.);
#4004=EDGE_CURVE('',#4531,#4498,#5972,.T.);
#4005=EDGE_CURVE('',#4777,#4826,#5973,.T.);
#4006=EDGE_CURVE('',#4767,#4820,#5974,.T.);
#4007=EDGE_CURVE('',#4536,#4493,#5975,.T.);
#4008=EDGE_CURVE('',#4535,#4494,#5976,.T.);
#4009=EDGE_CURVE('',#4771,#4822,#5977,.T.);
#4010=EDGE_CURVE('',#4761,#4816,#5978,.T.);
#4011=EDGE_CURVE('',#4540,#4489,#5979,.T.);
#4012=EDGE_CURVE('',#4539,#4490,#5980,.T.);
#4013=EDGE_CURVE('',#4765,#4818,#5981,.T.);
#4014=EDGE_CURVE('',#4756,#4812,#5982,.T.);
#4015=EDGE_CURVE('',#4759,#4814,#5983,.T.);
#4016=EDGE_CURVE('',#4544,#4485,#5984,.T.);
#4017=EDGE_CURVE('',#4543,#4486,#5985,.T.);
#4018=EDGE_CURVE('',#4719,#4674,#5986,.T.);
#4019=EDGE_CURVE('',#4550,#4479,#5987,.T.);
#4020=EDGE_CURVE('',#4549,#4480,#5988,.T.);
#4021=EDGE_CURVE('',#4721,#4675,#5989,.T.);
#4022=EDGE_CURVE('',#4715,#4670,#5990,.T.);
#4023=EDGE_CURVE('',#4554,#4475,#5991,.T.);
#4024=EDGE_CURVE('',#4553,#4476,#5992,.T.);
#4025=EDGE_CURVE('',#4717,#4671,#5993,.T.);
#4026=EDGE_CURVE('',#4711,#4666,#5994,.T.);
#4027=EDGE_CURVE('',#4558,#4471,#5995,.T.);
#4028=EDGE_CURVE('',#4557,#4472,#5996,.T.);
#4029=EDGE_CURVE('',#4713,#4667,#5997,.T.);
#4030=EDGE_CURVE('',#4707,#4662,#5998,.T.);
#4031=EDGE_CURVE('',#4562,#4467,#5999,.T.);
#4032=EDGE_CURVE('',#4561,#4468,#6000,.T.);
#4033=EDGE_CURVE('',#4709,#4663,#6001,.T.);
#4034=EDGE_CURVE('',#4703,#4658,#6002,.T.);
#4035=EDGE_CURVE('',#4566,#4463,#6003,.T.);
#4036=EDGE_CURVE('',#4565,#4464,#6004,.T.);
#4037=EDGE_CURVE('',#4705,#4659,#6005,.T.);
#4038=EDGE_CURVE('',#4699,#4654,#6006,.T.);
#4039=EDGE_CURVE('',#4570,#4459,#6007,.T.);
#4040=EDGE_CURVE('',#4569,#4460,#6008,.T.);
#4041=EDGE_CURVE('',#4701,#4655,#6009,.T.);
#4042=EDGE_CURVE('',#4695,#4650,#6010,.T.);
#4043=EDGE_CURVE('',#4515,#4454,#6011,.T.);
#4044=EDGE_CURVE('',#4573,#4456,#6012,.T.);
#4045=EDGE_CURVE('',#4697,#4651,#6013,.T.);
#4046=VERTEX_POINT('',#11823);
#4047=VERTEX_POINT('',#11824);
#4048=VERTEX_POINT('',#11826);
#4049=VERTEX_POINT('',#11828);
#4050=VERTEX_POINT('',#11832);
#4051=VERTEX_POINT('',#11833);
#4052=VERTEX_POINT('',#11835);
#4053=VERTEX_POINT('',#11837);
#4054=VERTEX_POINT('',#11841);
#4055=VERTEX_POINT('',#11842);
#4056=VERTEX_POINT('',#11844);
#4057=VERTEX_POINT('',#11846);
#4058=VERTEX_POINT('',#11850);
#4059=VERTEX_POINT('',#11851);
#4060=VERTEX_POINT('',#11853);
#4061=VERTEX_POINT('',#11855);
#4062=VERTEX_POINT('',#11859);
#4063=VERTEX_POINT('',#11860);
#4064=VERTEX_POINT('',#11862);
#4065=VERTEX_POINT('',#11864);
#4066=VERTEX_POINT('',#11868);
#4067=VERTEX_POINT('',#11869);
#4068=VERTEX_POINT('',#11871);
#4069=VERTEX_POINT('',#11873);
#4070=VERTEX_POINT('',#11877);
#4071=VERTEX_POINT('',#11878);
#4072=VERTEX_POINT('',#11880);
#4073=VERTEX_POINT('',#11882);
#4074=VERTEX_POINT('',#11886);
#4075=VERTEX_POINT('',#11887);
#4076=VERTEX_POINT('',#11889);
#4077=VERTEX_POINT('',#11891);
#4078=VERTEX_POINT('',#11895);
#4079=VERTEX_POINT('',#11896);
#4080=VERTEX_POINT('',#11898);
#4081=VERTEX_POINT('',#11900);
#4082=VERTEX_POINT('',#11904);
#4083=VERTEX_POINT('',#11905);
#4084=VERTEX_POINT('',#11907);
#4085=VERTEX_POINT('',#11909);
#4086=VERTEX_POINT('',#11913);
#4087=VERTEX_POINT('',#11914);
#4088=VERTEX_POINT('',#11916);
#4089=VERTEX_POINT('',#11918);
#4090=VERTEX_POINT('',#11922);
#4091=VERTEX_POINT('',#11923);
#4092=VERTEX_POINT('',#11925);
#4093=VERTEX_POINT('',#11927);
#4094=VERTEX_POINT('',#11931);
#4095=VERTEX_POINT('',#11932);
#4096=VERTEX_POINT('',#11934);
#4097=VERTEX_POINT('',#11936);
#4098=VERTEX_POINT('',#11940);
#4099=VERTEX_POINT('',#11941);
#4100=VERTEX_POINT('',#11943);
#4101=VERTEX_POINT('',#11945);
#4102=VERTEX_POINT('',#11949);
#4103=VERTEX_POINT('',#11950);
#4104=VERTEX_POINT('',#11952);
#4105=VERTEX_POINT('',#11954);
#4106=VERTEX_POINT('',#11958);
#4107=VERTEX_POINT('',#11959);
#4108=VERTEX_POINT('',#11961);
#4109=VERTEX_POINT('',#11963);
#4110=VERTEX_POINT('',#11967);
#4111=VERTEX_POINT('',#11968);
#4112=VERTEX_POINT('',#11970);
#4113=VERTEX_POINT('',#11972);
#4114=VERTEX_POINT('',#11976);
#4115=VERTEX_POINT('',#11977);
#4116=VERTEX_POINT('',#11979);
#4117=VERTEX_POINT('',#11981);
#4118=VERTEX_POINT('',#11985);
#4119=VERTEX_POINT('',#11987);
#4120=VERTEX_POINT('',#11989);
#4121=VERTEX_POINT('',#11991);
#4122=VERTEX_POINT('',#11993);
#4123=VERTEX_POINT('',#11995);
#4124=VERTEX_POINT('',#11998);
#4125=VERTEX_POINT('',#12000);
#4126=VERTEX_POINT('',#12002);
#4127=VERTEX_POINT('',#12004);
#4128=VERTEX_POINT('',#12006);
#4129=VERTEX_POINT('',#12008);
#4130=VERTEX_POINT('',#12011);
#4131=VERTEX_POINT('',#12013);
#4132=VERTEX_POINT('',#12015);
#4133=VERTEX_POINT('',#12017);
#4134=VERTEX_POINT('',#12019);
#4135=VERTEX_POINT('',#12021);
#4136=VERTEX_POINT('',#12024);
#4137=VERTEX_POINT('',#12026);
#4138=VERTEX_POINT('',#12028);
#4139=VERTEX_POINT('',#12030);
#4140=VERTEX_POINT('',#12032);
#4141=VERTEX_POINT('',#12034);
#4142=VERTEX_POINT('',#12037);
#4143=VERTEX_POINT('',#12039);
#4144=VERTEX_POINT('',#12041);
#4145=VERTEX_POINT('',#12043);
#4146=VERTEX_POINT('',#12045);
#4147=VERTEX_POINT('',#12047);
#4148=VERTEX_POINT('',#12050);
#4149=VERTEX_POINT('',#12052);
#4150=VERTEX_POINT('',#12054);
#4151=VERTEX_POINT('',#12056);
#4152=VERTEX_POINT('',#12058);
#4153=VERTEX_POINT('',#12060);
#4154=VERTEX_POINT('',#12063);
#4155=VERTEX_POINT('',#12065);
#4156=VERTEX_POINT('',#12067);
#4157=VERTEX_POINT('',#12069);
#4158=VERTEX_POINT('',#12071);
#4159=VERTEX_POINT('',#12073);
#4160=VERTEX_POINT('',#12076);
#4161=VERTEX_POINT('',#12078);
#4162=VERTEX_POINT('',#12080);
#4163=VERTEX_POINT('',#12082);
#4164=VERTEX_POINT('',#12084);
#4165=VERTEX_POINT('',#12086);
#4166=VERTEX_POINT('',#12089);
#4167=VERTEX_POINT('',#12091);
#4168=VERTEX_POINT('',#12095);
#4169=VERTEX_POINT('',#12097);
#4170=VERTEX_POINT('',#12099);
#4171=VERTEX_POINT('',#12101);
#4172=VERTEX_POINT('',#12103);
#4173=VERTEX_POINT('',#12105);
#4174=VERTEX_POINT('',#12107);
#4175=VERTEX_POINT('',#12109);
#4176=VERTEX_POINT('',#12111);
#4177=VERTEX_POINT('',#12113);
#4178=VERTEX_POINT('',#12115);
#4179=VERTEX_POINT('',#12117);
#4180=VERTEX_POINT('',#12119);
#4181=VERTEX_POINT('',#12121);
#4182=VERTEX_POINT('',#12123);
#4183=VERTEX_POINT('',#12125);
#4184=VERTEX_POINT('',#12127);
#4185=VERTEX_POINT('',#12129);
#4186=VERTEX_POINT('',#12131);
#4187=VERTEX_POINT('',#12134);
#4188=VERTEX_POINT('',#12136);
#4189=VERTEX_POINT('',#12138);
#4190=VERTEX_POINT('',#12140);
#4191=VERTEX_POINT('',#12142);
#4192=VERTEX_POINT('',#12144);
#4193=VERTEX_POINT('',#12147);
#4194=VERTEX_POINT('',#12149);
#4195=VERTEX_POINT('',#12151);
#4196=VERTEX_POINT('',#12153);
#4197=VERTEX_POINT('',#12155);
#4198=VERTEX_POINT('',#12157);
#4199=VERTEX_POINT('',#12160);
#4200=VERTEX_POINT('',#12162);
#4201=VERTEX_POINT('',#12164);
#4202=VERTEX_POINT('',#12166);
#4203=VERTEX_POINT('',#12168);
#4204=VERTEX_POINT('',#12170);
#4205=VERTEX_POINT('',#12173);
#4206=VERTEX_POINT('',#12175);
#4207=VERTEX_POINT('',#12177);
#4208=VERTEX_POINT('',#12179);
#4209=VERTEX_POINT('',#12181);
#4210=VERTEX_POINT('',#12183);
#4211=VERTEX_POINT('',#12186);
#4212=VERTEX_POINT('',#12188);
#4213=VERTEX_POINT('',#12190);
#4214=VERTEX_POINT('',#12192);
#4215=VERTEX_POINT('',#12194);
#4216=VERTEX_POINT('',#12196);
#4217=VERTEX_POINT('',#12199);
#4218=VERTEX_POINT('',#12201);
#4219=VERTEX_POINT('',#12203);
#4220=VERTEX_POINT('',#12205);
#4221=VERTEX_POINT('',#12207);
#4222=VERTEX_POINT('',#12209);
#4223=VERTEX_POINT('',#12212);
#4224=VERTEX_POINT('',#12214);
#4225=VERTEX_POINT('',#12216);
#4226=VERTEX_POINT('',#12218);
#4227=VERTEX_POINT('',#12220);
#4228=VERTEX_POINT('',#12222);
#4229=VERTEX_POINT('',#12225);
#4230=VERTEX_POINT('',#12227);
#4231=VERTEX_POINT('',#12229);
#4232=VERTEX_POINT('',#12231);
#4233=VERTEX_POINT('',#12233);
#4234=VERTEX_POINT('',#12237);
#4235=VERTEX_POINT('',#12239);
#4236=VERTEX_POINT('',#12243);
#4237=VERTEX_POINT('',#12244);
#4238=VERTEX_POINT('',#12246);
#4239=VERTEX_POINT('',#12248);
#4240=VERTEX_POINT('',#12252);
#4241=VERTEX_POINT('',#12253);
#4242=VERTEX_POINT('',#12258);
#4243=VERTEX_POINT('',#12259);
#4244=VERTEX_POINT('',#12261);
#4245=VERTEX_POINT('',#12263);
#4246=VERTEX_POINT('',#12267);
#4247=VERTEX_POINT('',#12268);
#4248=VERTEX_POINT('',#12273);
#4249=VERTEX_POINT('',#12274);
#4250=VERTEX_POINT('',#12276);
#4251=VERTEX_POINT('',#12278);
#4252=VERTEX_POINT('',#12282);
#4253=VERTEX_POINT('',#12283);
#4254=VERTEX_POINT('',#12288);
#4255=VERTEX_POINT('',#12289);
#4256=VERTEX_POINT('',#12291);
#4257=VERTEX_POINT('',#12293);
#4258=VERTEX_POINT('',#12297);
#4259=VERTEX_POINT('',#12298);
#4260=VERTEX_POINT('',#12303);
#4261=VERTEX_POINT('',#12304);
#4262=VERTEX_POINT('',#12306);
#4263=VERTEX_POINT('',#12308);
#4264=VERTEX_POINT('',#12312);
#4265=VERTEX_POINT('',#12313);
#4266=VERTEX_POINT('',#12318);
#4267=VERTEX_POINT('',#12319);
#4268=VERTEX_POINT('',#12321);
#4269=VERTEX_POINT('',#12323);
#4270=VERTEX_POINT('',#12327);
#4271=VERTEX_POINT('',#12328);
#4272=VERTEX_POINT('',#12333);
#4273=VERTEX_POINT('',#12334);
#4274=VERTEX_POINT('',#12336);
#4275=VERTEX_POINT('',#12338);
#4276=VERTEX_POINT('',#12342);
#4277=VERTEX_POINT('',#12343);
#4278=VERTEX_POINT('',#12348);
#4279=VERTEX_POINT('',#12349);
#4280=VERTEX_POINT('',#12351);
#4281=VERTEX_POINT('',#12353);
#4282=VERTEX_POINT('',#12357);
#4283=VERTEX_POINT('',#12358);
#4284=VERTEX_POINT('',#12363);
#4285=VERTEX_POINT('',#12364);
#4286=VERTEX_POINT('',#12369);
#4287=VERTEX_POINT('',#12370);
#4288=VERTEX_POINT('',#12372);
#4289=VERTEX_POINT('',#12374);
#4290=VERTEX_POINT('',#12378);
#4291=VERTEX_POINT('',#12380);
#4292=VERTEX_POINT('',#12384);
#4293=VERTEX_POINT('',#12385);
#4294=VERTEX_POINT('',#12387);
#4295=VERTEX_POINT('',#12389);
#4296=VERTEX_POINT('',#12393);
#4297=VERTEX_POINT('',#12395);
#4298=VERTEX_POINT('',#12399);
#4299=VERTEX_POINT('',#12400);
#4300=VERTEX_POINT('',#12402);
#4301=VERTEX_POINT('',#12404);
#4302=VERTEX_POINT('',#12408);
#4303=VERTEX_POINT('',#12410);
#4304=VERTEX_POINT('',#12414);
#4305=VERTEX_POINT('',#12415);
#4306=VERTEX_POINT('',#12417);
#4307=VERTEX_POINT('',#12419);
#4308=VERTEX_POINT('',#12423);
#4309=VERTEX_POINT('',#12425);
#4310=VERTEX_POINT('',#12429);
#4311=VERTEX_POINT('',#12430);
#4312=VERTEX_POINT('',#12432);
#4313=VERTEX_POINT('',#12434);
#4314=VERTEX_POINT('',#12438);
#4315=VERTEX_POINT('',#12440);
#4316=VERTEX_POINT('',#12444);
#4317=VERTEX_POINT('',#12445);
#4318=VERTEX_POINT('',#12447);
#4319=VERTEX_POINT('',#12449);
#4320=VERTEX_POINT('',#12453);
#4321=VERTEX_POINT('',#12455);
#4322=VERTEX_POINT('',#12459);
#4323=VERTEX_POINT('',#12460);
#4324=VERTEX_POINT('',#12462);
#4325=VERTEX_POINT('',#12464);
#4326=VERTEX_POINT('',#12468);
#4327=VERTEX_POINT('',#12470);
#4328=VERTEX_POINT('',#12474);
#4329=VERTEX_POINT('',#12475);
#4330=VERTEX_POINT('',#12477);
#4331=VERTEX_POINT('',#12479);
#4332=VERTEX_POINT('',#12483);
#4333=VERTEX_POINT('',#12485);
#4334=VERTEX_POINT('',#12492);
#4335=VERTEX_POINT('',#12493);
#4336=VERTEX_POINT('',#12495);
#4337=VERTEX_POINT('',#12497);
#4338=VERTEX_POINT('',#12501);
#4339=VERTEX_POINT('',#12503);
#4340=VERTEX_POINT('',#12507);
#4341=VERTEX_POINT('',#12509);
#4342=VERTEX_POINT('',#12513);
#4343=VERTEX_POINT('',#12514);
#4344=VERTEX_POINT('',#12516);
#4345=VERTEX_POINT('',#12518);
#4346=VERTEX_POINT('',#12522);
#4347=VERTEX_POINT('',#12524);
#4348=VERTEX_POINT('',#12528);
#4349=VERTEX_POINT('',#12530);
#4350=VERTEX_POINT('',#12534);
#4351=VERTEX_POINT('',#12535);
#4352=VERTEX_POINT('',#12537);
#4353=VERTEX_POINT('',#12539);
#4354=VERTEX_POINT('',#12543);
#4355=VERTEX_POINT('',#12545);
#4356=VERTEX_POINT('',#12549);
#4357=VERTEX_POINT('',#12551);
#4358=VERTEX_POINT('',#12555);
#4359=VERTEX_POINT('',#12556);
#4360=VERTEX_POINT('',#12558);
#4361=VERTEX_POINT('',#12560);
#4362=VERTEX_POINT('',#12564);
#4363=VERTEX_POINT('',#12566);
#4364=VERTEX_POINT('',#12570);
#4365=VERTEX_POINT('',#12572);
#4366=VERTEX_POINT('',#12576);
#4367=VERTEX_POINT('',#12577);
#4368=VERTEX_POINT('',#12579);
#4369=VERTEX_POINT('',#12581);
#4370=VERTEX_POINT('',#12585);
#4371=VERTEX_POINT('',#12587);
#4372=VERTEX_POINT('',#12591);
#4373=VERTEX_POINT('',#12593);
#4374=VERTEX_POINT('',#12597);
#4375=VERTEX_POINT('',#12598);
#4376=VERTEX_POINT('',#12600);
#4377=VERTEX_POINT('',#12602);
#4378=VERTEX_POINT('',#12606);
#4379=VERTEX_POINT('',#12608);
#4380=VERTEX_POINT('',#12612);
#4381=VERTEX_POINT('',#12614);
#4382=VERTEX_POINT('',#12618);
#4383=VERTEX_POINT('',#12619);
#4384=VERTEX_POINT('',#12621);
#4385=VERTEX_POINT('',#12623);
#4386=VERTEX_POINT('',#12627);
#4387=VERTEX_POINT('',#12629);
#4388=VERTEX_POINT('',#12633);
#4389=VERTEX_POINT('',#12635);
#4390=VERTEX_POINT('',#12639);
#4391=VERTEX_POINT('',#12640);
#4392=VERTEX_POINT('',#12642);
#4393=VERTEX_POINT('',#12644);
#4394=VERTEX_POINT('',#12648);
#4395=VERTEX_POINT('',#12650);
#4396=VERTEX_POINT('',#12654);
#4397=VERTEX_POINT('',#12656);
#4398=VERTEX_POINT('',#12687);
#4399=VERTEX_POINT('',#12688);
#4400=VERTEX_POINT('',#12690);
#4401=VERTEX_POINT('',#12692);
#4402=VERTEX_POINT('',#12695);
#4403=VERTEX_POINT('',#12696);
#4404=VERTEX_POINT('',#12698);
#4405=VERTEX_POINT('',#12700);
#4406=VERTEX_POINT('',#12703);
#4407=VERTEX_POINT('',#12704);
#4408=VERTEX_POINT('',#12706);
#4409=VERTEX_POINT('',#12708);
#4410=VERTEX_POINT('',#12711);
#4411=VERTEX_POINT('',#12712);
#4412=VERTEX_POINT('',#12714);
#4413=VERTEX_POINT('',#12716);
#4414=VERTEX_POINT('',#12719);
#4415=VERTEX_POINT('',#12720);
#4416=VERTEX_POINT('',#12722);
#4417=VERTEX_POINT('',#12724);
#4418=VERTEX_POINT('',#12727);
#4419=VERTEX_POINT('',#12728);
#4420=VERTEX_POINT('',#12730);
#4421=VERTEX_POINT('',#12732);
#4422=VERTEX_POINT('',#12735);
#4423=VERTEX_POINT('',#12736);
#4424=VERTEX_POINT('',#12738);
#4425=VERTEX_POINT('',#12740);
#4426=VERTEX_POINT('',#12921);
#4427=VERTEX_POINT('',#12922);
#4428=VERTEX_POINT('',#12924);
#4429=VERTEX_POINT('',#12926);
#4430=VERTEX_POINT('',#12938);
#4431=VERTEX_POINT('',#12939);
#4432=VERTEX_POINT('',#12941);
#4433=VERTEX_POINT('',#12943);
#4434=VERTEX_POINT('',#12955);
#4435=VERTEX_POINT('',#12956);
#4436=VERTEX_POINT('',#12958);
#4437=VERTEX_POINT('',#12960);
#4438=VERTEX_POINT('',#12972);
#4439=VERTEX_POINT('',#12973);
#4440=VERTEX_POINT('',#12975);
#4441=VERTEX_POINT('',#12977);
#4442=VERTEX_POINT('',#12989);
#4443=VERTEX_POINT('',#12990);
#4444=VERTEX_POINT('',#12992);
#4445=VERTEX_POINT('',#12994);
#4446=VERTEX_POINT('',#13006);
#4447=VERTEX_POINT('',#13007);
#4448=VERTEX_POINT('',#13009);
#4449=VERTEX_POINT('',#13011);
#4450=VERTEX_POINT('',#13023);
#4451=VERTEX_POINT('',#13025);
#4452=VERTEX_POINT('',#13029);
#4453=VERTEX_POINT('',#13031);
#4454=VERTEX_POINT('',#13057);
#4455=VERTEX_POINT('',#13058);
#4456=VERTEX_POINT('',#13060);
#4457=VERTEX_POINT('',#13062);
#4458=VERTEX_POINT('',#13064);
#4459=VERTEX_POINT('',#13066);
#4460=VERTEX_POINT('',#13068);
#4461=VERTEX_POINT('',#13070);
#4462=VERTEX_POINT('',#13072);
#4463=VERTEX_POINT('',#13074);
#4464=VERTEX_POINT('',#13076);
#4465=VERTEX_POINT('',#13078);
#4466=VERTEX_POINT('',#13080);
#4467=VERTEX_POINT('',#13082);
#4468=VERTEX_POINT('',#13084);
#4469=VERTEX_POINT('',#13086);
#4470=VERTEX_POINT('',#13088);
#4471=VERTEX_POINT('',#13090);
#4472=VERTEX_POINT('',#13092);
#4473=VERTEX_POINT('',#13094);
#4474=VERTEX_POINT('',#13096);
#4475=VERTEX_POINT('',#13098);
#4476=VERTEX_POINT('',#13100);
#4477=VERTEX_POINT('',#13102);
#4478=VERTEX_POINT('',#13104);
#4479=VERTEX_POINT('',#13106);
#4480=VERTEX_POINT('',#13108);
#4481=VERTEX_POINT('',#13110);
#4482=VERTEX_POINT('',#13112);
#4483=VERTEX_POINT('',#13114);
#4484=VERTEX_POINT('',#13116);
#4485=VERTEX_POINT('',#13118);
#4486=VERTEX_POINT('',#13120);
#4487=VERTEX_POINT('',#13122);
#4488=VERTEX_POINT('',#13124);
#4489=VERTEX_POINT('',#13126);
#4490=VERTEX_POINT('',#13128);
#4491=VERTEX_POINT('',#13130);
#4492=VERTEX_POINT('',#13132);
#4493=VERTEX_POINT('',#13134);
#4494=VERTEX_POINT('',#13136);
#4495=VERTEX_POINT('',#13138);
#4496=VERTEX_POINT('',#13140);
#4497=VERTEX_POINT('',#13142);
#4498=VERTEX_POINT('',#13144);
#4499=VERTEX_POINT('',#13146);
#4500=VERTEX_POINT('',#13148);
#4501=VERTEX_POINT('',#13150);
#4502=VERTEX_POINT('',#13152);
#4503=VERTEX_POINT('',#13154);
#4504=VERTEX_POINT('',#13156);
#4505=VERTEX_POINT('',#13158);
#4506=VERTEX_POINT('',#13160);
#4507=VERTEX_POINT('',#13162);
#4508=VERTEX_POINT('',#13164);
#4509=VERTEX_POINT('',#13166);
#4510=VERTEX_POINT('',#13168);
#4511=VERTEX_POINT('',#13170);
#4512=VERTEX_POINT('',#13172);
#4513=VERTEX_POINT('',#13174);
#4514=VERTEX_POINT('',#13178);
#4515=VERTEX_POINT('',#13179);
#4516=VERTEX_POINT('',#13181);
#4517=VERTEX_POINT('',#13183);
#4518=VERTEX_POINT('',#13185);
#4519=VERTEX_POINT('',#13187);
#4520=VERTEX_POINT('',#13189);
#4521=VERTEX_POINT('',#13191);
#4522=VERTEX_POINT('',#13193);
#4523=VERTEX_POINT('',#13195);
#4524=VERTEX_POINT('',#13197);
#4525=VERTEX_POINT('',#13199);
#4526=VERTEX_POINT('',#13201);
#4527=VERTEX_POINT('',#13203);
#4528=VERTEX_POINT('',#13205);
#4529=VERTEX_POINT('',#13207);
#4530=VERTEX_POINT('',#13209);
#4531=VERTEX_POINT('',#13211);
#4532=VERTEX_POINT('',#13213);
#4533=VERTEX_POINT('',#13215);
#4534=VERTEX_POINT('',#13217);
#4535=VERTEX_POINT('',#13219);
#4536=VERTEX_POINT('',#13221);
#4537=VERTEX_POINT('',#13223);
#4538=VERTEX_POINT('',#13225);
#4539=VERTEX_POINT('',#13227);
#4540=VERTEX_POINT('',#13229);
#4541=VERTEX_POINT('',#13231);
#4542=VERTEX_POINT('',#13233);
#4543=VERTEX_POINT('',#13235);
#4544=VERTEX_POINT('',#13237);
#4545=VERTEX_POINT('',#13239);
#4546=VERTEX_POINT('',#13241);
#4547=VERTEX_POINT('',#13243);
#4548=VERTEX_POINT('',#13245);
#4549=VERTEX_POINT('',#13247);
#4550=VERTEX_POINT('',#13249);
#4551=VERTEX_POINT('',#13251);
#4552=VERTEX_POINT('',#13253);
#4553=VERTEX_POINT('',#13255);
#4554=VERTEX_POINT('',#13257);
#4555=VERTEX_POINT('',#13259);
#4556=VERTEX_POINT('',#13261);
#4557=VERTEX_POINT('',#13263);
#4558=VERTEX_POINT('',#13265);
#4559=VERTEX_POINT('',#13267);
#4560=VERTEX_POINT('',#13269);
#4561=VERTEX_POINT('',#13271);
#4562=VERTEX_POINT('',#13273);
#4563=VERTEX_POINT('',#13275);
#4564=VERTEX_POINT('',#13277);
#4565=VERTEX_POINT('',#13279);
#4566=VERTEX_POINT('',#13281);
#4567=VERTEX_POINT('',#13283);
#4568=VERTEX_POINT('',#13285);
#4569=VERTEX_POINT('',#13287);
#4570=VERTEX_POINT('',#13289);
#4571=VERTEX_POINT('',#13291);
#4572=VERTEX_POINT('',#13293);
#4573=VERTEX_POINT('',#13295);
#4574=VERTEX_POINT('',#13299);
#4575=VERTEX_POINT('',#13301);
#4576=VERTEX_POINT('',#13303);
#4577=VERTEX_POINT('',#13305);
#4578=VERTEX_POINT('',#13307);
#4579=VERTEX_POINT('',#13309);
#4580=VERTEX_POINT('',#13311);
#4581=VERTEX_POINT('',#13313);
#4582=VERTEX_POINT('',#13316);
#4583=VERTEX_POINT('',#13318);
#4584=VERTEX_POINT('',#13320);
#4585=VERTEX_POINT('',#13322);
#4586=VERTEX_POINT('',#13324);
#4587=VERTEX_POINT('',#13326);
#4588=VERTEX_POINT('',#13328);
#4589=VERTEX_POINT('',#13330);
#4590=VERTEX_POINT('',#13334);
#4591=VERTEX_POINT('',#13335);
#4592=VERTEX_POINT('',#13337);
#4593=VERTEX_POINT('',#13339);
#4594=VERTEX_POINT('',#13341);
#4595=VERTEX_POINT('',#13344);
#4596=VERTEX_POINT('',#13346);
#4597=VERTEX_POINT('',#13348);
#4598=VERTEX_POINT('',#13350);
#4599=VERTEX_POINT('',#13352);
#4600=VERTEX_POINT('',#13354);
#4601=VERTEX_POINT('',#13356);
#4602=VERTEX_POINT('',#13358);
#4603=VERTEX_POINT('',#13361);
#4604=VERTEX_POINT('',#13363);
#4605=VERTEX_POINT('',#13365);
#4606=VERTEX_POINT('',#13369);
#4607=VERTEX_POINT('',#13373);
#4608=VERTEX_POINT('',#13375);
#4609=VERTEX_POINT('',#13379);
#4610=VERTEX_POINT('',#13381);
#4611=VERTEX_POINT('',#13385);
#4612=VERTEX_POINT('',#13387);
#4613=VERTEX_POINT('',#13391);
#4614=VERTEX_POINT('',#13393);
#4615=VERTEX_POINT('',#13397);
#4616=VERTEX_POINT('',#13399);
#4617=VERTEX_POINT('',#13403);
#4618=VERTEX_POINT('',#13405);
#4619=VERTEX_POINT('',#13409);
#4620=VERTEX_POINT('',#13413);
#4621=VERTEX_POINT('',#13417);
#4622=VERTEX_POINT('',#13419);
#4623=VERTEX_POINT('',#13423);
#4624=VERTEX_POINT('',#13425);
#4625=VERTEX_POINT('',#13429);
#4626=VERTEX_POINT('',#13431);
#4627=VERTEX_POINT('',#13435);
#4628=VERTEX_POINT('',#13437);
#4629=VERTEX_POINT('',#13441);
#4630=VERTEX_POINT('',#13443);
#4631=VERTEX_POINT('',#13447);
#4632=VERTEX_POINT('',#13449);
#4633=VERTEX_POINT('',#13453);
#4634=VERTEX_POINT('',#13457);
#4635=VERTEX_POINT('',#13461);
#4636=VERTEX_POINT('',#13463);
#4637=VERTEX_POINT('',#13467);
#4638=VERTEX_POINT('',#13469);
#4639=VERTEX_POINT('',#13473);
#4640=VERTEX_POINT('',#13475);
#4641=VERTEX_POINT('',#13479);
#4642=VERTEX_POINT('',#13481);
#4643=VERTEX_POINT('',#13485);
#4644=VERTEX_POINT('',#13487);
#4645=VERTEX_POINT('',#13491);
#4646=VERTEX_POINT('',#13493);
#4647=VERTEX_POINT('',#13497);
#4648=VERTEX_POINT('',#13501);
#4649=VERTEX_POINT('',#13503);
#4650=VERTEX_POINT('',#13505);
#4651=VERTEX_POINT('',#13509);
#4652=VERTEX_POINT('',#13511);
#4653=VERTEX_POINT('',#13513);
#4654=VERTEX_POINT('',#13515);
#4655=VERTEX_POINT('',#13519);
#4656=VERTEX_POINT('',#13521);
#4657=VERTEX_POINT('',#13523);
#4658=VERTEX_POINT('',#13525);
#4659=VERTEX_POINT('',#13529);
#4660=VERTEX_POINT('',#13531);
#4661=VERTEX_POINT('',#13533);
#4662=VERTEX_POINT('',#13535);
#4663=VERTEX_POINT('',#13539);
#4664=VERTEX_POINT('',#13541);
#4665=VERTEX_POINT('',#13543);
#4666=VERTEX_POINT('',#13545);
#4667=VERTEX_POINT('',#13549);
#4668=VERTEX_POINT('',#13551);
#4669=VERTEX_POINT('',#13553);
#4670=VERTEX_POINT('',#13555);
#4671=VERTEX_POINT('',#13559);
#4672=VERTEX_POINT('',#13561);
#4673=VERTEX_POINT('',#13563);
#4674=VERTEX_POINT('',#13565);
#4675=VERTEX_POINT('',#13569);
#4676=VERTEX_POINT('',#13571);
#4677=VERTEX_POINT('',#13573);
#4678=VERTEX_POINT('',#13577);
#4679=VERTEX_POINT('',#13579);
#4680=VERTEX_POINT('',#13583);
#4681=VERTEX_POINT('',#13585);
#4682=VERTEX_POINT('',#13589);
#4683=VERTEX_POINT('',#13591);
#4684=VERTEX_POINT('',#13595);
#4685=VERTEX_POINT('',#13597);
#4686=VERTEX_POINT('',#13601);
#4687=VERTEX_POINT('',#13603);
#4688=VERTEX_POINT('',#13607);
#4689=VERTEX_POINT('',#13609);
#4690=VERTEX_POINT('',#13613);
#4691=VERTEX_POINT('',#13615);
#4692=VERTEX_POINT('',#13619);
#4693=VERTEX_POINT('',#13621);
#4694=VERTEX_POINT('',#13626);
#4695=VERTEX_POINT('',#13628);
#4696=VERTEX_POINT('',#13632);
#4697=VERTEX_POINT('',#13633);
#4698=VERTEX_POINT('',#13635);
#4699=VERTEX_POINT('',#13637);
#4700=VERTEX_POINT('',#13642);
#4701=VERTEX_POINT('',#13643);
#4702=VERTEX_POINT('',#13645);
#4703=VERTEX_POINT('',#13647);
#4704=VERTEX_POINT('',#13652);
#4705=VERTEX_POINT('',#13653);
#4706=VERTEX_POINT('',#13655);
#4707=VERTEX_POINT('',#13657);
#4708=VERTEX_POINT('',#13662);
#4709=VERTEX_POINT('',#13663);
#4710=VERTEX_POINT('',#13665);
#4711=VERTEX_POINT('',#13667);
#4712=VERTEX_POINT('',#13672);
#4713=VERTEX_POINT('',#13673);
#4714=VERTEX_POINT('',#13675);
#4715=VERTEX_POINT('',#13677);
#4716=VERTEX_POINT('',#13682);
#4717=VERTEX_POINT('',#13683);
#4718=VERTEX_POINT('',#13685);
#4719=VERTEX_POINT('',#13687);
#4720=VERTEX_POINT('',#13692);
#4721=VERTEX_POINT('',#13693);
#4722=VERTEX_POINT('',#13699);
#4723=VERTEX_POINT('',#13703);
#4724=VERTEX_POINT('',#13705);
#4725=VERTEX_POINT('',#13709);
#4726=VERTEX_POINT('',#13711);
#4727=VERTEX_POINT('',#13715);
#4728=VERTEX_POINT('',#13717);
#4729=VERTEX_POINT('',#13721);
#4730=VERTEX_POINT('',#13723);
#4731=VERTEX_POINT('',#13727);
#4732=VERTEX_POINT('',#13729);
#4733=VERTEX_POINT('',#13733);
#4734=VERTEX_POINT('',#13735);
#4735=VERTEX_POINT('',#13739);
#4736=VERTEX_POINT('',#13743);
#4737=VERTEX_POINT('',#13747);
#4738=VERTEX_POINT('',#13749);
#4739=VERTEX_POINT('',#13753);
#4740=VERTEX_POINT('',#13755);
#4741=VERTEX_POINT('',#13759);
#4742=VERTEX_POINT('',#13761);
#4743=VERTEX_POINT('',#13765);
#4744=VERTEX_POINT('',#13767);
#4745=VERTEX_POINT('',#13771);
#4746=VERTEX_POINT('',#13773);
#4747=VERTEX_POINT('',#13777);
#4748=VERTEX_POINT('',#13779);
#4749=VERTEX_POINT('',#13783);
#4750=VERTEX_POINT('',#13809);
#4751=VERTEX_POINT('',#13811);
#4752=VERTEX_POINT('',#13813);
#4753=VERTEX_POINT('',#13815);
#4754=VERTEX_POINT('',#13819);
#4755=VERTEX_POINT('',#13821);
#4756=VERTEX_POINT('',#13823);
#4757=VERTEX_POINT('',#13825);
#4758=VERTEX_POINT('',#13829);
#4759=VERTEX_POINT('',#13830);
#4760=VERTEX_POINT('',#13832);
#4761=VERTEX_POINT('',#13834);
#4762=VERTEX_POINT('',#13836);
#4763=VERTEX_POINT('',#13838);
#4764=VERTEX_POINT('',#13842);
#4765=VERTEX_POINT('',#13843);
#4766=VERTEX_POINT('',#13845);
#4767=VERTEX_POINT('',#13847);
#4768=VERTEX_POINT('',#13849);
#4769=VERTEX_POINT('',#13851);
#4770=VERTEX_POINT('',#13855);
#4771=VERTEX_POINT('',#13856);
#4772=VERTEX_POINT('',#13858);
#4773=VERTEX_POINT('',#13860);
#4774=VERTEX_POINT('',#13862);
#4775=VERTEX_POINT('',#13864);
#4776=VERTEX_POINT('',#13868);
#4777=VERTEX_POINT('',#13869);
#4778=VERTEX_POINT('',#13871);
#4779=VERTEX_POINT('',#13873);
#4780=VERTEX_POINT('',#13875);
#4781=VERTEX_POINT('',#13877);
#4782=VERTEX_POINT('',#13881);
#4783=VERTEX_POINT('',#13882);
#4784=VERTEX_POINT('',#13884);
#4785=VERTEX_POINT('',#13886);
#4786=VERTEX_POINT('',#13888);
#4787=VERTEX_POINT('',#13890);
#4788=VERTEX_POINT('',#13894);
#4789=VERTEX_POINT('',#13895);
#4790=VERTEX_POINT('',#13897);
#4791=VERTEX_POINT('',#13899);
#4792=VERTEX_POINT('',#13901);
#4793=VERTEX_POINT('',#13903);
#4794=VERTEX_POINT('',#13907);
#4795=VERTEX_POINT('',#13909);
#4796=VERTEX_POINT('',#13913);
#4797=VERTEX_POINT('',#13915);
#4798=VERTEX_POINT('',#13919);
#4799=VERTEX_POINT('',#13921);
#4800=VERTEX_POINT('',#13925);
#4801=VERTEX_POINT('',#13927);
#4802=VERTEX_POINT('',#13931);
#4803=VERTEX_POINT('',#13933);
#4804=VERTEX_POINT('',#13937);
#4805=VERTEX_POINT('',#13939);
#4806=VERTEX_POINT('',#13943);
#4807=VERTEX_POINT('',#13945);
#4808=VERTEX_POINT('',#13949);
#4809=VERTEX_POINT('',#13951);
#4810=VERTEX_POINT('',#13956);
#4811=VERTEX_POINT('',#13958);
#4812=VERTEX_POINT('',#13963);
#4813=VERTEX_POINT('',#13965);
#4814=VERTEX_POINT('',#13969);
#4815=VERTEX_POINT('',#13970);
#4816=VERTEX_POINT('',#13973);
#4817=VERTEX_POINT('',#13975);
#4818=VERTEX_POINT('',#13979);
#4819=VERTEX_POINT('',#13980);
#4820=VERTEX_POINT('',#13983);
#4821=VERTEX_POINT('',#13985);
#4822=VERTEX_POINT('',#13989);
#4823=VERTEX_POINT('',#13990);
#4824=VERTEX_POINT('',#13993);
#4825=VERTEX_POINT('',#13995);
#4826=VERTEX_POINT('',#13999);
#4827=VERTEX_POINT('',#14000);
#4828=VERTEX_POINT('',#14003);
#4829=VERTEX_POINT('',#14005);
#4830=VERTEX_POINT('',#14009);
#4831=VERTEX_POINT('',#14010);
#4832=VERTEX_POINT('',#14013);
#4833=VERTEX_POINT('',#14015);
#4834=VERTEX_POINT('',#14019);
#4835=VERTEX_POINT('',#14020);
#4836=VERTEX_POINT('',#14023);
#4837=VERTEX_POINT('',#14025);
#4838=VERTEX_POINT('',#14029);
#4839=VERTEX_POINT('',#14033);
#4840=VERTEX_POINT('',#14035);
#4841=VERTEX_POINT('',#14039);
#4842=VERTEX_POINT('',#14041);
#4843=VERTEX_POINT('',#14045);
#4844=VERTEX_POINT('',#14047);
#4845=VERTEX_POINT('',#14051);
#4846=VERTEX_POINT('',#14053);
#4847=VERTEX_POINT('',#14057);
#4848=VERTEX_POINT('',#14059);
#4849=VERTEX_POINT('',#14063);
#4850=VERTEX_POINT('',#14065);
#4851=VERTEX_POINT('',#14069);
#4852=VERTEX_POINT('',#14073);
#4853=VERTEX_POINT('',#14077);
#4854=VERTEX_POINT('',#14079);
#4855=VERTEX_POINT('',#14083);
#4856=VERTEX_POINT('',#14085);
#4857=VERTEX_POINT('',#14089);
#4858=VERTEX_POINT('',#14091);
#4859=VERTEX_POINT('',#14095);
#4860=VERTEX_POINT('',#14097);
#4861=VERTEX_POINT('',#14101);
#4862=VERTEX_POINT('',#14103);
#4863=VERTEX_POINT('',#14107);
#4864=VERTEX_POINT('',#14109);
#4865=VERTEX_POINT('',#14113);
#4866=VERTEX_POINT('',#14139);
#4867=VERTEX_POINT('',#14143);
#4868=VERTEX_POINT('',#14145);
#4869=VERTEX_POINT('',#14149);
#4870=VERTEX_POINT('',#14151);
#4871=VERTEX_POINT('',#14155);
#4872=VERTEX_POINT('',#14157);
#4873=VERTEX_POINT('',#14161);
#4874=VERTEX_POINT('',#14163);
#4875=VERTEX_POINT('',#14167);
#4876=VERTEX_POINT('',#14169);
#4877=VERTEX_POINT('',#14173);
#4878=VERTEX_POINT('',#14175);
#4879=VERTEX_POINT('',#14179);
#4880=VERTEX_POINT('',#14183);
#4881=VERTEX_POINT('',#14187);
#4882=VERTEX_POINT('',#14189);
#4883=VERTEX_POINT('',#14193);
#4884=VERTEX_POINT('',#14195);
#4885=VERTEX_POINT('',#14199);
#4886=VERTEX_POINT('',#14201);
#4887=VERTEX_POINT('',#14205);
#4888=VERTEX_POINT('',#14207);
#4889=VERTEX_POINT('',#14211);
#4890=VERTEX_POINT('',#14213);
#4891=VERTEX_POINT('',#14217);
#4892=VERTEX_POINT('',#14219);
#4893=VERTEX_POINT('',#14223);
#4894=LINE('',#11822,#6014);
#4895=LINE('',#11825,#6015);
#4896=LINE('',#11827,#6016);
#4897=LINE('',#11829,#6017);
#4898=LINE('',#11831,#6018);
#4899=LINE('',#11834,#6019);
#4900=LINE('',#11836,#6020);
#4901=LINE('',#11838,#6021);
#4902=LINE('',#11840,#6022);
#4903=LINE('',#11843,#6023);
#4904=LINE('',#11845,#6024);
#4905=LINE('',#11847,#6025);
#4906=LINE('',#11849,#6026);
#4907=LINE('',#11852,#6027);
#4908=LINE('',#11854,#6028);
#4909=LINE('',#11856,#6029);
#4910=LINE('',#11858,#6030);
#4911=LINE('',#11861,#6031);
#4912=LINE('',#11863,#6032);
#4913=LINE('',#11865,#6033);
#4914=LINE('',#11867,#6034);
#4915=LINE('',#11870,#6035);
#4916=LINE('',#11872,#6036);
#4917=LINE('',#11874,#6037);
#4918=LINE('',#11876,#6038);
#4919=LINE('',#11879,#6039);
#4920=LINE('',#11881,#6040);
#4921=LINE('',#11883,#6041);
#4922=LINE('',#11885,#6042);
#4923=LINE('',#11888,#6043);
#4924=LINE('',#11890,#6044);
#4925=LINE('',#11892,#6045);
#4926=LINE('',#11894,#6046);
#4927=LINE('',#11897,#6047);
#4928=LINE('',#11899,#6048);
#4929=LINE('',#11901,#6049);
#4930=LINE('',#11903,#6050);
#4931=LINE('',#11906,#6051);
#4932=LINE('',#11908,#6052);
#4933=LINE('',#11910,#6053);
#4934=LINE('',#11912,#6054);
#4935=LINE('',#11915,#6055);
#4936=LINE('',#11917,#6056);
#4937=LINE('',#11919,#6057);
#4938=LINE('',#11921,#6058);
#4939=LINE('',#11924,#6059);
#4940=LINE('',#11926,#6060);
#4941=LINE('',#11928,#6061);
#4942=LINE('',#11930,#6062);
#4943=LINE('',#11933,#6063);
#4944=LINE('',#11935,#6064);
#4945=LINE('',#11937,#6065);
#4946=LINE('',#11939,#6066);
#4947=LINE('',#11942,#6067);
#4948=LINE('',#11944,#6068);
#4949=LINE('',#11946,#6069);
#4950=LINE('',#11948,#6070);
#4951=LINE('',#11951,#6071);
#4952=LINE('',#11953,#6072);
#4953=LINE('',#11955,#6073);
#4954=LINE('',#11957,#6074);
#4955=LINE('',#11960,#6075);
#4956=LINE('',#11962,#6076);
#4957=LINE('',#11964,#6077);
#4958=LINE('',#11966,#6078);
#4959=LINE('',#11969,#6079);
#4960=LINE('',#11971,#6080);
#4961=LINE('',#11973,#6081);
#4962=LINE('',#11975,#6082);
#4963=LINE('',#11978,#6083);
#4964=LINE('',#11980,#6084);
#4965=LINE('',#11982,#6085);
#4966=LINE('',#11984,#6086);
#4967=LINE('',#11986,#6087);
#4968=LINE('',#11988,#6088);
#4969=LINE('',#11990,#6089);
#4970=LINE('',#11992,#6090);
#4971=LINE('',#11994,#6091);
#4972=LINE('',#11996,#6092);
#4973=LINE('',#11997,#6093);
#4974=LINE('',#11999,#6094);
#4975=LINE('',#12001,#6095);
#4976=LINE('',#12003,#6096);
#4977=LINE('',#12005,#6097);
#4978=LINE('',#12007,#6098);
#4979=LINE('',#12009,#6099);
#4980=LINE('',#12010,#6100);
#4981=LINE('',#12012,#6101);
#4982=LINE('',#12014,#6102);
#4983=LINE('',#12016,#6103);
#4984=LINE('',#12018,#6104);
#4985=LINE('',#12020,#6105);
#4986=LINE('',#12022,#6106);
#4987=LINE('',#12023,#6107);
#4988=LINE('',#12025,#6108);
#4989=LINE('',#12027,#6109);
#4990=LINE('',#12029,#6110);
#4991=LINE('',#12031,#6111);
#4992=LINE('',#12033,#6112);
#4993=LINE('',#12035,#6113);
#4994=LINE('',#12036,#6114);
#4995=LINE('',#12038,#6115);
#4996=LINE('',#12040,#6116);
#4997=LINE('',#12042,#6117);
#4998=LINE('',#12044,#6118);
#4999=LINE('',#12046,#6119);
#5000=LINE('',#12048,#6120);
#5001=LINE('',#12049,#6121);
#5002=LINE('',#12051,#6122);
#5003=LINE('',#12053,#6123);
#5004=LINE('',#12055,#6124);
#5005=LINE('',#12057,#6125);
#5006=LINE('',#12059,#6126);
#5007=LINE('',#12061,#6127);
#5008=LINE('',#12062,#6128);
#5009=LINE('',#12064,#6129);
#5010=LINE('',#12066,#6130);
#5011=LINE('',#12068,#6131);
#5012=LINE('',#12070,#6132);
#5013=LINE('',#12072,#6133);
#5014=LINE('',#12074,#6134);
#5015=LINE('',#12075,#6135);
#5016=LINE('',#12077,#6136);
#5017=LINE('',#12079,#6137);
#5018=LINE('',#12081,#6138);
#5019=LINE('',#12083,#6139);
#5020=LINE('',#12085,#6140);
#5021=LINE('',#12087,#6141);
#5022=LINE('',#12088,#6142);
#5023=LINE('',#12090,#6143);
#5024=LINE('',#12092,#6144);
#5025=LINE('',#12126,#6145);
#5026=LINE('',#12128,#6146);
#5027=LINE('',#12130,#6147);
#5028=LINE('',#12132,#6148);
#5029=LINE('',#12133,#6149);
#5030=LINE('',#12135,#6150);
#5031=LINE('',#12137,#6151);
#5032=LINE('',#12139,#6152);
#5033=LINE('',#12141,#6153);
#5034=LINE('',#12143,#6154);
#5035=LINE('',#12145,#6155);
#5036=LINE('',#12146,#6156);
#5037=LINE('',#12148,#6157);
#5038=LINE('',#12150,#6158);
#5039=LINE('',#12152,#6159);
#5040=LINE('',#12154,#6160);
#5041=LINE('',#12156,#6161);
#5042=LINE('',#12158,#6162);
#5043=LINE('',#12159,#6163);
#5044=LINE('',#12161,#6164);
#5045=LINE('',#12163,#6165);
#5046=LINE('',#12165,#6166);
#5047=LINE('',#12167,#6167);
#5048=LINE('',#12169,#6168);
#5049=LINE('',#12171,#6169);
#5050=LINE('',#12172,#6170);
#5051=LINE('',#12174,#6171);
#5052=LINE('',#12176,#6172);
#5053=LINE('',#12178,#6173);
#5054=LINE('',#12180,#6174);
#5055=LINE('',#12182,#6175);
#5056=LINE('',#12184,#6176);
#5057=LINE('',#12185,#6177);
#5058=LINE('',#12187,#6178);
#5059=LINE('',#12189,#6179);
#5060=LINE('',#12191,#6180);
#5061=LINE('',#12193,#6181);
#5062=LINE('',#12195,#6182);
#5063=LINE('',#12197,#6183);
#5064=LINE('',#12198,#6184);
#5065=LINE('',#12200,#6185);
#5066=LINE('',#12202,#6186);
#5067=LINE('',#12204,#6187);
#5068=LINE('',#12206,#6188);
#5069=LINE('',#12208,#6189);
#5070=LINE('',#12210,#6190);
#5071=LINE('',#12211,#6191);
#5072=LINE('',#12213,#6192);
#5073=LINE('',#12215,#6193);
#5074=LINE('',#12217,#6194);
#5075=LINE('',#12219,#6195);
#5076=LINE('',#12221,#6196);
#5077=LINE('',#12223,#6197);
#5078=LINE('',#12224,#6198);
#5079=LINE('',#12226,#6199);
#5080=LINE('',#12228,#6200);
#5081=LINE('',#12230,#6201);
#5082=LINE('',#12232,#6202);
#5083=LINE('',#12234,#6203);
#5084=LINE('',#12236,#6204);
#5085=LINE('',#12238,#6205);
#5086=LINE('',#12240,#6206);
#5087=LINE('',#12242,#6207);
#5088=LINE('',#12245,#6208);
#5089=LINE('',#12247,#6209);
#5090=LINE('',#12249,#6210);
#5091=LINE('',#12251,#6211);
#5092=LINE('',#12254,#6212);
#5093=LINE('',#12255,#6213);
#5094=LINE('',#12257,#6214);
#5095=LINE('',#12260,#6215);
#5096=LINE('',#12262,#6216);
#5097=LINE('',#12264,#6217);
#5098=LINE('',#12266,#6218);
#5099=LINE('',#12269,#6219);
#5100=LINE('',#12270,#6220);
#5101=LINE('',#12272,#6221);
#5102=LINE('',#12275,#6222);
#5103=LINE('',#12277,#6223);
#5104=LINE('',#12279,#6224);
#5105=LINE('',#12281,#6225);
#5106=LINE('',#12284,#6226);
#5107=LINE('',#12285,#6227);
#5108=LINE('',#12287,#6228);
#5109=LINE('',#12290,#6229);
#5110=LINE('',#12292,#6230);
#5111=LINE('',#12294,#6231);
#5112=LINE('',#12296,#6232);
#5113=LINE('',#12299,#6233);
#5114=LINE('',#12300,#6234);
#5115=LINE('',#12302,#6235);
#5116=LINE('',#12305,#6236);
#5117=LINE('',#12307,#6237);
#5118=LINE('',#12309,#6238);
#5119=LINE('',#12311,#6239);
#5120=LINE('',#12314,#6240);
#5121=LINE('',#12315,#6241);
#5122=LINE('',#12317,#6242);
#5123=LINE('',#12320,#6243);
#5124=LINE('',#12322,#6244);
#5125=LINE('',#12324,#6245);
#5126=LINE('',#12326,#6246);
#5127=LINE('',#12329,#6247);
#5128=LINE('',#12330,#6248);
#5129=LINE('',#12332,#6249);
#5130=LINE('',#12335,#6250);
#5131=LINE('',#12337,#6251);
#5132=LINE('',#12339,#6252);
#5133=LINE('',#12341,#6253);
#5134=LINE('',#12344,#6254);
#5135=LINE('',#12345,#6255);
#5136=LINE('',#12347,#6256);
#5137=LINE('',#12350,#6257);
#5138=LINE('',#12352,#6258);
#5139=LINE('',#12354,#6259);
#5140=LINE('',#12356,#6260);
#5141=LINE('',#12359,#6261);
#5142=LINE('',#12360,#6262);
#5143=LINE('',#12362,#6263);
#5144=LINE('',#12365,#6264);
#5145=LINE('',#12366,#6265);
#5146=LINE('',#12368,#6266);
#5147=LINE('',#12371,#6267);
#5148=LINE('',#12373,#6268);
#5149=LINE('',#12375,#6269);
#5150=LINE('',#12377,#6270);
#5151=LINE('',#12379,#6271);
#5152=LINE('',#12381,#6272);
#5153=LINE('',#12383,#6273);
#5154=LINE('',#12386,#6274);
#5155=LINE('',#12388,#6275);
#5156=LINE('',#12390,#6276);
#5157=LINE('',#12392,#6277);
#5158=LINE('',#12394,#6278);
#5159=LINE('',#12396,#6279);
#5160=LINE('',#12398,#6280);
#5161=LINE('',#12401,#6281);
#5162=LINE('',#12403,#6282);
#5163=LINE('',#12405,#6283);
#5164=LINE('',#12407,#6284);
#5165=LINE('',#12409,#6285);
#5166=LINE('',#12411,#6286);
#5167=LINE('',#12413,#6287);
#5168=LINE('',#12416,#6288);
#5169=LINE('',#12418,#6289);
#5170=LINE('',#12420,#6290);
#5171=LINE('',#12422,#6291);
#5172=LINE('',#12424,#6292);
#5173=LINE('',#12426,#6293);
#5174=LINE('',#12428,#6294);
#5175=LINE('',#12431,#6295);
#5176=LINE('',#12433,#6296);
#5177=LINE('',#12435,#6297);
#5178=LINE('',#12437,#6298);
#5179=LINE('',#12439,#6299);
#5180=LINE('',#12441,#6300);
#5181=LINE('',#12443,#6301);
#5182=LINE('',#12446,#6302);
#5183=LINE('',#12448,#6303);
#5184=LINE('',#12450,#6304);
#5185=LINE('',#12452,#6305);
#5186=LINE('',#12454,#6306);
#5187=LINE('',#12456,#6307);
#5188=LINE('',#12458,#6308);
#5189=LINE('',#12461,#6309);
#5190=LINE('',#12463,#6310);
#5191=LINE('',#12465,#6311);
#5192=LINE('',#12467,#6312);
#5193=LINE('',#12469,#6313);
#5194=LINE('',#12471,#6314);
#5195=LINE('',#12473,#6315);
#5196=LINE('',#12476,#6316);
#5197=LINE('',#12478,#6317);
#5198=LINE('',#12480,#6318);
#5199=LINE('',#12482,#6319);
#5200=LINE('',#12484,#6320);
#5201=LINE('',#12486,#6321);
#5202=LINE('',#12488,#6322);
#5203=LINE('',#12489,#6323);
#5204=LINE('',#12491,#6324);
#5205=LINE('',#12494,#6325);
#5206=LINE('',#12496,#6326);
#5207=LINE('',#12498,#6327);
#5208=LINE('',#12500,#6328);
#5209=LINE('',#12502,#6329);
#5210=LINE('',#12504,#6330);
#5211=LINE('',#12506,#6331);
#5212=LINE('',#12508,#6332);
#5213=LINE('',#12510,#6333);
#5214=LINE('',#12512,#6334);
#5215=LINE('',#12515,#6335);
#5216=LINE('',#12517,#6336);
#5217=LINE('',#12519,#6337);
#5218=LINE('',#12521,#6338);
#5219=LINE('',#12523,#6339);
#5220=LINE('',#12525,#6340);
#5221=LINE('',#12527,#6341);
#5222=LINE('',#12529,#6342);
#5223=LINE('',#12531,#6343);
#5224=LINE('',#12533,#6344);
#5225=LINE('',#12536,#6345);
#5226=LINE('',#12538,#6346);
#5227=LINE('',#12540,#6347);
#5228=LINE('',#12542,#6348);
#5229=LINE('',#12544,#6349);
#5230=LINE('',#12546,#6350);
#5231=LINE('',#12548,#6351);
#5232=LINE('',#12550,#6352);
#5233=LINE('',#12552,#6353);
#5234=LINE('',#12554,#6354);
#5235=LINE('',#12557,#6355);
#5236=LINE('',#12559,#6356);
#5237=LINE('',#12561,#6357);
#5238=LINE('',#12563,#6358);
#5239=LINE('',#12565,#6359);
#5240=LINE('',#12567,#6360);
#5241=LINE('',#12569,#6361);
#5242=LINE('',#12571,#6362);
#5243=LINE('',#12573,#6363);
#5244=LINE('',#12575,#6364);
#5245=LINE('',#12578,#6365);
#5246=LINE('',#12580,#6366);
#5247=LINE('',#12582,#6367);
#5248=LINE('',#12584,#6368);
#5249=LINE('',#12586,#6369);
#5250=LINE('',#12588,#6370);
#5251=LINE('',#12590,#6371);
#5252=LINE('',#12592,#6372);
#5253=LINE('',#12594,#6373);
#5254=LINE('',#12596,#6374);
#5255=LINE('',#12599,#6375);
#5256=LINE('',#12601,#6376);
#5257=LINE('',#12603,#6377);
#5258=LINE('',#12605,#6378);
#5259=LINE('',#12607,#6379);
#5260=LINE('',#12609,#6380);
#5261=LINE('',#12611,#6381);
#5262=LINE('',#12613,#6382);
#5263=LINE('',#12615,#6383);
#5264=LINE('',#12617,#6384);
#5265=LINE('',#12620,#6385);
#5266=LINE('',#12622,#6386);
#5267=LINE('',#12624,#6387);
#5268=LINE('',#12626,#6388);
#5269=LINE('',#12628,#6389);
#5270=LINE('',#12630,#6390);
#5271=LINE('',#12632,#6391);
#5272=LINE('',#12634,#6392);
#5273=LINE('',#12636,#6393);
#5274=LINE('',#12638,#6394);
#5275=LINE('',#12641,#6395);
#5276=LINE('',#12643,#6396);
#5277=LINE('',#12645,#6397);
#5278=LINE('',#12647,#6398);
#5279=LINE('',#12649,#6399);
#5280=LINE('',#12651,#6400);
#5281=LINE('',#12653,#6401);
#5282=LINE('',#12655,#6402);
#5283=LINE('',#12657,#6403);
#5284=LINE('',#12659,#6404);
#5285=LINE('',#12660,#6405);
#5286=LINE('',#12662,#6406);
#5287=LINE('',#12663,#6407);
#5288=LINE('',#12665,#6408);
#5289=LINE('',#12666,#6409);
#5290=LINE('',#12668,#6410);
#5291=LINE('',#12669,#6411);
#5292=LINE('',#12671,#6412);
#5293=LINE('',#12672,#6413);
#5294=LINE('',#12674,#6414);
#5295=LINE('',#12675,#6415);
#5296=LINE('',#12677,#6416);
#5297=LINE('',#12678,#6417);
#5298=LINE('',#12680,#6418);
#5299=LINE('',#12681,#6419);
#5300=LINE('',#12683,#6420);
#5301=LINE('',#12684,#6421);
#5302=LINE('',#12686,#6422);
#5303=LINE('',#12689,#6423);
#5304=LINE('',#12691,#6424);
#5305=LINE('',#12693,#6425);
#5306=LINE('',#12694,#6426);
#5307=LINE('',#12697,#6427);
#5308=LINE('',#12699,#6428);
#5309=LINE('',#12701,#6429);
#5310=LINE('',#12702,#6430);
#5311=LINE('',#12705,#6431);
#5312=LINE('',#12707,#6432);
#5313=LINE('',#12709,#6433);
#5314=LINE('',#12710,#6434);
#5315=LINE('',#12713,#6435);
#5316=LINE('',#12715,#6436);
#5317=LINE('',#12717,#6437);
#5318=LINE('',#12718,#6438);
#5319=LINE('',#12721,#6439);
#5320=LINE('',#12723,#6440);
#5321=LINE('',#12725,#6441);
#5322=LINE('',#12726,#6442);
#5323=LINE('',#12729,#6443);
#5324=LINE('',#12731,#6444);
#5325=LINE('',#12733,#6445);
#5326=LINE('',#12734,#6446);
#5327=LINE('',#12737,#6447);
#5328=LINE('',#12739,#6448);
#5329=LINE('',#12741,#6449);
#5330=LINE('',#12743,#6450);
#5331=LINE('',#12744,#6451);
#5332=LINE('',#12745,#6452);
#5333=LINE('',#12746,#6453);
#5334=LINE('',#12747,#6454);
#5335=LINE('',#12748,#6455);
#5336=LINE('',#12749,#6456);
#5337=LINE('',#12750,#6457);
#5338=LINE('',#12751,#6458);
#5339=LINE('',#12752,#6459);
#5340=LINE('',#12753,#6460);
#5341=LINE('',#12754,#6461);
#5342=LINE('',#12755,#6462);
#5343=LINE('',#12756,#6463);
#5344=LINE('',#12757,#6464);
#5345=LINE('',#12758,#6465);
#5346=LINE('',#12759,#6466);
#5347=LINE('',#12760,#6467);
#5348=LINE('',#12761,#6468);
#5349=LINE('',#12762,#6469);
#5350=LINE('',#12763,#6470);
#5351=LINE('',#12764,#6471);
#5352=LINE('',#12765,#6472);
#5353=LINE('',#12766,#6473);
#5354=LINE('',#12767,#6474);
#5355=LINE('',#12768,#6475);
#5356=LINE('',#12769,#6476);
#5357=LINE('',#12770,#6477);
#5358=LINE('',#12771,#6478);
#5359=LINE('',#12772,#6479);
#5360=LINE('',#12773,#6480);
#5361=LINE('',#12774,#6481);
#5362=LINE('',#12775,#6482);
#5363=LINE('',#12776,#6483);
#5364=LINE('',#12777,#6484);
#5365=LINE('',#12778,#6485);
#5366=LINE('',#12779,#6486);
#5367=LINE('',#12780,#6487);
#5368=LINE('',#12781,#6488);
#5369=LINE('',#12782,#6489);
#5370=LINE('',#12783,#6490);
#5371=LINE('',#12784,#6491);
#5372=LINE('',#12785,#6492);
#5373=LINE('',#12786,#6493);
#5374=LINE('',#12787,#6494);
#5375=LINE('',#12788,#6495);
#5376=LINE('',#12789,#6496);
#5377=LINE('',#12790,#6497);
#5378=LINE('',#12791,#6498);
#5379=LINE('',#12792,#6499);
#5380=LINE('',#12793,#6500);
#5381=LINE('',#12794,#6501);
#5382=LINE('',#12795,#6502);
#5383=LINE('',#12796,#6503);
#5384=LINE('',#12797,#6504);
#5385=LINE('',#12798,#6505);
#5386=LINE('',#12799,#6506);
#5387=LINE('',#12800,#6507);
#5388=LINE('',#12801,#6508);
#5389=LINE('',#12802,#6509);
#5390=LINE('',#12803,#6510);
#5391=LINE('',#12804,#6511);
#5392=LINE('',#12805,#6512);
#5393=LINE('',#12806,#6513);
#5394=LINE('',#12809,#6514);
#5395=LINE('',#12811,#6515);
#5396=LINE('',#12816,#6516);
#5397=LINE('',#12818,#6517);
#5398=LINE('',#12823,#6518);
#5399=LINE('',#12825,#6519);
#5400=LINE('',#12830,#6520);
#5401=LINE('',#12832,#6521);
#5402=LINE('',#12837,#6522);
#5403=LINE('',#12839,#6523);
#5404=LINE('',#12844,#6524);
#5405=LINE('',#12846,#6525);
#5406=LINE('',#12851,#6526);
#5407=LINE('',#12853,#6527);
#5408=LINE('',#12858,#6528);
#5409=LINE('',#12860,#6529);
#5410=LINE('',#12865,#6530);
#5411=LINE('',#12867,#6531);
#5412=LINE('',#12872,#6532);
#5413=LINE('',#12874,#6533);
#5414=LINE('',#12879,#6534);
#5415=LINE('',#12881,#6535);
#5416=LINE('',#12886,#6536);
#5417=LINE('',#12888,#6537);
#5418=LINE('',#12893,#6538);
#5419=LINE('',#12895,#6539);
#5420=LINE('',#12900,#6540);
#5421=LINE('',#12902,#6541);
#5422=LINE('',#12907,#6542);
#5423=LINE('',#12909,#6543);
#5424=LINE('',#12914,#6544);
#5425=LINE('',#12916,#6545);
#5426=LINE('',#12920,#6546);
#5427=LINE('',#12923,#6547);
#5428=LINE('',#12925,#6548);
#5429=LINE('',#12927,#6549);
#5430=LINE('',#12929,#6550);
#5431=LINE('',#12930,#6551);
#5432=LINE('',#12932,#6552);
#5433=LINE('',#12933,#6553);
#5434=LINE('',#12937,#6554);
#5435=LINE('',#12940,#6555);
#5436=LINE('',#12942,#6556);
#5437=LINE('',#12944,#6557);
#5438=LINE('',#12946,#6558);
#5439=LINE('',#12947,#6559);
#5440=LINE('',#12949,#6560);
#5441=LINE('',#12950,#6561);
#5442=LINE('',#12954,#6562);
#5443=LINE('',#12957,#6563);
#5444=LINE('',#12959,#6564);
#5445=LINE('',#12961,#6565);
#5446=LINE('',#12963,#6566);
#5447=LINE('',#12964,#6567);
#5448=LINE('',#12966,#6568);
#5449=LINE('',#12967,#6569);
#5450=LINE('',#12971,#6570);
#5451=LINE('',#12974,#6571);
#5452=LINE('',#12976,#6572);
#5453=LINE('',#12978,#6573);
#5454=LINE('',#12980,#6574);
#5455=LINE('',#12981,#6575);
#5456=LINE('',#12983,#6576);
#5457=LINE('',#12984,#6577);
#5458=LINE('',#12988,#6578);
#5459=LINE('',#12991,#6579);
#5460=LINE('',#12993,#6580);
#5461=LINE('',#12995,#6581);
#5462=LINE('',#12997,#6582);
#5463=LINE('',#12998,#6583);
#5464=LINE('',#13000,#6584);
#5465=LINE('',#13001,#6585);
#5466=LINE('',#13005,#6586);
#5467=LINE('',#13008,#6587);
#5468=LINE('',#13010,#6588);
#5469=LINE('',#13012,#6589);
#5470=LINE('',#13014,#6590);
#5471=LINE('',#13015,#6591);
#5472=LINE('',#13017,#6592);
#5473=LINE('',#13018,#6593);
#5474=LINE('',#13022,#6594);
#5475=LINE('',#13024,#6595);
#5476=LINE('',#13026,#6596);
#5477=LINE('',#13028,#6597);
#5478=LINE('',#13030,#6598);
#5479=LINE('',#13032,#6599);
#5480=LINE('',#13034,#6600);
#5481=LINE('',#13036,#6601);
#5482=LINE('',#13056,#6602);
#5483=LINE('',#13059,#6603);
#5484=LINE('',#13061,#6604);
#5485=LINE('',#13063,#6605);
#5486=LINE('',#13065,#6606);
#5487=LINE('',#13067,#6607);
#5488=LINE('',#13069,#6608);
#5489=LINE('',#13071,#6609);
#5490=LINE('',#13073,#6610);
#5491=LINE('',#13075,#6611);
#5492=LINE('',#13077,#6612);
#5493=LINE('',#13079,#6613);
#5494=LINE('',#13081,#6614);
#5495=LINE('',#13083,#6615);
#5496=LINE('',#13085,#6616);
#5497=LINE('',#13087,#6617);
#5498=LINE('',#13089,#6618);
#5499=LINE('',#13091,#6619);
#5500=LINE('',#13093,#6620);
#5501=LINE('',#13095,#6621);
#5502=LINE('',#13097,#6622);
#5503=LINE('',#13099,#6623);
#5504=LINE('',#13101,#6624);
#5505=LINE('',#13103,#6625);
#5506=LINE('',#13105,#6626);
#5507=LINE('',#13107,#6627);
#5508=LINE('',#13109,#6628);
#5509=LINE('',#13111,#6629);
#5510=LINE('',#13113,#6630);
#5511=LINE('',#13115,#6631);
#5512=LINE('',#13117,#6632);
#5513=LINE('',#13119,#6633);
#5514=LINE('',#13121,#6634);
#5515=LINE('',#13123,#6635);
#5516=LINE('',#13125,#6636);
#5517=LINE('',#13127,#6637);
#5518=LINE('',#13129,#6638);
#5519=LINE('',#13131,#6639);
#5520=LINE('',#13133,#6640);
#5521=LINE('',#13135,#6641);
#5522=LINE('',#13137,#6642);
#5523=LINE('',#13139,#6643);
#5524=LINE('',#13141,#6644);
#5525=LINE('',#13143,#6645);
#5526=LINE('',#13145,#6646);
#5527=LINE('',#13147,#6647);
#5528=LINE('',#13149,#6648);
#5529=LINE('',#13151,#6649);
#5530=LINE('',#13153,#6650);
#5531=LINE('',#13155,#6651);
#5532=LINE('',#13157,#6652);
#5533=LINE('',#13159,#6653);
#5534=LINE('',#13161,#6654);
#5535=LINE('',#13163,#6655);
#5536=LINE('',#13165,#6656);
#5537=LINE('',#13167,#6657);
#5538=LINE('',#13169,#6658);
#5539=LINE('',#13171,#6659);
#5540=LINE('',#13173,#6660);
#5541=LINE('',#13175,#6661);
#5542=LINE('',#13177,#6662);
#5543=LINE('',#13180,#6663);
#5544=LINE('',#13182,#6664);
#5545=LINE('',#13184,#6665);
#5546=LINE('',#13186,#6666);
#5547=LINE('',#13188,#6667);
#5548=LINE('',#13190,#6668);
#5549=LINE('',#13192,#6669);
#5550=LINE('',#13194,#6670);
#5551=LINE('',#13196,#6671);
#5552=LINE('',#13198,#6672);
#5553=LINE('',#13200,#6673);
#5554=LINE('',#13202,#6674);
#5555=LINE('',#13204,#6675);
#5556=LINE('',#13206,#6676);
#5557=LINE('',#13208,#6677);
#5558=LINE('',#13210,#6678);
#5559=LINE('',#13212,#6679);
#5560=LINE('',#13214,#6680);
#5561=LINE('',#13216,#6681);
#5562=LINE('',#13218,#6682);
#5563=LINE('',#13220,#6683);
#5564=LINE('',#13222,#6684);
#5565=LINE('',#13224,#6685);
#5566=LINE('',#13226,#6686);
#5567=LINE('',#13228,#6687);
#5568=LINE('',#13230,#6688);
#5569=LINE('',#13232,#6689);
#5570=LINE('',#13234,#6690);
#5571=LINE('',#13236,#6691);
#5572=LINE('',#13238,#6692);
#5573=LINE('',#13240,#6693);
#5574=LINE('',#13242,#6694);
#5575=LINE('',#13244,#6695);
#5576=LINE('',#13246,#6696);
#5577=LINE('',#13248,#6697);
#5578=LINE('',#13250,#6698);
#5579=LINE('',#13252,#6699);
#5580=LINE('',#13254,#6700);
#5581=LINE('',#13256,#6701);
#5582=LINE('',#13258,#6702);
#5583=LINE('',#13260,#6703);
#5584=LINE('',#13262,#6704);
#5585=LINE('',#13264,#6705);
#5586=LINE('',#13266,#6706);
#5587=LINE('',#13268,#6707);
#5588=LINE('',#13270,#6708);
#5589=LINE('',#13272,#6709);
#5590=LINE('',#13274,#6710);
#5591=LINE('',#13276,#6711);
#5592=LINE('',#13278,#6712);
#5593=LINE('',#13280,#6713);
#5594=LINE('',#13282,#6714);
#5595=LINE('',#13284,#6715);
#5596=LINE('',#13286,#6716);
#5597=LINE('',#13288,#6717);
#5598=LINE('',#13290,#6718);
#5599=LINE('',#13292,#6719);
#5600=LINE('',#13294,#6720);
#5601=LINE('',#13296,#6721);
#5602=LINE('',#13300,#6722);
#5603=LINE('',#13304,#6723);
#5604=LINE('',#13306,#6724);
#5605=LINE('',#13308,#6725);
#5606=LINE('',#13312,#6726);
#5607=LINE('',#13317,#6727);
#5608=LINE('',#13321,#6728);
#5609=LINE('',#13323,#6729);
#5610=LINE('',#13325,#6730);
#5611=LINE('',#13329,#6731);
#5612=LINE('',#13333,#6732);
#5613=LINE('',#13336,#6733);
#5614=LINE('',#13340,#6734);
#5615=LINE('',#13345,#6735);
#5616=LINE('',#13349,#6736);
#5617=LINE('',#13351,#6737);
#5618=LINE('',#13353,#6738);
#5619=LINE('',#13357,#6739);
#5620=LINE('',#13362,#6740);
#5621=LINE('',#13366,#6741);
#5622=LINE('',#13368,#6742);
#5623=LINE('',#13374,#6743);
#5624=LINE('',#13380,#6744);
#5625=LINE('',#13386,#6745);
#5626=LINE('',#13392,#6746);
#5627=LINE('',#13398,#6747);
#5628=LINE('',#13404,#6748);
#5629=LINE('',#13410,#6749);
#5630=LINE('',#13412,#6750);
#5631=LINE('',#13414,#6751);
#5632=LINE('',#13416,#6752);
#5633=LINE('',#13418,#6753);
#5634=LINE('',#13420,#6754);
#5635=LINE('',#13422,#6755);
#5636=LINE('',#13424,#6756);
#5637=LINE('',#13426,#6757);
#5638=LINE('',#13428,#6758);
#5639=LINE('',#13430,#6759);
#5640=LINE('',#13432,#6760);
#5641=LINE('',#13434,#6761);
#5642=LINE('',#13436,#6762);
#5643=LINE('',#13438,#6763);
#5644=LINE('',#13440,#6764);
#5645=LINE('',#13442,#6765);
#5646=LINE('',#13444,#6766);
#5647=LINE('',#13446,#6767);
#5648=LINE('',#13448,#6768);
#5649=LINE('',#13450,#6769);
#5650=LINE('',#13452,#6770);
#5651=LINE('',#13454,#6771);
#5652=LINE('',#13458,#6772);
#5653=LINE('',#13462,#6773);
#5654=LINE('',#13468,#6774);
#5655=LINE('',#13474,#6775);
#5656=LINE('',#13480,#6776);
#5657=LINE('',#13486,#6777);
#5658=LINE('',#13492,#6778);
#5659=LINE('',#13498,#6779);
#5660=LINE('',#13500,#6780);
#5661=LINE('',#13502,#6781);
#5662=LINE('',#13504,#6782);
#5663=LINE('',#13506,#6783);
#5664=LINE('',#13508,#6784);
#5665=LINE('',#13510,#6785);
#5666=LINE('',#13512,#6786);
#5667=LINE('',#13514,#6787);
#5668=LINE('',#13516,#6788);
#5669=LINE('',#13518,#6789);
#5670=LINE('',#13520,#6790);
#5671=LINE('',#13522,#6791);
#5672=LINE('',#13524,#6792);
#5673=LINE('',#13526,#6793);
#5674=LINE('',#13528,#6794);
#5675=LINE('',#13530,#6795);
#5676=LINE('',#13532,#6796);
#5677=LINE('',#13534,#6797);
#5678=LINE('',#13536,#6798);
#5679=LINE('',#13538,#6799);
#5680=LINE('',#13540,#6800);
#5681=LINE('',#13542,#6801);
#5682=LINE('',#13544,#6802);
#5683=LINE('',#13546,#6803);
#5684=LINE('',#13548,#6804);
#5685=LINE('',#13550,#6805);
#5686=LINE('',#13552,#6806);
#5687=LINE('',#13554,#6807);
#5688=LINE('',#13556,#6808);
#5689=LINE('',#13558,#6809);
#5690=LINE('',#13560,#6810);
#5691=LINE('',#13562,#6811);
#5692=LINE('',#13564,#6812);
#5693=LINE('',#13566,#6813);
#5694=LINE('',#13568,#6814);
#5695=LINE('',#13570,#6815);
#5696=LINE('',#13572,#6816);
#5697=LINE('',#13574,#6817);
#5698=LINE('',#13576,#6818);
#5699=LINE('',#13578,#6819);
#5700=LINE('',#13580,#6820);
#5701=LINE('',#13582,#6821);
#5702=LINE('',#13584,#6822);
#5703=LINE('',#13586,#6823);
#5704=LINE('',#13588,#6824);
#5705=LINE('',#13590,#6825);
#5706=LINE('',#13592,#6826);
#5707=LINE('',#13594,#6827);
#5708=LINE('',#13596,#6828);
#5709=LINE('',#13598,#6829);
#5710=LINE('',#13600,#6830);
#5711=LINE('',#13602,#6831);
#5712=LINE('',#13604,#6832);
#5713=LINE('',#13606,#6833);
#5714=LINE('',#13608,#6834);
#5715=LINE('',#13610,#6835);
#5716=LINE('',#13612,#6836);
#5717=LINE('',#13614,#6837);
#5718=LINE('',#13616,#6838);
#5719=LINE('',#13618,#6839);
#5720=LINE('',#13620,#6840);
#5721=LINE('',#13622,#6841);
#5722=LINE('',#13624,#6842);
#5723=LINE('',#13625,#6843);
#5724=LINE('',#13627,#6844);
#5725=LINE('',#13629,#6845);
#5726=LINE('',#13631,#6846);
#5727=LINE('',#13634,#6847);
#5728=LINE('',#13636,#6848);
#5729=LINE('',#13638,#6849);
#5730=LINE('',#13639,#6850);
#5731=LINE('',#13641,#6851);
#5732=LINE('',#13644,#6852);
#5733=LINE('',#13646,#6853);
#5734=LINE('',#13648,#6854);
#5735=LINE('',#13649,#6855);
#5736=LINE('',#13651,#6856);
#5737=LINE('',#13654,#6857);
#5738=LINE('',#13656,#6858);
#5739=LINE('',#13658,#6859);
#5740=LINE('',#13659,#6860);
#5741=LINE('',#13661,#6861);
#5742=LINE('',#13664,#6862);
#5743=LINE('',#13666,#6863);
#5744=LINE('',#13668,#6864);
#5745=LINE('',#13669,#6865);
#5746=LINE('',#13671,#6866);
#5747=LINE('',#13674,#6867);
#5748=LINE('',#13676,#6868);
#5749=LINE('',#13678,#6869);
#5750=LINE('',#13679,#6870);
#5751=LINE('',#13681,#6871);
#5752=LINE('',#13684,#6872);
#5753=LINE('',#13686,#6873);
#5754=LINE('',#13688,#6874);
#5755=LINE('',#13689,#6875);
#5756=LINE('',#13691,#6876);
#5757=LINE('',#13694,#6877);
#5758=LINE('',#13695,#6878);
#5759=LINE('',#13696,#6879);
#5760=LINE('',#13698,#6880);
#5761=LINE('',#13704,#6881);
#5762=LINE('',#13710,#6882);
#5763=LINE('',#13716,#6883);
#5764=LINE('',#13722,#6884);
#5765=LINE('',#13728,#6885);
#5766=LINE('',#13734,#6886);
#5767=LINE('',#13740,#6887);
#5768=LINE('',#13742,#6888);
#5769=LINE('',#13744,#6889);
#5770=LINE('',#13746,#6890);
#5771=LINE('',#13748,#6891);
#5772=LINE('',#13750,#6892);
#5773=LINE('',#13752,#6893);
#5774=LINE('',#13754,#6894);
#5775=LINE('',#13756,#6895);
#5776=LINE('',#13758,#6896);
#5777=LINE('',#13760,#6897);
#5778=LINE('',#13762,#6898);
#5779=LINE('',#13764,#6899);
#5780=LINE('',#13766,#6900);
#5781=LINE('',#13768,#6901);
#5782=LINE('',#13770,#6902);
#5783=LINE('',#13772,#6903);
#5784=LINE('',#13774,#6904);
#5785=LINE('',#13776,#6905);
#5786=LINE('',#13778,#6906);
#5787=LINE('',#13780,#6907);
#5788=LINE('',#13782,#6908);
#5789=LINE('',#13784,#6909);
#5790=LINE('',#13808,#6910);
#5791=LINE('',#13810,#6911);
#5792=LINE('',#13812,#6912);
#5793=LINE('',#13814,#6913);
#5794=LINE('',#13816,#6914);
#5795=LINE('',#13818,#6915);
#5796=LINE('',#13820,#6916);
#5797=LINE('',#13822,#6917);
#5798=LINE('',#13824,#6918);
#5799=LINE('',#13826,#6919);
#5800=LINE('',#13828,#6920);
#5801=LINE('',#13831,#6921);
#5802=LINE('',#13833,#6922);
#5803=LINE('',#13835,#6923);
#5804=LINE('',#13837,#6924);
#5805=LINE('',#13839,#6925);
#5806=LINE('',#13841,#6926);
#5807=LINE('',#13844,#6927);
#5808=LINE('',#13846,#6928);
#5809=LINE('',#13848,#6929);
#5810=LINE('',#13850,#6930);
#5811=LINE('',#13852,#6931);
#5812=LINE('',#13854,#6932);
#5813=LINE('',#13857,#6933);
#5814=LINE('',#13859,#6934);
#5815=LINE('',#13861,#6935);
#5816=LINE('',#13863,#6936);
#5817=LINE('',#13865,#6937);
#5818=LINE('',#13867,#6938);
#5819=LINE('',#13870,#6939);
#5820=LINE('',#13872,#6940);
#5821=LINE('',#13874,#6941);
#5822=LINE('',#13876,#6942);
#5823=LINE('',#13878,#6943);
#5824=LINE('',#13880,#6944);
#5825=LINE('',#13883,#6945);
#5826=LINE('',#13885,#6946);
#5827=LINE('',#13887,#6947);
#5828=LINE('',#13889,#6948);
#5829=LINE('',#13891,#6949);
#5830=LINE('',#13893,#6950);
#5831=LINE('',#13896,#6951);
#5832=LINE('',#13898,#6952);
#5833=LINE('',#13900,#6953);
#5834=LINE('',#13902,#6954);
#5835=LINE('',#13904,#6955);
#5836=LINE('',#13906,#6956);
#5837=LINE('',#13908,#6957);
#5838=LINE('',#13910,#6958);
#5839=LINE('',#13912,#6959);
#5840=LINE('',#13914,#6960);
#5841=LINE('',#13916,#6961);
#5842=LINE('',#13918,#6962);
#5843=LINE('',#13920,#6963);
#5844=LINE('',#13922,#6964);
#5845=LINE('',#13924,#6965);
#5846=LINE('',#13926,#6966);
#5847=LINE('',#13928,#6967);
#5848=LINE('',#13930,#6968);
#5849=LINE('',#13932,#6969);
#5850=LINE('',#13934,#6970);
#5851=LINE('',#13936,#6971);
#5852=LINE('',#13938,#6972);
#5853=LINE('',#13940,#6973);
#5854=LINE('',#13942,#6974);
#5855=LINE('',#13944,#6975);
#5856=LINE('',#13946,#6976);
#5857=LINE('',#13948,#6977);
#5858=LINE('',#13950,#6978);
#5859=LINE('',#13952,#6979);
#5860=LINE('',#13954,#6980);
#5861=LINE('',#13955,#6981);
#5862=LINE('',#13957,#6982);
#5863=LINE('',#13959,#6983);
#5864=LINE('',#13961,#6984);
#5865=LINE('',#13962,#6985);
#5866=LINE('',#13964,#6986);
#5867=LINE('',#13966,#6987);
#5868=LINE('',#13968,#6988);
#5869=LINE('',#13971,#6989);
#5870=LINE('',#13972,#6990);
#5871=LINE('',#13974,#6991);
#5872=LINE('',#13976,#6992);
#5873=LINE('',#13978,#6993);
#5874=LINE('',#13981,#6994);
#5875=LINE('',#13982,#6995);
#5876=LINE('',#13984,#6996);
#5877=LINE('',#13986,#6997);
#5878=LINE('',#13988,#6998);
#5879=LINE('',#13991,#6999);
#5880=LINE('',#13992,#7000);
#5881=LINE('',#13994,#7001);
#5882=LINE('',#13996,#7002);
#5883=LINE('',#13998,#7003);
#5884=LINE('',#14001,#7004);
#5885=LINE('',#14002,#7005);
#5886=LINE('',#14004,#7006);
#5887=LINE('',#14006,#7007);
#5888=LINE('',#14008,#7008);
#5889=LINE('',#14011,#7009);
#5890=LINE('',#14012,#7010);
#5891=LINE('',#14014,#7011);
#5892=LINE('',#14016,#7012);
#5893=LINE('',#14018,#7013);
#5894=LINE('',#14021,#7014);
#5895=LINE('',#14022,#7015);
#5896=LINE('',#14024,#7016);
#5897=LINE('',#14026,#7017);
#5898=LINE('',#14030,#7018);
#5899=LINE('',#14036,#7019);
#5900=LINE('',#14042,#7020);
#5901=LINE('',#14048,#7021);
#5902=LINE('',#14054,#7022);
#5903=LINE('',#14060,#7023);
#5904=LINE('',#14066,#7024);
#5905=LINE('',#14070,#7025);
#5906=LINE('',#14072,#7026);
#5907=LINE('',#14074,#7027);
#5908=LINE('',#14076,#7028);
#5909=LINE('',#14078,#7029);
#5910=LINE('',#14080,#7030);
#5911=LINE('',#14082,#7031);
#5912=LINE('',#14084,#7032);
#5913=LINE('',#14086,#7033);
#5914=LINE('',#14088,#7034);
#5915=LINE('',#14090,#7035);
#5916=LINE('',#14092,#7036);
#5917=LINE('',#14094,#7037);
#5918=LINE('',#14096,#7038);
#5919=LINE('',#14098,#7039);
#5920=LINE('',#14100,#7040);
#5921=LINE('',#14102,#7041);
#5922=LINE('',#14104,#7042);
#5923=LINE('',#14106,#7043);
#5924=LINE('',#14108,#7044);
#5925=LINE('',#14110,#7045);
#5926=LINE('',#14112,#7046);
#5927=LINE('',#14114,#7047);
#5928=LINE('',#14140,#7048);
#5929=LINE('',#14146,#7049);
#5930=LINE('',#14152,#7050);
#5931=LINE('',#14158,#7051);
#5932=LINE('',#14164,#7052);
#5933=LINE('',#14170,#7053);
#5934=LINE('',#14176,#7054);
#5935=LINE('',#14180,#7055);
#5936=LINE('',#14182,#7056);
#5937=LINE('',#14184,#7057);
#5938=LINE('',#14186,#7058);
#5939=LINE('',#14188,#7059);
#5940=LINE('',#14190,#7060);
#5941=LINE('',#14192,#7061);
#5942=LINE('',#14194,#7062);
#5943=LINE('',#14196,#7063);
#5944=LINE('',#14198,#7064);
#5945=LINE('',#14200,#7065);
#5946=LINE('',#14202,#7066);
#5947=LINE('',#14204,#7067);
#5948=LINE('',#14206,#7068);
#5949=LINE('',#14208,#7069);
#5950=LINE('',#14210,#7070);
#5951=LINE('',#14212,#7071);
#5952=LINE('',#14214,#7072);
#5953=LINE('',#14216,#7073);
#5954=LINE('',#14218,#7074);
#5955=LINE('',#14220,#7075);
#5956=LINE('',#14222,#7076);
#5957=LINE('',#14224,#7077);
#5958=LINE('',#14250,#7078);
#5959=LINE('',#14251,#7079);
#5960=LINE('',#14253,#7080);
#5961=LINE('',#14254,#7081);
#5962=LINE('',#14259,#7082);
#5963=LINE('',#14260,#7083);
#5964=LINE('',#14262,#7084);
#5965=LINE('',#14263,#7085);
#5966=LINE('',#14268,#7086);
#5967=LINE('',#14269,#7087);
#5968=LINE('',#14271,#7088);
#5969=LINE('',#14272,#7089);
#5970=LINE('',#14277,#7090);
#5971=LINE('',#14278,#7091);
#5972=LINE('',#14280,#7092);
#5973=LINE('',#14281,#7093);
#5974=LINE('',#14286,#7094);
#5975=LINE('',#14287,#7095);
#5976=LINE('',#14289,#7096);
#5977=LINE('',#14290,#7097);
#5978=LINE('',#14295,#7098);
#5979=LINE('',#14296,#7099);
#5980=LINE('',#14298,#7100);
#5981=LINE('',#14299,#7101);
#5982=LINE('',#14304,#7102);
#5983=LINE('',#14306,#7103);
#5984=LINE('',#14308,#7104);
#5985=LINE('',#14309,#7105);
#5986=LINE('',#14313,#7106);
#5987=LINE('',#14314,#7107);
#5988=LINE('',#14317,#7108);
#5989=LINE('',#14318,#7109);
#5990=LINE('',#14322,#7110);
#5991=LINE('',#14323,#7111);
#5992=LINE('',#14326,#7112);
#5993=LINE('',#14327,#7113);
#5994=LINE('',#14331,#7114);
#5995=LINE('',#14332,#7115);
#5996=LINE('',#14335,#7116);
#5997=LINE('',#14336,#7117);
#5998=LINE('',#14340,#7118);
#5999=LINE('',#14341,#7119);
#6000=LINE('',#14344,#7120);
#6001=LINE('',#14345,#7121);
#6002=LINE('',#14349,#7122);
#6003=LINE('',#14350,#7123);
#6004=LINE('',#14353,#7124);
#6005=LINE('',#14354,#7125);
#6006=LINE('',#14358,#7126);
#6007=LINE('',#14359,#7127);
#6008=LINE('',#14362,#7128);
#6009=LINE('',#14363,#7129);
#6010=LINE('',#14367,#7130);
#6011=LINE('',#14368,#7131);
#6012=LINE('',#14371,#7132);
#6013=LINE('',#14372,#7133);
#6014=VECTOR('',#9524,39.3700787401575);
#6015=VECTOR('',#9525,39.3700787401575);
#6016=VECTOR('',#9526,39.3700787401575);
#6017=VECTOR('',#9527,39.3700787401575);
#6018=VECTOR('',#9530,39.3700787401575);
#6019=VECTOR('',#9531,39.3700787401575);
#6020=VECTOR('',#9532,39.3700787401575);
#6021=VECTOR('',#9533,39.3700787401575);
#6022=VECTOR('',#9536,39.3700787401575);
#6023=VECTOR('',#9537,39.3700787401575);
#6024=VECTOR('',#9538,39.3700787401575);
#6025=VECTOR('',#9539,39.3700787401575);
#6026=VECTOR('',#9542,39.3700787401575);
#6027=VECTOR('',#9543,39.3700787401575);
#6028=VECTOR('',#9544,39.3700787401575);
#6029=VECTOR('',#9545,39.3700787401575);
#6030=VECTOR('',#9548,39.3700787401575);
#6031=VECTOR('',#9549,39.3700787401575);
#6032=VECTOR('',#9550,39.3700787401575);
#6033=VECTOR('',#9551,39.3700787401575);
#6034=VECTOR('',#9554,39.3700787401575);
#6035=VECTOR('',#9555,39.3700787401575);
#6036=VECTOR('',#9556,39.3700787401575);
#6037=VECTOR('',#9557,39.3700787401575);
#6038=VECTOR('',#9560,39.3700787401575);
#6039=VECTOR('',#9561,39.3700787401575);
#6040=VECTOR('',#9562,39.3700787401575);
#6041=VECTOR('',#9563,39.3700787401575);
#6042=VECTOR('',#9566,39.3700787401575);
#6043=VECTOR('',#9567,39.3700787401575);
#6044=VECTOR('',#9568,39.3700787401575);
#6045=VECTOR('',#9569,39.3700787401575);
#6046=VECTOR('',#9572,39.3700787401575);
#6047=VECTOR('',#9573,39.3700787401575);
#6048=VECTOR('',#9574,39.3700787401575);
#6049=VECTOR('',#9575,39.3700787401575);
#6050=VECTOR('',#9578,39.3700787401575);
#6051=VECTOR('',#9579,39.3700787401575);
#6052=VECTOR('',#9580,39.3700787401575);
#6053=VECTOR('',#9581,39.3700787401575);
#6054=VECTOR('',#9584,39.3700787401575);
#6055=VECTOR('',#9585,39.3700787401575);
#6056=VECTOR('',#9586,39.3700787401575);
#6057=VECTOR('',#9587,39.3700787401575);
#6058=VECTOR('',#9590,39.3700787401575);
#6059=VECTOR('',#9591,39.3700787401575);
#6060=VECTOR('',#9592,39.3700787401575);
#6061=VECTOR('',#9593,39.3700787401575);
#6062=VECTOR('',#9596,39.3700787401575);
#6063=VECTOR('',#9597,39.3700787401575);
#6064=VECTOR('',#9598,39.3700787401575);
#6065=VECTOR('',#9599,39.3700787401575);
#6066=VECTOR('',#9602,39.3700787401575);
#6067=VECTOR('',#9603,39.3700787401575);
#6068=VECTOR('',#9604,39.3700787401575);
#6069=VECTOR('',#9605,39.3700787401575);
#6070=VECTOR('',#9608,39.3700787401575);
#6071=VECTOR('',#9609,39.3700787401575);
#6072=VECTOR('',#9610,39.3700787401575);
#6073=VECTOR('',#9611,39.3700787401575);
#6074=VECTOR('',#9614,39.3700787401575);
#6075=VECTOR('',#9615,39.3700787401575);
#6076=VECTOR('',#9616,39.3700787401575);
#6077=VECTOR('',#9617,39.3700787401575);
#6078=VECTOR('',#9620,39.3700787401575);
#6079=VECTOR('',#9621,39.3700787401575);
#6080=VECTOR('',#9622,39.3700787401575);
#6081=VECTOR('',#9623,39.3700787401575);
#6082=VECTOR('',#9626,39.3700787401575);
#6083=VECTOR('',#9627,39.3700787401575);
#6084=VECTOR('',#9628,39.3700787401575);
#6085=VECTOR('',#9629,39.3700787401575);
#6086=VECTOR('',#9632,39.3700787401575);
#6087=VECTOR('',#9633,39.3700787401575);
#6088=VECTOR('',#9634,39.3700787401575);
#6089=VECTOR('',#9635,39.3700787401575);
#6090=VECTOR('',#9636,39.3700787401575);
#6091=VECTOR('',#9637,39.3700787401575);
#6092=VECTOR('',#9638,39.3700787401575);
#6093=VECTOR('',#9639,39.3700787401575);
#6094=VECTOR('',#9640,39.3700787401575);
#6095=VECTOR('',#9641,39.3700787401575);
#6096=VECTOR('',#9642,39.3700787401575);
#6097=VECTOR('',#9643,39.3700787401575);
#6098=VECTOR('',#9644,39.3700787401575);
#6099=VECTOR('',#9645,39.3700787401575);
#6100=VECTOR('',#9646,39.3700787401575);
#6101=VECTOR('',#9647,39.3700787401575);
#6102=VECTOR('',#9648,39.3700787401575);
#6103=VECTOR('',#9649,39.3700787401575);
#6104=VECTOR('',#9650,39.3700787401575);
#6105=VECTOR('',#9651,39.3700787401575);
#6106=VECTOR('',#9652,39.3700787401575);
#6107=VECTOR('',#9653,39.3700787401575);
#6108=VECTOR('',#9654,39.3700787401575);
#6109=VECTOR('',#9655,39.3700787401575);
#6110=VECTOR('',#9656,39.3700787401575);
#6111=VECTOR('',#9657,39.3700787401575);
#6112=VECTOR('',#9658,39.3700787401575);
#6113=VECTOR('',#9659,39.3700787401575);
#6114=VECTOR('',#9660,39.3700787401575);
#6115=VECTOR('',#9661,39.3700787401575);
#6116=VECTOR('',#9662,39.3700787401575);
#6117=VECTOR('',#9663,39.3700787401575);
#6118=VECTOR('',#9664,39.3700787401575);
#6119=VECTOR('',#9665,39.3700787401575);
#6120=VECTOR('',#9666,39.3700787401575);
#6121=VECTOR('',#9667,39.3700787401575);
#6122=VECTOR('',#9668,39.3700787401575);
#6123=VECTOR('',#9669,39.3700787401575);
#6124=VECTOR('',#9670,39.3700787401575);
#6125=VECTOR('',#9671,39.3700787401575);
#6126=VECTOR('',#9672,39.3700787401575);
#6127=VECTOR('',#9673,39.3700787401575);
#6128=VECTOR('',#9674,39.3700787401575);
#6129=VECTOR('',#9675,39.3700787401575);
#6130=VECTOR('',#9676,39.3700787401575);
#6131=VECTOR('',#9677,39.3700787401575);
#6132=VECTOR('',#9678,39.3700787401575);
#6133=VECTOR('',#9679,39.3700787401575);
#6134=VECTOR('',#9680,39.3700787401575);
#6135=VECTOR('',#9681,39.3700787401575);
#6136=VECTOR('',#9682,39.3700787401575);
#6137=VECTOR('',#9683,39.3700787401575);
#6138=VECTOR('',#9684,39.3700787401575);
#6139=VECTOR('',#9685,39.3700787401575);
#6140=VECTOR('',#9686,39.3700787401575);
#6141=VECTOR('',#9687,39.3700787401575);
#6142=VECTOR('',#9688,39.3700787401575);
#6143=VECTOR('',#9689,39.3700787401575);
#6144=VECTOR('',#9690,39.3700787401575);
#6145=VECTOR('',#9725,39.3700787401575);
#6146=VECTOR('',#9726,39.3700787401575);
#6147=VECTOR('',#9727,39.3700787401575);
#6148=VECTOR('',#9728,39.3700787401575);
#6149=VECTOR('',#9729,39.3700787401575);
#6150=VECTOR('',#9730,39.3700787401575);
#6151=VECTOR('',#9731,39.3700787401575);
#6152=VECTOR('',#9732,39.3700787401575);
#6153=VECTOR('',#9733,39.3700787401575);
#6154=VECTOR('',#9734,39.3700787401575);
#6155=VECTOR('',#9735,39.3700787401575);
#6156=VECTOR('',#9736,39.3700787401575);
#6157=VECTOR('',#9737,39.3700787401575);
#6158=VECTOR('',#9738,39.3700787401575);
#6159=VECTOR('',#9739,39.3700787401575);
#6160=VECTOR('',#9740,39.3700787401575);
#6161=VECTOR('',#9741,39.3700787401575);
#6162=VECTOR('',#9742,39.3700787401575);
#6163=VECTOR('',#9743,39.3700787401575);
#6164=VECTOR('',#9744,39.3700787401575);
#6165=VECTOR('',#9745,39.3700787401575);
#6166=VECTOR('',#9746,39.3700787401575);
#6167=VECTOR('',#9747,39.3700787401575);
#6168=VECTOR('',#9748,39.3700787401575);
#6169=VECTOR('',#9749,39.3700787401575);
#6170=VECTOR('',#9750,39.3700787401575);
#6171=VECTOR('',#9751,39.3700787401575);
#6172=VECTOR('',#9752,39.3700787401575);
#6173=VECTOR('',#9753,39.3700787401575);
#6174=VECTOR('',#9754,39.3700787401575);
#6175=VECTOR('',#9755,39.3700787401575);
#6176=VECTOR('',#9756,39.3700787401575);
#6177=VECTOR('',#9757,39.3700787401575);
#6178=VECTOR('',#9758,39.3700787401575);
#6179=VECTOR('',#9759,39.3700787401575);
#6180=VECTOR('',#9760,39.3700787401575);
#6181=VECTOR('',#9761,39.3700787401575);
#6182=VECTOR('',#9762,39.3700787401575);
#6183=VECTOR('',#9763,39.3700787401575);
#6184=VECTOR('',#9764,39.3700787401575);
#6185=VECTOR('',#9765,39.3700787401575);
#6186=VECTOR('',#9766,39.3700787401575);
#6187=VECTOR('',#9767,39.3700787401575);
#6188=VECTOR('',#9768,39.3700787401575);
#6189=VECTOR('',#9769,39.3700787401575);
#6190=VECTOR('',#9770,39.3700787401575);
#6191=VECTOR('',#9771,39.3700787401575);
#6192=VECTOR('',#9772,39.3700787401575);
#6193=VECTOR('',#9773,39.3700787401575);
#6194=VECTOR('',#9774,39.3700787401575);
#6195=VECTOR('',#9775,39.3700787401575);
#6196=VECTOR('',#9776,39.3700787401575);
#6197=VECTOR('',#9777,39.3700787401575);
#6198=VECTOR('',#9778,39.3700787401575);
#6199=VECTOR('',#9779,39.3700787401575);
#6200=VECTOR('',#9780,39.3700787401575);
#6201=VECTOR('',#9781,39.3700787401575);
#6202=VECTOR('',#9782,39.3700787401575);
#6203=VECTOR('',#9783,39.3700787401575);
#6204=VECTOR('',#9786,39.3700787401575);
#6205=VECTOR('',#9787,39.3700787401575);
#6206=VECTOR('',#9788,39.3700787401575);
#6207=VECTOR('',#9791,39.3700787401575);
#6208=VECTOR('',#9792,39.3700787401575);
#6209=VECTOR('',#9793,39.3700787401575);
#6210=VECTOR('',#9794,39.3700787401575);
#6211=VECTOR('',#9797,39.3700787401575);
#6212=VECTOR('',#9798,39.3700787401575);
#6213=VECTOR('',#9799,39.3700787401575);
#6214=VECTOR('',#9802,39.3700787401575);
#6215=VECTOR('',#9803,39.3700787401575);
#6216=VECTOR('',#9804,39.3700787401575);
#6217=VECTOR('',#9805,39.3700787401575);
#6218=VECTOR('',#9808,39.3700787401575);
#6219=VECTOR('',#9809,39.3700787401575);
#6220=VECTOR('',#9810,39.3700787401575);
#6221=VECTOR('',#9813,39.3700787401575);
#6222=VECTOR('',#9814,39.3700787401575);
#6223=VECTOR('',#9815,39.3700787401575);
#6224=VECTOR('',#9816,39.3700787401575);
#6225=VECTOR('',#9819,39.3700787401575);
#6226=VECTOR('',#9820,39.3700787401575);
#6227=VECTOR('',#9821,39.3700787401575);
#6228=VECTOR('',#9824,39.3700787401575);
#6229=VECTOR('',#9825,39.3700787401575);
#6230=VECTOR('',#9826,39.3700787401575);
#6231=VECTOR('',#9827,39.3700787401575);
#6232=VECTOR('',#9830,39.3700787401575);
#6233=VECTOR('',#9831,39.3700787401575);
#6234=VECTOR('',#9832,39.3700787401575);
#6235=VECTOR('',#9835,39.3700787401575);
#6236=VECTOR('',#9836,39.3700787401575);
#6237=VECTOR('',#9837,39.3700787401575);
#6238=VECTOR('',#9838,39.3700787401575);
#6239=VECTOR('',#9841,39.3700787401575);
#6240=VECTOR('',#9842,39.3700787401575);
#6241=VECTOR('',#9843,39.3700787401575);
#6242=VECTOR('',#9846,39.3700787401575);
#6243=VECTOR('',#9847,39.3700787401575);
#6244=VECTOR('',#9848,39.3700787401575);
#6245=VECTOR('',#9849,39.3700787401575);
#6246=VECTOR('',#9852,39.3700787401575);
#6247=VECTOR('',#9853,39.3700787401575);
#6248=VECTOR('',#9854,39.3700787401575);
#6249=VECTOR('',#9857,39.3700787401575);
#6250=VECTOR('',#9858,39.3700787401575);
#6251=VECTOR('',#9859,39.3700787401575);
#6252=VECTOR('',#9860,39.3700787401575);
#6253=VECTOR('',#9863,39.3700787401575);
#6254=VECTOR('',#9864,39.3700787401575);
#6255=VECTOR('',#9865,39.3700787401575);
#6256=VECTOR('',#9868,39.3700787401575);
#6257=VECTOR('',#9869,39.3700787401575);
#6258=VECTOR('',#9870,39.3700787401575);
#6259=VECTOR('',#9871,39.3700787401575);
#6260=VECTOR('',#9874,39.3700787401575);
#6261=VECTOR('',#9875,39.3700787401575);
#6262=VECTOR('',#9876,39.3700787401575);
#6263=VECTOR('',#9879,39.3700787401575);
#6264=VECTOR('',#9880,39.3700787401575);
#6265=VECTOR('',#9881,39.3700787401575);
#6266=VECTOR('',#9884,39.3700787401575);
#6267=VECTOR('',#9885,39.3700787401575);
#6268=VECTOR('',#9886,39.3700787401575);
#6269=VECTOR('',#9887,39.3700787401575);
#6270=VECTOR('',#9890,39.3700787401575);
#6271=VECTOR('',#9891,39.3700787401575);
#6272=VECTOR('',#9892,39.3700787401575);
#6273=VECTOR('',#9895,39.3700787401575);
#6274=VECTOR('',#9896,39.3700787401575);
#6275=VECTOR('',#9897,39.3700787401575);
#6276=VECTOR('',#9898,39.3700787401575);
#6277=VECTOR('',#9901,39.3700787401575);
#6278=VECTOR('',#9902,39.3700787401575);
#6279=VECTOR('',#9903,39.3700787401575);
#6280=VECTOR('',#9906,39.3700787401575);
#6281=VECTOR('',#9907,39.3700787401575);
#6282=VECTOR('',#9908,39.3700787401575);
#6283=VECTOR('',#9909,39.3700787401575);
#6284=VECTOR('',#9912,39.3700787401575);
#6285=VECTOR('',#9913,39.3700787401575);
#6286=VECTOR('',#9914,39.3700787401575);
#6287=VECTOR('',#9917,39.3700787401575);
#6288=VECTOR('',#9918,39.3700787401575);
#6289=VECTOR('',#9919,39.3700787401575);
#6290=VECTOR('',#9920,39.3700787401575);
#6291=VECTOR('',#9923,39.3700787401575);
#6292=VECTOR('',#9924,39.3700787401575);
#6293=VECTOR('',#9925,39.3700787401575);
#6294=VECTOR('',#9928,39.3700787401575);
#6295=VECTOR('',#9929,39.3700787401575);
#6296=VECTOR('',#9930,39.3700787401575);
#6297=VECTOR('',#9931,39.3700787401575);
#6298=VECTOR('',#9934,39.3700787401575);
#6299=VECTOR('',#9935,39.3700787401575);
#6300=VECTOR('',#9936,39.3700787401575);
#6301=VECTOR('',#9939,39.3700787401575);
#6302=VECTOR('',#9940,39.3700787401575);
#6303=VECTOR('',#9941,39.3700787401575);
#6304=VECTOR('',#9942,39.3700787401575);
#6305=VECTOR('',#9945,39.3700787401575);
#6306=VECTOR('',#9946,39.3700787401575);
#6307=VECTOR('',#9947,39.3700787401575);
#6308=VECTOR('',#9950,39.3700787401575);
#6309=VECTOR('',#9951,39.3700787401575);
#6310=VECTOR('',#9952,39.3700787401575);
#6311=VECTOR('',#9953,39.3700787401575);
#6312=VECTOR('',#9956,39.3700787401575);
#6313=VECTOR('',#9957,39.3700787401575);
#6314=VECTOR('',#9958,39.3700787401575);
#6315=VECTOR('',#9961,39.3700787401575);
#6316=VECTOR('',#9962,39.3700787401575);
#6317=VECTOR('',#9963,39.3700787401575);
#6318=VECTOR('',#9964,39.3700787401575);
#6319=VECTOR('',#9967,39.3700787401575);
#6320=VECTOR('',#9968,39.3700787401575);
#6321=VECTOR('',#9969,39.3700787401575);
#6322=VECTOR('',#9972,39.3700787401575);
#6323=VECTOR('',#9973,39.3700787401575);
#6324=VECTOR('',#9976,39.3700787401575);
#6325=VECTOR('',#9977,39.3700787401575);
#6326=VECTOR('',#9978,39.3700787401575);
#6327=VECTOR('',#9979,39.3700787401575);
#6328=VECTOR('',#9982,39.3700787401575);
#6329=VECTOR('',#9983,39.3700787401575);
#6330=VECTOR('',#9984,39.3700787401575);
#6331=VECTOR('',#9987,39.3700787401575);
#6332=VECTOR('',#9988,39.3700787401575);
#6333=VECTOR('',#9989,39.3700787401575);
#6334=VECTOR('',#9992,39.3700787401575);
#6335=VECTOR('',#9993,39.3700787401575);
#6336=VECTOR('',#9994,39.3700787401575);
#6337=VECTOR('',#9995,39.3700787401575);
#6338=VECTOR('',#9998,39.3700787401575);
#6339=VECTOR('',#9999,39.3700787401575);
#6340=VECTOR('',#10000,39.3700787401575);
#6341=VECTOR('',#10003,39.3700787401575);
#6342=VECTOR('',#10004,39.3700787401575);
#6343=VECTOR('',#10005,39.3700787401575);
#6344=VECTOR('',#10008,39.3700787401575);
#6345=VECTOR('',#10009,39.3700787401575);
#6346=VECTOR('',#10010,39.3700787401575);
#6347=VECTOR('',#10011,39.3700787401575);
#6348=VECTOR('',#10014,39.3700787401575);
#6349=VECTOR('',#10015,39.3700787401575);
#6350=VECTOR('',#10016,39.3700787401575);
#6351=VECTOR('',#10019,39.3700787401575);
#6352=VECTOR('',#10020,39.3700787401575);
#6353=VECTOR('',#10021,39.3700787401575);
#6354=VECTOR('',#10024,39.3700787401575);
#6355=VECTOR('',#10025,39.3700787401575);
#6356=VECTOR('',#10026,39.3700787401575);
#6357=VECTOR('',#10027,39.3700787401575);
#6358=VECTOR('',#10030,39.3700787401575);
#6359=VECTOR('',#10031,39.3700787401575);
#6360=VECTOR('',#10032,39.3700787401575);
#6361=VECTOR('',#10035,39.3700787401575);
#6362=VECTOR('',#10036,39.3700787401575);
#6363=VECTOR('',#10037,39.3700787401575);
#6364=VECTOR('',#10040,39.3700787401575);
#6365=VECTOR('',#10041,39.3700787401575);
#6366=VECTOR('',#10042,39.3700787401575);
#6367=VECTOR('',#10043,39.3700787401575);
#6368=VECTOR('',#10046,39.3700787401575);
#6369=VECTOR('',#10047,39.3700787401575);
#6370=VECTOR('',#10048,39.3700787401575);
#6371=VECTOR('',#10051,39.3700787401575);
#6372=VECTOR('',#10052,39.3700787401575);
#6373=VECTOR('',#10053,39.3700787401575);
#6374=VECTOR('',#10056,39.3700787401575);
#6375=VECTOR('',#10057,39.3700787401575);
#6376=VECTOR('',#10058,39.3700787401575);
#6377=VECTOR('',#10059,39.3700787401575);
#6378=VECTOR('',#10062,39.3700787401575);
#6379=VECTOR('',#10063,39.3700787401575);
#6380=VECTOR('',#10064,39.3700787401575);
#6381=VECTOR('',#10067,39.3700787401575);
#6382=VECTOR('',#10068,39.3700787401575);
#6383=VECTOR('',#10069,39.3700787401575);
#6384=VECTOR('',#10072,39.3700787401575);
#6385=VECTOR('',#10073,39.3700787401575);
#6386=VECTOR('',#10074,39.3700787401575);
#6387=VECTOR('',#10075,39.3700787401575);
#6388=VECTOR('',#10078,39.3700787401575);
#6389=VECTOR('',#10079,39.3700787401575);
#6390=VECTOR('',#10080,39.3700787401575);
#6391=VECTOR('',#10083,39.3700787401575);
#6392=VECTOR('',#10084,39.3700787401575);
#6393=VECTOR('',#10085,39.3700787401575);
#6394=VECTOR('',#10088,39.3700787401575);
#6395=VECTOR('',#10089,39.3700787401575);
#6396=VECTOR('',#10090,39.3700787401575);
#6397=VECTOR('',#10091,39.3700787401575);
#6398=VECTOR('',#10094,39.3700787401575);
#6399=VECTOR('',#10095,39.3700787401575);
#6400=VECTOR('',#10096,39.3700787401575);
#6401=VECTOR('',#10099,39.3700787401575);
#6402=VECTOR('',#10100,39.3700787401575);
#6403=VECTOR('',#10101,39.3700787401575);
#6404=VECTOR('',#10104,39.3700787401575);
#6405=VECTOR('',#10105,39.3700787401575);
#6406=VECTOR('',#10108,39.3700787401575);
#6407=VECTOR('',#10109,39.3700787401575);
#6408=VECTOR('',#10112,39.3700787401575);
#6409=VECTOR('',#10113,39.3700787401575);
#6410=VECTOR('',#10116,39.3700787401575);
#6411=VECTOR('',#10117,39.3700787401575);
#6412=VECTOR('',#10120,39.3700787401575);
#6413=VECTOR('',#10121,39.3700787401575);
#6414=VECTOR('',#10124,39.3700787401575);
#6415=VECTOR('',#10125,39.3700787401575);
#6416=VECTOR('',#10128,39.3700787401575);
#6417=VECTOR('',#10129,39.3700787401575);
#6418=VECTOR('',#10132,39.3700787401575);
#6419=VECTOR('',#10133,39.3700787401575);
#6420=VECTOR('',#10136,39.3700787401575);
#6421=VECTOR('',#10137,39.3700787401575);
#6422=VECTOR('',#10140,39.3700787401575);
#6423=VECTOR('',#10141,39.3700787401575);
#6424=VECTOR('',#10142,39.3700787401575);
#6425=VECTOR('',#10143,39.3700787401575);
#6426=VECTOR('',#10144,39.3700787401575);
#6427=VECTOR('',#10145,39.3700787401575);
#6428=VECTOR('',#10146,39.3700787401575);
#6429=VECTOR('',#10147,39.3700787401575);
#6430=VECTOR('',#10148,39.3700787401575);
#6431=VECTOR('',#10149,39.3700787401575);
#6432=VECTOR('',#10150,39.3700787401575);
#6433=VECTOR('',#10151,39.3700787401575);
#6434=VECTOR('',#10152,39.3700787401575);
#6435=VECTOR('',#10153,39.3700787401575);
#6436=VECTOR('',#10154,39.3700787401575);
#6437=VECTOR('',#10155,39.3700787401575);
#6438=VECTOR('',#10156,39.3700787401575);
#6439=VECTOR('',#10157,39.3700787401575);
#6440=VECTOR('',#10158,39.3700787401575);
#6441=VECTOR('',#10159,39.3700787401575);
#6442=VECTOR('',#10160,39.3700787401575);
#6443=VECTOR('',#10161,39.3700787401575);
#6444=VECTOR('',#10162,39.3700787401575);
#6445=VECTOR('',#10163,39.3700787401575);
#6446=VECTOR('',#10164,39.3700787401575);
#6447=VECTOR('',#10165,39.3700787401575);
#6448=VECTOR('',#10166,39.3700787401575);
#6449=VECTOR('',#10167,39.3700787401575);
#6450=VECTOR('',#10170,39.3700787401575);
#6451=VECTOR('',#10171,39.3700787401575);
#6452=VECTOR('',#10172,39.3700787401575);
#6453=VECTOR('',#10173,39.3700787401575);
#6454=VECTOR('',#10174,39.3700787401575);
#6455=VECTOR('',#10175,39.3700787401575);
#6456=VECTOR('',#10176,39.3700787401575);
#6457=VECTOR('',#10177,39.3700787401575);
#6458=VECTOR('',#10178,39.3700787401575);
#6459=VECTOR('',#10179,39.3700787401575);
#6460=VECTOR('',#10180,39.3700787401575);
#6461=VECTOR('',#10181,39.3700787401575);
#6462=VECTOR('',#10182,39.3700787401575);
#6463=VECTOR('',#10183,39.3700787401575);
#6464=VECTOR('',#10184,39.3700787401575);
#6465=VECTOR('',#10185,39.3700787401575);
#6466=VECTOR('',#10186,39.3700787401575);
#6467=VECTOR('',#10187,39.3700787401575);
#6468=VECTOR('',#10188,39.3700787401575);
#6469=VECTOR('',#10189,39.3700787401575);
#6470=VECTOR('',#10190,39.3700787401575);
#6471=VECTOR('',#10191,39.3700787401575);
#6472=VECTOR('',#10192,39.3700787401575);
#6473=VECTOR('',#10193,39.3700787401575);
#6474=VECTOR('',#10194,39.3700787401575);
#6475=VECTOR('',#10195,39.3700787401575);
#6476=VECTOR('',#10196,39.3700787401575);
#6477=VECTOR('',#10197,39.3700787401575);
#6478=VECTOR('',#10198,39.3700787401575);
#6479=VECTOR('',#10199,39.3700787401575);
#6480=VECTOR('',#10200,39.3700787401575);
#6481=VECTOR('',#10201,39.3700787401575);
#6482=VECTOR('',#10202,39.3700787401575);
#6483=VECTOR('',#10203,39.3700787401575);
#6484=VECTOR('',#10204,39.3700787401575);
#6485=VECTOR('',#10205,39.3700787401575);
#6486=VECTOR('',#10206,39.3700787401575);
#6487=VECTOR('',#10207,39.3700787401575);
#6488=VECTOR('',#10208,39.3700787401575);
#6489=VECTOR('',#10209,39.3700787401575);
#6490=VECTOR('',#10210,39.3700787401575);
#6491=VECTOR('',#10211,39.3700787401575);
#6492=VECTOR('',#10212,39.3700787401575);
#6493=VECTOR('',#10213,39.3700787401575);
#6494=VECTOR('',#10214,39.3700787401575);
#6495=VECTOR('',#10215,39.3700787401575);
#6496=VECTOR('',#10216,39.3700787401575);
#6497=VECTOR('',#10217,39.3700787401575);
#6498=VECTOR('',#10218,39.3700787401575);
#6499=VECTOR('',#10219,39.3700787401575);
#6500=VECTOR('',#10220,39.3700787401575);
#6501=VECTOR('',#10221,39.3700787401575);
#6502=VECTOR('',#10222,39.3700787401575);
#6503=VECTOR('',#10223,39.3700787401575);
#6504=VECTOR('',#10224,39.3700787401575);
#6505=VECTOR('',#10225,39.3700787401575);
#6506=VECTOR('',#10226,39.3700787401575);
#6507=VECTOR('',#10227,39.3700787401575);
#6508=VECTOR('',#10228,39.3700787401575);
#6509=VECTOR('',#10229,39.3700787401575);
#6510=VECTOR('',#10230,39.3700787401575);
#6511=VECTOR('',#10231,39.3700787401575);
#6512=VECTOR('',#10232,39.3700787401575);
#6513=VECTOR('',#10233,39.3700787401575);
#6514=VECTOR('',#10238,39.3700787401575);
#6515=VECTOR('',#10241,39.3700787401575);
#6516=VECTOR('',#10250,39.3700787401575);
#6517=VECTOR('',#10253,39.3700787401575);
#6518=VECTOR('',#10262,39.3700787401575);
#6519=VECTOR('',#10265,39.3700787401575);
#6520=VECTOR('',#10274,39.3700787401575);
#6521=VECTOR('',#10277,39.3700787401575);
#6522=VECTOR('',#10286,39.3700787401575);
#6523=VECTOR('',#10289,39.3700787401575);
#6524=VECTOR('',#10298,39.3700787401575);
#6525=VECTOR('',#10301,39.3700787401575);
#6526=VECTOR('',#10310,39.3700787401575);
#6527=VECTOR('',#10313,39.3700787401575);
#6528=VECTOR('',#10322,39.3700787401575);
#6529=VECTOR('',#10325,39.3700787401575);
#6530=VECTOR('',#10334,39.3700787401575);
#6531=VECTOR('',#10337,39.3700787401575);
#6532=VECTOR('',#10346,39.3700787401575);
#6533=VECTOR('',#10349,39.3700787401575);
#6534=VECTOR('',#10358,39.3700787401575);
#6535=VECTOR('',#10361,39.3700787401575);
#6536=VECTOR('',#10370,39.3700787401575);
#6537=VECTOR('',#10373,39.3700787401575);
#6538=VECTOR('',#10382,39.3700787401575);
#6539=VECTOR('',#10385,39.3700787401575);
#6540=VECTOR('',#10394,39.3700787401575);
#6541=VECTOR('',#10397,39.3700787401575);
#6542=VECTOR('',#10406,39.3700787401575);
#6543=VECTOR('',#10409,39.3700787401575);
#6544=VECTOR('',#10418,39.3700787401575);
#6545=VECTOR('',#10421,39.3700787401575);
#6546=VECTOR('',#10428,39.3700787401575);
#6547=VECTOR('',#10429,39.3700787401575);
#6548=VECTOR('',#10430,39.3700787401575);
#6549=VECTOR('',#10431,39.3700787401575);
#6550=VECTOR('',#10434,39.3700787401575);
#6551=VECTOR('',#10435,39.3700787401575);
#6552=VECTOR('',#10438,39.3700787401575);
#6553=VECTOR('',#10439,39.3700787401575);
#6554=VECTOR('',#10446,39.3700787401575);
#6555=VECTOR('',#10447,39.3700787401575);
#6556=VECTOR('',#10448,39.3700787401575);
#6557=VECTOR('',#10449,39.3700787401575);
#6558=VECTOR('',#10452,39.3700787401575);
#6559=VECTOR('',#10453,39.3700787401575);
#6560=VECTOR('',#10456,39.3700787401575);
#6561=VECTOR('',#10457,39.3700787401575);
#6562=VECTOR('',#10464,39.3700787401575);
#6563=VECTOR('',#10465,39.3700787401575);
#6564=VECTOR('',#10466,39.3700787401575);
#6565=VECTOR('',#10467,39.3700787401575);
#6566=VECTOR('',#10470,39.3700787401575);
#6567=VECTOR('',#10471,39.3700787401575);
#6568=VECTOR('',#10474,39.3700787401575);
#6569=VECTOR('',#10475,39.3700787401575);
#6570=VECTOR('',#10482,39.3700787401575);
#6571=VECTOR('',#10483,39.3700787401575);
#6572=VECTOR('',#10484,39.3700787401575);
#6573=VECTOR('',#10485,39.3700787401575);
#6574=VECTOR('',#10488,39.3700787401575);
#6575=VECTOR('',#10489,39.3700787401575);
#6576=VECTOR('',#10492,39.3700787401575);
#6577=VECTOR('',#10493,39.3700787401575);
#6578=VECTOR('',#10500,39.3700787401575);
#6579=VECTOR('',#10501,39.3700787401575);
#6580=VECTOR('',#10502,39.3700787401575);
#6581=VECTOR('',#10503,39.3700787401575);
#6582=VECTOR('',#10506,39.3700787401575);
#6583=VECTOR('',#10507,39.3700787401575);
#6584=VECTOR('',#10510,39.3700787401575);
#6585=VECTOR('',#10511,39.3700787401575);
#6586=VECTOR('',#10518,39.3700787401575);
#6587=VECTOR('',#10519,39.3700787401575);
#6588=VECTOR('',#10520,39.3700787401575);
#6589=VECTOR('',#10521,39.3700787401575);
#6590=VECTOR('',#10524,39.3700787401575);
#6591=VECTOR('',#10525,39.3700787401575);
#6592=VECTOR('',#10528,39.3700787401575);
#6593=VECTOR('',#10529,39.3700787401575);
#6594=VECTOR('',#10536,39.3700787401575);
#6595=VECTOR('',#10537,39.3700787401575);
#6596=VECTOR('',#10538,39.3700787401575);
#6597=VECTOR('',#10541,39.3700787401575);
#6598=VECTOR('',#10542,39.3700787401575);
#6599=VECTOR('',#10543,39.3700787401575);
#6600=VECTOR('',#10546,39.3700787401575);
#6601=VECTOR('',#10549,39.3700787401575);
#6602=VECTOR('',#10588,39.3700787401575);
#6603=VECTOR('',#10589,39.3700787401575);
#6604=VECTOR('',#10590,39.3700787401575);
#6605=VECTOR('',#10591,39.3700787401575);
#6606=VECTOR('',#10592,39.3700787401575);
#6607=VECTOR('',#10593,39.3700787401575);
#6608=VECTOR('',#10594,39.3700787401575);
#6609=VECTOR('',#10595,39.3700787401575);
#6610=VECTOR('',#10596,39.3700787401575);
#6611=VECTOR('',#10597,39.3700787401575);
#6612=VECTOR('',#10598,39.3700787401575);
#6613=VECTOR('',#10599,39.3700787401575);
#6614=VECTOR('',#10600,39.3700787401575);
#6615=VECTOR('',#10601,39.3700787401575);
#6616=VECTOR('',#10602,39.3700787401575);
#6617=VECTOR('',#10603,39.3700787401575);
#6618=VECTOR('',#10604,39.3700787401575);
#6619=VECTOR('',#10605,39.3700787401575);
#6620=VECTOR('',#10606,39.3700787401575);
#6621=VECTOR('',#10607,39.3700787401575);
#6622=VECTOR('',#10608,39.3700787401575);
#6623=VECTOR('',#10609,39.3700787401575);
#6624=VECTOR('',#10610,39.3700787401575);
#6625=VECTOR('',#10611,39.3700787401575);
#6626=VECTOR('',#10612,39.3700787401575);
#6627=VECTOR('',#10613,39.3700787401575);
#6628=VECTOR('',#10614,39.3700787401575);
#6629=VECTOR('',#10615,39.3700787401575);
#6630=VECTOR('',#10616,39.3700787401575);
#6631=VECTOR('',#10617,39.3700787401575);
#6632=VECTOR('',#10618,39.3700787401575);
#6633=VECTOR('',#10619,39.3700787401575);
#6634=VECTOR('',#10620,39.3700787401575);
#6635=VECTOR('',#10621,39.3700787401575);
#6636=VECTOR('',#10622,39.3700787401575);
#6637=VECTOR('',#10623,39.3700787401575);
#6638=VECTOR('',#10624,39.3700787401575);
#6639=VECTOR('',#10625,39.3700787401575);
#6640=VECTOR('',#10626,39.3700787401575);
#6641=VECTOR('',#10627,39.3700787401575);
#6642=VECTOR('',#10628,39.3700787401575);
#6643=VECTOR('',#10629,39.3700787401575);
#6644=VECTOR('',#10630,39.3700787401575);
#6645=VECTOR('',#10631,39.3700787401575);
#6646=VECTOR('',#10632,39.3700787401575);
#6647=VECTOR('',#10633,39.3700787401575);
#6648=VECTOR('',#10634,39.3700787401575);
#6649=VECTOR('',#10635,39.3700787401575);
#6650=VECTOR('',#10636,39.3700787401575);
#6651=VECTOR('',#10637,39.3700787401575);
#6652=VECTOR('',#10638,39.3700787401575);
#6653=VECTOR('',#10639,39.3700787401575);
#6654=VECTOR('',#10640,39.3700787401575);
#6655=VECTOR('',#10641,39.3700787401575);
#6656=VECTOR('',#10642,39.3700787401575);
#6657=VECTOR('',#10643,39.3700787401575);
#6658=VECTOR('',#10644,39.3700787401575);
#6659=VECTOR('',#10645,39.3700787401575);
#6660=VECTOR('',#10646,39.3700787401575);
#6661=VECTOR('',#10647,39.3700787401575);
#6662=VECTOR('',#10650,39.3700787401575);
#6663=VECTOR('',#10651,39.3700787401575);
#6664=VECTOR('',#10652,39.3700787401575);
#6665=VECTOR('',#10653,39.3700787401575);
#6666=VECTOR('',#10654,39.3700787401575);
#6667=VECTOR('',#10655,39.3700787401575);
#6668=VECTOR('',#10656,39.3700787401575);
#6669=VECTOR('',#10657,39.3700787401575);
#6670=VECTOR('',#10658,39.3700787401575);
#6671=VECTOR('',#10659,39.3700787401575);
#6672=VECTOR('',#10660,39.3700787401575);
#6673=VECTOR('',#10661,39.3700787401575);
#6674=VECTOR('',#10662,39.3700787401575);
#6675=VECTOR('',#10663,39.3700787401575);
#6676=VECTOR('',#10664,39.3700787401575);
#6677=VECTOR('',#10665,39.3700787401575);
#6678=VECTOR('',#10666,39.3700787401575);
#6679=VECTOR('',#10667,39.3700787401575);
#6680=VECTOR('',#10668,39.3700787401575);
#6681=VECTOR('',#10669,39.3700787401575);
#6682=VECTOR('',#10670,39.3700787401575);
#6683=VECTOR('',#10671,39.3700787401575);
#6684=VECTOR('',#10672,39.3700787401575);
#6685=VECTOR('',#10673,39.3700787401575);
#6686=VECTOR('',#10674,39.3700787401575);
#6687=VECTOR('',#10675,39.3700787401575);
#6688=VECTOR('',#10676,39.3700787401575);
#6689=VECTOR('',#10677,39.3700787401575);
#6690=VECTOR('',#10678,39.3700787401575);
#6691=VECTOR('',#10679,39.3700787401575);
#6692=VECTOR('',#10680,39.3700787401575);
#6693=VECTOR('',#10681,39.3700787401575);
#6694=VECTOR('',#10682,39.3700787401575);
#6695=VECTOR('',#10683,39.3700787401575);
#6696=VECTOR('',#10684,39.3700787401575);
#6697=VECTOR('',#10685,39.3700787401575);
#6698=VECTOR('',#10686,39.3700787401575);
#6699=VECTOR('',#10687,39.3700787401575);
#6700=VECTOR('',#10688,39.3700787401575);
#6701=VECTOR('',#10689,39.3700787401575);
#6702=VECTOR('',#10690,39.3700787401575);
#6703=VECTOR('',#10691,39.3700787401575);
#6704=VECTOR('',#10692,39.3700787401575);
#6705=VECTOR('',#10693,39.3700787401575);
#6706=VECTOR('',#10694,39.3700787401575);
#6707=VECTOR('',#10695,39.3700787401575);
#6708=VECTOR('',#10696,39.3700787401575);
#6709=VECTOR('',#10697,39.3700787401575);
#6710=VECTOR('',#10698,39.3700787401575);
#6711=VECTOR('',#10699,39.3700787401575);
#6712=VECTOR('',#10700,39.3700787401575);
#6713=VECTOR('',#10701,39.3700787401575);
#6714=VECTOR('',#10702,39.3700787401575);
#6715=VECTOR('',#10703,39.3700787401575);
#6716=VECTOR('',#10704,39.3700787401575);
#6717=VECTOR('',#10705,39.3700787401575);
#6718=VECTOR('',#10706,39.3700787401575);
#6719=VECTOR('',#10707,39.3700787401575);
#6720=VECTOR('',#10708,39.3700787401575);
#6721=VECTOR('',#10709,39.3700787401575);
#6722=VECTOR('',#10714,39.3700787401575);
#6723=VECTOR('',#10717,39.3700787401575);
#6724=VECTOR('',#10718,39.3700787401575);
#6725=VECTOR('',#10719,39.3700787401575);
#6726=VECTOR('',#10722,39.3700787401575);
#6727=VECTOR('',#10727,39.3700787401575);
#6728=VECTOR('',#10730,39.3700787401575);
#6729=VECTOR('',#10731,39.3700787401575);
#6730=VECTOR('',#10732,39.3700787401575);
#6731=VECTOR('',#10735,39.3700787401575);
#6732=VECTOR('',#10740,39.3700787401575);
#6733=VECTOR('',#10741,39.3700787401575);
#6734=VECTOR('',#10744,39.3700787401575);
#6735=VECTOR('',#10749,39.3700787401575);
#6736=VECTOR('',#10752,39.3700787401575);
#6737=VECTOR('',#10753,39.3700787401575);
#6738=VECTOR('',#10754,39.3700787401575);
#6739=VECTOR('',#10757,39.3700787401575);
#6740=VECTOR('',#10762,39.3700787401575);
#6741=VECTOR('',#10765,39.3700787401575);
#6742=VECTOR('',#10768,39.3700787401575);
#6743=VECTOR('',#10775,39.3700787401575);
#6744=VECTOR('',#10782,39.3700787401575);
#6745=VECTOR('',#10789,39.3700787401575);
#6746=VECTOR('',#10796,39.3700787401575);
#6747=VECTOR('',#10803,39.3700787401575);
#6748=VECTOR('',#10810,39.3700787401575);
#6749=VECTOR('',#10817,39.3700787401575);
#6750=VECTOR('',#10820,39.3700787401575);
#6751=VECTOR('',#10821,39.3700787401575);
#6752=VECTOR('',#10824,39.3700787401575);
#6753=VECTOR('',#10825,39.3700787401575);
#6754=VECTOR('',#10826,39.3700787401575);
#6755=VECTOR('',#10829,39.3700787401575);
#6756=VECTOR('',#10830,39.3700787401575);
#6757=VECTOR('',#10831,39.3700787401575);
#6758=VECTOR('',#10834,39.3700787401575);
#6759=VECTOR('',#10835,39.3700787401575);
#6760=VECTOR('',#10836,39.3700787401575);
#6761=VECTOR('',#10839,39.3700787401575);
#6762=VECTOR('',#10840,39.3700787401575);
#6763=VECTOR('',#10841,39.3700787401575);
#6764=VECTOR('',#10844,39.3700787401575);
#6765=VECTOR('',#10845,39.3700787401575);
#6766=VECTOR('',#10846,39.3700787401575);
#6767=VECTOR('',#10849,39.3700787401575);
#6768=VECTOR('',#10850,39.3700787401575);
#6769=VECTOR('',#10851,39.3700787401575);
#6770=VECTOR('',#10854,39.3700787401575);
#6771=VECTOR('',#10855,39.3700787401575);
#6772=VECTOR('',#10860,39.3700787401575);
#6773=VECTOR('',#10865,39.3700787401575);
#6774=VECTOR('',#10872,39.3700787401575);
#6775=VECTOR('',#10879,39.3700787401575);
#6776=VECTOR('',#10886,39.3700787401575);
#6777=VECTOR('',#10893,39.3700787401575);
#6778=VECTOR('',#10900,39.3700787401575);
#6779=VECTOR('',#10907,39.3700787401575);
#6780=VECTOR('',#10910,39.3700787401575);
#6781=VECTOR('',#10911,39.3700787401575);
#6782=VECTOR('',#10912,39.3700787401575);
#6783=VECTOR('',#10913,39.3700787401575);
#6784=VECTOR('',#10916,39.3700787401575);
#6785=VECTOR('',#10917,39.3700787401575);
#6786=VECTOR('',#10918,39.3700787401575);
#6787=VECTOR('',#10919,39.3700787401575);
#6788=VECTOR('',#10920,39.3700787401575);
#6789=VECTOR('',#10923,39.3700787401575);
#6790=VECTOR('',#10924,39.3700787401575);
#6791=VECTOR('',#10925,39.3700787401575);
#6792=VECTOR('',#10926,39.3700787401575);
#6793=VECTOR('',#10927,39.3700787401575);
#6794=VECTOR('',#10930,39.3700787401575);
#6795=VECTOR('',#10931,39.3700787401575);
#6796=VECTOR('',#10932,39.3700787401575);
#6797=VECTOR('',#10933,39.3700787401575);
#6798=VECTOR('',#10934,39.3700787401575);
#6799=VECTOR('',#10937,39.3700787401575);
#6800=VECTOR('',#10938,39.3700787401575);
#6801=VECTOR('',#10939,39.3700787401575);
#6802=VECTOR('',#10940,39.3700787401575);
#6803=VECTOR('',#10941,39.3700787401575);
#6804=VECTOR('',#10944,39.3700787401575);
#6805=VECTOR('',#10945,39.3700787401575);
#6806=VECTOR('',#10946,39.3700787401575);
#6807=VECTOR('',#10947,39.3700787401575);
#6808=VECTOR('',#10948,39.3700787401575);
#6809=VECTOR('',#10951,39.3700787401575);
#6810=VECTOR('',#10952,39.3700787401575);
#6811=VECTOR('',#10953,39.3700787401575);
#6812=VECTOR('',#10954,39.3700787401575);
#6813=VECTOR('',#10955,39.3700787401575);
#6814=VECTOR('',#10958,39.3700787401575);
#6815=VECTOR('',#10959,39.3700787401575);
#6816=VECTOR('',#10960,39.3700787401575);
#6817=VECTOR('',#10961,39.3700787401575);
#6818=VECTOR('',#10964,39.3700787401575);
#6819=VECTOR('',#10965,39.3700787401575);
#6820=VECTOR('',#10966,39.3700787401575);
#6821=VECTOR('',#10969,39.3700787401575);
#6822=VECTOR('',#10970,39.3700787401575);
#6823=VECTOR('',#10971,39.3700787401575);
#6824=VECTOR('',#10974,39.3700787401575);
#6825=VECTOR('',#10975,39.3700787401575);
#6826=VECTOR('',#10976,39.3700787401575);
#6827=VECTOR('',#10979,39.3700787401575);
#6828=VECTOR('',#10980,39.3700787401575);
#6829=VECTOR('',#10981,39.3700787401575);
#6830=VECTOR('',#10984,39.3700787401575);
#6831=VECTOR('',#10985,39.3700787401575);
#6832=VECTOR('',#10986,39.3700787401575);
#6833=VECTOR('',#10989,39.3700787401575);
#6834=VECTOR('',#10990,39.3700787401575);
#6835=VECTOR('',#10991,39.3700787401575);
#6836=VECTOR('',#10994,39.3700787401575);
#6837=VECTOR('',#10995,39.3700787401575);
#6838=VECTOR('',#10996,39.3700787401575);
#6839=VECTOR('',#10999,39.3700787401575);
#6840=VECTOR('',#11000,39.3700787401575);
#6841=VECTOR('',#11001,39.3700787401575);
#6842=VECTOR('',#11004,39.3700787401575);
#6843=VECTOR('',#11005,39.3700787401575);
#6844=VECTOR('',#11006,39.3700787401575);
#6845=VECTOR('',#11007,39.3700787401575);
#6846=VECTOR('',#11010,39.3700787401575);
#6847=VECTOR('',#11011,39.3700787401575);
#6848=VECTOR('',#11012,39.3700787401575);
#6849=VECTOR('',#11013,39.3700787401575);
#6850=VECTOR('',#11014,39.3700787401575);
#6851=VECTOR('',#11017,39.3700787401575);
#6852=VECTOR('',#11018,39.3700787401575);
#6853=VECTOR('',#11019,39.3700787401575);
#6854=VECTOR('',#11020,39.3700787401575);
#6855=VECTOR('',#11021,39.3700787401575);
#6856=VECTOR('',#11024,39.3700787401575);
#6857=VECTOR('',#11025,39.3700787401575);
#6858=VECTOR('',#11026,39.3700787401575);
#6859=VECTOR('',#11027,39.3700787401575);
#6860=VECTOR('',#11028,39.3700787401575);
#6861=VECTOR('',#11031,39.3700787401575);
#6862=VECTOR('',#11032,39.3700787401575);
#6863=VECTOR('',#11033,39.3700787401575);
#6864=VECTOR('',#11034,39.3700787401575);
#6865=VECTOR('',#11035,39.3700787401575);
#6866=VECTOR('',#11038,39.3700787401575);
#6867=VECTOR('',#11039,39.3700787401575);
#6868=VECTOR('',#11040,39.3700787401575);
#6869=VECTOR('',#11041,39.3700787401575);
#6870=VECTOR('',#11042,39.3700787401575);
#6871=VECTOR('',#11045,39.3700787401575);
#6872=VECTOR('',#11046,39.3700787401575);
#6873=VECTOR('',#11047,39.3700787401575);
#6874=VECTOR('',#11048,39.3700787401575);
#6875=VECTOR('',#11049,39.3700787401575);
#6876=VECTOR('',#11052,39.3700787401575);
#6877=VECTOR('',#11053,39.3700787401575);
#6878=VECTOR('',#11054,39.3700787401575);
#6879=VECTOR('',#11055,39.3700787401575);
#6880=VECTOR('',#11058,39.3700787401575);
#6881=VECTOR('',#11065,39.3700787401575);
#6882=VECTOR('',#11072,39.3700787401575);
#6883=VECTOR('',#11079,39.3700787401575);
#6884=VECTOR('',#11086,39.3700787401575);
#6885=VECTOR('',#11093,39.3700787401575);
#6886=VECTOR('',#11100,39.3700787401575);
#6887=VECTOR('',#11107,39.3700787401575);
#6888=VECTOR('',#11110,39.3700787401575);
#6889=VECTOR('',#11111,39.3700787401575);
#6890=VECTOR('',#11114,39.3700787401575);
#6891=VECTOR('',#11115,39.3700787401575);
#6892=VECTOR('',#11116,39.3700787401575);
#6893=VECTOR('',#11119,39.3700787401575);
#6894=VECTOR('',#11120,39.3700787401575);
#6895=VECTOR('',#11121,39.3700787401575);
#6896=VECTOR('',#11124,39.3700787401575);
#6897=VECTOR('',#11125,39.3700787401575);
#6898=VECTOR('',#11126,39.3700787401575);
#6899=VECTOR('',#11129,39.3700787401575);
#6900=VECTOR('',#11130,39.3700787401575);
#6901=VECTOR('',#11131,39.3700787401575);
#6902=VECTOR('',#11134,39.3700787401575);
#6903=VECTOR('',#11135,39.3700787401575);
#6904=VECTOR('',#11136,39.3700787401575);
#6905=VECTOR('',#11139,39.3700787401575);
#6906=VECTOR('',#11140,39.3700787401575);
#6907=VECTOR('',#11141,39.3700787401575);
#6908=VECTOR('',#11144,39.3700787401575);
#6909=VECTOR('',#11145,39.3700787401575);
#6910=VECTOR('',#11192,39.3700787401575);
#6911=VECTOR('',#11193,39.3700787401575);
#6912=VECTOR('',#11194,39.3700787401575);
#6913=VECTOR('',#11195,39.3700787401575);
#6914=VECTOR('',#11196,39.3700787401575);
#6915=VECTOR('',#11199,39.3700787401575);
#6916=VECTOR('',#11200,39.3700787401575);
#6917=VECTOR('',#11201,39.3700787401575);
#6918=VECTOR('',#11202,39.3700787401575);
#6919=VECTOR('',#11203,39.3700787401575);
#6920=VECTOR('',#11206,39.3700787401575);
#6921=VECTOR('',#11207,39.3700787401575);
#6922=VECTOR('',#11208,39.3700787401575);
#6923=VECTOR('',#11209,39.3700787401575);
#6924=VECTOR('',#11210,39.3700787401575);
#6925=VECTOR('',#11211,39.3700787401575);
#6926=VECTOR('',#11214,39.3700787401575);
#6927=VECTOR('',#11215,39.3700787401575);
#6928=VECTOR('',#11216,39.3700787401575);
#6929=VECTOR('',#11217,39.3700787401575);
#6930=VECTOR('',#11218,39.3700787401575);
#6931=VECTOR('',#11219,39.3700787401575);
#6932=VECTOR('',#11222,39.3700787401575);
#6933=VECTOR('',#11223,39.3700787401575);
#6934=VECTOR('',#11224,39.3700787401575);
#6935=VECTOR('',#11225,39.3700787401575);
#6936=VECTOR('',#11226,39.3700787401575);
#6937=VECTOR('',#11227,39.3700787401575);
#6938=VECTOR('',#11230,39.3700787401575);
#6939=VECTOR('',#11231,39.3700787401575);
#6940=VECTOR('',#11232,39.3700787401575);
#6941=VECTOR('',#11233,39.3700787401575);
#6942=VECTOR('',#11234,39.3700787401575);
#6943=VECTOR('',#11235,39.3700787401575);
#6944=VECTOR('',#11238,39.3700787401575);
#6945=VECTOR('',#11239,39.3700787401575);
#6946=VECTOR('',#11240,39.3700787401575);
#6947=VECTOR('',#11241,39.3700787401575);
#6948=VECTOR('',#11242,39.3700787401575);
#6949=VECTOR('',#11243,39.3700787401575);
#6950=VECTOR('',#11246,39.3700787401575);
#6951=VECTOR('',#11247,39.3700787401575);
#6952=VECTOR('',#11248,39.3700787401575);
#6953=VECTOR('',#11249,39.3700787401575);
#6954=VECTOR('',#11250,39.3700787401575);
#6955=VECTOR('',#11251,39.3700787401575);
#6956=VECTOR('',#11254,39.3700787401575);
#6957=VECTOR('',#11255,39.3700787401575);
#6958=VECTOR('',#11256,39.3700787401575);
#6959=VECTOR('',#11259,39.3700787401575);
#6960=VECTOR('',#11260,39.3700787401575);
#6961=VECTOR('',#11261,39.3700787401575);
#6962=VECTOR('',#11264,39.3700787401575);
#6963=VECTOR('',#11265,39.3700787401575);
#6964=VECTOR('',#11266,39.3700787401575);
#6965=VECTOR('',#11269,39.3700787401575);
#6966=VECTOR('',#11270,39.3700787401575);
#6967=VECTOR('',#11271,39.3700787401575);
#6968=VECTOR('',#11274,39.3700787401575);
#6969=VECTOR('',#11275,39.3700787401575);
#6970=VECTOR('',#11276,39.3700787401575);
#6971=VECTOR('',#11279,39.3700787401575);
#6972=VECTOR('',#11280,39.3700787401575);
#6973=VECTOR('',#11281,39.3700787401575);
#6974=VECTOR('',#11284,39.3700787401575);
#6975=VECTOR('',#11285,39.3700787401575);
#6976=VECTOR('',#11286,39.3700787401575);
#6977=VECTOR('',#11289,39.3700787401575);
#6978=VECTOR('',#11290,39.3700787401575);
#6979=VECTOR('',#11291,39.3700787401575);
#6980=VECTOR('',#11294,39.3700787401575);
#6981=VECTOR('',#11295,39.3700787401575);
#6982=VECTOR('',#11296,39.3700787401575);
#6983=VECTOR('',#11297,39.3700787401575);
#6984=VECTOR('',#11300,39.3700787401575);
#6985=VECTOR('',#11301,39.3700787401575);
#6986=VECTOR('',#11302,39.3700787401575);
#6987=VECTOR('',#11303,39.3700787401575);
#6988=VECTOR('',#11306,39.3700787401575);
#6989=VECTOR('',#11307,39.3700787401575);
#6990=VECTOR('',#11308,39.3700787401575);
#6991=VECTOR('',#11309,39.3700787401575);
#6992=VECTOR('',#11310,39.3700787401575);
#6993=VECTOR('',#11313,39.3700787401575);
#6994=VECTOR('',#11314,39.3700787401575);
#6995=VECTOR('',#11315,39.3700787401575);
#6996=VECTOR('',#11316,39.3700787401575);
#6997=VECTOR('',#11317,39.3700787401575);
#6998=VECTOR('',#11320,39.3700787401575);
#6999=VECTOR('',#11321,39.3700787401575);
#7000=VECTOR('',#11322,39.3700787401575);
#7001=VECTOR('',#11323,39.3700787401575);
#7002=VECTOR('',#11324,39.3700787401575);
#7003=VECTOR('',#11327,39.3700787401575);
#7004=VECTOR('',#11328,39.3700787401575);
#7005=VECTOR('',#11329,39.3700787401575);
#7006=VECTOR('',#11330,39.3700787401575);
#7007=VECTOR('',#11331,39.3700787401575);
#7008=VECTOR('',#11334,39.3700787401575);
#7009=VECTOR('',#11335,39.3700787401575);
#7010=VECTOR('',#11336,39.3700787401575);
#7011=VECTOR('',#11337,39.3700787401575);
#7012=VECTOR('',#11338,39.3700787401575);
#7013=VECTOR('',#11341,39.3700787401575);
#7014=VECTOR('',#11342,39.3700787401575);
#7015=VECTOR('',#11343,39.3700787401575);
#7016=VECTOR('',#11344,39.3700787401575);
#7017=VECTOR('',#11345,39.3700787401575);
#7018=VECTOR('',#11350,39.3700787401575);
#7019=VECTOR('',#11357,39.3700787401575);
#7020=VECTOR('',#11364,39.3700787401575);
#7021=VECTOR('',#11371,39.3700787401575);
#7022=VECTOR('',#11378,39.3700787401575);
#7023=VECTOR('',#11385,39.3700787401575);
#7024=VECTOR('',#11392,39.3700787401575);
#7025=VECTOR('',#11397,39.3700787401575);
#7026=VECTOR('',#11400,39.3700787401575);
#7027=VECTOR('',#11401,39.3700787401575);
#7028=VECTOR('',#11404,39.3700787401575);
#7029=VECTOR('',#11405,39.3700787401575);
#7030=VECTOR('',#11406,39.3700787401575);
#7031=VECTOR('',#11409,39.3700787401575);
#7032=VECTOR('',#11410,39.3700787401575);
#7033=VECTOR('',#11411,39.3700787401575);
#7034=VECTOR('',#11414,39.3700787401575);
#7035=VECTOR('',#11415,39.3700787401575);
#7036=VECTOR('',#11416,39.3700787401575);
#7037=VECTOR('',#11419,39.3700787401575);
#7038=VECTOR('',#11420,39.3700787401575);
#7039=VECTOR('',#11421,39.3700787401575);
#7040=VECTOR('',#11424,39.3700787401575);
#7041=VECTOR('',#11425,39.3700787401575);
#7042=VECTOR('',#11426,39.3700787401575);
#7043=VECTOR('',#11429,39.3700787401575);
#7044=VECTOR('',#11430,39.3700787401575);
#7045=VECTOR('',#11431,39.3700787401575);
#7046=VECTOR('',#11434,39.3700787401575);
#7047=VECTOR('',#11435,39.3700787401575);
#7048=VECTOR('',#11484,39.3700787401575);
#7049=VECTOR('',#11491,39.3700787401575);
#7050=VECTOR('',#11498,39.3700787401575);
#7051=VECTOR('',#11505,39.3700787401575);
#7052=VECTOR('',#11512,39.3700787401575);
#7053=VECTOR('',#11519,39.3700787401575);
#7054=VECTOR('',#11526,39.3700787401575);
#7055=VECTOR('',#11531,39.3700787401575);
#7056=VECTOR('',#11534,39.3700787401575);
#7057=VECTOR('',#11535,39.3700787401575);
#7058=VECTOR('',#11538,39.3700787401575);
#7059=VECTOR('',#11539,39.3700787401575);
#7060=VECTOR('',#11540,39.3700787401575);
#7061=VECTOR('',#11543,39.3700787401575);
#7062=VECTOR('',#11544,39.3700787401575);
#7063=VECTOR('',#11545,39.3700787401575);
#7064=VECTOR('',#11548,39.3700787401575);
#7065=VECTOR('',#11549,39.3700787401575);
#7066=VECTOR('',#11550,39.3700787401575);
#7067=VECTOR('',#11553,39.3700787401575);
#7068=VECTOR('',#11554,39.3700787401575);
#7069=VECTOR('',#11555,39.3700787401575);
#7070=VECTOR('',#11558,39.3700787401575);
#7071=VECTOR('',#11559,39.3700787401575);
#7072=VECTOR('',#11560,39.3700787401575);
#7073=VECTOR('',#11563,39.3700787401575);
#7074=VECTOR('',#11564,39.3700787401575);
#7075=VECTOR('',#11565,39.3700787401575);
#7076=VECTOR('',#11568,39.3700787401575);
#7077=VECTOR('',#11569,39.3700787401575);
#7078=VECTOR('',#11620,39.3700787401575);
#7079=VECTOR('',#11621,39.3700787401575);
#7080=VECTOR('',#11624,39.3700787401575);
#7081=VECTOR('',#11625,39.3700787401575);
#7082=VECTOR('',#11634,39.3700787401575);
#7083=VECTOR('',#11635,39.3700787401575);
#7084=VECTOR('',#11638,39.3700787401575);
#7085=VECTOR('',#11639,39.3700787401575);
#7086=VECTOR('',#11648,39.3700787401575);
#7087=VECTOR('',#11649,39.3700787401575);
#7088=VECTOR('',#11652,39.3700787401575);
#7089=VECTOR('',#11653,39.3700787401575);
#7090=VECTOR('',#11662,39.3700787401575);
#7091=VECTOR('',#11663,39.3700787401575);
#7092=VECTOR('',#11666,39.3700787401575);
#7093=VECTOR('',#11667,39.3700787401575);
#7094=VECTOR('',#11676,39.3700787401575);
#7095=VECTOR('',#11677,39.3700787401575);
#7096=VECTOR('',#11680,39.3700787401575);
#7097=VECTOR('',#11681,39.3700787401575);
#7098=VECTOR('',#11690,39.3700787401575);
#7099=VECTOR('',#11691,39.3700787401575);
#7100=VECTOR('',#11694,39.3700787401575);
#7101=VECTOR('',#11695,39.3700787401575);
#7102=VECTOR('',#11704,39.3700787401575);
#7103=VECTOR('',#11707,39.3700787401575);
#7104=VECTOR('',#11710,39.3700787401575);
#7105=VECTOR('',#11711,39.3700787401575);
#7106=VECTOR('',#11718,39.3700787401575);
#7107=VECTOR('',#11719,39.3700787401575);
#7108=VECTOR('',#11724,39.3700787401575);
#7109=VECTOR('',#11725,39.3700787401575);
#7110=VECTOR('',#11732,39.3700787401575);
#7111=VECTOR('',#11733,39.3700787401575);
#7112=VECTOR('',#11738,39.3700787401575);
#7113=VECTOR('',#11739,39.3700787401575);
#7114=VECTOR('',#11746,39.3700787401575);
#7115=VECTOR('',#11747,39.3700787401575);
#7116=VECTOR('',#11752,39.3700787401575);
#7117=VECTOR('',#11753,39.3700787401575);
#7118=VECTOR('',#11760,39.3700787401575);
#7119=VECTOR('',#11761,39.3700787401575);
#7120=VECTOR('',#11766,39.3700787401575);
#7121=VECTOR('',#11767,39.3700787401575);
#7122=VECTOR('',#11774,39.3700787401575);
#7123=VECTOR('',#11775,39.3700787401575);
#7124=VECTOR('',#11780,39.3700787401575);
#7125=VECTOR('',#11781,39.3700787401575);
#7126=VECTOR('',#11788,39.3700787401575);
#7127=VECTOR('',#11789,39.3700787401575);
#7128=VECTOR('',#11794,39.3700787401575);
#7129=VECTOR('',#11795,39.3700787401575);
#7130=VECTOR('',#11802,39.3700787401575);
#7131=VECTOR('',#11803,39.3700787401575);
#7132=VECTOR('',#11808,39.3700787401575);
#7133=VECTOR('',#11809,39.3700787401575);
#7134=EDGE_LOOP('',(#254,#255,#256,#257));
#7135=EDGE_LOOP('',(#258,#259,#260,#261));
#7136=EDGE_LOOP('',(#262,#263,#264,#265));
#7137=EDGE_LOOP('',(#266,#267,#268,#269));
#7138=EDGE_LOOP('',(#270,#271,#272,#273));
#7139=EDGE_LOOP('',(#274,#275,#276,#277));
#7140=EDGE_LOOP('',(#278,#279,#280,#281));
#7141=EDGE_LOOP('',(#282,#283,#284,#285));
#7142=EDGE_LOOP('',(#286,#287,#288,#289));
#7143=EDGE_LOOP('',(#290,#291,#292,#293));
#7144=EDGE_LOOP('',(#294,#295,#296,#297));
#7145=EDGE_LOOP('',(#298,#299,#300,#301));
#7146=EDGE_LOOP('',(#302,#303,#304,#305));
#7147=EDGE_LOOP('',(#306,#307,#308,#309));
#7148=EDGE_LOOP('',(#310,#311,#312,#313));
#7149=EDGE_LOOP('',(#314,#315,#316,#317));
#7150=EDGE_LOOP('',(#318,#319,#320,#321));
#7151=EDGE_LOOP('',(#322,#323,#324,#325));
#7152=EDGE_LOOP('',(#326,#327,#328,#329,#330,#331,#332,#333,#334,#335,#336,
#337,#338,#339,#340,#341,#342,#343,#344,#345,#346,#347,#348,#349,#350,#351,
#352,#353,#354,#355,#356,#357,#358,#359,#360,#361,#362,#363,#364,#365,#366,
#367,#368,#369,#370,#371,#372,#373,#374,#375,#376,#377,#378,#379,#380,#381,
#382,#383,#384,#385,#386,#387,#388,#389,#390,#391,#392,#393));
#7153=EDGE_LOOP('',(#394));
#7154=EDGE_LOOP('',(#395));
#7155=EDGE_LOOP('',(#396));
#7156=EDGE_LOOP('',(#397));
#7157=EDGE_LOOP('',(#398));
#7158=EDGE_LOOP('',(#399));
#7159=EDGE_LOOP('',(#400));
#7160=EDGE_LOOP('',(#401));
#7161=EDGE_LOOP('',(#402));
#7162=EDGE_LOOP('',(#403));
#7163=EDGE_LOOP('',(#404));
#7164=EDGE_LOOP('',(#405));
#7165=EDGE_LOOP('',(#406));
#7166=EDGE_LOOP('',(#407));
#7167=EDGE_LOOP('',(#408));
#7168=EDGE_LOOP('',(#409));
#7169=EDGE_LOOP('',(#410,#411,#412,#413,#414,#415,#416,#417,#418,#419,#420,
#421,#422,#423,#424,#425,#426,#427,#428,#429,#430,#431,#432,#433,#434,#435,
#436,#437,#438,#439,#440,#441,#442,#443,#444,#445,#446,#447,#448,#449,#450,
#451,#452,#453,#454,#455,#456,#457,#458,#459,#460,#461,#462,#463,#464,#465,
#466,#467,#468,#469,#470,#471,#472,#473,#474,#475,#476,#477));
#7170=EDGE_LOOP('',(#478,#479,#480,#481));
#7171=EDGE_LOOP('',(#482,#483,#484,#485));
#7172=EDGE_LOOP('',(#486,#487,#488,#489));
#7173=EDGE_LOOP('',(#490,#491,#492,#493));
#7174=EDGE_LOOP('',(#494,#495,#496,#497));
#7175=EDGE_LOOP('',(#498,#499,#500,#501));
#7176=EDGE_LOOP('',(#502,#503,#504,#505));
#7177=EDGE_LOOP('',(#506,#507,#508,#509));
#7178=EDGE_LOOP('',(#510,#511,#512,#513));
#7179=EDGE_LOOP('',(#514,#515,#516,#517));
#7180=EDGE_LOOP('',(#518,#519,#520,#521));
#7181=EDGE_LOOP('',(#522,#523,#524,#525));
#7182=EDGE_LOOP('',(#526,#527,#528,#529));
#7183=EDGE_LOOP('',(#530,#531,#532,#533));
#7184=EDGE_LOOP('',(#534,#535,#536,#537));
#7185=EDGE_LOOP('',(#538,#539,#540,#541));
#7186=EDGE_LOOP('',(#542,#543,#544,#545));
#7187=EDGE_LOOP('',(#546,#547,#548,#549));
#7188=EDGE_LOOP('',(#550,#551,#552,#553));
#7189=EDGE_LOOP('',(#554,#555,#556,#557));
#7190=EDGE_LOOP('',(#558,#559,#560,#561));
#7191=EDGE_LOOP('',(#562,#563,#564,#565));
#7192=EDGE_LOOP('',(#566,#567,#568,#569));
#7193=EDGE_LOOP('',(#570,#571,#572,#573));
#7194=EDGE_LOOP('',(#574,#575,#576,#577));
#7195=EDGE_LOOP('',(#578,#579,#580,#581));
#7196=EDGE_LOOP('',(#582,#583,#584,#585));
#7197=EDGE_LOOP('',(#586,#587,#588,#589));
#7198=EDGE_LOOP('',(#590,#591,#592,#593));
#7199=EDGE_LOOP('',(#594,#595,#596,#597));
#7200=EDGE_LOOP('',(#598,#599,#600,#601));
#7201=EDGE_LOOP('',(#602,#603,#604,#605));
#7202=EDGE_LOOP('',(#606,#607,#608,#609));
#7203=EDGE_LOOP('',(#610,#611,#612,#613));
#7204=EDGE_LOOP('',(#614,#615,#616,#617,#618,#619,#620,#621));
#7205=EDGE_LOOP('',(#622,#623,#624,#625));
#7206=EDGE_LOOP('',(#626,#627,#628,#629));
#7207=EDGE_LOOP('',(#630,#631,#632,#633));
#7208=EDGE_LOOP('',(#634,#635,#636,#637));
#7209=EDGE_LOOP('',(#638,#639,#640,#641));
#7210=EDGE_LOOP('',(#642,#643,#644,#645));
#7211=EDGE_LOOP('',(#646,#647,#648,#649));
#7212=EDGE_LOOP('',(#650,#651,#652,#653));
#7213=EDGE_LOOP('',(#654,#655,#656,#657));
#7214=EDGE_LOOP('',(#658,#659,#660,#661));
#7215=EDGE_LOOP('',(#662,#663,#664,#665));
#7216=EDGE_LOOP('',(#666,#667,#668,#669));
#7217=EDGE_LOOP('',(#670,#671,#672,#673));
#7218=EDGE_LOOP('',(#674,#675,#676,#677));
#7219=EDGE_LOOP('',(#678,#679,#680,#681));
#7220=EDGE_LOOP('',(#682,#683,#684,#685));
#7221=EDGE_LOOP('',(#686,#687,#688,#689));
#7222=EDGE_LOOP('',(#690,#691,#692,#693));
#7223=EDGE_LOOP('',(#694,#695,#696,#697));
#7224=EDGE_LOOP('',(#698,#699,#700,#701));
#7225=EDGE_LOOP('',(#702,#703,#704,#705));
#7226=EDGE_LOOP('',(#706,#707,#708,#709));
#7227=EDGE_LOOP('',(#710,#711,#712,#713));
#7228=EDGE_LOOP('',(#714,#715,#716,#717));
#7229=EDGE_LOOP('',(#718,#719,#720,#721));
#7230=EDGE_LOOP('',(#722,#723,#724,#725));
#7231=EDGE_LOOP('',(#726,#727,#728,#729));
#7232=EDGE_LOOP('',(#730,#731,#732,#733));
#7233=EDGE_LOOP('',(#734,#735,#736,#737));
#7234=EDGE_LOOP('',(#738,#739,#740,#741));
#7235=EDGE_LOOP('',(#742,#743,#744,#745));
#7236=EDGE_LOOP('',(#746,#747,#748,#749));
#7237=EDGE_LOOP('',(#750,#751,#752,#753,#754,#755,#756,#757));
#7238=EDGE_LOOP('',(#758,#759,#760,#761));
#7239=EDGE_LOOP('',(#762,#763,#764,#765));
#7240=EDGE_LOOP('',(#766,#767,#768,#769));
#7241=EDGE_LOOP('',(#770,#771,#772,#773));
#7242=EDGE_LOOP('',(#774,#775,#776,#777));
#7243=EDGE_LOOP('',(#778,#779,#780,#781));
#7244=EDGE_LOOP('',(#782,#783,#784,#785));
#7245=EDGE_LOOP('',(#786,#787,#788,#789));
#7246=EDGE_LOOP('',(#790,#791,#792,#793));
#7247=EDGE_LOOP('',(#794,#795,#796,#797));
#7248=EDGE_LOOP('',(#798,#799,#800,#801));
#7249=EDGE_LOOP('',(#802,#803,#804,#805));
#7250=EDGE_LOOP('',(#806,#807,#808,#809));
#7251=EDGE_LOOP('',(#810,#811,#812,#813));
#7252=EDGE_LOOP('',(#814,#815,#816,#817));
#7253=EDGE_LOOP('',(#818,#819,#820,#821));
#7254=EDGE_LOOP('',(#822,#823,#824,#825,#826,#827,#828,#829,#830,#831,#832,
#833,#834,#835,#836,#837,#838,#839,#840,#841,#842,#843,#844,#845,#846,#847,
#848,#849,#850,#851,#852,#853,#854,#855,#856,#857,#858,#859,#860,#861,#862,
#863,#864,#865,#866,#867,#868,#869,#870,#871,#872,#873,#874,#875,#876,#877,
#878,#879,#880,#881,#882,#883,#884,#885,#886,#887,#888,#889,#890,#891,#892,
#893,#894,#895,#896,#897,#898,#899,#900,#901,#902,#903,#904,#905,#906,#907,
#908,#909,#910,#911,#912,#913,#914,#915,#916,#917,#918,#919,#920,#921,#922,
#923,#924,#925,#926,#927,#928,#929,#930,#931,#932,#933,#934,#935,#936,#937,
#938,#939,#940,#941,#942,#943,#944,#945,#946,#947,#948,#949,#950,#951,#952,
#953));
#7255=EDGE_LOOP('',(#954,#955,#956,#957));
#7256=EDGE_LOOP('',(#958,#959,#960,#961));
#7257=EDGE_LOOP('',(#962,#963,#964,#965));
#7258=EDGE_LOOP('',(#966,#967,#968,#969));
#7259=EDGE_LOOP('',(#970,#971,#972,#973));
#7260=EDGE_LOOP('',(#974,#975,#976,#977));
#7261=EDGE_LOOP('',(#978,#979,#980,#981));
#7262=EDGE_LOOP('',(#982,#983,#984,#985));
#7263=EDGE_LOOP('',(#986,#987,#988,#989));
#7264=EDGE_LOOP('',(#990,#991,#992,#993));
#7265=EDGE_LOOP('',(#994,#995,#996,#997));
#7266=EDGE_LOOP('',(#998,#999,#1000,#1001));
#7267=EDGE_LOOP('',(#1002,#1003,#1004,#1005));
#7268=EDGE_LOOP('',(#1006,#1007,#1008,#1009));
#7269=EDGE_LOOP('',(#1010,#1011,#1012,#1013));
#7270=EDGE_LOOP('',(#1014,#1015,#1016,#1017));
#7271=EDGE_LOOP('',(#1018,#1019,#1020,#1021));
#7272=EDGE_LOOP('',(#1022,#1023,#1024,#1025));
#7273=EDGE_LOOP('',(#1026,#1027,#1028,#1029));
#7274=EDGE_LOOP('',(#1030,#1031,#1032,#1033));
#7275=EDGE_LOOP('',(#1034,#1035,#1036,#1037));
#7276=EDGE_LOOP('',(#1038,#1039,#1040,#1041));
#7277=EDGE_LOOP('',(#1042,#1043,#1044,#1045));
#7278=EDGE_LOOP('',(#1046,#1047,#1048,#1049));
#7279=EDGE_LOOP('',(#1050,#1051,#1052,#1053));
#7280=EDGE_LOOP('',(#1054,#1055,#1056,#1057));
#7281=EDGE_LOOP('',(#1058,#1059,#1060,#1061));
#7282=EDGE_LOOP('',(#1062,#1063,#1064,#1065));
#7283=EDGE_LOOP('',(#1066,#1067,#1068,#1069));
#7284=EDGE_LOOP('',(#1070,#1071,#1072,#1073));
#7285=EDGE_LOOP('',(#1074,#1075,#1076,#1077));
#7286=EDGE_LOOP('',(#1078,#1079,#1080,#1081));
#7287=EDGE_LOOP('',(#1082,#1083,#1084,#1085));
#7288=EDGE_LOOP('',(#1086,#1087,#1088,#1089));
#7289=EDGE_LOOP('',(#1090,#1091,#1092,#1093));
#7290=EDGE_LOOP('',(#1094,#1095,#1096,#1097));
#7291=EDGE_LOOP('',(#1098,#1099,#1100,#1101));
#7292=EDGE_LOOP('',(#1102,#1103,#1104,#1105));
#7293=EDGE_LOOP('',(#1106,#1107,#1108,#1109));
#7294=EDGE_LOOP('',(#1110,#1111,#1112,#1113));
#7295=EDGE_LOOP('',(#1114,#1115,#1116,#1117));
#7296=EDGE_LOOP('',(#1118,#1119,#1120,#1121));
#7297=EDGE_LOOP('',(#1122,#1123,#1124,#1125));
#7298=EDGE_LOOP('',(#1126,#1127,#1128,#1129));
#7299=EDGE_LOOP('',(#1130,#1131,#1132,#1133));
#7300=EDGE_LOOP('',(#1134,#1135,#1136,#1137));
#7301=EDGE_LOOP('',(#1138,#1139,#1140,#1141));
#7302=EDGE_LOOP('',(#1142,#1143,#1144,#1145));
#7303=EDGE_LOOP('',(#1146,#1147,#1148,#1149));
#7304=EDGE_LOOP('',(#1150,#1151,#1152,#1153));
#7305=EDGE_LOOP('',(#1154,#1155,#1156,#1157));
#7306=EDGE_LOOP('',(#1158,#1159,#1160,#1161));
#7307=EDGE_LOOP('',(#1162,#1163,#1164,#1165));
#7308=EDGE_LOOP('',(#1166,#1167,#1168,#1169));
#7309=EDGE_LOOP('',(#1170,#1171,#1172,#1173));
#7310=EDGE_LOOP('',(#1174,#1175,#1176,#1177));
#7311=EDGE_LOOP('',(#1178,#1179,#1180,#1181));
#7312=EDGE_LOOP('',(#1182,#1183,#1184,#1185));
#7313=EDGE_LOOP('',(#1186,#1187,#1188,#1189));
#7314=EDGE_LOOP('',(#1190,#1191,#1192,#1193));
#7315=EDGE_LOOP('',(#1194,#1195,#1196,#1197));
#7316=EDGE_LOOP('',(#1198,#1199,#1200,#1201));
#7317=EDGE_LOOP('',(#1202,#1203,#1204,#1205));
#7318=EDGE_LOOP('',(#1206,#1207,#1208,#1209));
#7319=EDGE_LOOP('',(#1210,#1211,#1212,#1213));
#7320=EDGE_LOOP('',(#1214,#1215,#1216,#1217));
#7321=EDGE_LOOP('',(#1218,#1219,#1220,#1221));
#7322=EDGE_LOOP('',(#1222,#1223,#1224,#1225));
#7323=EDGE_LOOP('',(#1226,#1227,#1228,#1229));
#7324=EDGE_LOOP('',(#1230,#1231,#1232,#1233));
#7325=EDGE_LOOP('',(#1234,#1235,#1236,#1237));
#7326=EDGE_LOOP('',(#1238,#1239,#1240,#1241));
#7327=EDGE_LOOP('',(#1242,#1243,#1244,#1245));
#7328=EDGE_LOOP('',(#1246,#1247,#1248,#1249));
#7329=EDGE_LOOP('',(#1250,#1251,#1252,#1253));
#7330=EDGE_LOOP('',(#1254,#1255,#1256,#1257));
#7331=EDGE_LOOP('',(#1258,#1259,#1260,#1261));
#7332=EDGE_LOOP('',(#1262,#1263,#1264,#1265));
#7333=EDGE_LOOP('',(#1266,#1267,#1268,#1269));
#7334=EDGE_LOOP('',(#1270,#1271,#1272,#1273));
#7335=EDGE_LOOP('',(#1274,#1275,#1276,#1277));
#7336=EDGE_LOOP('',(#1278,#1279,#1280,#1281));
#7337=EDGE_LOOP('',(#1282,#1283,#1284,#1285));
#7338=EDGE_LOOP('',(#1286,#1287,#1288,#1289));
#7339=EDGE_LOOP('',(#1290,#1291,#1292,#1293));
#7340=EDGE_LOOP('',(#1294,#1295,#1296,#1297));
#7341=EDGE_LOOP('',(#1298,#1299,#1300,#1301));
#7342=EDGE_LOOP('',(#1302,#1303,#1304,#1305));
#7343=EDGE_LOOP('',(#1306,#1307,#1308,#1309));
#7344=EDGE_LOOP('',(#1310,#1311,#1312,#1313));
#7345=EDGE_LOOP('',(#1314,#1315,#1316,#1317));
#7346=EDGE_LOOP('',(#1318,#1319,#1320,#1321));
#7347=EDGE_LOOP('',(#1322,#1323,#1324,#1325));
#7348=EDGE_LOOP('',(#1326,#1327,#1328,#1329));
#7349=EDGE_LOOP('',(#1330,#1331,#1332,#1333));
#7350=EDGE_LOOP('',(#1334,#1335,#1336,#1337));
#7351=EDGE_LOOP('',(#1338,#1339,#1340,#1341));
#7352=EDGE_LOOP('',(#1342,#1343,#1344,#1345));
#7353=EDGE_LOOP('',(#1346,#1347,#1348,#1349));
#7354=EDGE_LOOP('',(#1350,#1351,#1352,#1353));
#7355=EDGE_LOOP('',(#1354,#1355,#1356,#1357));
#7356=EDGE_LOOP('',(#1358,#1359,#1360,#1361));
#7357=EDGE_LOOP('',(#1362,#1363,#1364,#1365));
#7358=EDGE_LOOP('',(#1366,#1367,#1368,#1369));
#7359=EDGE_LOOP('',(#1370,#1371,#1372,#1373));
#7360=EDGE_LOOP('',(#1374,#1375,#1376,#1377));
#7361=EDGE_LOOP('',(#1378,#1379,#1380,#1381));
#7362=EDGE_LOOP('',(#1382,#1383,#1384,#1385));
#7363=EDGE_LOOP('',(#1386,#1387,#1388,#1389));
#7364=EDGE_LOOP('',(#1390,#1391,#1392,#1393));
#7365=EDGE_LOOP('',(#1394,#1395,#1396,#1397));
#7366=EDGE_LOOP('',(#1398,#1399,#1400,#1401));
#7367=EDGE_LOOP('',(#1402,#1403,#1404,#1405));
#7368=EDGE_LOOP('',(#1406,#1407,#1408,#1409));
#7369=EDGE_LOOP('',(#1410,#1411,#1412,#1413));
#7370=EDGE_LOOP('',(#1414,#1415,#1416,#1417));
#7371=EDGE_LOOP('',(#1418,#1419,#1420,#1421));
#7372=EDGE_LOOP('',(#1422,#1423,#1424,#1425));
#7373=EDGE_LOOP('',(#1426,#1427,#1428,#1429));
#7374=EDGE_LOOP('',(#1430,#1431,#1432,#1433));
#7375=EDGE_LOOP('',(#1434,#1435,#1436,#1437));
#7376=EDGE_LOOP('',(#1438,#1439,#1440,#1441));
#7377=EDGE_LOOP('',(#1442,#1443,#1444,#1445));
#7378=EDGE_LOOP('',(#1446));
#7379=EDGE_LOOP('',(#1447));
#7380=EDGE_LOOP('',(#1448));
#7381=EDGE_LOOP('',(#1449));
#7382=EDGE_LOOP('',(#1450));
#7383=EDGE_LOOP('',(#1451));
#7384=EDGE_LOOP('',(#1452));
#7385=EDGE_LOOP('',(#1453));
#7386=EDGE_LOOP('',(#1454));
#7387=EDGE_LOOP('',(#1455));
#7388=EDGE_LOOP('',(#1456));
#7389=EDGE_LOOP('',(#1457));
#7390=EDGE_LOOP('',(#1458));
#7391=EDGE_LOOP('',(#1459));
#7392=EDGE_LOOP('',(#1460));
#7393=EDGE_LOOP('',(#1461));
#7394=EDGE_LOOP('',(#1462,#1463,#1464,#1465,#1466,#1467,#1468,#1469,#1470,
#1471,#1472,#1473,#1474,#1475,#1476,#1477,#1478,#1479,#1480,#1481,#1482,
#1483,#1484,#1485,#1486,#1487,#1488,#1489,#1490,#1491,#1492,#1493,#1494,
#1495,#1496,#1497,#1498,#1499,#1500,#1501,#1502,#1503,#1504,#1505,#1506,
#1507,#1508,#1509,#1510,#1511,#1512,#1513,#1514,#1515,#1516,#1517,#1518,
#1519,#1520,#1521));
#7395=EDGE_LOOP('',(#1522,#1523,#1524,#1525,#1526,#1527,#1528,#1529,#1530,
#1531,#1532,#1533,#1534,#1535,#1536,#1537,#1538,#1539,#1540,#1541,#1542,
#1543,#1544,#1545,#1546,#1547,#1548,#1549,#1550,#1551,#1552,#1553,#1554,
#1555,#1556,#1557,#1558,#1559,#1560,#1561,#1562,#1563,#1564,#1565,#1566,
#1567,#1568,#1569,#1570,#1571,#1572,#1573,#1574,#1575,#1576,#1577,#1578,
#1579,#1580,#1581));
#7396=EDGE_LOOP('',(#1582,#1583,#1584,#1585,#1586,#1587,#1588,#1589,#1590,
#1591,#1592,#1593,#1594,#1595,#1596,#1597,#1598,#1599,#1600,#1601));
#7397=EDGE_LOOP('',(#1602,#1603,#1604,#1605,#1606,#1607,#1608,#1609,#1610,
#1611,#1612,#1613,#1614,#1615,#1616,#1617,#1618,#1619,#1620,#1621));
#7398=EDGE_LOOP('',(#1622,#1623,#1624,#1625));
#7399=EDGE_LOOP('',(#1626,#1627,#1628,#1629));
#7400=EDGE_LOOP('',(#1630,#1631,#1632,#1633));
#7401=EDGE_LOOP('',(#1634,#1635,#1636,#1637));
#7402=EDGE_LOOP('',(#1638,#1639,#1640,#1641));
#7403=EDGE_LOOP('',(#1642,#1643,#1644,#1645));
#7404=EDGE_LOOP('',(#1646,#1647,#1648,#1649));
#7405=EDGE_LOOP('',(#1650,#1651,#1652,#1653));
#7406=EDGE_LOOP('',(#1654,#1655,#1656,#1657));
#7407=EDGE_LOOP('',(#1658,#1659,#1660,#1661));
#7408=EDGE_LOOP('',(#1662,#1663,#1664,#1665));
#7409=EDGE_LOOP('',(#1666,#1667,#1668,#1669));
#7410=EDGE_LOOP('',(#1670,#1671,#1672,#1673));
#7411=EDGE_LOOP('',(#1674,#1675,#1676,#1677));
#7412=EDGE_LOOP('',(#1678,#1679,#1680,#1681));
#7413=EDGE_LOOP('',(#1682,#1683,#1684,#1685));
#7414=EDGE_LOOP('',(#1686,#1687,#1688,#1689));
#7415=EDGE_LOOP('',(#1690,#1691,#1692,#1693));
#7416=EDGE_LOOP('',(#1694,#1695,#1696,#1697));
#7417=EDGE_LOOP('',(#1698,#1699,#1700,#1701));
#7418=EDGE_LOOP('',(#1702,#1703,#1704,#1705));
#7419=EDGE_LOOP('',(#1706,#1707,#1708,#1709));
#7420=EDGE_LOOP('',(#1710,#1711,#1712,#1713));
#7421=EDGE_LOOP('',(#1714,#1715,#1716,#1717));
#7422=EDGE_LOOP('',(#1718,#1719,#1720,#1721,#1722,#1723));
#7423=EDGE_LOOP('',(#1724,#1725,#1726,#1727,#1728,#1729));
#7424=EDGE_LOOP('',(#1730,#1731,#1732,#1733,#1734,#1735));
#7425=EDGE_LOOP('',(#1736,#1737,#1738,#1739,#1740,#1741));
#7426=EDGE_LOOP('',(#1742,#1743,#1744,#1745,#1746,#1747));
#7427=EDGE_LOOP('',(#1748,#1749,#1750,#1751,#1752,#1753));
#7428=EDGE_LOOP('',(#1754,#1755,#1756,#1757,#1758,#1759));
#7429=EDGE_LOOP('',(#1760,#1761,#1762,#1763,#1764,#1765));
#7430=EDGE_LOOP('',(#1766,#1767,#1768,#1769));
#7431=EDGE_LOOP('',(#1770,#1771,#1772,#1773));
#7432=EDGE_LOOP('',(#1774,#1775,#1776,#1777));
#7433=EDGE_LOOP('',(#1778,#1779,#1780,#1781));
#7434=EDGE_LOOP('',(#1782,#1783,#1784,#1785));
#7435=EDGE_LOOP('',(#1786,#1787,#1788,#1789));
#7436=EDGE_LOOP('',(#1790,#1791,#1792,#1793));
#7437=EDGE_LOOP('',(#1794,#1795,#1796,#1797));
#7438=EDGE_LOOP('',(#1798,#1799,#1800,#1801,#1802,#1803));
#7439=EDGE_LOOP('',(#1804,#1805,#1806,#1807,#1808,#1809));
#7440=EDGE_LOOP('',(#1810,#1811,#1812,#1813,#1814,#1815));
#7441=EDGE_LOOP('',(#1816,#1817,#1818,#1819,#1820,#1821));
#7442=EDGE_LOOP('',(#1822,#1823,#1824,#1825,#1826,#1827));
#7443=EDGE_LOOP('',(#1828,#1829,#1830,#1831,#1832,#1833));
#7444=EDGE_LOOP('',(#1834,#1835,#1836,#1837,#1838,#1839));
#7445=EDGE_LOOP('',(#1840,#1841,#1842,#1843,#1844,#1845));
#7446=EDGE_LOOP('',(#1846,#1847,#1848,#1849));
#7447=EDGE_LOOP('',(#1850,#1851,#1852,#1853));
#7448=EDGE_LOOP('',(#1854,#1855,#1856,#1857));
#7449=EDGE_LOOP('',(#1858,#1859,#1860,#1861));
#7450=EDGE_LOOP('',(#1862,#1863,#1864,#1865));
#7451=EDGE_LOOP('',(#1866,#1867,#1868,#1869));
#7452=EDGE_LOOP('',(#1870,#1871,#1872,#1873));
#7453=EDGE_LOOP('',(#1874,#1875,#1876,#1877));
#7454=EDGE_LOOP('',(#1878,#1879,#1880,#1881));
#7455=EDGE_LOOP('',(#1882,#1883,#1884,#1885));
#7456=EDGE_LOOP('',(#1886,#1887,#1888,#1889));
#7457=EDGE_LOOP('',(#1890,#1891,#1892,#1893));
#7458=EDGE_LOOP('',(#1894,#1895,#1896,#1897));
#7459=EDGE_LOOP('',(#1898,#1899,#1900,#1901));
#7460=EDGE_LOOP('',(#1902,#1903,#1904,#1905));
#7461=EDGE_LOOP('',(#1906,#1907,#1908,#1909));
#7462=EDGE_LOOP('',(#1910,#1911,#1912,#1913));
#7463=EDGE_LOOP('',(#1914,#1915,#1916,#1917));
#7464=EDGE_LOOP('',(#1918,#1919,#1920,#1921));
#7465=EDGE_LOOP('',(#1922,#1923,#1924,#1925));
#7466=EDGE_LOOP('',(#1926,#1927,#1928,#1929));
#7467=EDGE_LOOP('',(#1930,#1931,#1932,#1933));
#7468=EDGE_LOOP('',(#1934,#1935,#1936,#1937));
#7469=EDGE_LOOP('',(#1938,#1939,#1940,#1941));
#7470=EDGE_LOOP('',(#1942,#1943,#1944,#1945,#1946,#1947));
#7471=EDGE_LOOP('',(#1948,#1949,#1950,#1951,#1952,#1953));
#7472=EDGE_LOOP('',(#1954,#1955,#1956,#1957,#1958,#1959));
#7473=EDGE_LOOP('',(#1960,#1961,#1962,#1963,#1964,#1965));
#7474=EDGE_LOOP('',(#1966,#1967,#1968,#1969,#1970,#1971));
#7475=EDGE_LOOP('',(#1972,#1973,#1974,#1975,#1976,#1977));
#7476=EDGE_LOOP('',(#1978,#1979,#1980,#1981,#1982,#1983));
#7477=EDGE_LOOP('',(#1984,#1985,#1986,#1987,#1988,#1989));
#7478=EDGE_LOOP('',(#1990,#1991,#1992,#1993));
#7479=EDGE_LOOP('',(#1994,#1995,#1996,#1997));
#7480=EDGE_LOOP('',(#1998,#1999,#2000,#2001));
#7481=EDGE_LOOP('',(#2002,#2003,#2004,#2005));
#7482=EDGE_LOOP('',(#2006,#2007,#2008,#2009));
#7483=EDGE_LOOP('',(#2010,#2011,#2012,#2013));
#7484=EDGE_LOOP('',(#2014,#2015,#2016,#2017));
#7485=EDGE_LOOP('',(#2018,#2019,#2020,#2021));
#7486=EDGE_LOOP('',(#2022,#2023,#2024,#2025,#2026,#2027));
#7487=EDGE_LOOP('',(#2028,#2029,#2030,#2031,#2032,#2033));
#7488=EDGE_LOOP('',(#2034,#2035,#2036,#2037,#2038,#2039));
#7489=EDGE_LOOP('',(#2040,#2041,#2042,#2043,#2044,#2045));
#7490=EDGE_LOOP('',(#2046,#2047,#2048,#2049,#2050,#2051));
#7491=EDGE_LOOP('',(#2052,#2053,#2054,#2055,#2056,#2057));
#7492=EDGE_LOOP('',(#2058,#2059,#2060,#2061,#2062,#2063));
#7493=EDGE_LOOP('',(#2064,#2065,#2066,#2067,#2068,#2069));
#7494=EDGE_LOOP('',(#2070,#2071,#2072,#2073));
#7495=EDGE_LOOP('',(#2074,#2075,#2076,#2077));
#7496=EDGE_LOOP('',(#2078,#2079,#2080,#2081));
#7497=EDGE_LOOP('',(#2082,#2083,#2084,#2085));
#7498=EDGE_LOOP('',(#2086,#2087,#2088,#2089));
#7499=EDGE_LOOP('',(#2090,#2091,#2092,#2093));
#7500=EDGE_LOOP('',(#2094,#2095,#2096,#2097));
#7501=EDGE_LOOP('',(#2098,#2099,#2100,#2101));
#7502=EDGE_LOOP('',(#2102,#2103,#2104,#2105));
#7503=EDGE_LOOP('',(#2106,#2107,#2108,#2109));
#7504=EDGE_LOOP('',(#2110,#2111,#2112,#2113));
#7505=EDGE_LOOP('',(#2114,#2115,#2116,#2117));
#7506=EDGE_LOOP('',(#2118,#2119,#2120,#2121));
#7507=EDGE_LOOP('',(#2122,#2123,#2124,#2125));
#7508=EDGE_LOOP('',(#2126,#2127,#2128,#2129));
#7509=EDGE_LOOP('',(#2130,#2131,#2132,#2133));
#7510=EDGE_LOOP('',(#2134,#2135,#2136,#2137));
#7511=EDGE_LOOP('',(#2138,#2139,#2140,#2141));
#7512=EDGE_LOOP('',(#2142,#2143,#2144,#2145));
#7513=EDGE_LOOP('',(#2146,#2147,#2148,#2149));
#7514=EDGE_LOOP('',(#2150,#2151,#2152,#2153));
#7515=EDGE_LOOP('',(#2154,#2155,#2156,#2157));
#7516=EDGE_LOOP('',(#2158,#2159,#2160,#2161));
#7517=EDGE_LOOP('',(#2162,#2163,#2164,#2165));
#7518=EDGE_LOOP('',(#2166,#2167,#2168,#2169));
#7519=EDGE_LOOP('',(#2170,#2171,#2172,#2173));
#7520=EDGE_LOOP('',(#2174,#2175,#2176,#2177));
#7521=EDGE_LOOP('',(#2178,#2179,#2180,#2181));
#7522=EDGE_LOOP('',(#2182,#2183,#2184,#2185));
#7523=EDGE_LOOP('',(#2186,#2187,#2188,#2189));
#7524=EDGE_LOOP('',(#2190,#2191,#2192,#2193));
#7525=EDGE_LOOP('',(#2194,#2195,#2196,#2197));
#7526=EDGE_LOOP('',(#2198,#2199,#2200,#2201));
#7527=EDGE_LOOP('',(#2202,#2203,#2204,#2205));
#7528=EDGE_LOOP('',(#2206,#2207,#2208,#2209));
#7529=EDGE_LOOP('',(#2210,#2211,#2212,#2213));
#7530=EDGE_LOOP('',(#2214,#2215,#2216,#2217));
#7531=EDGE_LOOP('',(#2218,#2219,#2220,#2221));
#7532=EDGE_LOOP('',(#2222,#2223,#2224,#2225));
#7533=EDGE_LOOP('',(#2226,#2227,#2228,#2229));
#7534=EDGE_LOOP('',(#2230,#2231,#2232,#2233));
#7535=EDGE_LOOP('',(#2234,#2235,#2236,#2237));
#7536=EDGE_LOOP('',(#2238,#2239,#2240,#2241));
#7537=EDGE_LOOP('',(#2242,#2243,#2244,#2245));
#7538=EDGE_LOOP('',(#2246,#2247,#2248,#2249));
#7539=EDGE_LOOP('',(#2250,#2251,#2252,#2253));
#7540=EDGE_LOOP('',(#2254,#2255,#2256,#2257));
#7541=EDGE_LOOP('',(#2258,#2259,#2260,#2261));
#7542=EDGE_LOOP('',(#2262,#2263,#2264,#2265));
#7543=EDGE_LOOP('',(#2266,#2267,#2268,#2269));
#7544=EDGE_LOOP('',(#2270,#2271,#2272,#2273,#2274,#2275,#2276,#2277,#2278,
#2279,#2280,#2281));
#7545=EDGE_LOOP('',(#2282,#2283,#2284,#2285,#2286,#2287,#2288,#2289,#2290,
#2291,#2292,#2293));
#7546=EDGE_LOOP('',(#2294,#2295,#2296,#2297));
#7547=EDGE_LOOP('',(#2298,#2299,#2300,#2301));
#7548=EDGE_LOOP('',(#2302,#2303,#2304,#2305));
#7549=EDGE_LOOP('',(#2306,#2307,#2308,#2309,#2310,#2311,#2312,#2313,#2314,
#2315,#2316,#2317));
#7550=EDGE_LOOP('',(#2318,#2319,#2320,#2321,#2322,#2323,#2324,#2325,#2326,
#2327,#2328,#2329));
#7551=EDGE_LOOP('',(#2330,#2331,#2332,#2333));
#7552=EDGE_LOOP('',(#2334,#2335,#2336,#2337));
#7553=EDGE_LOOP('',(#2338,#2339,#2340,#2341));
#7554=EDGE_LOOP('',(#2342,#2343,#2344,#2345,#2346,#2347,#2348,#2349,#2350,
#2351,#2352,#2353));
#7555=EDGE_LOOP('',(#2354,#2355,#2356,#2357,#2358,#2359,#2360,#2361,#2362,
#2363,#2364,#2365));
#7556=EDGE_LOOP('',(#2366,#2367,#2368,#2369));
#7557=EDGE_LOOP('',(#2370,#2371,#2372,#2373));
#7558=EDGE_LOOP('',(#2374,#2375,#2376,#2377));
#7559=EDGE_LOOP('',(#2378,#2379,#2380,#2381,#2382,#2383,#2384,#2385,#2386,
#2387,#2388,#2389));
#7560=EDGE_LOOP('',(#2390,#2391,#2392,#2393,#2394,#2395,#2396,#2397,#2398,
#2399,#2400,#2401));
#7561=EDGE_LOOP('',(#2402,#2403,#2404,#2405));
#7562=EDGE_LOOP('',(#2406,#2407,#2408,#2409));
#7563=EDGE_LOOP('',(#2410,#2411,#2412,#2413));
#7564=EDGE_LOOP('',(#2414,#2415,#2416,#2417,#2418,#2419,#2420,#2421,#2422,
#2423,#2424,#2425));
#7565=EDGE_LOOP('',(#2426,#2427,#2428,#2429,#2430,#2431,#2432,#2433,#2434,
#2435,#2436,#2437));
#7566=EDGE_LOOP('',(#2438,#2439,#2440,#2441));
#7567=EDGE_LOOP('',(#2442,#2443,#2444,#2445));
#7568=EDGE_LOOP('',(#2446,#2447,#2448,#2449));
#7569=EDGE_LOOP('',(#2450,#2451,#2452,#2453,#2454,#2455,#2456,#2457,#2458,
#2459,#2460,#2461));
#7570=EDGE_LOOP('',(#2462,#2463,#2464,#2465,#2466,#2467,#2468,#2469,#2470,
#2471,#2472,#2473));
#7571=EDGE_LOOP('',(#2474,#2475,#2476,#2477));
#7572=EDGE_LOOP('',(#2478,#2479,#2480,#2481));
#7573=EDGE_LOOP('',(#2482,#2483,#2484,#2485));
#7574=EDGE_LOOP('',(#2486,#2487,#2488,#2489));
#7575=EDGE_LOOP('',(#2490,#2491,#2492,#2493));
#7576=EDGE_LOOP('',(#2494,#2495,#2496,#2497));
#7577=EDGE_LOOP('',(#2498,#2499,#2500,#2501,#2502,#2503,#2504,#2505,#2506,
#2507,#2508,#2509));
#7578=EDGE_LOOP('',(#2510,#2511,#2512,#2513,#2514,#2515,#2516,#2517,#2518,
#2519,#2520,#2521));
#7579=EDGE_LOOP('',(#2522,#2523,#2524,#2525,#2526,#2527,#2528,#2529,#2530,
#2531,#2532,#2533));
#7580=EDGE_LOOP('',(#2534,#2535,#2536,#2537));
#7581=EDGE_LOOP('',(#2538,#2539,#2540,#2541,#2542,#2543,#2544,#2545,#2546,
#2547,#2548,#2549));
#7582=EDGE_LOOP('',(#2550,#2551,#2552,#2553));
#7583=EDGE_LOOP('',(#2554,#2555,#2556,#2557));
#7584=EDGE_LOOP('',(#2558,#2559,#2560,#2561,#2562,#2563,#2564,#2565,#2566,
#2567,#2568,#2569));
#7585=EDGE_LOOP('',(#2570,#2571,#2572,#2573));
#7586=EDGE_LOOP('',(#2574,#2575,#2576,#2577,#2578,#2579,#2580,#2581,#2582,
#2583,#2584,#2585));
#7587=EDGE_LOOP('',(#2586,#2587,#2588,#2589));
#7588=EDGE_LOOP('',(#2590,#2591,#2592,#2593));
#7589=EDGE_LOOP('',(#2594,#2595,#2596,#2597,#2598,#2599,#2600,#2601,#2602,
#2603,#2604,#2605));
#7590=EDGE_LOOP('',(#2606,#2607,#2608,#2609));
#7591=EDGE_LOOP('',(#2610,#2611,#2612,#2613,#2614,#2615,#2616,#2617,#2618,
#2619,#2620,#2621));
#7592=EDGE_LOOP('',(#2622,#2623,#2624,#2625));
#7593=EDGE_LOOP('',(#2626,#2627,#2628,#2629));
#7594=EDGE_LOOP('',(#2630,#2631,#2632,#2633,#2634,#2635,#2636,#2637,#2638,
#2639,#2640,#2641));
#7595=EDGE_LOOP('',(#2642,#2643,#2644,#2645));
#7596=EDGE_LOOP('',(#2646,#2647,#2648,#2649,#2650,#2651,#2652,#2653,#2654,
#2655,#2656,#2657));
#7597=EDGE_LOOP('',(#2658,#2659,#2660,#2661));
#7598=EDGE_LOOP('',(#2662,#2663,#2664,#2665));
#7599=EDGE_LOOP('',(#2666,#2667,#2668,#2669,#2670,#2671,#2672,#2673,#2674,
#2675,#2676,#2677));
#7600=EDGE_LOOP('',(#2678,#2679,#2680,#2681));
#7601=EDGE_LOOP('',(#2682,#2683,#2684,#2685,#2686,#2687,#2688,#2689,#2690,
#2691,#2692,#2693));
#7602=EDGE_LOOP('',(#2694,#2695,#2696,#2697));
#7603=EDGE_LOOP('',(#2698,#2699,#2700,#2701));
#7604=EDGE_LOOP('',(#2702,#2703,#2704,#2705,#2706,#2707,#2708,#2709,#2710,
#2711,#2712,#2713));
#7605=EDGE_LOOP('',(#2714,#2715,#2716,#2717));
#7606=EDGE_LOOP('',(#2718,#2719,#2720,#2721,#2722,#2723,#2724,#2725,#2726,
#2727,#2728,#2729));
#7607=EDGE_LOOP('',(#2730,#2731,#2732,#2733));
#7608=EDGE_LOOP('',(#2734,#2735,#2736,#2737));
#7609=EDGE_LOOP('',(#2738,#2739,#2740,#2741,#2742,#2743,#2744,#2745,#2746,
#2747,#2748,#2749));
#7610=EDGE_LOOP('',(#2750,#2751,#2752,#2753));
#7611=EDGE_LOOP('',(#2754,#2755,#2756,#2757,#2758,#2759,#2760,#2761,#2762,
#2763,#2764,#2765));
#7612=EDGE_LOOP('',(#2766,#2767,#2768,#2769));
#7613=EDGE_LOOP('',(#2770,#2771,#2772,#2773));
#7614=EDGE_LOOP('',(#2774,#2775,#2776,#2777));
#7615=EDGE_LOOP('',(#2778,#2779,#2780,#2781));
#7616=FACE_BOUND('',#7134,.T.);
#7617=FACE_BOUND('',#7135,.T.);
#7618=FACE_BOUND('',#7136,.T.);
#7619=FACE_BOUND('',#7137,.T.);
#7620=FACE_BOUND('',#7138,.T.);
#7621=FACE_BOUND('',#7139,.T.);
#7622=FACE_BOUND('',#7140,.T.);
#7623=FACE_BOUND('',#7141,.T.);
#7624=FACE_BOUND('',#7142,.T.);
#7625=FACE_BOUND('',#7143,.T.);
#7626=FACE_BOUND('',#7144,.T.);
#7627=FACE_BOUND('',#7145,.T.);
#7628=FACE_BOUND('',#7146,.T.);
#7629=FACE_BOUND('',#7147,.T.);
#7630=FACE_BOUND('',#7148,.T.);
#7631=FACE_BOUND('',#7149,.T.);
#7632=FACE_BOUND('',#7150,.T.);
#7633=FACE_BOUND('',#7151,.T.);
#7634=FACE_BOUND('',#7152,.T.);
#7635=FACE_BOUND('',#7153,.T.);
#7636=FACE_BOUND('',#7154,.T.);
#7637=FACE_BOUND('',#7155,.T.);
#7638=FACE_BOUND('',#7156,.T.);
#7639=FACE_BOUND('',#7157,.T.);
#7640=FACE_BOUND('',#7158,.T.);
#7641=FACE_BOUND('',#7159,.T.);
#7642=FACE_BOUND('',#7160,.T.);
#7643=FACE_BOUND('',#7161,.T.);
#7644=FACE_BOUND('',#7162,.T.);
#7645=FACE_BOUND('',#7163,.T.);
#7646=FACE_BOUND('',#7164,.T.);
#7647=FACE_BOUND('',#7165,.T.);
#7648=FACE_BOUND('',#7166,.T.);
#7649=FACE_BOUND('',#7167,.T.);
#7650=FACE_BOUND('',#7168,.T.);
#7651=FACE_BOUND('',#7169,.T.);
#7652=FACE_BOUND('',#7170,.T.);
#7653=FACE_BOUND('',#7171,.T.);
#7654=FACE_BOUND('',#7172,.T.);
#7655=FACE_BOUND('',#7173,.T.);
#7656=FACE_BOUND('',#7174,.T.);
#7657=FACE_BOUND('',#7175,.T.);
#7658=FACE_BOUND('',#7176,.T.);
#7659=FACE_BOUND('',#7177,.T.);
#7660=FACE_BOUND('',#7178,.T.);
#7661=FACE_BOUND('',#7179,.T.);
#7662=FACE_BOUND('',#7180,.T.);
#7663=FACE_BOUND('',#7181,.T.);
#7664=FACE_BOUND('',#7182,.T.);
#7665=FACE_BOUND('',#7183,.T.);
#7666=FACE_BOUND('',#7184,.T.);
#7667=FACE_BOUND('',#7185,.T.);
#7668=FACE_BOUND('',#7186,.T.);
#7669=FACE_BOUND('',#7187,.T.);
#7670=FACE_BOUND('',#7188,.T.);
#7671=FACE_BOUND('',#7189,.T.);
#7672=FACE_BOUND('',#7190,.T.);
#7673=FACE_BOUND('',#7191,.T.);
#7674=FACE_BOUND('',#7192,.T.);
#7675=FACE_BOUND('',#7193,.T.);
#7676=FACE_BOUND('',#7194,.T.);
#7677=FACE_BOUND('',#7195,.T.);
#7678=FACE_BOUND('',#7196,.T.);
#7679=FACE_BOUND('',#7197,.T.);
#7680=FACE_BOUND('',#7198,.T.);
#7681=FACE_BOUND('',#7199,.T.);
#7682=FACE_BOUND('',#7200,.T.);
#7683=FACE_BOUND('',#7201,.T.);
#7684=FACE_BOUND('',#7202,.T.);
#7685=FACE_BOUND('',#7203,.T.);
#7686=FACE_BOUND('',#7204,.T.);
#7687=FACE_BOUND('',#7205,.T.);
#7688=FACE_BOUND('',#7206,.T.);
#7689=FACE_BOUND('',#7207,.T.);
#7690=FACE_BOUND('',#7208,.T.);
#7691=FACE_BOUND('',#7209,.T.);
#7692=FACE_BOUND('',#7210,.T.);
#7693=FACE_BOUND('',#7211,.T.);
#7694=FACE_BOUND('',#7212,.T.);
#7695=FACE_BOUND('',#7213,.T.);
#7696=FACE_BOUND('',#7214,.T.);
#7697=FACE_BOUND('',#7215,.T.);
#7698=FACE_BOUND('',#7216,.T.);
#7699=FACE_BOUND('',#7217,.T.);
#7700=FACE_BOUND('',#7218,.T.);
#7701=FACE_BOUND('',#7219,.T.);
#7702=FACE_BOUND('',#7220,.T.);
#7703=FACE_BOUND('',#7221,.T.);
#7704=FACE_BOUND('',#7222,.T.);
#7705=FACE_BOUND('',#7223,.T.);
#7706=FACE_BOUND('',#7224,.T.);
#7707=FACE_BOUND('',#7225,.T.);
#7708=FACE_BOUND('',#7226,.T.);
#7709=FACE_BOUND('',#7227,.T.);
#7710=FACE_BOUND('',#7228,.T.);
#7711=FACE_BOUND('',#7229,.T.);
#7712=FACE_BOUND('',#7230,.T.);
#7713=FACE_BOUND('',#7231,.T.);
#7714=FACE_BOUND('',#7232,.T.);
#7715=FACE_BOUND('',#7233,.T.);
#7716=FACE_BOUND('',#7234,.T.);
#7717=FACE_BOUND('',#7235,.T.);
#7718=FACE_BOUND('',#7236,.T.);
#7719=FACE_BOUND('',#7237,.T.);
#7720=FACE_BOUND('',#7238,.T.);
#7721=FACE_BOUND('',#7239,.T.);
#7722=FACE_BOUND('',#7240,.T.);
#7723=FACE_BOUND('',#7241,.T.);
#7724=FACE_BOUND('',#7242,.T.);
#7725=FACE_BOUND('',#7243,.T.);
#7726=FACE_BOUND('',#7244,.T.);
#7727=FACE_BOUND('',#7245,.T.);
#7728=FACE_BOUND('',#7246,.T.);
#7729=FACE_BOUND('',#7247,.T.);
#7730=FACE_BOUND('',#7248,.T.);
#7731=FACE_BOUND('',#7249,.T.);
#7732=FACE_BOUND('',#7250,.T.);
#7733=FACE_BOUND('',#7251,.T.);
#7734=FACE_BOUND('',#7252,.T.);
#7735=FACE_BOUND('',#7253,.T.);
#7736=FACE_BOUND('',#7254,.T.);
#7737=FACE_BOUND('',#7255,.T.);
#7738=FACE_BOUND('',#7256,.T.);
#7739=FACE_BOUND('',#7257,.T.);
#7740=FACE_BOUND('',#7258,.T.);
#7741=FACE_BOUND('',#7259,.T.);
#7742=FACE_BOUND('',#7260,.T.);
#7743=FACE_BOUND('',#7261,.T.);
#7744=FACE_BOUND('',#7262,.T.);
#7745=FACE_BOUND('',#7263,.T.);
#7746=FACE_BOUND('',#7264,.T.);
#7747=FACE_BOUND('',#7265,.T.);
#7748=FACE_BOUND('',#7266,.T.);
#7749=FACE_BOUND('',#7267,.T.);
#7750=FACE_BOUND('',#7268,.T.);
#7751=FACE_BOUND('',#7269,.T.);
#7752=FACE_BOUND('',#7270,.T.);
#7753=FACE_BOUND('',#7271,.T.);
#7754=FACE_BOUND('',#7272,.T.);
#7755=FACE_BOUND('',#7273,.T.);
#7756=FACE_BOUND('',#7274,.T.);
#7757=FACE_BOUND('',#7275,.T.);
#7758=FACE_BOUND('',#7276,.T.);
#7759=FACE_BOUND('',#7277,.T.);
#7760=FACE_BOUND('',#7278,.T.);
#7761=FACE_BOUND('',#7279,.T.);
#7762=FACE_BOUND('',#7280,.T.);
#7763=FACE_BOUND('',#7281,.T.);
#7764=FACE_BOUND('',#7282,.T.);
#7765=FACE_BOUND('',#7283,.T.);
#7766=FACE_BOUND('',#7284,.T.);
#7767=FACE_BOUND('',#7285,.T.);
#7768=FACE_BOUND('',#7286,.T.);
#7769=FACE_BOUND('',#7287,.T.);
#7770=FACE_BOUND('',#7288,.T.);
#7771=FACE_BOUND('',#7289,.T.);
#7772=FACE_BOUND('',#7290,.T.);
#7773=FACE_BOUND('',#7291,.T.);
#7774=FACE_BOUND('',#7292,.T.);
#7775=FACE_BOUND('',#7293,.T.);
#7776=FACE_BOUND('',#7294,.T.);
#7777=FACE_BOUND('',#7295,.T.);
#7778=FACE_BOUND('',#7296,.T.);
#7779=FACE_BOUND('',#7297,.T.);
#7780=FACE_BOUND('',#7298,.T.);
#7781=FACE_BOUND('',#7299,.T.);
#7782=FACE_BOUND('',#7300,.T.);
#7783=FACE_BOUND('',#7301,.T.);
#7784=FACE_BOUND('',#7302,.T.);
#7785=FACE_BOUND('',#7303,.T.);
#7786=FACE_BOUND('',#7304,.T.);
#7787=FACE_BOUND('',#7305,.T.);
#7788=FACE_BOUND('',#7306,.T.);
#7789=FACE_BOUND('',#7307,.T.);
#7790=FACE_BOUND('',#7308,.T.);
#7791=FACE_BOUND('',#7309,.T.);
#7792=FACE_BOUND('',#7310,.T.);
#7793=FACE_BOUND('',#7311,.T.);
#7794=FACE_BOUND('',#7312,.T.);
#7795=FACE_BOUND('',#7313,.T.);
#7796=FACE_BOUND('',#7314,.T.);
#7797=FACE_BOUND('',#7315,.T.);
#7798=FACE_BOUND('',#7316,.T.);
#7799=FACE_BOUND('',#7317,.T.);
#7800=FACE_BOUND('',#7318,.T.);
#7801=FACE_BOUND('',#7319,.T.);
#7802=FACE_BOUND('',#7320,.T.);
#7803=FACE_BOUND('',#7321,.T.);
#7804=FACE_BOUND('',#7322,.T.);
#7805=FACE_BOUND('',#7323,.T.);
#7806=FACE_BOUND('',#7324,.T.);
#7807=FACE_BOUND('',#7325,.T.);
#7808=FACE_BOUND('',#7326,.T.);
#7809=FACE_BOUND('',#7327,.T.);
#7810=FACE_BOUND('',#7328,.T.);
#7811=FACE_BOUND('',#7329,.T.);
#7812=FACE_BOUND('',#7330,.T.);
#7813=FACE_BOUND('',#7331,.T.);
#7814=FACE_BOUND('',#7332,.T.);
#7815=FACE_BOUND('',#7333,.T.);
#7816=FACE_BOUND('',#7334,.T.);
#7817=FACE_BOUND('',#7335,.T.);
#7818=FACE_BOUND('',#7336,.T.);
#7819=FACE_BOUND('',#7337,.T.);
#7820=FACE_BOUND('',#7338,.T.);
#7821=FACE_BOUND('',#7339,.T.);
#7822=FACE_BOUND('',#7340,.T.);
#7823=FACE_BOUND('',#7341,.T.);
#7824=FACE_BOUND('',#7342,.T.);
#7825=FACE_BOUND('',#7343,.T.);
#7826=FACE_BOUND('',#7344,.T.);
#7827=FACE_BOUND('',#7345,.T.);
#7828=FACE_BOUND('',#7346,.T.);
#7829=FACE_BOUND('',#7347,.T.);
#7830=FACE_BOUND('',#7348,.T.);
#7831=FACE_BOUND('',#7349,.T.);
#7832=FACE_BOUND('',#7350,.T.);
#7833=FACE_BOUND('',#7351,.T.);
#7834=FACE_BOUND('',#7352,.T.);
#7835=FACE_BOUND('',#7353,.T.);
#7836=FACE_BOUND('',#7354,.T.);
#7837=FACE_BOUND('',#7355,.T.);
#7838=FACE_BOUND('',#7356,.T.);
#7839=FACE_BOUND('',#7357,.T.);
#7840=FACE_BOUND('',#7358,.T.);
#7841=FACE_BOUND('',#7359,.T.);
#7842=FACE_BOUND('',#7360,.T.);
#7843=FACE_BOUND('',#7361,.T.);
#7844=FACE_BOUND('',#7362,.T.);
#7845=FACE_BOUND('',#7363,.T.);
#7846=FACE_BOUND('',#7364,.T.);
#7847=FACE_BOUND('',#7365,.T.);
#7848=FACE_BOUND('',#7366,.T.);
#7849=FACE_BOUND('',#7367,.T.);
#7850=FACE_BOUND('',#7368,.T.);
#7851=FACE_BOUND('',#7369,.T.);
#7852=FACE_BOUND('',#7370,.T.);
#7853=FACE_BOUND('',#7371,.T.);
#7854=FACE_BOUND('',#7372,.T.);
#7855=FACE_BOUND('',#7373,.T.);
#7856=FACE_BOUND('',#7374,.T.);
#7857=FACE_BOUND('',#7375,.T.);
#7858=FACE_BOUND('',#7376,.T.);
#7859=FACE_BOUND('',#7377,.T.);
#7860=FACE_BOUND('',#7378,.T.);
#7861=FACE_BOUND('',#7379,.T.);
#7862=FACE_BOUND('',#7380,.T.);
#7863=FACE_BOUND('',#7381,.T.);
#7864=FACE_BOUND('',#7382,.T.);
#7865=FACE_BOUND('',#7383,.T.);
#7866=FACE_BOUND('',#7384,.T.);
#7867=FACE_BOUND('',#7385,.T.);
#7868=FACE_BOUND('',#7386,.T.);
#7869=FACE_BOUND('',#7387,.T.);
#7870=FACE_BOUND('',#7388,.T.);
#7871=FACE_BOUND('',#7389,.T.);
#7872=FACE_BOUND('',#7390,.T.);
#7873=FACE_BOUND('',#7391,.T.);
#7874=FACE_BOUND('',#7392,.T.);
#7875=FACE_BOUND('',#7393,.T.);
#7876=FACE_BOUND('',#7394,.T.);
#7877=FACE_BOUND('',#7395,.T.);
#7878=FACE_BOUND('',#7396,.T.);
#7879=FACE_BOUND('',#7397,.T.);
#7880=FACE_BOUND('',#7398,.T.);
#7881=FACE_BOUND('',#7399,.T.);
#7882=FACE_BOUND('',#7400,.T.);
#7883=FACE_BOUND('',#7401,.T.);
#7884=FACE_BOUND('',#7402,.T.);
#7885=FACE_BOUND('',#7403,.T.);
#7886=FACE_BOUND('',#7404,.T.);
#7887=FACE_BOUND('',#7405,.T.);
#7888=FACE_BOUND('',#7406,.T.);
#7889=FACE_BOUND('',#7407,.T.);
#7890=FACE_BOUND('',#7408,.T.);
#7891=FACE_BOUND('',#7409,.T.);
#7892=FACE_BOUND('',#7410,.T.);
#7893=FACE_BOUND('',#7411,.T.);
#7894=FACE_BOUND('',#7412,.T.);
#7895=FACE_BOUND('',#7413,.T.);
#7896=FACE_BOUND('',#7414,.T.);
#7897=FACE_BOUND('',#7415,.T.);
#7898=FACE_BOUND('',#7416,.T.);
#7899=FACE_BOUND('',#7417,.T.);
#7900=FACE_BOUND('',#7418,.T.);
#7901=FACE_BOUND('',#7419,.T.);
#7902=FACE_BOUND('',#7420,.T.);
#7903=FACE_BOUND('',#7421,.T.);
#7904=FACE_BOUND('',#7422,.T.);
#7905=FACE_BOUND('',#7423,.T.);
#7906=FACE_BOUND('',#7424,.T.);
#7907=FACE_BOUND('',#7425,.T.);
#7908=FACE_BOUND('',#7426,.T.);
#7909=FACE_BOUND('',#7427,.T.);
#7910=FACE_BOUND('',#7428,.T.);
#7911=FACE_BOUND('',#7429,.T.);
#7912=FACE_BOUND('',#7430,.T.);
#7913=FACE_BOUND('',#7431,.T.);
#7914=FACE_BOUND('',#7432,.T.);
#7915=FACE_BOUND('',#7433,.T.);
#7916=FACE_BOUND('',#7434,.T.);
#7917=FACE_BOUND('',#7435,.T.);
#7918=FACE_BOUND('',#7436,.T.);
#7919=FACE_BOUND('',#7437,.T.);
#7920=FACE_BOUND('',#7438,.T.);
#7921=FACE_BOUND('',#7439,.T.);
#7922=FACE_BOUND('',#7440,.T.);
#7923=FACE_BOUND('',#7441,.T.);
#7924=FACE_BOUND('',#7442,.T.);
#7925=FACE_BOUND('',#7443,.T.);
#7926=FACE_BOUND('',#7444,.T.);
#7927=FACE_BOUND('',#7445,.T.);
#7928=FACE_BOUND('',#7446,.T.);
#7929=FACE_BOUND('',#7447,.T.);
#7930=FACE_BOUND('',#7448,.T.);
#7931=FACE_BOUND('',#7449,.T.);
#7932=FACE_BOUND('',#7450,.T.);
#7933=FACE_BOUND('',#7451,.T.);
#7934=FACE_BOUND('',#7452,.T.);
#7935=FACE_BOUND('',#7453,.T.);
#7936=FACE_BOUND('',#7454,.T.);
#7937=FACE_BOUND('',#7455,.T.);
#7938=FACE_BOUND('',#7456,.T.);
#7939=FACE_BOUND('',#7457,.T.);
#7940=FACE_BOUND('',#7458,.T.);
#7941=FACE_BOUND('',#7459,.T.);
#7942=FACE_BOUND('',#7460,.T.);
#7943=FACE_BOUND('',#7461,.T.);
#7944=FACE_BOUND('',#7462,.T.);
#7945=FACE_BOUND('',#7463,.T.);
#7946=FACE_BOUND('',#7464,.T.);
#7947=FACE_BOUND('',#7465,.T.);
#7948=FACE_BOUND('',#7466,.T.);
#7949=FACE_BOUND('',#7467,.T.);
#7950=FACE_BOUND('',#7468,.T.);
#7951=FACE_BOUND('',#7469,.T.);
#7952=FACE_BOUND('',#7470,.T.);
#7953=FACE_BOUND('',#7471,.T.);
#7954=FACE_BOUND('',#7472,.T.);
#7955=FACE_BOUND('',#7473,.T.);
#7956=FACE_BOUND('',#7474,.T.);
#7957=FACE_BOUND('',#7475,.T.);
#7958=FACE_BOUND('',#7476,.T.);
#7959=FACE_BOUND('',#7477,.T.);
#7960=FACE_BOUND('',#7478,.T.);
#7961=FACE_BOUND('',#7479,.T.);
#7962=FACE_BOUND('',#7480,.T.);
#7963=FACE_BOUND('',#7481,.T.);
#7964=FACE_BOUND('',#7482,.T.);
#7965=FACE_BOUND('',#7483,.T.);
#7966=FACE_BOUND('',#7484,.T.);
#7967=FACE_BOUND('',#7485,.T.);
#7968=FACE_BOUND('',#7486,.T.);
#7969=FACE_BOUND('',#7487,.T.);
#7970=FACE_BOUND('',#7488,.T.);
#7971=FACE_BOUND('',#7489,.T.);
#7972=FACE_BOUND('',#7490,.T.);
#7973=FACE_BOUND('',#7491,.T.);
#7974=FACE_BOUND('',#7492,.T.);
#7975=FACE_BOUND('',#7493,.T.);
#7976=FACE_BOUND('',#7494,.T.);
#7977=FACE_BOUND('',#7495,.T.);
#7978=FACE_BOUND('',#7496,.T.);
#7979=FACE_BOUND('',#7497,.T.);
#7980=FACE_BOUND('',#7498,.T.);
#7981=FACE_BOUND('',#7499,.T.);
#7982=FACE_BOUND('',#7500,.T.);
#7983=FACE_BOUND('',#7501,.T.);
#7984=FACE_BOUND('',#7502,.T.);
#7985=FACE_BOUND('',#7503,.T.);
#7986=FACE_BOUND('',#7504,.T.);
#7987=FACE_BOUND('',#7505,.T.);
#7988=FACE_BOUND('',#7506,.T.);
#7989=FACE_BOUND('',#7507,.T.);
#7990=FACE_BOUND('',#7508,.T.);
#7991=FACE_BOUND('',#7509,.T.);
#7992=FACE_BOUND('',#7510,.T.);
#7993=FACE_BOUND('',#7511,.T.);
#7994=FACE_BOUND('',#7512,.T.);
#7995=FACE_BOUND('',#7513,.T.);
#7996=FACE_BOUND('',#7514,.T.);
#7997=FACE_BOUND('',#7515,.T.);
#7998=FACE_BOUND('',#7516,.T.);
#7999=FACE_BOUND('',#7517,.T.);
#8000=FACE_BOUND('',#7518,.T.);
#8001=FACE_BOUND('',#7519,.T.);
#8002=FACE_BOUND('',#7520,.T.);
#8003=FACE_BOUND('',#7521,.T.);
#8004=FACE_BOUND('',#7522,.T.);
#8005=FACE_BOUND('',#7523,.T.);
#8006=FACE_BOUND('',#7524,.T.);
#8007=FACE_BOUND('',#7525,.T.);
#8008=FACE_BOUND('',#7526,.T.);
#8009=FACE_BOUND('',#7527,.T.);
#8010=FACE_BOUND('',#7528,.T.);
#8011=FACE_BOUND('',#7529,.T.);
#8012=FACE_BOUND('',#7530,.T.);
#8013=FACE_BOUND('',#7531,.T.);
#8014=FACE_BOUND('',#7532,.T.);
#8015=FACE_BOUND('',#7533,.T.);
#8016=FACE_BOUND('',#7534,.T.);
#8017=FACE_BOUND('',#7535,.T.);
#8018=FACE_BOUND('',#7536,.T.);
#8019=FACE_BOUND('',#7537,.T.);
#8020=FACE_BOUND('',#7538,.T.);
#8021=FACE_BOUND('',#7539,.T.);
#8022=FACE_BOUND('',#7540,.T.);
#8023=FACE_BOUND('',#7541,.T.);
#8024=FACE_BOUND('',#7542,.T.);
#8025=FACE_BOUND('',#7543,.T.);
#8026=FACE_BOUND('',#7544,.T.);
#8027=FACE_BOUND('',#7545,.T.);
#8028=FACE_BOUND('',#7546,.T.);
#8029=FACE_BOUND('',#7547,.T.);
#8030=FACE_BOUND('',#7548,.T.);
#8031=FACE_BOUND('',#7549,.T.);
#8032=FACE_BOUND('',#7550,.T.);
#8033=FACE_BOUND('',#7551,.T.);
#8034=FACE_BOUND('',#7552,.T.);
#8035=FACE_BOUND('',#7553,.T.);
#8036=FACE_BOUND('',#7554,.T.);
#8037=FACE_BOUND('',#7555,.T.);
#8038=FACE_BOUND('',#7556,.T.);
#8039=FACE_BOUND('',#7557,.T.);
#8040=FACE_BOUND('',#7558,.T.);
#8041=FACE_BOUND('',#7559,.T.);
#8042=FACE_BOUND('',#7560,.T.);
#8043=FACE_BOUND('',#7561,.T.);
#8044=FACE_BOUND('',#7562,.T.);
#8045=FACE_BOUND('',#7563,.T.);
#8046=FACE_BOUND('',#7564,.T.);
#8047=FACE_BOUND('',#7565,.T.);
#8048=FACE_BOUND('',#7566,.T.);
#8049=FACE_BOUND('',#7567,.T.);
#8050=FACE_BOUND('',#7568,.T.);
#8051=FACE_BOUND('',#7569,.T.);
#8052=FACE_BOUND('',#7570,.T.);
#8053=FACE_BOUND('',#7571,.T.);
#8054=FACE_BOUND('',#7572,.T.);
#8055=FACE_BOUND('',#7573,.T.);
#8056=FACE_BOUND('',#7574,.T.);
#8057=FACE_BOUND('',#7575,.T.);
#8058=FACE_BOUND('',#7576,.T.);
#8059=FACE_BOUND('',#7577,.T.);
#8060=FACE_BOUND('',#7578,.T.);
#8061=FACE_BOUND('',#7579,.T.);
#8062=FACE_BOUND('',#7580,.T.);
#8063=FACE_BOUND('',#7581,.T.);
#8064=FACE_BOUND('',#7582,.T.);
#8065=FACE_BOUND('',#7583,.T.);
#8066=FACE_BOUND('',#7584,.T.);
#8067=FACE_BOUND('',#7585,.T.);
#8068=FACE_BOUND('',#7586,.T.);
#8069=FACE_BOUND('',#7587,.T.);
#8070=FACE_BOUND('',#7588,.T.);
#8071=FACE_BOUND('',#7589,.T.);
#8072=FACE_BOUND('',#7590,.T.);
#8073=FACE_BOUND('',#7591,.T.);
#8074=FACE_BOUND('',#7592,.T.);
#8075=FACE_BOUND('',#7593,.T.);
#8076=FACE_BOUND('',#7594,.T.);
#8077=FACE_BOUND('',#7595,.T.);
#8078=FACE_BOUND('',#7596,.T.);
#8079=FACE_BOUND('',#7597,.T.);
#8080=FACE_BOUND('',#7598,.T.);
#8081=FACE_BOUND('',#7599,.T.);
#8082=FACE_BOUND('',#7600,.T.);
#8083=FACE_BOUND('',#7601,.T.);
#8084=FACE_BOUND('',#7602,.T.);
#8085=FACE_BOUND('',#7603,.T.);
#8086=FACE_BOUND('',#7604,.T.);
#8087=FACE_BOUND('',#7605,.T.);
#8088=FACE_BOUND('',#7606,.T.);
#8089=FACE_BOUND('',#7607,.T.);
#8090=FACE_BOUND('',#7608,.T.);
#8091=FACE_BOUND('',#7609,.T.);
#8092=FACE_BOUND('',#7610,.T.);
#8093=FACE_BOUND('',#7611,.T.);
#8094=FACE_BOUND('',#7612,.T.);
#8095=FACE_BOUND('',#7613,.T.);
#8096=FACE_BOUND('',#7614,.T.);
#8097=FACE_BOUND('',#7615,.T.);
#8098=PLANE('',#8931);
#8099=PLANE('',#8932);
#8100=PLANE('',#8933);
#8101=PLANE('',#8934);
#8102=PLANE('',#8935);
#8103=PLANE('',#8936);
#8104=PLANE('',#8937);
#8105=PLANE('',#8938);
#8106=PLANE('',#8939);
#8107=PLANE('',#8940);
#8108=PLANE('',#8941);
#8109=PLANE('',#8942);
#8110=PLANE('',#8943);
#8111=PLANE('',#8944);
#8112=PLANE('',#8945);
#8113=PLANE('',#8946);
#8114=PLANE('',#8947);
#8115=PLANE('',#8948);
#8116=PLANE('',#8949);
#8117=PLANE('',#8950);
#8118=PLANE('',#8967);
#8119=PLANE('',#8968);
#8120=PLANE('',#8969);
#8121=PLANE('',#8970);
#8122=PLANE('',#8971);
#8123=PLANE('',#8972);
#8124=PLANE('',#8973);
#8125=PLANE('',#8974);
#8126=PLANE('',#8975);
#8127=PLANE('',#8976);
#8128=PLANE('',#8977);
#8129=PLANE('',#8978);
#8130=PLANE('',#8979);
#8131=PLANE('',#8980);
#8132=PLANE('',#8981);
#8133=PLANE('',#8982);
#8134=PLANE('',#8983);
#8135=PLANE('',#8984);
#8136=PLANE('',#8985);
#8137=PLANE('',#8986);
#8138=PLANE('',#8987);
#8139=PLANE('',#8988);
#8140=PLANE('',#8989);
#8141=PLANE('',#8990);
#8142=PLANE('',#8991);
#8143=PLANE('',#8992);
#8144=PLANE('',#8993);
#8145=PLANE('',#8994);
#8146=PLANE('',#8995);
#8147=PLANE('',#8996);
#8148=PLANE('',#8997);
#8149=PLANE('',#8998);
#8150=PLANE('',#8999);
#8151=PLANE('',#9000);
#8152=PLANE('',#9001);
#8153=PLANE('',#9002);
#8154=PLANE('',#9003);
#8155=PLANE('',#9004);
#8156=PLANE('',#9005);
#8157=PLANE('',#9006);
#8158=PLANE('',#9007);
#8159=PLANE('',#9008);
#8160=PLANE('',#9009);
#8161=PLANE('',#9010);
#8162=PLANE('',#9011);
#8163=PLANE('',#9012);
#8164=PLANE('',#9013);
#8165=PLANE('',#9014);
#8166=PLANE('',#9015);
#8167=PLANE('',#9016);
#8168=PLANE('',#9017);
#8169=PLANE('',#9018);
#8170=PLANE('',#9019);
#8171=PLANE('',#9020);
#8172=PLANE('',#9021);
#8173=PLANE('',#9022);
#8174=PLANE('',#9023);
#8175=PLANE('',#9024);
#8176=PLANE('',#9025);
#8177=PLANE('',#9026);
#8178=PLANE('',#9027);
#8179=PLANE('',#9028);
#8180=PLANE('',#9029);
#8181=PLANE('',#9030);
#8182=PLANE('',#9031);
#8183=PLANE('',#9032);
#8184=PLANE('',#9033);
#8185=PLANE('',#9034);
#8186=PLANE('',#9035);
#8187=PLANE('',#9036);
#8188=PLANE('',#9037);
#8189=PLANE('',#9038);
#8190=PLANE('',#9039);
#8191=PLANE('',#9040);
#8192=PLANE('',#9041);
#8193=PLANE('',#9042);
#8194=PLANE('',#9043);
#8195=PLANE('',#9044);
#8196=PLANE('',#9045);
#8197=PLANE('',#9046);
#8198=PLANE('',#9047);
#8199=PLANE('',#9048);
#8200=PLANE('',#9049);
#8201=PLANE('',#9050);
#8202=PLANE('',#9051);
#8203=PLANE('',#9052);
#8204=PLANE('',#9053);
#8205=PLANE('',#9054);
#8206=PLANE('',#9055);
#8207=PLANE('',#9056);
#8208=PLANE('',#9057);
#8209=PLANE('',#9058);
#8210=PLANE('',#9059);
#8211=PLANE('',#9060);
#8212=PLANE('',#9061);
#8213=PLANE('',#9062);
#8214=PLANE('',#9063);
#8215=PLANE('',#9064);
#8216=PLANE('',#9065);
#8217=PLANE('',#9066);
#8218=PLANE('',#9067);
#8219=PLANE('',#9068);
#8220=PLANE('',#9069);
#8221=PLANE('',#9070);
#8222=PLANE('',#9071);
#8223=PLANE('',#9072);
#8224=PLANE('',#9073);
#8225=PLANE('',#9074);
#8226=PLANE('',#9075);
#8227=PLANE('',#9076);
#8228=PLANE('',#9077);
#8229=PLANE('',#9078);
#8230=PLANE('',#9079);
#8231=PLANE('',#9080);
#8232=PLANE('',#9081);
#8233=PLANE('',#9082);
#8234=PLANE('',#9083);
#8235=PLANE('',#9084);
#8236=PLANE('',#9085);
#8237=PLANE('',#9086);
#8238=PLANE('',#9087);
#8239=PLANE('',#9088);
#8240=PLANE('',#9089);
#8241=PLANE('',#9090);
#8242=PLANE('',#9091);
#8243=PLANE('',#9092);
#8244=PLANE('',#9093);
#8245=PLANE('',#9094);
#8246=PLANE('',#9095);
#8247=PLANE('',#9096);
#8248=PLANE('',#9097);
#8249=PLANE('',#9098);
#8250=PLANE('',#9099);
#8251=PLANE('',#9100);
#8252=PLANE('',#9101);
#8253=PLANE('',#9102);
#8254=PLANE('',#9103);
#8255=PLANE('',#9104);
#8256=PLANE('',#9105);
#8257=PLANE('',#9106);
#8258=PLANE('',#9107);
#8259=PLANE('',#9108);
#8260=PLANE('',#9109);
#8261=PLANE('',#9110);
#8262=PLANE('',#9111);
#8263=PLANE('',#9112);
#8264=PLANE('',#9113);
#8265=PLANE('',#9114);
#8266=PLANE('',#9115);
#8267=PLANE('',#9116);
#8268=PLANE('',#9117);
#8269=PLANE('',#9118);
#8270=PLANE('',#9119);
#8271=PLANE('',#9120);
#8272=PLANE('',#9121);
#8273=PLANE('',#9122);
#8274=PLANE('',#9123);
#8275=PLANE('',#9124);
#8276=PLANE('',#9125);
#8277=PLANE('',#9126);
#8278=PLANE('',#9127);
#8279=PLANE('',#9128);
#8280=PLANE('',#9129);
#8281=PLANE('',#9130);
#8282=PLANE('',#9131);
#8283=PLANE('',#9132);
#8284=PLANE('',#9133);
#8285=PLANE('',#9134);
#8286=PLANE('',#9135);
#8287=PLANE('',#9136);
#8288=PLANE('',#9137);
#8289=PLANE('',#9138);
#8290=PLANE('',#9139);
#8291=PLANE('',#9140);
#8292=PLANE('',#9141);
#8293=PLANE('',#9142);
#8294=PLANE('',#9143);
#8295=PLANE('',#9144);
#8296=PLANE('',#9145);
#8297=PLANE('',#9146);
#8298=PLANE('',#9147);
#8299=PLANE('',#9148);
#8300=PLANE('',#9149);
#8301=PLANE('',#9150);
#8302=PLANE('',#9151);
#8303=PLANE('',#9169);
#8304=PLANE('',#9170);
#8305=PLANE('',#9171);
#8306=PLANE('',#9180);
#8307=PLANE('',#9211);
#8308=PLANE('',#9212);
#8309=PLANE('',#9213);
#8310=PLANE('',#9214);
#8311=PLANE('',#9215);
#8312=PLANE('',#9216);
#8313=PLANE('',#9217);
#8314=PLANE('',#9218);
#8315=PLANE('',#9241);
#8316=PLANE('',#9242);
#8317=PLANE('',#9243);
#8318=PLANE('',#9244);
#8319=PLANE('',#9245);
#8320=PLANE('',#9246);
#8321=PLANE('',#9247);
#8322=PLANE('',#9248);
#8323=PLANE('',#9249);
#8324=PLANE('',#9250);
#8325=PLANE('',#9251);
#8326=PLANE('',#9252);
#8327=PLANE('',#9253);
#8328=PLANE('',#9254);
#8329=PLANE('',#9255);
#8330=PLANE('',#9256);
#8331=PLANE('',#9257);
#8332=PLANE('',#9258);
#8333=PLANE('',#9259);
#8334=PLANE('',#9260);
#8335=PLANE('',#9261);
#8336=PLANE('',#9262);
#8337=PLANE('',#9263);
#8338=PLANE('',#9264);
#8339=PLANE('',#9287);
#8340=PLANE('',#9288);
#8341=PLANE('',#9289);
#8342=PLANE('',#9290);
#8343=PLANE('',#9291);
#8344=PLANE('',#9292);
#8345=PLANE('',#9293);
#8346=PLANE('',#9294);
#8347=PLANE('',#9317);
#8348=PLANE('',#9318);
#8349=PLANE('',#9319);
#8350=PLANE('',#9320);
#8351=PLANE('',#9321);
#8352=PLANE('',#9322);
#8353=PLANE('',#9323);
#8354=PLANE('',#9324);
#8355=PLANE('',#9325);
#8356=PLANE('',#9326);
#8357=PLANE('',#9327);
#8358=PLANE('',#9328);
#8359=PLANE('',#9329);
#8360=PLANE('',#9330);
#8361=PLANE('',#9331);
#8362=PLANE('',#9332);
#8363=PLANE('',#9333);
#8364=PLANE('',#9334);
#8365=PLANE('',#9335);
#8366=PLANE('',#9336);
#8367=PLANE('',#9337);
#8368=PLANE('',#9338);
#8369=PLANE('',#9339);
#8370=PLANE('',#9340);
#8371=PLANE('',#9363);
#8372=PLANE('',#9364);
#8373=PLANE('',#9365);
#8374=PLANE('',#9366);
#8375=PLANE('',#9367);
#8376=PLANE('',#9368);
#8377=PLANE('',#9369);
#8378=PLANE('',#9370);
#8379=PLANE('',#9415);
#8380=PLANE('',#9416);
#8381=PLANE('',#9417);
#8382=PLANE('',#9418);
#8383=PLANE('',#9419);
#8384=PLANE('',#9420);
#8385=PLANE('',#9421);
#8386=PLANE('',#9422);
#8387=PLANE('',#9445);
#8388=PLANE('',#9446);
#8389=PLANE('',#9447);
#8390=PLANE('',#9448);
#8391=PLANE('',#9449);
#8392=PLANE('',#9450);
#8393=PLANE('',#9451);
#8394=PLANE('',#9452);
#8395=PLANE('',#9453);
#8396=PLANE('',#9454);
#8397=PLANE('',#9455);
#8398=PLANE('',#9456);
#8399=PLANE('',#9457);
#8400=PLANE('',#9458);
#8401=PLANE('',#9459);
#8402=PLANE('',#9460);
#8403=PLANE('',#9461);
#8404=PLANE('',#9462);
#8405=PLANE('',#9463);
#8406=PLANE('',#9464);
#8407=PLANE('',#9465);
#8408=PLANE('',#9466);
#8409=PLANE('',#9467);
#8410=PLANE('',#9468);
#8411=PLANE('',#9469);
#8412=PLANE('',#9470);
#8413=PLANE('',#9471);
#8414=PLANE('',#9472);
#8415=PLANE('',#9473);
#8416=PLANE('',#9474);
#8417=PLANE('',#9475);
#8418=PLANE('',#9476);
#8419=PLANE('',#9477);
#8420=PLANE('',#9478);
#8421=PLANE('',#9479);
#8422=PLANE('',#9480);
#8423=PLANE('',#9481);
#8424=PLANE('',#9482);
#8425=PLANE('',#9483);
#8426=PLANE('',#9484);
#8427=PLANE('',#9485);
#8428=PLANE('',#9486);
#8429=PLANE('',#9487);
#8430=PLANE('',#9488);
#8431=PLANE('',#9489);
#8432=PLANE('',#9490);
#8433=PLANE('',#9491);
#8434=PLANE('',#9492);
#8435=PLANE('',#9493);
#8436=PLANE('',#9494);
#8437=PLANE('',#9495);
#8438=PLANE('',#9496);
#8439=PLANE('',#9497);
#8440=PLANE('',#9498);
#8441=PLANE('',#9499);
#8442=PLANE('',#9500);
#8443=PLANE('',#9501);
#8444=PLANE('',#9502);
#8445=PLANE('',#9503);
#8446=PLANE('',#9504);
#8447=PLANE('',#9505);
#8448=PLANE('',#9506);
#8449=PLANE('',#9507);
#8450=PLANE('',#9508);
#8451=PLANE('',#9509);
#8452=PLANE('',#9510);
#8453=PLANE('',#9511);
#8454=PLANE('',#9512);
#8455=PLANE('',#9513);
#8456=PLANE('',#9514);
#8457=PLANE('',#9515);
#8458=PLANE('',#9516);
#8459=PLANE('',#9517);
#8460=PLANE('',#9518);
#8461=ADVANCED_FACE('',(#7616),#8098,.F.);
#8462=ADVANCED_FACE('',(#7617),#8099,.F.);
#8463=ADVANCED_FACE('',(#7618),#8100,.F.);
#8464=ADVANCED_FACE('',(#7619),#8101,.F.);
#8465=ADVANCED_FACE('',(#7620),#8102,.F.);
#8466=ADVANCED_FACE('',(#7621),#8103,.F.);
#8467=ADVANCED_FACE('',(#7622),#8104,.F.);
#8468=ADVANCED_FACE('',(#7623),#8105,.F.);
#8469=ADVANCED_FACE('',(#7624),#8106,.F.);
#8470=ADVANCED_FACE('',(#7625),#8107,.F.);
#8471=ADVANCED_FACE('',(#7626),#8108,.F.);
#8472=ADVANCED_FACE('',(#7627),#8109,.F.);
#8473=ADVANCED_FACE('',(#7628),#8110,.F.);
#8474=ADVANCED_FACE('',(#7629),#8111,.F.);
#8475=ADVANCED_FACE('',(#7630),#8112,.F.);
#8476=ADVANCED_FACE('',(#7631),#8113,.F.);
#8477=ADVANCED_FACE('',(#7632),#8114,.F.);
#8478=ADVANCED_FACE('',(#7633),#8115,.F.);
#8479=ADVANCED_FACE('',(#7634),#8116,.F.);
#8480=ADVANCED_FACE('',(#7635,#7636,#7637,#7638,#7639,#7640,#7641,#7642,
#7643,#7644,#7645,#7646,#7647,#7648,#7649,#7650,#7651),#8117,.F.);
#8481=ADVANCED_FACE('',(#7652),#8118,.T.);
#8482=ADVANCED_FACE('',(#7653),#8119,.T.);
#8483=ADVANCED_FACE('',(#7654),#8120,.T.);
#8484=ADVANCED_FACE('',(#7655),#8121,.T.);
#8485=ADVANCED_FACE('',(#7656),#8122,.T.);
#8486=ADVANCED_FACE('',(#7657),#8123,.T.);
#8487=ADVANCED_FACE('',(#7658),#8124,.T.);
#8488=ADVANCED_FACE('',(#7659),#8125,.T.);
#8489=ADVANCED_FACE('',(#7660),#8126,.T.);
#8490=ADVANCED_FACE('',(#7661),#8127,.T.);
#8491=ADVANCED_FACE('',(#7662),#8128,.T.);
#8492=ADVANCED_FACE('',(#7663),#8129,.T.);
#8493=ADVANCED_FACE('',(#7664),#8130,.T.);
#8494=ADVANCED_FACE('',(#7665),#8131,.T.);
#8495=ADVANCED_FACE('',(#7666),#8132,.T.);
#8496=ADVANCED_FACE('',(#7667),#8133,.T.);
#8497=ADVANCED_FACE('',(#7668),#8134,.T.);
#8498=ADVANCED_FACE('',(#7669),#8135,.T.);
#8499=ADVANCED_FACE('',(#7670),#8136,.T.);
#8500=ADVANCED_FACE('',(#7671),#8137,.T.);
#8501=ADVANCED_FACE('',(#7672),#8138,.T.);
#8502=ADVANCED_FACE('',(#7673),#8139,.T.);
#8503=ADVANCED_FACE('',(#7674),#8140,.T.);
#8504=ADVANCED_FACE('',(#7675),#8141,.T.);
#8505=ADVANCED_FACE('',(#7676),#8142,.T.);
#8506=ADVANCED_FACE('',(#7677),#8143,.T.);
#8507=ADVANCED_FACE('',(#7678),#8144,.T.);
#8508=ADVANCED_FACE('',(#7679),#8145,.T.);
#8509=ADVANCED_FACE('',(#7680),#8146,.T.);
#8510=ADVANCED_FACE('',(#7681),#8147,.T.);
#8511=ADVANCED_FACE('',(#7682),#8148,.T.);
#8512=ADVANCED_FACE('',(#7683),#8149,.T.);
#8513=ADVANCED_FACE('',(#7684),#8150,.T.);
#8514=ADVANCED_FACE('',(#7685),#8151,.T.);
#8515=ADVANCED_FACE('',(#7686),#8152,.F.);
#8516=ADVANCED_FACE('',(#7687),#8153,.T.);
#8517=ADVANCED_FACE('',(#7688),#8154,.T.);
#8518=ADVANCED_FACE('',(#7689),#8155,.T.);
#8519=ADVANCED_FACE('',(#7690),#8156,.T.);
#8520=ADVANCED_FACE('',(#7691),#8157,.T.);
#8521=ADVANCED_FACE('',(#7692),#8158,.T.);
#8522=ADVANCED_FACE('',(#7693),#8159,.T.);
#8523=ADVANCED_FACE('',(#7694),#8160,.T.);
#8524=ADVANCED_FACE('',(#7695),#8161,.T.);
#8525=ADVANCED_FACE('',(#7696),#8162,.T.);
#8526=ADVANCED_FACE('',(#7697),#8163,.T.);
#8527=ADVANCED_FACE('',(#7698),#8164,.T.);
#8528=ADVANCED_FACE('',(#7699),#8165,.T.);
#8529=ADVANCED_FACE('',(#7700),#8166,.T.);
#8530=ADVANCED_FACE('',(#7701),#8167,.T.);
#8531=ADVANCED_FACE('',(#7702),#8168,.T.);
#8532=ADVANCED_FACE('',(#7703),#8169,.T.);
#8533=ADVANCED_FACE('',(#7704),#8170,.T.);
#8534=ADVANCED_FACE('',(#7705),#8171,.T.);
#8535=ADVANCED_FACE('',(#7706),#8172,.T.);
#8536=ADVANCED_FACE('',(#7707),#8173,.T.);
#8537=ADVANCED_FACE('',(#7708),#8174,.T.);
#8538=ADVANCED_FACE('',(#7709),#8175,.T.);
#8539=ADVANCED_FACE('',(#7710),#8176,.T.);
#8540=ADVANCED_FACE('',(#7711),#8177,.T.);
#8541=ADVANCED_FACE('',(#7712),#8178,.T.);
#8542=ADVANCED_FACE('',(#7713),#8179,.T.);
#8543=ADVANCED_FACE('',(#7714),#8180,.T.);
#8544=ADVANCED_FACE('',(#7715),#8181,.T.);
#8545=ADVANCED_FACE('',(#7716),#8182,.T.);
#8546=ADVANCED_FACE('',(#7717),#8183,.T.);
#8547=ADVANCED_FACE('',(#7718),#8184,.T.);
#8548=ADVANCED_FACE('',(#7719),#8185,.F.);
#8549=ADVANCED_FACE('',(#7720,#7721,#7722,#7723,#7724,#7725,#7726,#7727,
#7728,#7729,#7730,#7731,#7732,#7733,#7734,#7735),#8186,.T.);
#8550=ADVANCED_FACE('',(#7736,#7737,#7738,#7739,#7740,#7741,#7742,#7743,
#7744),#8187,.T.);
#8551=ADVANCED_FACE('',(#7745),#8188,.T.);
#8552=ADVANCED_FACE('',(#7746),#8189,.T.);
#8553=ADVANCED_FACE('',(#7747),#8190,.T.);
#8554=ADVANCED_FACE('',(#7748),#8191,.T.);
#8555=ADVANCED_FACE('',(#7749),#8192,.T.);
#8556=ADVANCED_FACE('',(#7750),#8193,.T.);
#8557=ADVANCED_FACE('',(#7751),#8194,.T.);
#8558=ADVANCED_FACE('',(#7752),#8195,.T.);
#8559=ADVANCED_FACE('',(#7753),#8196,.T.);
#8560=ADVANCED_FACE('',(#7754),#8197,.T.);
#8561=ADVANCED_FACE('',(#7755),#8198,.T.);
#8562=ADVANCED_FACE('',(#7756),#8199,.T.);
#8563=ADVANCED_FACE('',(#7757),#8200,.T.);
#8564=ADVANCED_FACE('',(#7758),#8201,.T.);
#8565=ADVANCED_FACE('',(#7759),#8202,.T.);
#8566=ADVANCED_FACE('',(#7760),#8203,.T.);
#8567=ADVANCED_FACE('',(#7761),#8204,.T.);
#8568=ADVANCED_FACE('',(#7762),#8205,.T.);
#8569=ADVANCED_FACE('',(#7763),#8206,.T.);
#8570=ADVANCED_FACE('',(#7764),#8207,.T.);
#8571=ADVANCED_FACE('',(#7765),#8208,.T.);
#8572=ADVANCED_FACE('',(#7766),#8209,.T.);
#8573=ADVANCED_FACE('',(#7767),#8210,.T.);
#8574=ADVANCED_FACE('',(#7768),#8211,.T.);
#8575=ADVANCED_FACE('',(#7769),#8212,.T.);
#8576=ADVANCED_FACE('',(#7770),#8213,.T.);
#8577=ADVANCED_FACE('',(#7771),#8214,.T.);
#8578=ADVANCED_FACE('',(#7772),#8215,.T.);
#8579=ADVANCED_FACE('',(#7773),#8216,.T.);
#8580=ADVANCED_FACE('',(#7774),#8217,.T.);
#8581=ADVANCED_FACE('',(#7775),#8218,.T.);
#8582=ADVANCED_FACE('',(#7776),#8219,.T.);
#8583=ADVANCED_FACE('',(#7777),#8220,.T.);
#8584=ADVANCED_FACE('',(#7778),#8221,.T.);
#8585=ADVANCED_FACE('',(#7779),#8222,.T.);
#8586=ADVANCED_FACE('',(#7780),#8223,.T.);
#8587=ADVANCED_FACE('',(#7781),#8224,.T.);
#8588=ADVANCED_FACE('',(#7782),#8225,.T.);
#8589=ADVANCED_FACE('',(#7783),#8226,.T.);
#8590=ADVANCED_FACE('',(#7784),#8227,.T.);
#8591=ADVANCED_FACE('',(#7785),#8228,.T.);
#8592=ADVANCED_FACE('',(#7786),#8229,.T.);
#8593=ADVANCED_FACE('',(#7787),#8230,.T.);
#8594=ADVANCED_FACE('',(#7788),#8231,.T.);
#8595=ADVANCED_FACE('',(#7789),#8232,.T.);
#8596=ADVANCED_FACE('',(#7790),#8233,.T.);
#8597=ADVANCED_FACE('',(#7791),#8234,.T.);
#8598=ADVANCED_FACE('',(#7792),#8235,.T.);
#8599=ADVANCED_FACE('',(#7793),#8236,.T.);
#8600=ADVANCED_FACE('',(#7794),#8237,.T.);
#8601=ADVANCED_FACE('',(#7795),#8238,.T.);
#8602=ADVANCED_FACE('',(#7796),#8239,.T.);
#8603=ADVANCED_FACE('',(#7797),#8240,.T.);
#8604=ADVANCED_FACE('',(#7798),#8241,.T.);
#8605=ADVANCED_FACE('',(#7799),#8242,.T.);
#8606=ADVANCED_FACE('',(#7800),#8243,.T.);
#8607=ADVANCED_FACE('',(#7801),#8244,.T.);
#8608=ADVANCED_FACE('',(#7802),#8245,.T.);
#8609=ADVANCED_FACE('',(#7803),#8246,.T.);
#8610=ADVANCED_FACE('',(#7804),#8247,.T.);
#8611=ADVANCED_FACE('',(#7805),#8248,.T.);
#8612=ADVANCED_FACE('',(#7806),#8249,.T.);
#8613=ADVANCED_FACE('',(#7807),#8250,.T.);
#8614=ADVANCED_FACE('',(#7808),#8251,.T.);
#8615=ADVANCED_FACE('',(#7809),#8252,.T.);
#8616=ADVANCED_FACE('',(#7810),#8253,.T.);
#8617=ADVANCED_FACE('',(#7811),#8254,.T.);
#8618=ADVANCED_FACE('',(#7812),#8255,.T.);
#8619=ADVANCED_FACE('',(#7813),#8256,.T.);
#8620=ADVANCED_FACE('',(#7814),#8257,.T.);
#8621=ADVANCED_FACE('',(#7815),#8258,.T.);
#8622=ADVANCED_FACE('',(#7816),#8259,.T.);
#8623=ADVANCED_FACE('',(#7817),#8260,.T.);
#8624=ADVANCED_FACE('',(#7818),#8261,.T.);
#8625=ADVANCED_FACE('',(#7819),#8262,.T.);
#8626=ADVANCED_FACE('',(#7820),#8263,.T.);
#8627=ADVANCED_FACE('',(#7821),#8264,.T.);
#8628=ADVANCED_FACE('',(#7822),#8265,.T.);
#8629=ADVANCED_FACE('',(#7823),#8266,.T.);
#8630=ADVANCED_FACE('',(#7824),#8267,.T.);
#8631=ADVANCED_FACE('',(#7825),#8268,.T.);
#8632=ADVANCED_FACE('',(#7826),#8269,.F.);
#8633=ADVANCED_FACE('',(#7827),#8270,.T.);
#8634=ADVANCED_FACE('',(#7828),#8271,.T.);
#8635=ADVANCED_FACE('',(#7829),#8272,.T.);
#8636=ADVANCED_FACE('',(#7830),#8273,.T.);
#8637=ADVANCED_FACE('',(#7831),#8274,.F.);
#8638=ADVANCED_FACE('',(#7832),#8275,.T.);
#8639=ADVANCED_FACE('',(#7833),#8276,.T.);
#8640=ADVANCED_FACE('',(#7834),#8277,.T.);
#8641=ADVANCED_FACE('',(#7835),#8278,.T.);
#8642=ADVANCED_FACE('',(#7836),#8279,.F.);
#8643=ADVANCED_FACE('',(#7837),#8280,.T.);
#8644=ADVANCED_FACE('',(#7838),#8281,.T.);
#8645=ADVANCED_FACE('',(#7839),#8282,.T.);
#8646=ADVANCED_FACE('',(#7840),#8283,.T.);
#8647=ADVANCED_FACE('',(#7841),#8284,.F.);
#8648=ADVANCED_FACE('',(#7842),#8285,.T.);
#8649=ADVANCED_FACE('',(#7843),#8286,.T.);
#8650=ADVANCED_FACE('',(#7844),#8287,.T.);
#8651=ADVANCED_FACE('',(#7845),#8288,.T.);
#8652=ADVANCED_FACE('',(#7846),#8289,.F.);
#8653=ADVANCED_FACE('',(#7847),#8290,.T.);
#8654=ADVANCED_FACE('',(#7848),#8291,.T.);
#8655=ADVANCED_FACE('',(#7849),#8292,.T.);
#8656=ADVANCED_FACE('',(#7850),#8293,.T.);
#8657=ADVANCED_FACE('',(#7851),#8294,.F.);
#8658=ADVANCED_FACE('',(#7852),#8295,.T.);
#8659=ADVANCED_FACE('',(#7853),#8296,.T.);
#8660=ADVANCED_FACE('',(#7854),#8297,.T.);
#8661=ADVANCED_FACE('',(#7855),#8298,.F.);
#8662=ADVANCED_FACE('',(#7856),#8299,.T.);
#8663=ADVANCED_FACE('',(#7857),#8300,.T.);
#8664=ADVANCED_FACE('',(#7858),#8301,.T.);
#8665=ADVANCED_FACE('',(#7859),#8302,.T.);
#8666=ADVANCED_FACE('',(#7860),#94,.T.);
#8667=ADVANCED_FACE('',(#7861),#95,.T.);
#8668=ADVANCED_FACE('',(#7862),#96,.T.);
#8669=ADVANCED_FACE('',(#7863),#97,.T.);
#8670=ADVANCED_FACE('',(#7864),#98,.T.);
#8671=ADVANCED_FACE('',(#7865),#99,.T.);
#8672=ADVANCED_FACE('',(#7866),#100,.T.);
#8673=ADVANCED_FACE('',(#7867),#101,.T.);
#8674=ADVANCED_FACE('',(#7868),#102,.T.);
#8675=ADVANCED_FACE('',(#7869),#103,.T.);
#8676=ADVANCED_FACE('',(#7870),#104,.T.);
#8677=ADVANCED_FACE('',(#7871),#105,.T.);
#8678=ADVANCED_FACE('',(#7872),#106,.T.);
#8679=ADVANCED_FACE('',(#7873),#107,.T.);
#8680=ADVANCED_FACE('',(#7874),#108,.T.);
#8681=ADVANCED_FACE('',(#7875),#109,.T.);
#8682=ADVANCED_FACE('',(#7876),#8303,.F.);
#8683=ADVANCED_FACE('',(#7877),#8304,.F.);
#8684=ADVANCED_FACE('',(#7878),#8305,.T.);
#8685=ADVANCED_FACE('',(#7879),#8306,.F.);
#8686=ADVANCED_FACE('',(#7880),#18,.F.);
#8687=ADVANCED_FACE('',(#7881),#19,.F.);
#8688=ADVANCED_FACE('',(#7882),#20,.F.);
#8689=ADVANCED_FACE('',(#7883),#21,.F.);
#8690=ADVANCED_FACE('',(#7884),#22,.F.);
#8691=ADVANCED_FACE('',(#7885),#23,.F.);
#8692=ADVANCED_FACE('',(#7886),#24,.F.);
#8693=ADVANCED_FACE('',(#7887),#25,.F.);
#8694=ADVANCED_FACE('',(#7888),#8307,.F.);
#8695=ADVANCED_FACE('',(#7889),#8308,.F.);
#8696=ADVANCED_FACE('',(#7890),#8309,.F.);
#8697=ADVANCED_FACE('',(#7891),#8310,.F.);
#8698=ADVANCED_FACE('',(#7892),#8311,.F.);
#8699=ADVANCED_FACE('',(#7893),#8312,.F.);
#8700=ADVANCED_FACE('',(#7894),#8313,.F.);
#8701=ADVANCED_FACE('',(#7895),#8314,.F.);
#8702=ADVANCED_FACE('',(#7896),#26,.T.);
#8703=ADVANCED_FACE('',(#7897),#27,.T.);
#8704=ADVANCED_FACE('',(#7898),#28,.T.);
#8705=ADVANCED_FACE('',(#7899),#29,.T.);
#8706=ADVANCED_FACE('',(#7900),#30,.T.);
#8707=ADVANCED_FACE('',(#7901),#31,.T.);
#8708=ADVANCED_FACE('',(#7902),#32,.T.);
#8709=ADVANCED_FACE('',(#7903),#33,.T.);
#8710=ADVANCED_FACE('',(#7904),#8315,.F.);
#8711=ADVANCED_FACE('',(#7905),#8316,.F.);
#8712=ADVANCED_FACE('',(#7906),#8317,.F.);
#8713=ADVANCED_FACE('',(#7907),#8318,.F.);
#8714=ADVANCED_FACE('',(#7908),#8319,.F.);
#8715=ADVANCED_FACE('',(#7909),#8320,.F.);
#8716=ADVANCED_FACE('',(#7910),#8321,.F.);
#8717=ADVANCED_FACE('',(#7911),#8322,.F.);
#8718=ADVANCED_FACE('',(#7912),#8323,.F.);
#8719=ADVANCED_FACE('',(#7913),#8324,.F.);
#8720=ADVANCED_FACE('',(#7914),#8325,.F.);
#8721=ADVANCED_FACE('',(#7915),#8326,.F.);
#8722=ADVANCED_FACE('',(#7916),#8327,.F.);
#8723=ADVANCED_FACE('',(#7917),#8328,.F.);
#8724=ADVANCED_FACE('',(#7918),#8329,.F.);
#8725=ADVANCED_FACE('',(#7919),#8330,.F.);
#8726=ADVANCED_FACE('',(#7920),#8331,.F.);
#8727=ADVANCED_FACE('',(#7921),#8332,.F.);
#8728=ADVANCED_FACE('',(#7922),#8333,.F.);
#8729=ADVANCED_FACE('',(#7923),#8334,.F.);
#8730=ADVANCED_FACE('',(#7924),#8335,.F.);
#8731=ADVANCED_FACE('',(#7925),#8336,.F.);
#8732=ADVANCED_FACE('',(#7926),#8337,.F.);
#8733=ADVANCED_FACE('',(#7927),#8338,.F.);
#8734=ADVANCED_FACE('',(#7928),#34,.F.);
#8735=ADVANCED_FACE('',(#7929),#35,.F.);
#8736=ADVANCED_FACE('',(#7930),#36,.F.);
#8737=ADVANCED_FACE('',(#7931),#37,.F.);
#8738=ADVANCED_FACE('',(#7932),#38,.F.);
#8739=ADVANCED_FACE('',(#7933),#39,.F.);
#8740=ADVANCED_FACE('',(#7934),#40,.F.);
#8741=ADVANCED_FACE('',(#7935),#41,.F.);
#8742=ADVANCED_FACE('',(#7936),#8339,.F.);
#8743=ADVANCED_FACE('',(#7937),#8340,.F.);
#8744=ADVANCED_FACE('',(#7938),#8341,.F.);
#8745=ADVANCED_FACE('',(#7939),#8342,.F.);
#8746=ADVANCED_FACE('',(#7940),#8343,.F.);
#8747=ADVANCED_FACE('',(#7941),#8344,.F.);
#8748=ADVANCED_FACE('',(#7942),#8345,.F.);
#8749=ADVANCED_FACE('',(#7943),#8346,.F.);
#8750=ADVANCED_FACE('',(#7944),#42,.T.);
#8751=ADVANCED_FACE('',(#7945),#43,.T.);
#8752=ADVANCED_FACE('',(#7946),#44,.T.);
#8753=ADVANCED_FACE('',(#7947),#45,.T.);
#8754=ADVANCED_FACE('',(#7948),#46,.T.);
#8755=ADVANCED_FACE('',(#7949),#47,.T.);
#8756=ADVANCED_FACE('',(#7950),#48,.T.);
#8757=ADVANCED_FACE('',(#7951),#49,.T.);
#8758=ADVANCED_FACE('',(#7952),#8347,.F.);
#8759=ADVANCED_FACE('',(#7953),#8348,.F.);
#8760=ADVANCED_FACE('',(#7954),#8349,.F.);
#8761=ADVANCED_FACE('',(#7955),#8350,.F.);
#8762=ADVANCED_FACE('',(#7956),#8351,.F.);
#8763=ADVANCED_FACE('',(#7957),#8352,.F.);
#8764=ADVANCED_FACE('',(#7958),#8353,.F.);
#8765=ADVANCED_FACE('',(#7959),#8354,.F.);
#8766=ADVANCED_FACE('',(#7960),#8355,.F.);
#8767=ADVANCED_FACE('',(#7961),#8356,.F.);
#8768=ADVANCED_FACE('',(#7962),#8357,.F.);
#8769=ADVANCED_FACE('',(#7963),#8358,.F.);
#8770=ADVANCED_FACE('',(#7964),#8359,.F.);
#8771=ADVANCED_FACE('',(#7965),#8360,.F.);
#8772=ADVANCED_FACE('',(#7966),#8361,.F.);
#8773=ADVANCED_FACE('',(#7967),#8362,.F.);
#8774=ADVANCED_FACE('',(#7968),#8363,.F.);
#8775=ADVANCED_FACE('',(#7969),#8364,.F.);
#8776=ADVANCED_FACE('',(#7970),#8365,.F.);
#8777=ADVANCED_FACE('',(#7971),#8366,.F.);
#8778=ADVANCED_FACE('',(#7972),#8367,.F.);
#8779=ADVANCED_FACE('',(#7973),#8368,.F.);
#8780=ADVANCED_FACE('',(#7974),#8369,.F.);
#8781=ADVANCED_FACE('',(#7975),#8370,.F.);
#8782=ADVANCED_FACE('',(#7976),#50,.T.);
#8783=ADVANCED_FACE('',(#7977),#51,.T.);
#8784=ADVANCED_FACE('',(#7978),#52,.T.);
#8785=ADVANCED_FACE('',(#7979),#53,.T.);
#8786=ADVANCED_FACE('',(#7980),#54,.T.);
#8787=ADVANCED_FACE('',(#7981),#55,.T.);
#8788=ADVANCED_FACE('',(#7982),#56,.T.);
#8789=ADVANCED_FACE('',(#7983),#57,.T.);
#8790=ADVANCED_FACE('',(#7984),#8371,.F.);
#8791=ADVANCED_FACE('',(#7985),#8372,.F.);
#8792=ADVANCED_FACE('',(#7986),#8373,.F.);
#8793=ADVANCED_FACE('',(#7987),#8374,.F.);
#8794=ADVANCED_FACE('',(#7988),#8375,.F.);
#8795=ADVANCED_FACE('',(#7989),#8376,.F.);
#8796=ADVANCED_FACE('',(#7990),#8377,.F.);
#8797=ADVANCED_FACE('',(#7991),#8378,.F.);
#8798=ADVANCED_FACE('',(#7992),#58,.F.);
#8799=ADVANCED_FACE('',(#7993),#59,.F.);
#8800=ADVANCED_FACE('',(#7994),#60,.F.);
#8801=ADVANCED_FACE('',(#7995),#61,.F.);
#8802=ADVANCED_FACE('',(#7996),#62,.F.);
#8803=ADVANCED_FACE('',(#7997),#63,.F.);
#8804=ADVANCED_FACE('',(#7998),#64,.F.);
#8805=ADVANCED_FACE('',(#7999),#65,.F.);
#8806=ADVANCED_FACE('',(#8000),#66,.T.);
#8807=ADVANCED_FACE('',(#8001),#67,.T.);
#8808=ADVANCED_FACE('',(#8002),#68,.T.);
#8809=ADVANCED_FACE('',(#8003),#69,.T.);
#8810=ADVANCED_FACE('',(#8004),#70,.T.);
#8811=ADVANCED_FACE('',(#8005),#71,.T.);
#8812=ADVANCED_FACE('',(#8006),#72,.T.);
#8813=ADVANCED_FACE('',(#8007),#73,.T.);
#8814=ADVANCED_FACE('',(#8008),#8379,.F.);
#8815=ADVANCED_FACE('',(#8009),#8380,.F.);
#8816=ADVANCED_FACE('',(#8010),#8381,.F.);
#8817=ADVANCED_FACE('',(#8011),#8382,.F.);
#8818=ADVANCED_FACE('',(#8012),#8383,.F.);
#8819=ADVANCED_FACE('',(#8013),#8384,.F.);
#8820=ADVANCED_FACE('',(#8014),#8385,.F.);
#8821=ADVANCED_FACE('',(#8015),#8386,.F.);
#8822=ADVANCED_FACE('',(#8016),#74,.F.);
#8823=ADVANCED_FACE('',(#8017),#75,.F.);
#8824=ADVANCED_FACE('',(#8018),#76,.F.);
#8825=ADVANCED_FACE('',(#8019),#77,.F.);
#8826=ADVANCED_FACE('',(#8020),#78,.F.);
#8827=ADVANCED_FACE('',(#8021),#79,.F.);
#8828=ADVANCED_FACE('',(#8022),#80,.F.);
#8829=ADVANCED_FACE('',(#8023),#81,.F.);
#8830=ADVANCED_FACE('',(#8024),#8387,.T.);
#8831=ADVANCED_FACE('',(#8025),#8388,.T.);
#8832=ADVANCED_FACE('',(#8026),#8389,.T.);
#8833=ADVANCED_FACE('',(#8027),#8390,.T.);
#8834=ADVANCED_FACE('',(#8028),#8391,.T.);
#8835=ADVANCED_FACE('',(#8029),#8392,.T.);
#8836=ADVANCED_FACE('',(#8030),#8393,.T.);
#8837=ADVANCED_FACE('',(#8031),#8394,.T.);
#8838=ADVANCED_FACE('',(#8032),#8395,.T.);
#8839=ADVANCED_FACE('',(#8033),#8396,.T.);
#8840=ADVANCED_FACE('',(#8034),#8397,.T.);
#8841=ADVANCED_FACE('',(#8035),#8398,.T.);
#8842=ADVANCED_FACE('',(#8036),#8399,.T.);
#8843=ADVANCED_FACE('',(#8037),#8400,.T.);
#8844=ADVANCED_FACE('',(#8038),#8401,.T.);
#8845=ADVANCED_FACE('',(#8039),#8402,.T.);
#8846=ADVANCED_FACE('',(#8040),#8403,.T.);
#8847=ADVANCED_FACE('',(#8041),#8404,.T.);
#8848=ADVANCED_FACE('',(#8042),#8405,.T.);
#8849=ADVANCED_FACE('',(#8043),#8406,.T.);
#8850=ADVANCED_FACE('',(#8044),#8407,.T.);
#8851=ADVANCED_FACE('',(#8045),#8408,.T.);
#8852=ADVANCED_FACE('',(#8046),#8409,.T.);
#8853=ADVANCED_FACE('',(#8047),#8410,.T.);
#8854=ADVANCED_FACE('',(#8048),#8411,.T.);
#8855=ADVANCED_FACE('',(#8049),#8412,.T.);
#8856=ADVANCED_FACE('',(#8050),#8413,.T.);
#8857=ADVANCED_FACE('',(#8051),#8414,.T.);
#8858=ADVANCED_FACE('',(#8052),#8415,.T.);
#8859=ADVANCED_FACE('',(#8053),#8416,.T.);
#8860=ADVANCED_FACE('',(#8054),#8417,.T.);
#8861=ADVANCED_FACE('',(#8055),#8418,.T.);
#8862=ADVANCED_FACE('',(#8056),#8419,.T.);
#8863=ADVANCED_FACE('',(#8057),#8420,.T.);
#8864=ADVANCED_FACE('',(#8058),#8421,.T.);
#8865=ADVANCED_FACE('',(#8059),#8422,.T.);
#8866=ADVANCED_FACE('',(#8060),#8423,.T.);
#8867=ADVANCED_FACE('',(#8061),#8424,.T.);
#8868=ADVANCED_FACE('',(#8062),#8425,.T.);
#8869=ADVANCED_FACE('',(#8063),#8426,.T.);
#8870=ADVANCED_FACE('',(#8064),#8427,.T.);
#8871=ADVANCED_FACE('',(#8065),#8428,.T.);
#8872=ADVANCED_FACE('',(#8066),#8429,.T.);
#8873=ADVANCED_FACE('',(#8067),#8430,.T.);
#8874=ADVANCED_FACE('',(#8068),#8431,.T.);
#8875=ADVANCED_FACE('',(#8069),#8432,.T.);
#8876=ADVANCED_FACE('',(#8070),#8433,.T.);
#8877=ADVANCED_FACE('',(#8071),#8434,.T.);
#8878=ADVANCED_FACE('',(#8072),#8435,.T.);
#8879=ADVANCED_FACE('',(#8073),#8436,.T.);
#8880=ADVANCED_FACE('',(#8074),#8437,.T.);
#8881=ADVANCED_FACE('',(#8075),#8438,.T.);
#8882=ADVANCED_FACE('',(#8076),#8439,.T.);
#8883=ADVANCED_FACE('',(#8077),#8440,.T.);
#8884=ADVANCED_FACE('',(#8078),#8441,.T.);
#8885=ADVANCED_FACE('',(#8079),#8442,.T.);
#8886=ADVANCED_FACE('',(#8080),#8443,.T.);
#8887=ADVANCED_FACE('',(#8081),#8444,.T.);
#8888=ADVANCED_FACE('',(#8082),#8445,.T.);
#8889=ADVANCED_FACE('',(#8083),#8446,.T.);
#8890=ADVANCED_FACE('',(#8084),#8447,.T.);
#8891=ADVANCED_FACE('',(#8085),#8448,.T.);
#8892=ADVANCED_FACE('',(#8086),#8449,.T.);
#8893=ADVANCED_FACE('',(#8087),#8450,.T.);
#8894=ADVANCED_FACE('',(#8088),#8451,.T.);
#8895=ADVANCED_FACE('',(#8089),#8452,.T.);
#8896=ADVANCED_FACE('',(#8090),#8453,.T.);
#8897=ADVANCED_FACE('',(#8091),#8454,.T.);
#8898=ADVANCED_FACE('',(#8092),#8455,.T.);
#8899=ADVANCED_FACE('',(#8093),#8456,.T.);
#8900=ADVANCED_FACE('',(#8094),#8457,.T.);
#8901=ADVANCED_FACE('',(#8095),#8458,.T.);
#8902=ADVANCED_FACE('',(#8096),#8459,.T.);
#8903=ADVANCED_FACE('',(#8097),#8460,.T.);
#8904=CLOSED_SHELL('',(#8461,#8462,#8463,#8464,#8465,#8466,#8467,#8468,
#8469,#8470,#8471,#8472,#8473,#8474,#8475,#8476,#8477,#8478,#8479,#8480,
#8481,#8482,#8483,#8484,#8485,#8486,#8487,#8488,#8489,#8490,#8491,#8492,
#8493,#8494,#8495,#8496,#8497,#8498,#8499,#8500,#8501,#8502,#8503,#8504,
#8505,#8506,#8507,#8508,#8509,#8510,#8511,#8512,#8513,#8514,#8515,#8516,
#8517,#8518,#8519,#8520,#8521,#8522,#8523,#8524,#8525,#8526,#8527,#8528,
#8529,#8530,#8531,#8532,#8533,#8534,#8535,#8536,#8537,#8538,#8539,#8540,
#8541,#8542,#8543,#8544,#8545,#8546,#8547,#8548,#8549,#8550,#8551,#8552,
#8553,#8554,#8555,#8556,#8557,#8558,#8559,#8560,#8561,#8562,#8563,#8564,
#8565,#8566,#8567,#8568,#8569,#8570,#8571,#8572,#8573,#8574,#8575,#8576,
#8577,#8578,#8579,#8580,#8581,#8582,#8583,#8584,#8585,#8586,#8587,#8588,
#8589,#8590,#8591,#8592,#8593,#8594,#8595,#8596,#8597,#8598,#8599,#8600,
#8601,#8602,#8603,#8604,#8605,#8606,#8607,#8608,#8609,#8610,#8611,#8612,
#8613,#8614,#8615,#8616,#8617,#8618,#8619,#8620,#8621,#8622,#8623,#8624,
#8625,#8626,#8627,#8628,#8629,#8630,#8631,#8632,#8633,#8634,#8635,#8636,
#8637,#8638,#8639,#8640,#8641,#8642,#8643,#8644,#8645,#8646,#8647,#8648,
#8649,#8650,#8651,#8652,#8653,#8654,#8655,#8656,#8657,#8658,#8659,#8660,
#8661,#8662,#8663,#8664,#8665,#8666,#8667,#8668,#8669,#8670,#8671,#8672,
#8673,#8674,#8675,#8676,#8677,#8678,#8679,#8680,#8681));
#8905=CLOSED_SHELL('',(#8682,#8683,#8684,#8685,#8686,#8687,#8688,#8689,
#8690,#8691,#8692,#8693,#8694,#8695,#8696,#8697,#8698,#8699,#8700,#8701,
#8702,#8703,#8704,#8705,#8706,#8707,#8708,#8709,#8710,#8711,#8712,#8713,
#8714,#8715,#8716,#8717,#8718,#8719,#8720,#8721,#8722,#8723,#8724,#8725,
#8726,#8727,#8728,#8729,#8730,#8731,#8732,#8733,#8734,#8735,#8736,#8737,
#8738,#8739,#8740,#8741,#8742,#8743,#8744,#8745,#8746,#8747,#8748,#8749,
#8750,#8751,#8752,#8753,#8754,#8755,#8756,#8757,#8758,#8759,#8760,#8761,
#8762,#8763,#8764,#8765,#8766,#8767,#8768,#8769,#8770,#8771,#8772,#8773,
#8774,#8775,#8776,#8777,#8778,#8779,#8780,#8781,#8782,#8783,#8784,#8785,
#8786,#8787,#8788,#8789,#8790,#8791,#8792,#8793,#8794,#8795,#8796,#8797,
#8798,#8799,#8800,#8801,#8802,#8803,#8804,#8805,#8806,#8807,#8808,#8809,
#8810,#8811,#8812,#8813,#8814,#8815,#8816,#8817,#8818,#8819,#8820,#8821,
#8822,#8823,#8824,#8825,#8826,#8827,#8828,#8829,#8830,#8831,#8832,#8833,
#8834,#8835,#8836,#8837,#8838,#8839,#8840,#8841,#8842,#8843,#8844,#8845,
#8846,#8847,#8848,#8849,#8850,#8851,#8852,#8853,#8854,#8855,#8856,#8857,
#8858,#8859,#8860,#8861,#8862,#8863,#8864,#8865,#8866,#8867,#8868,#8869,
#8870,#8871,#8872,#8873,#8874,#8875,#8876,#8877,#8878,#8879,#8880,#8881,
#8882,#8883,#8884,#8885,#8886,#8887,#8888,#8889,#8890,#8891,#8892,#8893,
#8894,#8895,#8896,#8897,#8898,#8899,#8900,#8901,#8902,#8903));
#8906=STYLED_ITEM('',(#8908),#8922);
#8907=STYLED_ITEM('',(#8909),#8923);
#8908=PRESENTATION_STYLE_ASSIGNMENT((#8910));
#8909=PRESENTATION_STYLE_ASSIGNMENT((#8911));
#8910=SURFACE_STYLE_USAGE(.BOTH.,#8912);
#8911=SURFACE_STYLE_USAGE(.BOTH.,#8913);
#8912=SURFACE_SIDE_STYLE('',(#8914));
#8913=SURFACE_SIDE_STYLE('',(#8915));
#8914=SURFACE_STYLE_FILL_AREA(#8916);
#8915=SURFACE_STYLE_FILL_AREA(#8917);
#8916=FILL_AREA_STYLE('',(#8918));
#8917=FILL_AREA_STYLE('',(#8919));
#8918=FILL_AREA_STYLE_COLOUR('',#8920);
#8919=FILL_AREA_STYLE_COLOUR('',#8921);
#8920=COLOUR_RGB('',0.0549019612371922,0.0549019612371922,0.0549019612371922);
#8921=COLOUR_RGB('',0.670588254928589,0.670588254928589,0.670588254928589);
#8922=MANIFOLD_SOLID_BREP('SSM-108-F-SH-TR_body',#8904);
#8923=MANIFOLD_SOLID_BREP('C-58-06-F8',#8905);
#8924=SHAPE_DEFINITION_REPRESENTATION(#14391,#8927);
#8925=SHAPE_DEFINITION_REPRESENTATION(#14392,#8928);
#8926=SHAPE_DEFINITION_REPRESENTATION(#14394,#8929);
#8927=SHAPE_REPRESENTATION('SSM-108-F-SH-TR',(#8930,#9168,#9519),#14379);
#8928=SHAPE_REPRESENTATION('SSM-108-F-SH-TR_body',(#8930),#14380);
#8929=SHAPE_REPRESENTATION('C-58-06-F8',(#8930),#14381);
#8930=AXIS2_PLACEMENT_3D('',#11820,#9520,#9521);
#8931=AXIS2_PLACEMENT_3D('',#11821,#9522,#9523);
#8932=AXIS2_PLACEMENT_3D('',#11830,#9528,#9529);
#8933=AXIS2_PLACEMENT_3D('',#11839,#9534,#9535);
#8934=AXIS2_PLACEMENT_3D('',#11848,#9540,#9541);
#8935=AXIS2_PLACEMENT_3D('',#11857,#9546,#9547);
#8936=AXIS2_PLACEMENT_3D('',#11866,#9552,#9553);
#8937=AXIS2_PLACEMENT_3D('',#11875,#9558,#9559);
#8938=AXIS2_PLACEMENT_3D('',#11884,#9564,#9565);
#8939=AXIS2_PLACEMENT_3D('',#11893,#9570,#9571);
#8940=AXIS2_PLACEMENT_3D('',#11902,#9576,#9577);
#8941=AXIS2_PLACEMENT_3D('',#11911,#9582,#9583);
#8942=AXIS2_PLACEMENT_3D('',#11920,#9588,#9589);
#8943=AXIS2_PLACEMENT_3D('',#11929,#9594,#9595);
#8944=AXIS2_PLACEMENT_3D('',#11938,#9600,#9601);
#8945=AXIS2_PLACEMENT_3D('',#11947,#9606,#9607);
#8946=AXIS2_PLACEMENT_3D('',#11956,#9612,#9613);
#8947=AXIS2_PLACEMENT_3D('',#11965,#9618,#9619);
#8948=AXIS2_PLACEMENT_3D('',#11974,#9624,#9625);
#8949=AXIS2_PLACEMENT_3D('',#11983,#9630,#9631);
#8950=AXIS2_PLACEMENT_3D('',#12093,#9691,#9692);
#8951=AXIS2_PLACEMENT_3D('',#12094,#9693,#9694);
#8952=AXIS2_PLACEMENT_3D('',#12096,#9695,#9696);
#8953=AXIS2_PLACEMENT_3D('',#12098,#9697,#9698);
#8954=AXIS2_PLACEMENT_3D('',#12100,#9699,#9700);
#8955=AXIS2_PLACEMENT_3D('',#12102,#9701,#9702);
#8956=AXIS2_PLACEMENT_3D('',#12104,#9703,#9704);
#8957=AXIS2_PLACEMENT_3D('',#12106,#9705,#9706);
#8958=AXIS2_PLACEMENT_3D('',#12108,#9707,#9708);
#8959=AXIS2_PLACEMENT_3D('',#12110,#9709,#9710);
#8960=AXIS2_PLACEMENT_3D('',#12112,#9711,#9712);
#8961=AXIS2_PLACEMENT_3D('',#12114,#9713,#9714);
#8962=AXIS2_PLACEMENT_3D('',#12116,#9715,#9716);
#8963=AXIS2_PLACEMENT_3D('',#12118,#9717,#9718);
#8964=AXIS2_PLACEMENT_3D('',#12120,#9719,#9720);
#8965=AXIS2_PLACEMENT_3D('',#12122,#9721,#9722);
#8966=AXIS2_PLACEMENT_3D('',#12124,#9723,#9724);
#8967=AXIS2_PLACEMENT_3D('',#12235,#9784,#9785);
#8968=AXIS2_PLACEMENT_3D('',#12241,#9789,#9790);
#8969=AXIS2_PLACEMENT_3D('',#12250,#9795,#9796);
#8970=AXIS2_PLACEMENT_3D('',#12256,#9800,#9801);
#8971=AXIS2_PLACEMENT_3D('',#12265,#9806,#9807);
#8972=AXIS2_PLACEMENT_3D('',#12271,#9811,#9812);
#8973=AXIS2_PLACEMENT_3D('',#12280,#9817,#9818);
#8974=AXIS2_PLACEMENT_3D('',#12286,#9822,#9823);
#8975=AXIS2_PLACEMENT_3D('',#12295,#9828,#9829);
#8976=AXIS2_PLACEMENT_3D('',#12301,#9833,#9834);
#8977=AXIS2_PLACEMENT_3D('',#12310,#9839,#9840);
#8978=AXIS2_PLACEMENT_3D('',#12316,#9844,#9845);
#8979=AXIS2_PLACEMENT_3D('',#12325,#9850,#9851);
#8980=AXIS2_PLACEMENT_3D('',#12331,#9855,#9856);
#8981=AXIS2_PLACEMENT_3D('',#12340,#9861,#9862);
#8982=AXIS2_PLACEMENT_3D('',#12346,#9866,#9867);
#8983=AXIS2_PLACEMENT_3D('',#12355,#9872,#9873);
#8984=AXIS2_PLACEMENT_3D('',#12361,#9877,#9878);
#8985=AXIS2_PLACEMENT_3D('',#12367,#9882,#9883);
#8986=AXIS2_PLACEMENT_3D('',#12376,#9888,#9889);
#8987=AXIS2_PLACEMENT_3D('',#12382,#9893,#9894);
#8988=AXIS2_PLACEMENT_3D('',#12391,#9899,#9900);
#8989=AXIS2_PLACEMENT_3D('',#12397,#9904,#9905);
#8990=AXIS2_PLACEMENT_3D('',#12406,#9910,#9911);
#8991=AXIS2_PLACEMENT_3D('',#12412,#9915,#9916);
#8992=AXIS2_PLACEMENT_3D('',#12421,#9921,#9922);
#8993=AXIS2_PLACEMENT_3D('',#12427,#9926,#9927);
#8994=AXIS2_PLACEMENT_3D('',#12436,#9932,#9933);
#8995=AXIS2_PLACEMENT_3D('',#12442,#9937,#9938);
#8996=AXIS2_PLACEMENT_3D('',#12451,#9943,#9944);
#8997=AXIS2_PLACEMENT_3D('',#12457,#9948,#9949);
#8998=AXIS2_PLACEMENT_3D('',#12466,#9954,#9955);
#8999=AXIS2_PLACEMENT_3D('',#12472,#9959,#9960);
#9000=AXIS2_PLACEMENT_3D('',#12481,#9965,#9966);
#9001=AXIS2_PLACEMENT_3D('',#12487,#9970,#9971);
#9002=AXIS2_PLACEMENT_3D('',#12490,#9974,#9975);
#9003=AXIS2_PLACEMENT_3D('',#12499,#9980,#9981);
#9004=AXIS2_PLACEMENT_3D('',#12505,#9985,#9986);
#9005=AXIS2_PLACEMENT_3D('',#12511,#9990,#9991);
#9006=AXIS2_PLACEMENT_3D('',#12520,#9996,#9997);
#9007=AXIS2_PLACEMENT_3D('',#12526,#10001,#10002);
#9008=AXIS2_PLACEMENT_3D('',#12532,#10006,#10007);
#9009=AXIS2_PLACEMENT_3D('',#12541,#10012,#10013);
#9010=AXIS2_PLACEMENT_3D('',#12547,#10017,#10018);
#9011=AXIS2_PLACEMENT_3D('',#12553,#10022,#10023);
#9012=AXIS2_PLACEMENT_3D('',#12562,#10028,#10029);
#9013=AXIS2_PLACEMENT_3D('',#12568,#10033,#10034);
#9014=AXIS2_PLACEMENT_3D('',#12574,#10038,#10039);
#9015=AXIS2_PLACEMENT_3D('',#12583,#10044,#10045);
#9016=AXIS2_PLACEMENT_3D('',#12589,#10049,#10050);
#9017=AXIS2_PLACEMENT_3D('',#12595,#10054,#10055);
#9018=AXIS2_PLACEMENT_3D('',#12604,#10060,#10061);
#9019=AXIS2_PLACEMENT_3D('',#12610,#10065,#10066);
#9020=AXIS2_PLACEMENT_3D('',#12616,#10070,#10071);
#9021=AXIS2_PLACEMENT_3D('',#12625,#10076,#10077);
#9022=AXIS2_PLACEMENT_3D('',#12631,#10081,#10082);
#9023=AXIS2_PLACEMENT_3D('',#12637,#10086,#10087);
#9024=AXIS2_PLACEMENT_3D('',#12646,#10092,#10093);
#9025=AXIS2_PLACEMENT_3D('',#12652,#10097,#10098);
#9026=AXIS2_PLACEMENT_3D('',#12658,#10102,#10103);
#9027=AXIS2_PLACEMENT_3D('',#12661,#10106,#10107);
#9028=AXIS2_PLACEMENT_3D('',#12664,#10110,#10111);
#9029=AXIS2_PLACEMENT_3D('',#12667,#10114,#10115);
#9030=AXIS2_PLACEMENT_3D('',#12670,#10118,#10119);
#9031=AXIS2_PLACEMENT_3D('',#12673,#10122,#10123);
#9032=AXIS2_PLACEMENT_3D('',#12676,#10126,#10127);
#9033=AXIS2_PLACEMENT_3D('',#12679,#10130,#10131);
#9034=AXIS2_PLACEMENT_3D('',#12682,#10134,#10135);
#9035=AXIS2_PLACEMENT_3D('',#12685,#10138,#10139);
#9036=AXIS2_PLACEMENT_3D('',#12742,#10168,#10169);
#9037=AXIS2_PLACEMENT_3D('',#12807,#10234,#10235);
#9038=AXIS2_PLACEMENT_3D('',#12808,#10236,#10237);
#9039=AXIS2_PLACEMENT_3D('',#12810,#10239,#10240);
#9040=AXIS2_PLACEMENT_3D('',#12812,#10242,#10243);
#9041=AXIS2_PLACEMENT_3D('',#12813,#10244,#10245);
#9042=AXIS2_PLACEMENT_3D('',#12814,#10246,#10247);
#9043=AXIS2_PLACEMENT_3D('',#12815,#10248,#10249);
#9044=AXIS2_PLACEMENT_3D('',#12817,#10251,#10252);
#9045=AXIS2_PLACEMENT_3D('',#12819,#10254,#10255);
#9046=AXIS2_PLACEMENT_3D('',#12820,#10256,#10257);
#9047=AXIS2_PLACEMENT_3D('',#12821,#10258,#10259);
#9048=AXIS2_PLACEMENT_3D('',#12822,#10260,#10261);
#9049=AXIS2_PLACEMENT_3D('',#12824,#10263,#10264);
#9050=AXIS2_PLACEMENT_3D('',#12826,#10266,#10267);
#9051=AXIS2_PLACEMENT_3D('',#12827,#10268,#10269);
#9052=AXIS2_PLACEMENT_3D('',#12828,#10270,#10271);
#9053=AXIS2_PLACEMENT_3D('',#12829,#10272,#10273);
#9054=AXIS2_PLACEMENT_3D('',#12831,#10275,#10276);
#9055=AXIS2_PLACEMENT_3D('',#12833,#10278,#10279);
#9056=AXIS2_PLACEMENT_3D('',#12834,#10280,#10281);
#9057=AXIS2_PLACEMENT_3D('',#12835,#10282,#10283);
#9058=AXIS2_PLACEMENT_3D('',#12836,#10284,#10285);
#9059=AXIS2_PLACEMENT_3D('',#12838,#10287,#10288);
#9060=AXIS2_PLACEMENT_3D('',#12840,#10290,#10291);
#9061=AXIS2_PLACEMENT_3D('',#12841,#10292,#10293);
#9062=AXIS2_PLACEMENT_3D('',#12842,#10294,#10295);
#9063=AXIS2_PLACEMENT_3D('',#12843,#10296,#10297);
#9064=AXIS2_PLACEMENT_3D('',#12845,#10299,#10300);
#9065=AXIS2_PLACEMENT_3D('',#12847,#10302,#10303);
#9066=AXIS2_PLACEMENT_3D('',#12848,#10304,#10305);
#9067=AXIS2_PLACEMENT_3D('',#12849,#10306,#10307);
#9068=AXIS2_PLACEMENT_3D('',#12850,#10308,#10309);
#9069=AXIS2_PLACEMENT_3D('',#12852,#10311,#10312);
#9070=AXIS2_PLACEMENT_3D('',#12854,#10314,#10315);
#9071=AXIS2_PLACEMENT_3D('',#12855,#10316,#10317);
#9072=AXIS2_PLACEMENT_3D('',#12856,#10318,#10319);
#9073=AXIS2_PLACEMENT_3D('',#12857,#10320,#10321);
#9074=AXIS2_PLACEMENT_3D('',#12859,#10323,#10324);
#9075=AXIS2_PLACEMENT_3D('',#12861,#10326,#10327);
#9076=AXIS2_PLACEMENT_3D('',#12862,#10328,#10329);
#9077=AXIS2_PLACEMENT_3D('',#12863,#10330,#10331);
#9078=AXIS2_PLACEMENT_3D('',#12864,#10332,#10333);
#9079=AXIS2_PLACEMENT_3D('',#12866,#10335,#10336);
#9080=AXIS2_PLACEMENT_3D('',#12868,#10338,#10339);
#9081=AXIS2_PLACEMENT_3D('',#12869,#10340,#10341);
#9082=AXIS2_PLACEMENT_3D('',#12870,#10342,#10343);
#9083=AXIS2_PLACEMENT_3D('',#12871,#10344,#10345);
#9084=AXIS2_PLACEMENT_3D('',#12873,#10347,#10348);
#9085=AXIS2_PLACEMENT_3D('',#12875,#10350,#10351);
#9086=AXIS2_PLACEMENT_3D('',#12876,#10352,#10353);
#9087=AXIS2_PLACEMENT_3D('',#12877,#10354,#10355);
#9088=AXIS2_PLACEMENT_3D('',#12878,#10356,#10357);
#9089=AXIS2_PLACEMENT_3D('',#12880,#10359,#10360);
#9090=AXIS2_PLACEMENT_3D('',#12882,#10362,#10363);
#9091=AXIS2_PLACEMENT_3D('',#12883,#10364,#10365);
#9092=AXIS2_PLACEMENT_3D('',#12884,#10366,#10367);
#9093=AXIS2_PLACEMENT_3D('',#12885,#10368,#10369);
#9094=AXIS2_PLACEMENT_3D('',#12887,#10371,#10372);
#9095=AXIS2_PLACEMENT_3D('',#12889,#10374,#10375);
#9096=AXIS2_PLACEMENT_3D('',#12890,#10376,#10377);
#9097=AXIS2_PLACEMENT_3D('',#12891,#10378,#10379);
#9098=AXIS2_PLACEMENT_3D('',#12892,#10380,#10381);
#9099=AXIS2_PLACEMENT_3D('',#12894,#10383,#10384);
#9100=AXIS2_PLACEMENT_3D('',#12896,#10386,#10387);
#9101=AXIS2_PLACEMENT_3D('',#12897,#10388,#10389);
#9102=AXIS2_PLACEMENT_3D('',#12898,#10390,#10391);
#9103=AXIS2_PLACEMENT_3D('',#12899,#10392,#10393);
#9104=AXIS2_PLACEMENT_3D('',#12901,#10395,#10396);
#9105=AXIS2_PLACEMENT_3D('',#12903,#10398,#10399);
#9106=AXIS2_PLACEMENT_3D('',#12904,#10400,#10401);
#9107=AXIS2_PLACEMENT_3D('',#12905,#10402,#10403);
#9108=AXIS2_PLACEMENT_3D('',#12906,#10404,#10405);
#9109=AXIS2_PLACEMENT_3D('',#12908,#10407,#10408);
#9110=AXIS2_PLACEMENT_3D('',#12910,#10410,#10411);
#9111=AXIS2_PLACEMENT_3D('',#12911,#10412,#10413);
#9112=AXIS2_PLACEMENT_3D('',#12912,#10414,#10415);
#9113=AXIS2_PLACEMENT_3D('',#12913,#10416,#10417);
#9114=AXIS2_PLACEMENT_3D('',#12915,#10419,#10420);
#9115=AXIS2_PLACEMENT_3D('',#12917,#10422,#10423);
#9116=AXIS2_PLACEMENT_3D('',#12918,#10424,#10425);
#9117=AXIS2_PLACEMENT_3D('',#12919,#10426,#10427);
#9118=AXIS2_PLACEMENT_3D('',#12928,#10432,#10433);
#9119=AXIS2_PLACEMENT_3D('',#12931,#10436,#10437);
#9120=AXIS2_PLACEMENT_3D('',#12934,#10440,#10441);
#9121=AXIS2_PLACEMENT_3D('',#12935,#10442,#10443);
#9122=AXIS2_PLACEMENT_3D('',#12936,#10444,#10445);
#9123=AXIS2_PLACEMENT_3D('',#12945,#10450,#10451);
#9124=AXIS2_PLACEMENT_3D('',#12948,#10454,#10455);
#9125=AXIS2_PLACEMENT_3D('',#12951,#10458,#10459);
#9126=AXIS2_PLACEMENT_3D('',#12952,#10460,#10461);
#9127=AXIS2_PLACEMENT_3D('',#12953,#10462,#10463);
#9128=AXIS2_PLACEMENT_3D('',#12962,#10468,#10469);
#9129=AXIS2_PLACEMENT_3D('',#12965,#10472,#10473);
#9130=AXIS2_PLACEMENT_3D('',#12968,#10476,#10477);
#9131=AXIS2_PLACEMENT_3D('',#12969,#10478,#10479);
#9132=AXIS2_PLACEMENT_3D('',#12970,#10480,#10481);
#9133=AXIS2_PLACEMENT_3D('',#12979,#10486,#10487);
#9134=AXIS2_PLACEMENT_3D('',#12982,#10490,#10491);
#9135=AXIS2_PLACEMENT_3D('',#12985,#10494,#10495);
#9136=AXIS2_PLACEMENT_3D('',#12986,#10496,#10497);
#9137=AXIS2_PLACEMENT_3D('',#12987,#10498,#10499);
#9138=AXIS2_PLACEMENT_3D('',#12996,#10504,#10505);
#9139=AXIS2_PLACEMENT_3D('',#12999,#10508,#10509);
#9140=AXIS2_PLACEMENT_3D('',#13002,#10512,#10513);
#9141=AXIS2_PLACEMENT_3D('',#13003,#10514,#10515);
#9142=AXIS2_PLACEMENT_3D('',#13004,#10516,#10517);
#9143=AXIS2_PLACEMENT_3D('',#13013,#10522,#10523);
#9144=AXIS2_PLACEMENT_3D('',#13016,#10526,#10527);
#9145=AXIS2_PLACEMENT_3D('',#13019,#10530,#10531);
#9146=AXIS2_PLACEMENT_3D('',#13020,#10532,#10533);
#9147=AXIS2_PLACEMENT_3D('',#13021,#10534,#10535);
#9148=AXIS2_PLACEMENT_3D('',#13027,#10539,#10540);
#9149=AXIS2_PLACEMENT_3D('',#13033,#10544,#10545);
#9150=AXIS2_PLACEMENT_3D('',#13035,#10547,#10548);
#9151=AXIS2_PLACEMENT_3D('',#13037,#10550,#10551);
#9152=AXIS2_PLACEMENT_3D('',#13038,#10552,#10553);
#9153=AXIS2_PLACEMENT_3D('',#13039,#10554,#10555);
#9154=AXIS2_PLACEMENT_3D('',#13040,#10556,#10557);
#9155=AXIS2_PLACEMENT_3D('',#13041,#10558,#10559);
#9156=AXIS2_PLACEMENT_3D('',#13042,#10560,#10561);
#9157=AXIS2_PLACEMENT_3D('',#13043,#10562,#10563);
#9158=AXIS2_PLACEMENT_3D('',#13044,#10564,#10565);
#9159=AXIS2_PLACEMENT_3D('',#13045,#10566,#10567);
#9160=AXIS2_PLACEMENT_3D('',#13046,#10568,#10569);
#9161=AXIS2_PLACEMENT_3D('',#13047,#10570,#10571);
#9162=AXIS2_PLACEMENT_3D('',#13048,#10572,#10573);
#9163=AXIS2_PLACEMENT_3D('',#13049,#10574,#10575);
#9164=AXIS2_PLACEMENT_3D('',#13050,#10576,#10577);
#9165=AXIS2_PLACEMENT_3D('',#13051,#10578,#10579);
#9166=AXIS2_PLACEMENT_3D('',#13052,#10580,#10581);
#9167=AXIS2_PLACEMENT_3D('',#13053,#10582,#10583);
#9168=AXIS2_PLACEMENT_3D('',#13054,#10584,#10585);
#9169=AXIS2_PLACEMENT_3D('',#13055,#10586,#10587);
#9170=AXIS2_PLACEMENT_3D('',#13176,#10648,#10649);
#9171=AXIS2_PLACEMENT_3D('',#13297,#10710,#10711);
#9172=AXIS2_PLACEMENT_3D('',#13298,#10712,#10713);
#9173=AXIS2_PLACEMENT_3D('',#13302,#10715,#10716);
#9174=AXIS2_PLACEMENT_3D('',#13310,#10720,#10721);
#9175=AXIS2_PLACEMENT_3D('',#13314,#10723,#10724);
#9176=AXIS2_PLACEMENT_3D('',#13315,#10725,#10726);
#9177=AXIS2_PLACEMENT_3D('',#13319,#10728,#10729);
#9178=AXIS2_PLACEMENT_3D('',#13327,#10733,#10734);
#9179=AXIS2_PLACEMENT_3D('',#13331,#10736,#10737);
#9180=AXIS2_PLACEMENT_3D('',#13332,#10738,#10739);
#9181=AXIS2_PLACEMENT_3D('',#13338,#10742,#10743);
#9182=AXIS2_PLACEMENT_3D('',#13342,#10745,#10746);
#9183=AXIS2_PLACEMENT_3D('',#13343,#10747,#10748);
#9184=AXIS2_PLACEMENT_3D('',#13347,#10750,#10751);
#9185=AXIS2_PLACEMENT_3D('',#13355,#10755,#10756);
#9186=AXIS2_PLACEMENT_3D('',#13359,#10758,#10759);
#9187=AXIS2_PLACEMENT_3D('',#13360,#10760,#10761);
#9188=AXIS2_PLACEMENT_3D('',#13364,#10763,#10764);
#9189=AXIS2_PLACEMENT_3D('',#13367,#10766,#10767);
#9190=AXIS2_PLACEMENT_3D('',#13370,#10769,#10770);
#9191=AXIS2_PLACEMENT_3D('',#13371,#10771,#10772);
#9192=AXIS2_PLACEMENT_3D('',#13372,#10773,#10774);
#9193=AXIS2_PLACEMENT_3D('',#13376,#10776,#10777);
#9194=AXIS2_PLACEMENT_3D('',#13377,#10778,#10779);
#9195=AXIS2_PLACEMENT_3D('',#13378,#10780,#10781);
#9196=AXIS2_PLACEMENT_3D('',#13382,#10783,#10784);
#9197=AXIS2_PLACEMENT_3D('',#13383,#10785,#10786);
#9198=AXIS2_PLACEMENT_3D('',#13384,#10787,#10788);
#9199=AXIS2_PLACEMENT_3D('',#13388,#10790,#10791);
#9200=AXIS2_PLACEMENT_3D('',#13389,#10792,#10793);
#9201=AXIS2_PLACEMENT_3D('',#13390,#10794,#10795);
#9202=AXIS2_PLACEMENT_3D('',#13394,#10797,#10798);
#9203=AXIS2_PLACEMENT_3D('',#13395,#10799,#10800);
#9204=AXIS2_PLACEMENT_3D('',#13396,#10801,#10802);
#9205=AXIS2_PLACEMENT_3D('',#13400,#10804,#10805);
#9206=AXIS2_PLACEMENT_3D('',#13401,#10806,#10807);
#9207=AXIS2_PLACEMENT_3D('',#13402,#10808,#10809);
#9208=AXIS2_PLACEMENT_3D('',#13406,#10811,#10812);
#9209=AXIS2_PLACEMENT_3D('',#13407,#10813,#10814);
#9210=AXIS2_PLACEMENT_3D('',#13408,#10815,#10816);
#9211=AXIS2_PLACEMENT_3D('',#13411,#10818,#10819);
#9212=AXIS2_PLACEMENT_3D('',#13415,#10822,#10823);
#9213=AXIS2_PLACEMENT_3D('',#13421,#10827,#10828);
#9214=AXIS2_PLACEMENT_3D('',#13427,#10832,#10833);
#9215=AXIS2_PLACEMENT_3D('',#13433,#10837,#10838);
#9216=AXIS2_PLACEMENT_3D('',#13439,#10842,#10843);
#9217=AXIS2_PLACEMENT_3D('',#13445,#10847,#10848);
#9218=AXIS2_PLACEMENT_3D('',#13451,#10852,#10853);
#9219=AXIS2_PLACEMENT_3D('',#13455,#10856,#10857);
#9220=AXIS2_PLACEMENT_3D('',#13456,#10858,#10859);
#9221=AXIS2_PLACEMENT_3D('',#13459,#10861,#10862);
#9222=AXIS2_PLACEMENT_3D('',#13460,#10863,#10864);
#9223=AXIS2_PLACEMENT_3D('',#13464,#10866,#10867);
#9224=AXIS2_PLACEMENT_3D('',#13465,#10868,#10869);
#9225=AXIS2_PLACEMENT_3D('',#13466,#10870,#10871);
#9226=AXIS2_PLACEMENT_3D('',#13470,#10873,#10874);
#9227=AXIS2_PLACEMENT_3D('',#13471,#10875,#10876);
#9228=AXIS2_PLACEMENT_3D('',#13472,#10877,#10878);
#9229=AXIS2_PLACEMENT_3D('',#13476,#10880,#10881);
#9230=AXIS2_PLACEMENT_3D('',#13477,#10882,#10883);
#9231=AXIS2_PLACEMENT_3D('',#13478,#10884,#10885);
#9232=AXIS2_PLACEMENT_3D('',#13482,#10887,#10888);
#9233=AXIS2_PLACEMENT_3D('',#13483,#10889,#10890);
#9234=AXIS2_PLACEMENT_3D('',#13484,#10891,#10892);
#9235=AXIS2_PLACEMENT_3D('',#13488,#10894,#10895);
#9236=AXIS2_PLACEMENT_3D('',#13489,#10896,#10897);
#9237=AXIS2_PLACEMENT_3D('',#13490,#10898,#10899);
#9238=AXIS2_PLACEMENT_3D('',#13494,#10901,#10902);
#9239=AXIS2_PLACEMENT_3D('',#13495,#10903,#10904);
#9240=AXIS2_PLACEMENT_3D('',#13496,#10905,#10906);
#9241=AXIS2_PLACEMENT_3D('',#13499,#10908,#10909);
#9242=AXIS2_PLACEMENT_3D('',#13507,#10914,#10915);
#9243=AXIS2_PLACEMENT_3D('',#13517,#10921,#10922);
#9244=AXIS2_PLACEMENT_3D('',#13527,#10928,#10929);
#9245=AXIS2_PLACEMENT_3D('',#13537,#10935,#10936);
#9246=AXIS2_PLACEMENT_3D('',#13547,#10942,#10943);
#9247=AXIS2_PLACEMENT_3D('',#13557,#10949,#10950);
#9248=AXIS2_PLACEMENT_3D('',#13567,#10956,#10957);
#9249=AXIS2_PLACEMENT_3D('',#13575,#10962,#10963);
#9250=AXIS2_PLACEMENT_3D('',#13581,#10967,#10968);
#9251=AXIS2_PLACEMENT_3D('',#13587,#10972,#10973);
#9252=AXIS2_PLACEMENT_3D('',#13593,#10977,#10978);
#9253=AXIS2_PLACEMENT_3D('',#13599,#10982,#10983);
#9254=AXIS2_PLACEMENT_3D('',#13605,#10987,#10988);
#9255=AXIS2_PLACEMENT_3D('',#13611,#10992,#10993);
#9256=AXIS2_PLACEMENT_3D('',#13617,#10997,#10998);
#9257=AXIS2_PLACEMENT_3D('',#13623,#11002,#11003);
#9258=AXIS2_PLACEMENT_3D('',#13630,#11008,#11009);
#9259=AXIS2_PLACEMENT_3D('',#13640,#11015,#11016);
#9260=AXIS2_PLACEMENT_3D('',#13650,#11022,#11023);
#9261=AXIS2_PLACEMENT_3D('',#13660,#11029,#11030);
#9262=AXIS2_PLACEMENT_3D('',#13670,#11036,#11037);
#9263=AXIS2_PLACEMENT_3D('',#13680,#11043,#11044);
#9264=AXIS2_PLACEMENT_3D('',#13690,#11050,#11051);
#9265=AXIS2_PLACEMENT_3D('',#13697,#11056,#11057);
#9266=AXIS2_PLACEMENT_3D('',#13700,#11059,#11060);
#9267=AXIS2_PLACEMENT_3D('',#13701,#11061,#11062);
#9268=AXIS2_PLACEMENT_3D('',#13702,#11063,#11064);
#9269=AXIS2_PLACEMENT_3D('',#13706,#11066,#11067);
#9270=AXIS2_PLACEMENT_3D('',#13707,#11068,#11069);
#9271=AXIS2_PLACEMENT_3D('',#13708,#11070,#11071);
#9272=AXIS2_PLACEMENT_3D('',#13712,#11073,#11074);
#9273=AXIS2_PLACEMENT_3D('',#13713,#11075,#11076);
#9274=AXIS2_PLACEMENT_3D('',#13714,#11077,#11078);
#9275=AXIS2_PLACEMENT_3D('',#13718,#11080,#11081);
#9276=AXIS2_PLACEMENT_3D('',#13719,#11082,#11083);
#9277=AXIS2_PLACEMENT_3D('',#13720,#11084,#11085);
#9278=AXIS2_PLACEMENT_3D('',#13724,#11087,#11088);
#9279=AXIS2_PLACEMENT_3D('',#13725,#11089,#11090);
#9280=AXIS2_PLACEMENT_3D('',#13726,#11091,#11092);
#9281=AXIS2_PLACEMENT_3D('',#13730,#11094,#11095);
#9282=AXIS2_PLACEMENT_3D('',#13731,#11096,#11097);
#9283=AXIS2_PLACEMENT_3D('',#13732,#11098,#11099);
#9284=AXIS2_PLACEMENT_3D('',#13736,#11101,#11102);
#9285=AXIS2_PLACEMENT_3D('',#13737,#11103,#11104);
#9286=AXIS2_PLACEMENT_3D('',#13738,#11105,#11106);
#9287=AXIS2_PLACEMENT_3D('',#13741,#11108,#11109);
#9288=AXIS2_PLACEMENT_3D('',#13745,#11112,#11113);
#9289=AXIS2_PLACEMENT_3D('',#13751,#11117,#11118);
#9290=AXIS2_PLACEMENT_3D('',#13757,#11122,#11123);
#9291=AXIS2_PLACEMENT_3D('',#13763,#11127,#11128);
#9292=AXIS2_PLACEMENT_3D('',#13769,#11132,#11133);
#9293=AXIS2_PLACEMENT_3D('',#13775,#11137,#11138);
#9294=AXIS2_PLACEMENT_3D('',#13781,#11142,#11143);
#9295=AXIS2_PLACEMENT_3D('',#13785,#11146,#11147);
#9296=AXIS2_PLACEMENT_3D('',#13786,#11148,#11149);
#9297=AXIS2_PLACEMENT_3D('',#13787,#11150,#11151);
#9298=AXIS2_PLACEMENT_3D('',#13788,#11152,#11153);
#9299=AXIS2_PLACEMENT_3D('',#13789,#11154,#11155);
#9300=AXIS2_PLACEMENT_3D('',#13790,#11156,#11157);
#9301=AXIS2_PLACEMENT_3D('',#13791,#11158,#11159);
#9302=AXIS2_PLACEMENT_3D('',#13792,#11160,#11161);
#9303=AXIS2_PLACEMENT_3D('',#13793,#11162,#11163);
#9304=AXIS2_PLACEMENT_3D('',#13794,#11164,#11165);
#9305=AXIS2_PLACEMENT_3D('',#13795,#11166,#11167);
#9306=AXIS2_PLACEMENT_3D('',#13796,#11168,#11169);
#9307=AXIS2_PLACEMENT_3D('',#13797,#11170,#11171);
#9308=AXIS2_PLACEMENT_3D('',#13798,#11172,#11173);
#9309=AXIS2_PLACEMENT_3D('',#13799,#11174,#11175);
#9310=AXIS2_PLACEMENT_3D('',#13800,#11176,#11177);
#9311=AXIS2_PLACEMENT_3D('',#13801,#11178,#11179);
#9312=AXIS2_PLACEMENT_3D('',#13802,#11180,#11181);
#9313=AXIS2_PLACEMENT_3D('',#13803,#11182,#11183);
#9314=AXIS2_PLACEMENT_3D('',#13804,#11184,#11185);
#9315=AXIS2_PLACEMENT_3D('',#13805,#11186,#11187);
#9316=AXIS2_PLACEMENT_3D('',#13806,#11188,#11189);
#9317=AXIS2_PLACEMENT_3D('',#13807,#11190,#11191);
#9318=AXIS2_PLACEMENT_3D('',#13817,#11197,#11198);
#9319=AXIS2_PLACEMENT_3D('',#13827,#11204,#11205);
#9320=AXIS2_PLACEMENT_3D('',#13840,#11212,#11213);
#9321=AXIS2_PLACEMENT_3D('',#13853,#11220,#11221);
#9322=AXIS2_PLACEMENT_3D('',#13866,#11228,#11229);
#9323=AXIS2_PLACEMENT_3D('',#13879,#11236,#11237);
#9324=AXIS2_PLACEMENT_3D('',#13892,#11244,#11245);
#9325=AXIS2_PLACEMENT_3D('',#13905,#11252,#11253);
#9326=AXIS2_PLACEMENT_3D('',#13911,#11257,#11258);
#9327=AXIS2_PLACEMENT_3D('',#13917,#11262,#11263);
#9328=AXIS2_PLACEMENT_3D('',#13923,#11267,#11268);
#9329=AXIS2_PLACEMENT_3D('',#13929,#11272,#11273);
#9330=AXIS2_PLACEMENT_3D('',#13935,#11277,#11278);
#9331=AXIS2_PLACEMENT_3D('',#13941,#11282,#11283);
#9332=AXIS2_PLACEMENT_3D('',#13947,#11287,#11288);
#9333=AXIS2_PLACEMENT_3D('',#13953,#11292,#11293);
#9334=AXIS2_PLACEMENT_3D('',#13960,#11298,#11299);
#9335=AXIS2_PLACEMENT_3D('',#13967,#11304,#11305);
#9336=AXIS2_PLACEMENT_3D('',#13977,#11311,#11312);
#9337=AXIS2_PLACEMENT_3D('',#13987,#11318,#11319);
#9338=AXIS2_PLACEMENT_3D('',#13997,#11325,#11326);
#9339=AXIS2_PLACEMENT_3D('',#14007,#11332,#11333);
#9340=AXIS2_PLACEMENT_3D('',#14017,#11339,#11340);
#9341=AXIS2_PLACEMENT_3D('',#14027,#11346,#11347);
#9342=AXIS2_PLACEMENT_3D('',#14028,#11348,#11349);
#9343=AXIS2_PLACEMENT_3D('',#14031,#11351,#11352);
#9344=AXIS2_PLACEMENT_3D('',#14032,#11353,#11354);
#9345=AXIS2_PLACEMENT_3D('',#14034,#11355,#11356);
#9346=AXIS2_PLACEMENT_3D('',#14037,#11358,#11359);
#9347=AXIS2_PLACEMENT_3D('',#14038,#11360,#11361);
#9348=AXIS2_PLACEMENT_3D('',#14040,#11362,#11363);
#9349=AXIS2_PLACEMENT_3D('',#14043,#11365,#11366);
#9350=AXIS2_PLACEMENT_3D('',#14044,#11367,#11368);
#9351=AXIS2_PLACEMENT_3D('',#14046,#11369,#11370);
#9352=AXIS2_PLACEMENT_3D('',#14049,#11372,#11373);
#9353=AXIS2_PLACEMENT_3D('',#14050,#11374,#11375);
#9354=AXIS2_PLACEMENT_3D('',#14052,#11376,#11377);
#9355=AXIS2_PLACEMENT_3D('',#14055,#11379,#11380);
#9356=AXIS2_PLACEMENT_3D('',#14056,#11381,#11382);
#9357=AXIS2_PLACEMENT_3D('',#14058,#11383,#11384);
#9358=AXIS2_PLACEMENT_3D('',#14061,#11386,#11387);
#9359=AXIS2_PLACEMENT_3D('',#14062,#11388,#11389);
#9360=AXIS2_PLACEMENT_3D('',#14064,#11390,#11391);
#9361=AXIS2_PLACEMENT_3D('',#14067,#11393,#11394);
#9362=AXIS2_PLACEMENT_3D('',#14068,#11395,#11396);
#9363=AXIS2_PLACEMENT_3D('',#14071,#11398,#11399);
#9364=AXIS2_PLACEMENT_3D('',#14075,#11402,#11403);
#9365=AXIS2_PLACEMENT_3D('',#14081,#11407,#11408);
#9366=AXIS2_PLACEMENT_3D('',#14087,#11412,#11413);
#9367=AXIS2_PLACEMENT_3D('',#14093,#11417,#11418);
#9368=AXIS2_PLACEMENT_3D('',#14099,#11422,#11423);
#9369=AXIS2_PLACEMENT_3D('',#14105,#11427,#11428);
#9370=AXIS2_PLACEMENT_3D('',#14111,#11432,#11433);
#9371=AXIS2_PLACEMENT_3D('',#14115,#11436,#11437);
#9372=AXIS2_PLACEMENT_3D('',#14116,#11438,#11439);
#9373=AXIS2_PLACEMENT_3D('',#14117,#11440,#11441);
#9374=AXIS2_PLACEMENT_3D('',#14118,#11442,#11443);
#9375=AXIS2_PLACEMENT_3D('',#14119,#11444,#11445);
#9376=AXIS2_PLACEMENT_3D('',#14120,#11446,#11447);
#9377=AXIS2_PLACEMENT_3D('',#14121,#11448,#11449);
#9378=AXIS2_PLACEMENT_3D('',#14122,#11450,#11451);
#9379=AXIS2_PLACEMENT_3D('',#14123,#11452,#11453);
#9380=AXIS2_PLACEMENT_3D('',#14124,#11454,#11455);
#9381=AXIS2_PLACEMENT_3D('',#14125,#11456,#11457);
#9382=AXIS2_PLACEMENT_3D('',#14126,#11458,#11459);
#9383=AXIS2_PLACEMENT_3D('',#14127,#11460,#11461);
#9384=AXIS2_PLACEMENT_3D('',#14128,#11462,#11463);
#9385=AXIS2_PLACEMENT_3D('',#14129,#11464,#11465);
#9386=AXIS2_PLACEMENT_3D('',#14130,#11466,#11467);
#9387=AXIS2_PLACEMENT_3D('',#14131,#11468,#11469);
#9388=AXIS2_PLACEMENT_3D('',#14132,#11470,#11471);
#9389=AXIS2_PLACEMENT_3D('',#14133,#11472,#11473);
#9390=AXIS2_PLACEMENT_3D('',#14134,#11474,#11475);
#9391=AXIS2_PLACEMENT_3D('',#14135,#11476,#11477);
#9392=AXIS2_PLACEMENT_3D('',#14136,#11478,#11479);
#9393=AXIS2_PLACEMENT_3D('',#14137,#11480,#11481);
#9394=AXIS2_PLACEMENT_3D('',#14138,#11482,#11483);
#9395=AXIS2_PLACEMENT_3D('',#14141,#11485,#11486);
#9396=AXIS2_PLACEMENT_3D('',#14142,#11487,#11488);
#9397=AXIS2_PLACEMENT_3D('',#14144,#11489,#11490);
#9398=AXIS2_PLACEMENT_3D('',#14147,#11492,#11493);
#9399=AXIS2_PLACEMENT_3D('',#14148,#11494,#11495);
#9400=AXIS2_PLACEMENT_3D('',#14150,#11496,#11497);
#9401=AXIS2_PLACEMENT_3D('',#14153,#11499,#11500);
#9402=AXIS2_PLACEMENT_3D('',#14154,#11501,#11502);
#9403=AXIS2_PLACEMENT_3D('',#14156,#11503,#11504);
#9404=AXIS2_PLACEMENT_3D('',#14159,#11506,#11507);
#9405=AXIS2_PLACEMENT_3D('',#14160,#11508,#11509);
#9406=AXIS2_PLACEMENT_3D('',#14162,#11510,#11511);
#9407=AXIS2_PLACEMENT_3D('',#14165,#11513,#11514);
#9408=AXIS2_PLACEMENT_3D('',#14166,#11515,#11516);
#9409=AXIS2_PLACEMENT_3D('',#14168,#11517,#11518);
#9410=AXIS2_PLACEMENT_3D('',#14171,#11520,#11521);
#9411=AXIS2_PLACEMENT_3D('',#14172,#11522,#11523);
#9412=AXIS2_PLACEMENT_3D('',#14174,#11524,#11525);
#9413=AXIS2_PLACEMENT_3D('',#14177,#11527,#11528);
#9414=AXIS2_PLACEMENT_3D('',#14178,#11529,#11530);
#9415=AXIS2_PLACEMENT_3D('',#14181,#11532,#11533);
#9416=AXIS2_PLACEMENT_3D('',#14185,#11536,#11537);
#9417=AXIS2_PLACEMENT_3D('',#14191,#11541,#11542);
#9418=AXIS2_PLACEMENT_3D('',#14197,#11546,#11547);
#9419=AXIS2_PLACEMENT_3D('',#14203,#11551,#11552);
#9420=AXIS2_PLACEMENT_3D('',#14209,#11556,#11557);
#9421=AXIS2_PLACEMENT_3D('',#14215,#11561,#11562);
#9422=AXIS2_PLACEMENT_3D('',#14221,#11566,#11567);
#9423=AXIS2_PLACEMENT_3D('',#14225,#11570,#11571);
#9424=AXIS2_PLACEMENT_3D('',#14226,#11572,#11573);
#9425=AXIS2_PLACEMENT_3D('',#14227,#11574,#11575);
#9426=AXIS2_PLACEMENT_3D('',#14228,#11576,#11577);
#9427=AXIS2_PLACEMENT_3D('',#14229,#11578,#11579);
#9428=AXIS2_PLACEMENT_3D('',#14230,#11580,#11581);
#9429=AXIS2_PLACEMENT_3D('',#14231,#11582,#11583);
#9430=AXIS2_PLACEMENT_3D('',#14232,#11584,#11585);
#9431=AXIS2_PLACEMENT_3D('',#14233,#11586,#11587);
#9432=AXIS2_PLACEMENT_3D('',#14234,#11588,#11589);
#9433=AXIS2_PLACEMENT_3D('',#14235,#11590,#11591);
#9434=AXIS2_PLACEMENT_3D('',#14236,#11592,#11593);
#9435=AXIS2_PLACEMENT_3D('',#14237,#11594,#11595);
#9436=AXIS2_PLACEMENT_3D('',#14238,#11596,#11597);
#9437=AXIS2_PLACEMENT_3D('',#14239,#11598,#11599);
#9438=AXIS2_PLACEMENT_3D('',#14240,#11600,#11601);
#9439=AXIS2_PLACEMENT_3D('',#14241,#11602,#11603);
#9440=AXIS2_PLACEMENT_3D('',#14242,#11604,#11605);
#9441=AXIS2_PLACEMENT_3D('',#14243,#11606,#11607);
#9442=AXIS2_PLACEMENT_3D('',#14244,#11608,#11609);
#9443=AXIS2_PLACEMENT_3D('',#14245,#11610,#11611);
#9444=AXIS2_PLACEMENT_3D('',#14246,#11612,#11613);
#9445=AXIS2_PLACEMENT_3D('',#14247,#11614,#11615);
#9446=AXIS2_PLACEMENT_3D('',#14248,#11616,#11617);
#9447=AXIS2_PLACEMENT_3D('',#14249,#11618,#11619);
#9448=AXIS2_PLACEMENT_3D('',#14252,#11622,#11623);
#9449=AXIS2_PLACEMENT_3D('',#14255,#11626,#11627);
#9450=AXIS2_PLACEMENT_3D('',#14256,#11628,#11629);
#9451=AXIS2_PLACEMENT_3D('',#14257,#11630,#11631);
#9452=AXIS2_PLACEMENT_3D('',#14258,#11632,#11633);
#9453=AXIS2_PLACEMENT_3D('',#14261,#11636,#11637);
#9454=AXIS2_PLACEMENT_3D('',#14264,#11640,#11641);
#9455=AXIS2_PLACEMENT_3D('',#14265,#11642,#11643);
#9456=AXIS2_PLACEMENT_3D('',#14266,#11644,#11645);
#9457=AXIS2_PLACEMENT_3D('',#14267,#11646,#11647);
#9458=AXIS2_PLACEMENT_3D('',#14270,#11650,#11651);
#9459=AXIS2_PLACEMENT_3D('',#14273,#11654,#11655);
#9460=AXIS2_PLACEMENT_3D('',#14274,#11656,#11657);
#9461=AXIS2_PLACEMENT_3D('',#14275,#11658,#11659);
#9462=AXIS2_PLACEMENT_3D('',#14276,#11660,#11661);
#9463=AXIS2_PLACEMENT_3D('',#14279,#11664,#11665);
#9464=AXIS2_PLACEMENT_3D('',#14282,#11668,#11669);
#9465=AXIS2_PLACEMENT_3D('',#14283,#11670,#11671);
#9466=AXIS2_PLACEMENT_3D('',#14284,#11672,#11673);
#9467=AXIS2_PLACEMENT_3D('',#14285,#11674,#11675);
#9468=AXIS2_PLACEMENT_3D('',#14288,#11678,#11679);
#9469=AXIS2_PLACEMENT_3D('',#14291,#11682,#11683);
#9470=AXIS2_PLACEMENT_3D('',#14292,#11684,#11685);
#9471=AXIS2_PLACEMENT_3D('',#14293,#11686,#11687);
#9472=AXIS2_PLACEMENT_3D('',#14294,#11688,#11689);
#9473=AXIS2_PLACEMENT_3D('',#14297,#11692,#11693);
#9474=AXIS2_PLACEMENT_3D('',#14300,#11696,#11697);
#9475=AXIS2_PLACEMENT_3D('',#14301,#11698,#11699);
#9476=AXIS2_PLACEMENT_3D('',#14302,#11700,#11701);
#9477=AXIS2_PLACEMENT_3D('',#14303,#11702,#11703);
#9478=AXIS2_PLACEMENT_3D('',#14305,#11705,#11706);
#9479=AXIS2_PLACEMENT_3D('',#14307,#11708,#11709);
#9480=AXIS2_PLACEMENT_3D('',#14310,#11712,#11713);
#9481=AXIS2_PLACEMENT_3D('',#14311,#11714,#11715);
#9482=AXIS2_PLACEMENT_3D('',#14312,#11716,#11717);
#9483=AXIS2_PLACEMENT_3D('',#14315,#11720,#11721);
#9484=AXIS2_PLACEMENT_3D('',#14316,#11722,#11723);
#9485=AXIS2_PLACEMENT_3D('',#14319,#11726,#11727);
#9486=AXIS2_PLACEMENT_3D('',#14320,#11728,#11729);
#9487=AXIS2_PLACEMENT_3D('',#14321,#11730,#11731);
#9488=AXIS2_PLACEMENT_3D('',#14324,#11734,#11735);
#9489=AXIS2_PLACEMENT_3D('',#14325,#11736,#11737);
#9490=AXIS2_PLACEMENT_3D('',#14328,#11740,#11741);
#9491=AXIS2_PLACEMENT_3D('',#14329,#11742,#11743);
#9492=AXIS2_PLACEMENT_3D('',#14330,#11744,#11745);
#9493=AXIS2_PLACEMENT_3D('',#14333,#11748,#11749);
#9494=AXIS2_PLACEMENT_3D('',#14334,#11750,#11751);
#9495=AXIS2_PLACEMENT_3D('',#14337,#11754,#11755);
#9496=AXIS2_PLACEMENT_3D('',#14338,#11756,#11757);
#9497=AXIS2_PLACEMENT_3D('',#14339,#11758,#11759);
#9498=AXIS2_PLACEMENT_3D('',#14342,#11762,#11763);
#9499=AXIS2_PLACEMENT_3D('',#14343,#11764,#11765);
#9500=AXIS2_PLACEMENT_3D('',#14346,#11768,#11769);
#9501=AXIS2_PLACEMENT_3D('',#14347,#11770,#11771);
#9502=AXIS2_PLACEMENT_3D('',#14348,#11772,#11773);
#9503=AXIS2_PLACEMENT_3D('',#14351,#11776,#11777);
#9504=AXIS2_PLACEMENT_3D('',#14352,#11778,#11779);
#9505=AXIS2_PLACEMENT_3D('',#14355,#11782,#11783);
#9506=AXIS2_PLACEMENT_3D('',#14356,#11784,#11785);
#9507=AXIS2_PLACEMENT_3D('',#14357,#11786,#11787);
#9508=AXIS2_PLACEMENT_3D('',#14360,#11790,#11791);
#9509=AXIS2_PLACEMENT_3D('',#14361,#11792,#11793);
#9510=AXIS2_PLACEMENT_3D('',#14364,#11796,#11797);
#9511=AXIS2_PLACEMENT_3D('',#14365,#11798,#11799);
#9512=AXIS2_PLACEMENT_3D('',#14366,#11800,#11801);
#9513=AXIS2_PLACEMENT_3D('',#14369,#11804,#11805);
#9514=AXIS2_PLACEMENT_3D('',#14370,#11806,#11807);
#9515=AXIS2_PLACEMENT_3D('',#14373,#11810,#11811);
#9516=AXIS2_PLACEMENT_3D('',#14374,#11812,#11813);
#9517=AXIS2_PLACEMENT_3D('',#14375,#11814,#11815);
#9518=AXIS2_PLACEMENT_3D('',#14376,#11816,#11817);
#9519=AXIS2_PLACEMENT_3D('',#14377,#11818,#11819);
#9520=DIRECTION('',(0.,0.,1.));
#9521=DIRECTION('',(1.,0.,0.));
#9522=DIRECTION('',(0.,1.,0.));
#9523=DIRECTION('',(0.,0.,1.));
#9524=DIRECTION('',(0.,0.,1.));
#9525=DIRECTION('',(-1.,0.,0.));
#9526=DIRECTION('',(0.,0.,-1.));
#9527=DIRECTION('',(1.,0.,0.));
#9528=DIRECTION('',(0.,1.,0.));
#9529=DIRECTION('',(0.,0.,1.));
#9530=DIRECTION('',(0.,0.,-1.));
#9531=DIRECTION('',(1.,0.,0.));
#9532=DIRECTION('',(0.,0.,1.));
#9533=DIRECTION('',(-1.,0.,0.));
#9534=DIRECTION('',(0.,1.,0.));
#9535=DIRECTION('',(0.,0.,1.));
#9536=DIRECTION('',(0.,0.,-1.));
#9537=DIRECTION('',(1.,0.,0.));
#9538=DIRECTION('',(0.,0.,1.));
#9539=DIRECTION('',(-1.,0.,0.));
#9540=DIRECTION('',(0.,1.,0.));
#9541=DIRECTION('',(0.,0.,1.));
#9542=DIRECTION('',(0.,0.,-1.));
#9543=DIRECTION('',(1.,0.,0.));
#9544=DIRECTION('',(0.,0.,1.));
#9545=DIRECTION('',(-1.,0.,0.));
#9546=DIRECTION('',(0.,1.,0.));
#9547=DIRECTION('',(0.,0.,1.));
#9548=DIRECTION('',(0.,0.,-1.));
#9549=DIRECTION('',(1.,0.,0.));
#9550=DIRECTION('',(0.,0.,1.));
#9551=DIRECTION('',(-1.,0.,0.));
#9552=DIRECTION('',(0.,1.,0.));
#9553=DIRECTION('',(0.,0.,1.));
#9554=DIRECTION('',(0.,0.,-1.));
#9555=DIRECTION('',(1.,0.,0.));
#9556=DIRECTION('',(0.,0.,1.));
#9557=DIRECTION('',(-1.,0.,0.));
#9558=DIRECTION('',(0.,1.,0.));
#9559=DIRECTION('',(0.,0.,1.));
#9560=DIRECTION('',(0.,0.,-1.));
#9561=DIRECTION('',(1.,0.,0.));
#9562=DIRECTION('',(0.,0.,1.));
#9563=DIRECTION('',(-1.,0.,0.));
#9564=DIRECTION('',(0.,1.,0.));
#9565=DIRECTION('',(0.,0.,1.));
#9566=DIRECTION('',(0.,0.,-1.));
#9567=DIRECTION('',(1.,0.,0.));
#9568=DIRECTION('',(0.,0.,1.));
#9569=DIRECTION('',(-1.,0.,0.));
#9570=DIRECTION('',(0.,1.,0.));
#9571=DIRECTION('',(0.,0.,1.));
#9572=DIRECTION('',(0.,0.,-1.));
#9573=DIRECTION('',(1.,0.,0.));
#9574=DIRECTION('',(0.,0.,1.));
#9575=DIRECTION('',(-1.,0.,0.));
#9576=DIRECTION('',(0.,1.,0.));
#9577=DIRECTION('',(0.,0.,1.));
#9578=DIRECTION('',(0.,0.,1.));
#9579=DIRECTION('',(-1.,0.,0.));
#9580=DIRECTION('',(0.,0.,-1.));
#9581=DIRECTION('',(1.,0.,0.));
#9582=DIRECTION('',(0.,1.,0.));
#9583=DIRECTION('',(0.,0.,1.));
#9584=DIRECTION('',(0.,0.,-1.));
#9585=DIRECTION('',(1.,0.,0.));
#9586=DIRECTION('',(0.,0.,1.));
#9587=DIRECTION('',(-1.,0.,0.));
#9588=DIRECTION('',(0.,1.,0.));
#9589=DIRECTION('',(0.,0.,1.));
#9590=DIRECTION('',(0.,0.,-1.));
#9591=DIRECTION('',(1.,0.,0.));
#9592=DIRECTION('',(0.,0.,1.));
#9593=DIRECTION('',(-1.,0.,0.));
#9594=DIRECTION('',(0.,1.,0.));
#9595=DIRECTION('',(0.,0.,1.));
#9596=DIRECTION('',(0.,0.,-1.));
#9597=DIRECTION('',(1.,0.,0.));
#9598=DIRECTION('',(0.,0.,1.));
#9599=DIRECTION('',(-1.,0.,0.));
#9600=DIRECTION('',(0.,1.,0.));
#9601=DIRECTION('',(0.,0.,1.));
#9602=DIRECTION('',(0.,0.,-1.));
#9603=DIRECTION('',(1.,0.,0.));
#9604=DIRECTION('',(0.,0.,1.));
#9605=DIRECTION('',(-1.,0.,0.));
#9606=DIRECTION('',(0.,1.,0.));
#9607=DIRECTION('',(0.,0.,1.));
#9608=DIRECTION('',(0.,0.,-1.));
#9609=DIRECTION('',(1.,0.,0.));
#9610=DIRECTION('',(0.,0.,1.));
#9611=DIRECTION('',(-1.,0.,0.));
#9612=DIRECTION('',(0.,1.,0.));
#9613=DIRECTION('',(0.,0.,1.));
#9614=DIRECTION('',(0.,0.,-1.));
#9615=DIRECTION('',(1.,0.,0.));
#9616=DIRECTION('',(0.,0.,1.));
#9617=DIRECTION('',(-1.,0.,0.));
#9618=DIRECTION('',(0.,1.,0.));
#9619=DIRECTION('',(0.,0.,1.));
#9620=DIRECTION('',(0.,0.,-1.));
#9621=DIRECTION('',(1.,0.,0.));
#9622=DIRECTION('',(0.,0.,1.));
#9623=DIRECTION('',(-1.,0.,0.));
#9624=DIRECTION('',(0.,1.,0.));
#9625=DIRECTION('',(0.,0.,1.));
#9626=DIRECTION('',(0.,0.,-1.));
#9627=DIRECTION('',(1.,0.,0.));
#9628=DIRECTION('',(0.,0.,1.));
#9629=DIRECTION('',(-1.,0.,0.));
#9630=DIRECTION('',(0.,0.,1.));
#9631=DIRECTION('',(1.,0.,0.));
#9632=DIRECTION('',(0.521450009453977,-0.853281833651958,0.));
#9633=DIRECTION('',(1.,-8.5370249802008E-16,0.));
#9634=DIRECTION('',(0.668964731622451,0.743294146247165,0.));
#9635=DIRECTION('',(1.,0.,0.));
#9636=DIRECTION('',(0.668964731622451,-0.743294146247165,0.));
#9637=DIRECTION('',(1.,0.,0.));
#9638=DIRECTION('',(0.521450009453976,0.853281833651959,0.));
#9639=DIRECTION('',(0.521450009453976,-0.853281833651958,0.));
#9640=DIRECTION('',(1.,-8.53702498020085E-16,0.));
#9641=DIRECTION('',(0.668964731622451,0.743294146247165,0.));
#9642=DIRECTION('',(1.,0.,0.));
#9643=DIRECTION('',(0.668964731622451,-0.743294146247165,0.));
#9644=DIRECTION('',(1.,0.,0.));
#9645=DIRECTION('',(0.521450009453977,0.853281833651958,0.));
#9646=DIRECTION('',(0.521450009453976,-0.853281833651958,0.));
#9647=DIRECTION('',(1.,-8.5370249802008E-16,0.));
#9648=DIRECTION('',(0.668964731622449,0.743294146247167,0.));
#9649=DIRECTION('',(1.,0.,0.));
#9650=DIRECTION('',(0.66896473162245,-0.743294146247166,0.));
#9651=DIRECTION('',(1.,0.,0.));
#9652=DIRECTION('',(0.521450009453977,0.853281833651958,0.));
#9653=DIRECTION('',(0.521450009453976,-0.853281833651959,0.));
#9654=DIRECTION('',(1.,-8.53702498020083E-16,0.));
#9655=DIRECTION('',(0.66896473162245,0.743294146247166,0.));
#9656=DIRECTION('',(1.,0.,0.));
#9657=DIRECTION('',(0.66896473162245,-0.743294146247166,0.));
#9658=DIRECTION('',(1.,0.,0.));
#9659=DIRECTION('',(0.521450009453977,0.853281833651958,0.));
#9660=DIRECTION('',(0.521450009453976,-0.853281833651959,0.));
#9661=DIRECTION('',(1.,-8.53702498020081E-16,0.));
#9662=DIRECTION('',(0.66896473162245,0.743294146247166,0.));
#9663=DIRECTION('',(1.,0.,0.));
#9664=DIRECTION('',(0.66896473162245,-0.743294146247166,0.));
#9665=DIRECTION('',(1.,0.,0.));
#9666=DIRECTION('',(0.521450009453977,0.853281833651958,0.));
#9667=DIRECTION('',(0.521450009453976,-0.853281833651959,0.));
#9668=DIRECTION('',(1.,-8.53702498020083E-16,0.));
#9669=DIRECTION('',(0.66896473162245,0.743294146247166,0.));
#9670=DIRECTION('',(1.,0.,0.));
#9671=DIRECTION('',(0.668964731622449,-0.743294146247167,0.));
#9672=DIRECTION('',(1.,0.,0.));
#9673=DIRECTION('',(0.521450009453977,0.853281833651958,0.));
#9674=DIRECTION('',(0.521450009453975,-0.853281833651959,0.));
#9675=DIRECTION('',(1.,-8.5370249802008E-16,0.));
#9676=DIRECTION('',(0.668964731622451,0.743294146247165,0.));
#9677=DIRECTION('',(1.,0.,0.));
#9678=DIRECTION('',(0.668964731622451,-0.743294146247165,0.));
#9679=DIRECTION('',(1.,0.,0.));
#9680=DIRECTION('',(0.521450009453977,0.853281833651958,0.));
#9681=DIRECTION('',(0.521450009453975,-0.853281833651959,0.));
#9682=DIRECTION('',(1.,-8.5370249802008E-16,0.));
#9683=DIRECTION('',(0.668964731622451,0.743294146247165,0.));
#9684=DIRECTION('',(1.,0.,0.));
#9685=DIRECTION('',(0.668964731622451,-0.743294146247165,0.));
#9686=DIRECTION('',(1.,0.,0.));
#9687=DIRECTION('',(0.521450009453974,0.85328183365196,0.));
#9688=DIRECTION('',(0.,-1.,0.));
#9689=DIRECTION('',(-1.,0.,0.));
#9690=DIRECTION('',(0.,-1.,0.));
#9691=DIRECTION('',(0.,0.,-1.));
#9692=DIRECTION('',(-1.,0.,0.));
#9693=DIRECTION('',(0.,0.,-1.));
#9694=DIRECTION('',(-1.,0.,0.));
#9695=DIRECTION('',(0.,0.,-1.));
#9696=DIRECTION('',(-1.,0.,0.));
#9697=DIRECTION('',(0.,0.,-1.));
#9698=DIRECTION('',(-1.,0.,0.));
#9699=DIRECTION('',(0.,0.,-1.));
#9700=DIRECTION('',(-1.,0.,0.));
#9701=DIRECTION('',(0.,0.,-1.));
#9702=DIRECTION('',(-1.,0.,0.));
#9703=DIRECTION('',(0.,0.,-1.));
#9704=DIRECTION('',(-1.,0.,0.));
#9705=DIRECTION('',(0.,0.,-1.));
#9706=DIRECTION('',(-1.,0.,0.));
#9707=DIRECTION('',(0.,0.,-1.));
#9708=DIRECTION('',(-1.,0.,0.));
#9709=DIRECTION('',(0.,0.,-1.));
#9710=DIRECTION('',(-1.,0.,0.));
#9711=DIRECTION('',(0.,0.,-1.));
#9712=DIRECTION('',(-1.,0.,0.));
#9713=DIRECTION('',(0.,0.,-1.));
#9714=DIRECTION('',(-1.,0.,0.));
#9715=DIRECTION('',(0.,0.,-1.));
#9716=DIRECTION('',(-1.,0.,0.));
#9717=DIRECTION('',(0.,0.,-1.));
#9718=DIRECTION('',(-1.,0.,0.));
#9719=DIRECTION('',(0.,0.,-1.));
#9720=DIRECTION('',(-1.,0.,0.));
#9721=DIRECTION('',(0.,0.,-1.));
#9722=DIRECTION('',(-1.,0.,0.));
#9723=DIRECTION('',(0.,0.,-1.));
#9724=DIRECTION('',(-1.,0.,0.));
#9725=DIRECTION('',(-0.521450009453977,0.853281833651958,0.));
#9726=DIRECTION('',(0.,-1.,0.));
#9727=DIRECTION('',(1.,0.,0.));
#9728=DIRECTION('',(0.,-1.,0.));
#9729=DIRECTION('',(-0.521450009453974,-0.85328183365196,0.));
#9730=DIRECTION('',(-1.,0.,0.));
#9731=DIRECTION('',(-0.668964731622451,0.743294146247165,0.));
#9732=DIRECTION('',(-1.,0.,0.));
#9733=DIRECTION('',(-0.668964731622451,-0.743294146247165,0.));
#9734=DIRECTION('',(-1.,8.5370249802008E-16,0.));
#9735=DIRECTION('',(-0.521450009453975,0.853281833651959,0.));
#9736=DIRECTION('',(-0.521450009453977,-0.853281833651958,0.));
#9737=DIRECTION('',(-1.,0.,0.));
#9738=DIRECTION('',(-0.668964731622451,0.743294146247165,0.));
#9739=DIRECTION('',(-1.,0.,0.));
#9740=DIRECTION('',(-0.668964731622451,-0.743294146247165,0.));
#9741=DIRECTION('',(-1.,8.5370249802008E-16,0.));
#9742=DIRECTION('',(-0.521450009453975,0.853281833651959,0.));
#9743=DIRECTION('',(-0.521450009453977,-0.853281833651958,0.));
#9744=DIRECTION('',(-1.,0.,0.));
#9745=DIRECTION('',(-0.668964731622449,0.743294146247167,0.));
#9746=DIRECTION('',(-1.,0.,0.));
#9747=DIRECTION('',(-0.66896473162245,-0.743294146247166,0.));
#9748=DIRECTION('',(-1.,8.53702498020083E-16,0.));
#9749=DIRECTION('',(-0.521450009453976,0.853281833651959,0.));
#9750=DIRECTION('',(-0.521450009453977,-0.853281833651958,0.));
#9751=DIRECTION('',(-1.,0.,0.));
#9752=DIRECTION('',(-0.66896473162245,0.743294146247166,0.));
#9753=DIRECTION('',(-1.,0.,0.));
#9754=DIRECTION('',(-0.66896473162245,-0.743294146247166,0.));
#9755=DIRECTION('',(-1.,8.53702498020081E-16,0.));
#9756=DIRECTION('',(-0.521450009453976,0.853281833651959,0.));
#9757=DIRECTION('',(-0.521450009453977,-0.853281833651958,0.));
#9758=DIRECTION('',(-1.,0.,0.));
#9759=DIRECTION('',(-0.66896473162245,0.743294146247166,0.));
#9760=DIRECTION('',(-1.,0.,0.));
#9761=DIRECTION('',(-0.66896473162245,-0.743294146247166,0.));
#9762=DIRECTION('',(-1.,8.53702498020083E-16,0.));
#9763=DIRECTION('',(-0.521450009453976,0.853281833651959,0.));
#9764=DIRECTION('',(-0.521450009453977,-0.853281833651958,0.));
#9765=DIRECTION('',(-1.,0.,0.));
#9766=DIRECTION('',(-0.66896473162245,0.743294146247166,0.));
#9767=DIRECTION('',(-1.,0.,0.));
#9768=DIRECTION('',(-0.668964731622449,-0.743294146247167,0.));
#9769=DIRECTION('',(-1.,8.5370249802008E-16,0.));
#9770=DIRECTION('',(-0.521450009453976,0.853281833651958,0.));
#9771=DIRECTION('',(-0.521450009453977,-0.853281833651958,0.));
#9772=DIRECTION('',(-1.,0.,0.));
#9773=DIRECTION('',(-0.668964731622451,0.743294146247165,0.));
#9774=DIRECTION('',(-1.,0.,0.));
#9775=DIRECTION('',(-0.668964731622451,-0.743294146247165,0.));
#9776=DIRECTION('',(-1.,8.53702498020085E-16,0.));
#9777=DIRECTION('',(-0.521450009453976,0.853281833651958,0.));
#9778=DIRECTION('',(-0.521450009453976,-0.853281833651959,0.));
#9779=DIRECTION('',(-1.,0.,0.));
#9780=DIRECTION('',(-0.668964731622451,0.743294146247165,0.));
#9781=DIRECTION('',(-1.,0.,0.));
#9782=DIRECTION('',(-0.668964731622451,-0.743294146247165,0.));
#9783=DIRECTION('',(-1.,8.5370249802008E-16,0.));
#9784=DIRECTION('',(0.,-0.5,-0.866025403784438));
#9785=DIRECTION('',(0.,0.866025403784438,-0.5));
#9786=DIRECTION('',(-0.46776758111882,0.765437860012611,-0.441925754526213));
#9787=DIRECTION('',(-1.,0.,0.));
#9788=DIRECTION('',(0.,-0.866025403784438,0.5));
#9789=DIRECTION('',(0.,-0.5,-0.866025403784438));
#9790=DIRECTION('',(0.,0.866025403784438,-0.5));
#9791=DIRECTION('',(-1.,0.,0.));
#9792=DIRECTION('',(-0.614748744335863,-0.68305416037318,0.394361503362549));
#9793=DIRECTION('',(-1.,0.,0.));
#9794=DIRECTION('',(-0.614748744335863,0.68305416037318,-0.394361503362549));
#9795=DIRECTION('',(0.,-0.5,-0.866025403784438));
#9796=DIRECTION('',(0.,0.866025403784438,-0.5));
#9797=DIRECTION('',(-1.,0.,0.));
#9798=DIRECTION('',(-0.467767581118819,-0.765437860012612,0.441925754526213));
#9799=DIRECTION('',(-0.467767581118819,0.765437860012612,-0.441925754526213));
#9800=DIRECTION('',(0.,-0.5,-0.866025403784438));
#9801=DIRECTION('',(0.,0.866025403784438,-0.5));
#9802=DIRECTION('',(-1.,0.,0.));
#9803=DIRECTION('',(-0.614748744335863,-0.68305416037318,0.394361503362549));
#9804=DIRECTION('',(-1.,0.,0.));
#9805=DIRECTION('',(-0.614748744335863,0.68305416037318,-0.394361503362549));
#9806=DIRECTION('',(0.,-0.5,-0.866025403784438));
#9807=DIRECTION('',(0.,0.866025403784438,-0.5));
#9808=DIRECTION('',(-1.,0.,0.));
#9809=DIRECTION('',(-0.46776758111882,-0.765437860012611,0.441925754526213));
#9810=DIRECTION('',(-0.467767581118819,0.765437860012612,-0.441925754526213));
#9811=DIRECTION('',(0.,-0.5,-0.866025403784438));
#9812=DIRECTION('',(0.,0.866025403784438,-0.5));
#9813=DIRECTION('',(-1.,0.,0.));
#9814=DIRECTION('',(-0.614748744335862,-0.68305416037318,0.39436150336255));
#9815=DIRECTION('',(-1.,0.,0.));
#9816=DIRECTION('',(-0.614748744335863,0.68305416037318,-0.39436150336255));
#9817=DIRECTION('',(0.,-0.5,-0.866025403784438));
#9818=DIRECTION('',(0.,0.866025403784438,-0.5));
#9819=DIRECTION('',(-1.,0.,0.));
#9820=DIRECTION('',(-0.46776758111882,-0.765437860012611,0.441925754526213));
#9821=DIRECTION('',(-0.467767581118819,0.765437860012612,-0.441925754526213));
#9822=DIRECTION('',(0.,-0.5,-0.866025403784438));
#9823=DIRECTION('',(0.,0.866025403784438,-0.5));
#9824=DIRECTION('',(-1.,0.,0.));
#9825=DIRECTION('',(-0.614748744335863,-0.68305416037318,0.39436150336255));
#9826=DIRECTION('',(-1.,0.,0.));
#9827=DIRECTION('',(-0.614748744335863,0.68305416037318,-0.39436150336255));
#9828=DIRECTION('',(0.,-0.5,-0.866025403784438));
#9829=DIRECTION('',(0.,0.866025403784438,-0.5));
#9830=DIRECTION('',(-1.,0.,0.));
#9831=DIRECTION('',(-0.46776758111882,-0.765437860012611,0.441925754526213));
#9832=DIRECTION('',(-0.467767581118819,0.765437860012612,-0.441925754526213));
#9833=DIRECTION('',(0.,-0.5,-0.866025403784438));
#9834=DIRECTION('',(0.,0.866025403784438,-0.5));
#9835=DIRECTION('',(-1.,0.,0.));
#9836=DIRECTION('',(-0.614748744335863,-0.68305416037318,0.39436150336255));
#9837=DIRECTION('',(-1.,0.,0.));
#9838=DIRECTION('',(-0.614748744335863,0.68305416037318,-0.39436150336255));
#9839=DIRECTION('',(0.,-0.5,-0.866025403784438));
#9840=DIRECTION('',(0.,0.866025403784438,-0.5));
#9841=DIRECTION('',(-1.,0.,0.));
#9842=DIRECTION('',(-0.46776758111882,-0.765437860012611,0.441925754526212));
#9843=DIRECTION('',(-0.467767581118819,0.765437860012612,-0.441925754526213));
#9844=DIRECTION('',(0.,-0.5,-0.866025403784438));
#9845=DIRECTION('',(0.,0.866025403784438,-0.5));
#9846=DIRECTION('',(-1.,0.,0.));
#9847=DIRECTION('',(-0.614748744335863,-0.68305416037318,0.39436150336255));
#9848=DIRECTION('',(-1.,0.,0.));
#9849=DIRECTION('',(-0.614748744335862,0.68305416037318,-0.39436150336255));
#9850=DIRECTION('',(0.,-0.5,-0.866025403784438));
#9851=DIRECTION('',(0.,0.866025403784438,-0.5));
#9852=DIRECTION('',(-1.,0.,0.));
#9853=DIRECTION('',(-0.46776758111882,-0.765437860012611,0.441925754526213));
#9854=DIRECTION('',(-0.467767581118819,0.765437860012612,-0.441925754526213));
#9855=DIRECTION('',(0.,-0.5,-0.866025403784438));
#9856=DIRECTION('',(0.,0.866025403784438,-0.5));
#9857=DIRECTION('',(-1.,0.,0.));
#9858=DIRECTION('',(-0.614748744335863,-0.68305416037318,0.394361503362549));
#9859=DIRECTION('',(-1.,0.,0.));
#9860=DIRECTION('',(-0.614748744335863,0.68305416037318,-0.394361503362549));
#9861=DIRECTION('',(0.,-0.5,-0.866025403784438));
#9862=DIRECTION('',(0.,0.866025403784438,-0.5));
#9863=DIRECTION('',(-1.,0.,0.));
#9864=DIRECTION('',(-0.467767581118821,-0.765437860012611,0.441925754526212));
#9865=DIRECTION('',(-0.467767581118819,0.765437860012612,-0.441925754526213));
#9866=DIRECTION('',(0.,-0.5,-0.866025403784438));
#9867=DIRECTION('',(0.,0.866025403784438,-0.5));
#9868=DIRECTION('',(-1.,0.,0.));
#9869=DIRECTION('',(-0.614748744335863,-0.68305416037318,0.394361503362549));
#9870=DIRECTION('',(-1.,0.,0.));
#9871=DIRECTION('',(-0.614748744335863,0.68305416037318,-0.394361503362549));
#9872=DIRECTION('',(0.,-0.5,-0.866025403784438));
#9873=DIRECTION('',(0.,0.866025403784438,-0.5));
#9874=DIRECTION('',(-1.,0.,0.));
#9875=DIRECTION('',(-0.467767581118818,-0.765437860012612,0.441925754526213));
#9876=DIRECTION('',(0.,0.866025403784438,-0.5));
#9877=DIRECTION('',(0.,-0.5,0.866025403784439));
#9878=DIRECTION('',(0.,-0.866025403784439,-0.5));
#9879=DIRECTION('',(-1.,0.,0.));
#9880=DIRECTION('',(0.46776758111882,-0.765437860012611,-0.441925754526212));
#9881=DIRECTION('',(0.,0.866025403784439,0.5));
#9882=DIRECTION('',(0.,-0.5,0.866025403784439));
#9883=DIRECTION('',(0.,-0.866025403784439,-0.5));
#9884=DIRECTION('',(1.,0.,0.));
#9885=DIRECTION('',(0.614748744335864,0.68305416037318,0.394361503362549));
#9886=DIRECTION('',(-1.,0.,0.));
#9887=DIRECTION('',(0.614748744335864,-0.68305416037318,-0.394361503362549));
#9888=DIRECTION('',(0.,-0.5,0.866025403784439));
#9889=DIRECTION('',(0.,-0.866025403784439,-0.5));
#9890=DIRECTION('',(0.467767581118819,0.765437860012612,0.441925754526212));
#9891=DIRECTION('',(-1.,0.,0.));
#9892=DIRECTION('',(0.467767581118819,-0.765437860012612,-0.441925754526212));
#9893=DIRECTION('',(0.,-0.5,0.866025403784439));
#9894=DIRECTION('',(0.,-0.866025403784439,-0.5));
#9895=DIRECTION('',(1.,0.,0.));
#9896=DIRECTION('',(0.614748744335864,0.68305416037318,0.394361503362549));
#9897=DIRECTION('',(-1.,0.,0.));
#9898=DIRECTION('',(0.614748744335864,-0.68305416037318,-0.394361503362549));
#9899=DIRECTION('',(0.,-0.5,0.866025403784439));
#9900=DIRECTION('',(0.,-0.866025403784439,-0.5));
#9901=DIRECTION('',(0.46776758111882,0.765437860012611,0.441925754526212));
#9902=DIRECTION('',(-1.,0.,0.));
#9903=DIRECTION('',(0.467767581118819,-0.765437860012612,-0.441925754526212));
#9904=DIRECTION('',(0.,-0.5,0.866025403784439));
#9905=DIRECTION('',(0.,-0.866025403784439,-0.5));
#9906=DIRECTION('',(1.,0.,0.));
#9907=DIRECTION('',(0.614748744335862,0.683054160373181,0.39436150336255));
#9908=DIRECTION('',(-1.,0.,0.));
#9909=DIRECTION('',(0.614748744335863,-0.68305416037318,-0.394361503362549));
#9910=DIRECTION('',(0.,-0.5,0.866025403784439));
#9911=DIRECTION('',(0.,-0.866025403784439,-0.5));
#9912=DIRECTION('',(0.46776758111882,0.765437860012611,0.441925754526212));
#9913=DIRECTION('',(-1.,0.,0.));
#9914=DIRECTION('',(0.467767581118819,-0.765437860012612,-0.441925754526213));
#9915=DIRECTION('',(0.,-0.5,0.866025403784439));
#9916=DIRECTION('',(0.,-0.866025403784439,-0.5));
#9917=DIRECTION('',(1.,0.,0.));
#9918=DIRECTION('',(0.614748744335863,0.68305416037318,0.394361503362549));
#9919=DIRECTION('',(-1.,0.,0.));
#9920=DIRECTION('',(0.614748744335863,-0.68305416037318,-0.394361503362549));
#9921=DIRECTION('',(0.,-0.5,0.866025403784439));
#9922=DIRECTION('',(0.,-0.866025403784439,-0.5));
#9923=DIRECTION('',(0.46776758111882,0.765437860012611,0.441925754526212));
#9924=DIRECTION('',(-1.,0.,0.));
#9925=DIRECTION('',(0.467767581118819,-0.765437860012612,-0.441925754526213));
#9926=DIRECTION('',(0.,-0.5,0.866025403784439));
#9927=DIRECTION('',(0.,-0.866025403784439,-0.5));
#9928=DIRECTION('',(1.,0.,0.));
#9929=DIRECTION('',(0.614748744335863,0.68305416037318,0.394361503362549));
#9930=DIRECTION('',(-1.,0.,0.));
#9931=DIRECTION('',(0.614748744335863,-0.68305416037318,-0.394361503362549));
#9932=DIRECTION('',(0.,-0.5,0.866025403784439));
#9933=DIRECTION('',(0.,-0.866025403784439,-0.5));
#9934=DIRECTION('',(0.467767581118821,0.765437860012611,0.441925754526212));
#9935=DIRECTION('',(-1.,0.,0.));
#9936=DIRECTION('',(0.467767581118819,-0.765437860012612,-0.441925754526213));
#9937=DIRECTION('',(0.,-0.5,0.866025403784439));
#9938=DIRECTION('',(0.,-0.866025403784439,-0.5));
#9939=DIRECTION('',(1.,0.,0.));
#9940=DIRECTION('',(0.614748744335863,0.68305416037318,0.394361503362549));
#9941=DIRECTION('',(-1.,0.,0.));
#9942=DIRECTION('',(0.614748744335862,-0.683054160373181,-0.39436150336255));
#9943=DIRECTION('',(0.,-0.5,0.866025403784439));
#9944=DIRECTION('',(0.,-0.866025403784439,-0.5));
#9945=DIRECTION('',(0.46776758111882,0.765437860012611,0.441925754526212));
#9946=DIRECTION('',(-1.,0.,0.));
#9947=DIRECTION('',(0.467767581118819,-0.765437860012612,-0.441925754526213));
#9948=DIRECTION('',(0.,-0.5,0.866025403784439));
#9949=DIRECTION('',(0.,-0.866025403784439,-0.5));
#9950=DIRECTION('',(1.,0.,0.));
#9951=DIRECTION('',(0.614748744335864,0.68305416037318,0.394361503362549));
#9952=DIRECTION('',(-1.,0.,0.));
#9953=DIRECTION('',(0.614748744335864,-0.68305416037318,-0.394361503362549));
#9954=DIRECTION('',(0.,-0.5,0.866025403784439));
#9955=DIRECTION('',(0.,-0.866025403784439,-0.5));
#9956=DIRECTION('',(0.467767581118821,0.765437860012611,0.441925754526212));
#9957=DIRECTION('',(-1.,0.,0.));
#9958=DIRECTION('',(0.467767581118819,-0.765437860012612,-0.441925754526213));
#9959=DIRECTION('',(0.,-0.5,0.866025403784439));
#9960=DIRECTION('',(0.,-0.866025403784439,-0.5));
#9961=DIRECTION('',(1.,0.,0.));
#9962=DIRECTION('',(0.614748744335864,0.68305416037318,0.394361503362549));
#9963=DIRECTION('',(-1.,0.,0.));
#9964=DIRECTION('',(0.614748744335864,-0.68305416037318,-0.394361503362549));
#9965=DIRECTION('',(0.,-0.5,0.866025403784439));
#9966=DIRECTION('',(0.,-0.866025403784439,-0.5));
#9967=DIRECTION('',(0.467767581118818,0.765437860012612,0.441925754526213));
#9968=DIRECTION('',(-1.,0.,0.));
#9969=DIRECTION('',(0.,-0.866025403784439,-0.5));
#9970=DIRECTION('',(1.,0.,0.));
#9971=DIRECTION('',(0.,0.,-1.));
#9972=DIRECTION('',(0.,0.,1.));
#9973=DIRECTION('',(0.,0.,-1.));
#9974=DIRECTION('',(0.,0.,1.));
#9975=DIRECTION('',(1.,0.,0.));
#9976=DIRECTION('',(0.,-1.,0.));
#9977=DIRECTION('',(1.,0.,0.));
#9978=DIRECTION('',(0.,-1.,0.));
#9979=DIRECTION('',(-1.,0.,0.));
#9980=DIRECTION('',(-1.,0.,0.));
#9981=DIRECTION('',(0.,0.,1.));
#9982=DIRECTION('',(0.,0.,1.));
#9983=DIRECTION('',(0.,-1.,0.));
#9984=DIRECTION('',(0.,0.,-1.));
#9985=DIRECTION('',(0.,0.,-1.));
#9986=DIRECTION('',(-1.,0.,0.));
#9987=DIRECTION('',(-1.,0.,0.));
#9988=DIRECTION('',(0.,-1.,0.));
#9989=DIRECTION('',(1.,0.,0.));
#9990=DIRECTION('',(0.,0.,1.));
#9991=DIRECTION('',(1.,0.,0.));
#9992=DIRECTION('',(0.,-1.,0.));
#9993=DIRECTION('',(1.,0.,0.));
#9994=DIRECTION('',(0.,-1.,0.));
#9995=DIRECTION('',(-1.,0.,0.));
#9996=DIRECTION('',(-1.,0.,0.));
#9997=DIRECTION('',(0.,0.,1.));
#9998=DIRECTION('',(0.,0.,1.));
#9999=DIRECTION('',(0.,-1.,0.));
#10000=DIRECTION('',(0.,0.,-1.));
#10001=DIRECTION('',(0.,0.,-1.));
#10002=DIRECTION('',(-1.,0.,0.));
#10003=DIRECTION('',(-1.,0.,0.));
#10004=DIRECTION('',(0.,-1.,0.));
#10005=DIRECTION('',(1.,0.,0.));
#10006=DIRECTION('',(0.,0.,1.));
#10007=DIRECTION('',(1.,0.,0.));
#10008=DIRECTION('',(0.,-1.,0.));
#10009=DIRECTION('',(1.,0.,0.));
#10010=DIRECTION('',(0.,-1.,0.));
#10011=DIRECTION('',(-1.,0.,0.));
#10012=DIRECTION('',(-1.,0.,0.));
#10013=DIRECTION('',(0.,0.,1.));
#10014=DIRECTION('',(0.,0.,1.));
#10015=DIRECTION('',(0.,-1.,0.));
#10016=DIRECTION('',(0.,0.,-1.));
#10017=DIRECTION('',(0.,0.,-1.));
#10018=DIRECTION('',(-1.,0.,0.));
#10019=DIRECTION('',(-1.,0.,0.));
#10020=DIRECTION('',(0.,-1.,0.));
#10021=DIRECTION('',(1.,0.,0.));
#10022=DIRECTION('',(0.,0.,1.));
#10023=DIRECTION('',(1.,0.,0.));
#10024=DIRECTION('',(0.,-1.,0.));
#10025=DIRECTION('',(1.,0.,0.));
#10026=DIRECTION('',(0.,-1.,0.));
#10027=DIRECTION('',(-1.,0.,0.));
#10028=DIRECTION('',(-1.,0.,0.));
#10029=DIRECTION('',(0.,0.,1.));
#10030=DIRECTION('',(0.,0.,1.));
#10031=DIRECTION('',(0.,-1.,0.));
#10032=DIRECTION('',(0.,0.,-1.));
#10033=DIRECTION('',(0.,0.,-1.));
#10034=DIRECTION('',(-1.,0.,0.));
#10035=DIRECTION('',(-1.,0.,0.));
#10036=DIRECTION('',(0.,-1.,0.));
#10037=DIRECTION('',(1.,0.,0.));
#10038=DIRECTION('',(0.,0.,1.));
#10039=DIRECTION('',(1.,0.,0.));
#10040=DIRECTION('',(0.,-1.,0.));
#10041=DIRECTION('',(1.,0.,0.));
#10042=DIRECTION('',(0.,-1.,0.));
#10043=DIRECTION('',(-1.,0.,0.));
#10044=DIRECTION('',(-1.,0.,0.));
#10045=DIRECTION('',(0.,0.,1.));
#10046=DIRECTION('',(0.,0.,1.));
#10047=DIRECTION('',(0.,-1.,0.));
#10048=DIRECTION('',(0.,0.,-1.));
#10049=DIRECTION('',(0.,0.,-1.));
#10050=DIRECTION('',(-1.,0.,0.));
#10051=DIRECTION('',(-1.,0.,0.));
#10052=DIRECTION('',(0.,-1.,0.));
#10053=DIRECTION('',(1.,0.,0.));
#10054=DIRECTION('',(0.,0.,1.));
#10055=DIRECTION('',(1.,0.,0.));
#10056=DIRECTION('',(0.,-1.,0.));
#10057=DIRECTION('',(1.,0.,0.));
#10058=DIRECTION('',(0.,-1.,0.));
#10059=DIRECTION('',(-1.,0.,0.));
#10060=DIRECTION('',(-1.,0.,0.));
#10061=DIRECTION('',(0.,0.,1.));
#10062=DIRECTION('',(0.,0.,1.));
#10063=DIRECTION('',(0.,-1.,0.));
#10064=DIRECTION('',(0.,0.,-1.));
#10065=DIRECTION('',(0.,0.,-1.));
#10066=DIRECTION('',(-1.,0.,0.));
#10067=DIRECTION('',(-1.,0.,0.));
#10068=DIRECTION('',(0.,-1.,0.));
#10069=DIRECTION('',(1.,0.,0.));
#10070=DIRECTION('',(0.,0.,1.));
#10071=DIRECTION('',(1.,0.,0.));
#10072=DIRECTION('',(0.,-1.,0.));
#10073=DIRECTION('',(1.,0.,0.));
#10074=DIRECTION('',(0.,-1.,0.));
#10075=DIRECTION('',(-1.,0.,0.));
#10076=DIRECTION('',(-1.,0.,0.));
#10077=DIRECTION('',(0.,0.,1.));
#10078=DIRECTION('',(0.,0.,1.));
#10079=DIRECTION('',(0.,-1.,0.));
#10080=DIRECTION('',(0.,0.,-1.));
#10081=DIRECTION('',(0.,0.,-1.));
#10082=DIRECTION('',(-1.,0.,0.));
#10083=DIRECTION('',(-1.,0.,0.));
#10084=DIRECTION('',(0.,-1.,0.));
#10085=DIRECTION('',(1.,0.,0.));
#10086=DIRECTION('',(0.,0.,1.));
#10087=DIRECTION('',(1.,0.,0.));
#10088=DIRECTION('',(0.,-1.,0.));
#10089=DIRECTION('',(1.,0.,0.));
#10090=DIRECTION('',(0.,-1.,0.));
#10091=DIRECTION('',(-1.,0.,0.));
#10092=DIRECTION('',(-1.,0.,0.));
#10093=DIRECTION('',(0.,0.,1.));
#10094=DIRECTION('',(0.,0.,1.));
#10095=DIRECTION('',(0.,-1.,0.));
#10096=DIRECTION('',(0.,0.,-1.));
#10097=DIRECTION('',(0.,0.,-1.));
#10098=DIRECTION('',(-1.,0.,0.));
#10099=DIRECTION('',(-1.,0.,0.));
#10100=DIRECTION('',(0.,-1.,0.));
#10101=DIRECTION('',(1.,0.,0.));
#10102=DIRECTION('',(1.,0.,0.));
#10103=DIRECTION('',(0.,0.,-1.));
#10104=DIRECTION('',(0.,0.,-1.));
#10105=DIRECTION('',(0.,0.,1.));
#10106=DIRECTION('',(1.,0.,0.));
#10107=DIRECTION('',(0.,0.,-1.));
#10108=DIRECTION('',(0.,0.,-1.));
#10109=DIRECTION('',(0.,0.,1.));
#10110=DIRECTION('',(1.,0.,0.));
#10111=DIRECTION('',(0.,0.,-1.));
#10112=DIRECTION('',(0.,0.,-1.));
#10113=DIRECTION('',(0.,0.,1.));
#10114=DIRECTION('',(1.,0.,0.));
#10115=DIRECTION('',(0.,0.,-1.));
#10116=DIRECTION('',(0.,0.,-1.));
#10117=DIRECTION('',(0.,0.,1.));
#10118=DIRECTION('',(1.,0.,0.));
#10119=DIRECTION('',(0.,0.,-1.));
#10120=DIRECTION('',(0.,0.,-1.));
#10121=DIRECTION('',(0.,0.,1.));
#10122=DIRECTION('',(1.,0.,0.));
#10123=DIRECTION('',(0.,0.,-1.));
#10124=DIRECTION('',(0.,0.,-1.));
#10125=DIRECTION('',(0.,0.,1.));
#10126=DIRECTION('',(1.,0.,0.));
#10127=DIRECTION('',(0.,0.,-1.));
#10128=DIRECTION('',(0.,0.,-1.));
#10129=DIRECTION('',(0.,0.,1.));
#10130=DIRECTION('',(1.,0.,0.));
#10131=DIRECTION('',(0.,0.,-1.));
#10132=DIRECTION('',(0.,0.,-1.));
#10133=DIRECTION('',(0.,0.,1.));
#10134=DIRECTION('',(-1.,0.,0.));
#10135=DIRECTION('',(0.,0.,1.));
#10136=DIRECTION('',(0.,0.,1.));
#10137=DIRECTION('',(0.,0.,-1.));
#10138=DIRECTION('',(0.,1.,0.));
#10139=DIRECTION('',(0.,0.,1.));
#10140=DIRECTION('',(1.,0.,0.));
#10141=DIRECTION('',(0.,0.,-1.));
#10142=DIRECTION('',(1.,0.,0.));
#10143=DIRECTION('',(0.,0.,-1.));
#10144=DIRECTION('',(1.,0.,0.));
#10145=DIRECTION('',(0.,0.,-1.));
#10146=DIRECTION('',(1.,0.,0.));
#10147=DIRECTION('',(0.,0.,-1.));
#10148=DIRECTION('',(1.,0.,0.));
#10149=DIRECTION('',(0.,0.,-1.));
#10150=DIRECTION('',(1.,0.,0.));
#10151=DIRECTION('',(0.,0.,-1.));
#10152=DIRECTION('',(1.,0.,0.));
#10153=DIRECTION('',(0.,0.,-1.));
#10154=DIRECTION('',(1.,0.,0.));
#10155=DIRECTION('',(0.,0.,-1.));
#10156=DIRECTION('',(1.,0.,0.));
#10157=DIRECTION('',(0.,0.,-1.));
#10158=DIRECTION('',(1.,0.,0.));
#10159=DIRECTION('',(0.,0.,-1.));
#10160=DIRECTION('',(1.,0.,0.));
#10161=DIRECTION('',(0.,0.,-1.));
#10162=DIRECTION('',(1.,0.,0.));
#10163=DIRECTION('',(0.,0.,1.));
#10164=DIRECTION('',(1.,0.,0.));
#10165=DIRECTION('',(0.,0.,-1.));
#10166=DIRECTION('',(1.,0.,0.));
#10167=DIRECTION('',(0.,0.,-1.));
#10168=DIRECTION('',(0.,-1.,0.));
#10169=DIRECTION('',(0.,0.,-1.));
#10170=DIRECTION('',(0.,0.,-1.));
#10171=DIRECTION('',(0.,0.,-1.));
#10172=DIRECTION('',(0.,0.,-1.));
#10173=DIRECTION('',(0.,0.,-1.));
#10174=DIRECTION('',(0.,0.,-1.));
#10175=DIRECTION('',(0.,0.,-1.));
#10176=DIRECTION('',(0.,0.,-1.));
#10177=DIRECTION('',(0.,0.,-1.));
#10178=DIRECTION('',(0.,0.,-1.));
#10179=DIRECTION('',(0.,0.,-1.));
#10180=DIRECTION('',(0.,0.,-1.));
#10181=DIRECTION('',(0.,0.,-1.));
#10182=DIRECTION('',(0.,0.,-1.));
#10183=DIRECTION('',(0.,0.,-1.));
#10184=DIRECTION('',(0.,0.,-1.));
#10185=DIRECTION('',(0.,0.,-1.));
#10186=DIRECTION('',(0.,0.,-1.));
#10187=DIRECTION('',(0.,0.,-1.));
#10188=DIRECTION('',(0.,0.,-1.));
#10189=DIRECTION('',(0.,0.,-1.));
#10190=DIRECTION('',(0.,0.,-1.));
#10191=DIRECTION('',(0.,0.,-1.));
#10192=DIRECTION('',(0.,0.,-1.));
#10193=DIRECTION('',(0.,0.,-1.));
#10194=DIRECTION('',(0.,0.,-1.));
#10195=DIRECTION('',(0.,0.,-1.));
#10196=DIRECTION('',(0.,0.,-1.));
#10197=DIRECTION('',(0.,0.,-1.));
#10198=DIRECTION('',(0.,0.,-1.));
#10199=DIRECTION('',(0.,0.,-1.));
#10200=DIRECTION('',(0.,0.,-1.));
#10201=DIRECTION('',(0.,0.,-1.));
#10202=DIRECTION('',(0.,0.,-1.));
#10203=DIRECTION('',(0.,0.,-1.));
#10204=DIRECTION('',(0.,0.,-1.));
#10205=DIRECTION('',(0.,0.,-1.));
#10206=DIRECTION('',(0.,0.,-1.));
#10207=DIRECTION('',(0.,0.,-1.));
#10208=DIRECTION('',(0.,0.,-1.));
#10209=DIRECTION('',(0.,0.,-1.));
#10210=DIRECTION('',(0.,0.,-1.));
#10211=DIRECTION('',(0.,0.,-1.));
#10212=DIRECTION('',(0.,0.,-1.));
#10213=DIRECTION('',(0.,0.,-1.));
#10214=DIRECTION('',(0.,0.,-1.));
#10215=DIRECTION('',(0.,0.,-1.));
#10216=DIRECTION('',(0.,0.,-1.));
#10217=DIRECTION('',(0.,0.,-1.));
#10218=DIRECTION('',(0.,0.,-1.));
#10219=DIRECTION('',(0.,0.,-1.));
#10220=DIRECTION('',(0.,0.,-1.));
#10221=DIRECTION('',(0.,0.,-1.));
#10222=DIRECTION('',(0.,0.,-1.));
#10223=DIRECTION('',(0.,0.,-1.));
#10224=DIRECTION('',(0.,0.,-1.));
#10225=DIRECTION('',(0.,0.,-1.));
#10226=DIRECTION('',(0.,0.,-1.));
#10227=DIRECTION('',(0.,0.,-1.));
#10228=DIRECTION('',(0.,0.,-1.));
#10229=DIRECTION('',(0.,0.,-1.));
#10230=DIRECTION('',(0.,0.,-1.));
#10231=DIRECTION('',(0.,0.,-1.));
#10232=DIRECTION('',(0.,0.,-1.));
#10233=DIRECTION('',(0.,0.,-1.));
#10234=DIRECTION('',(0.853281833651959,-0.521450009453974,0.));
#10235=DIRECTION('',(0.521450009453974,0.85328183365196,0.));
#10236=DIRECTION('',(-0.743294146247165,-0.668964731622451,0.));
#10237=DIRECTION('',(0.668964731622451,-0.743294146247165,0.));
#10238=DIRECTION('',(0.,0.,-1.));
#10239=DIRECTION('',(0.,-1.,0.));
#10240=DIRECTION('',(0.,0.,-1.));
#10241=DIRECTION('',(0.,0.,-1.));
#10242=DIRECTION('',(0.743294146247165,-0.668964731622451,0.));
#10243=DIRECTION('',(0.668964731622451,0.743294146247165,0.));
#10244=DIRECTION('',(-0.853281833651959,-0.521450009453975,0.));
#10245=DIRECTION('',(0.521450009453975,-0.853281833651959,0.));
#10246=DIRECTION('',(0.853281833651958,-0.521450009453977,0.));
#10247=DIRECTION('',(0.521450009453977,0.853281833651958,0.));
#10248=DIRECTION('',(-0.743294146247165,-0.668964731622451,0.));
#10249=DIRECTION('',(0.668964731622451,-0.743294146247165,0.));
#10250=DIRECTION('',(0.,0.,-1.));
#10251=DIRECTION('',(0.,-1.,0.));
#10252=DIRECTION('',(0.,0.,-1.));
#10253=DIRECTION('',(0.,0.,-1.));
#10254=DIRECTION('',(0.743294146247165,-0.668964731622451,0.));
#10255=DIRECTION('',(0.668964731622451,0.743294146247165,0.));
#10256=DIRECTION('',(-0.853281833651959,-0.521450009453975,0.));
#10257=DIRECTION('',(0.521450009453975,-0.853281833651959,0.));
#10258=DIRECTION('',(0.853281833651958,-0.521450009453977,0.));
#10259=DIRECTION('',(0.521450009453977,0.853281833651958,0.));
#10260=DIRECTION('',(-0.743294146247167,-0.668964731622449,0.));
#10261=DIRECTION('',(0.668964731622449,-0.743294146247167,0.));
#10262=DIRECTION('',(0.,0.,-1.));
#10263=DIRECTION('',(0.,-1.,0.));
#10264=DIRECTION('',(0.,0.,-1.));
#10265=DIRECTION('',(0.,0.,-1.));
#10266=DIRECTION('',(0.743294146247166,-0.66896473162245,0.));
#10267=DIRECTION('',(0.66896473162245,0.743294146247166,0.));
#10268=DIRECTION('',(-0.853281833651959,-0.521450009453975,0.));
#10269=DIRECTION('',(0.521450009453976,-0.853281833651959,0.));
#10270=DIRECTION('',(0.853281833651958,-0.521450009453977,0.));
#10271=DIRECTION('',(0.521450009453977,0.853281833651958,0.));
#10272=DIRECTION('',(-0.743294146247166,-0.66896473162245,0.));
#10273=DIRECTION('',(0.66896473162245,-0.743294146247166,0.));
#10274=DIRECTION('',(0.,0.,-1.));
#10275=DIRECTION('',(0.,-1.,0.));
#10276=DIRECTION('',(0.,0.,-1.));
#10277=DIRECTION('',(0.,0.,-1.));
#10278=DIRECTION('',(0.743294146247166,-0.66896473162245,0.));
#10279=DIRECTION('',(0.66896473162245,0.743294146247166,0.));
#10280=DIRECTION('',(-0.853281833651959,-0.521450009453975,0.));
#10281=DIRECTION('',(0.521450009453976,-0.853281833651959,0.));
#10282=DIRECTION('',(0.853281833651958,-0.521450009453977,0.));
#10283=DIRECTION('',(0.521450009453977,0.853281833651958,0.));
#10284=DIRECTION('',(-0.743294146247166,-0.66896473162245,0.));
#10285=DIRECTION('',(0.66896473162245,-0.743294146247166,0.));
#10286=DIRECTION('',(0.,0.,-1.));
#10287=DIRECTION('',(0.,-1.,0.));
#10288=DIRECTION('',(0.,0.,-1.));
#10289=DIRECTION('',(0.,0.,-1.));
#10290=DIRECTION('',(0.743294146247166,-0.66896473162245,0.));
#10291=DIRECTION('',(0.66896473162245,0.743294146247166,0.));
#10292=DIRECTION('',(-0.853281833651959,-0.521450009453975,0.));
#10293=DIRECTION('',(0.521450009453976,-0.853281833651959,0.));
#10294=DIRECTION('',(0.853281833651958,-0.521450009453977,0.));
#10295=DIRECTION('',(0.521450009453977,0.853281833651958,0.));
#10296=DIRECTION('',(-0.743294146247166,-0.66896473162245,0.));
#10297=DIRECTION('',(0.66896473162245,-0.743294146247166,0.));
#10298=DIRECTION('',(0.,0.,-1.));
#10299=DIRECTION('',(0.,-1.,0.));
#10300=DIRECTION('',(0.,0.,-1.));
#10301=DIRECTION('',(0.,0.,-1.));
#10302=DIRECTION('',(0.743294146247167,-0.668964731622449,0.));
#10303=DIRECTION('',(0.668964731622449,0.743294146247167,0.));
#10304=DIRECTION('',(-0.853281833651959,-0.521450009453976,0.));
#10305=DIRECTION('',(0.521450009453976,-0.853281833651958,0.));
#10306=DIRECTION('',(0.853281833651958,-0.521450009453977,0.));
#10307=DIRECTION('',(0.521450009453977,0.853281833651958,0.));
#10308=DIRECTION('',(-0.743294146247165,-0.668964731622451,0.));
#10309=DIRECTION('',(0.668964731622451,-0.743294146247165,0.));
#10310=DIRECTION('',(0.,0.,-1.));
#10311=DIRECTION('',(0.,-1.,0.));
#10312=DIRECTION('',(0.,0.,-1.));
#10313=DIRECTION('',(0.,0.,-1.));
#10314=DIRECTION('',(0.743294146247165,-0.668964731622451,0.));
#10315=DIRECTION('',(0.668964731622451,0.743294146247165,0.));
#10316=DIRECTION('',(-0.853281833651959,-0.521450009453976,0.));
#10317=DIRECTION('',(0.521450009453976,-0.853281833651958,0.));
#10318=DIRECTION('',(0.853281833651959,-0.521450009453976,0.));
#10319=DIRECTION('',(0.521450009453976,0.853281833651959,0.));
#10320=DIRECTION('',(-0.743294146247165,-0.668964731622451,0.));
#10321=DIRECTION('',(0.668964731622451,-0.743294146247165,0.));
#10322=DIRECTION('',(0.,0.,-1.));
#10323=DIRECTION('',(0.,-1.,0.));
#10324=DIRECTION('',(0.,0.,-1.));
#10325=DIRECTION('',(0.,0.,-1.));
#10326=DIRECTION('',(0.743294146247165,-0.668964731622451,0.));
#10327=DIRECTION('',(0.668964731622451,0.743294146247165,0.));
#10328=DIRECTION('',(-0.853281833651958,-0.521450009453977,0.));
#10329=DIRECTION('',(0.521450009453977,-0.853281833651958,0.));
#10330=DIRECTION('',(0.853281833651959,-0.521450009453974,0.));
#10331=DIRECTION('',(0.521450009453974,0.85328183365196,0.));
#10332=DIRECTION('',(-0.743294146247165,-0.668964731622451,0.));
#10333=DIRECTION('',(0.668964731622451,-0.743294146247165,0.));
#10334=DIRECTION('',(0.,0.,-1.));
#10335=DIRECTION('',(0.,-1.,0.));
#10336=DIRECTION('',(0.,0.,-1.));
#10337=DIRECTION('',(0.,0.,-1.));
#10338=DIRECTION('',(0.743294146247165,-0.668964731622451,0.));
#10339=DIRECTION('',(0.668964731622451,0.743294146247165,0.));
#10340=DIRECTION('',(-0.853281833651959,-0.521450009453975,0.));
#10341=DIRECTION('',(0.521450009453975,-0.853281833651959,0.));
#10342=DIRECTION('',(0.853281833651958,-0.521450009453977,0.));
#10343=DIRECTION('',(0.521450009453977,0.853281833651958,0.));
#10344=DIRECTION('',(-0.743294146247165,-0.668964731622451,0.));
#10345=DIRECTION('',(0.668964731622451,-0.743294146247165,0.));
#10346=DIRECTION('',(0.,0.,-1.));
#10347=DIRECTION('',(0.,-1.,0.));
#10348=DIRECTION('',(0.,0.,-1.));
#10349=DIRECTION('',(0.,0.,-1.));
#10350=DIRECTION('',(0.743294146247165,-0.668964731622451,0.));
#10351=DIRECTION('',(0.668964731622451,0.743294146247165,0.));
#10352=DIRECTION('',(-0.853281833651959,-0.521450009453975,0.));
#10353=DIRECTION('',(0.521450009453975,-0.853281833651959,0.));
#10354=DIRECTION('',(0.853281833651958,-0.521450009453977,0.));
#10355=DIRECTION('',(0.521450009453977,0.853281833651958,0.));
#10356=DIRECTION('',(-0.743294146247167,-0.668964731622449,0.));
#10357=DIRECTION('',(0.668964731622449,-0.743294146247167,0.));
#10358=DIRECTION('',(0.,0.,-1.));
#10359=DIRECTION('',(0.,-1.,0.));
#10360=DIRECTION('',(0.,0.,-1.));
#10361=DIRECTION('',(0.,0.,-1.));
#10362=DIRECTION('',(0.743294146247166,-0.66896473162245,0.));
#10363=DIRECTION('',(0.66896473162245,0.743294146247166,0.));
#10364=DIRECTION('',(-0.853281833651959,-0.521450009453975,0.));
#10365=DIRECTION('',(0.521450009453976,-0.853281833651959,0.));
#10366=DIRECTION('',(0.853281833651958,-0.521450009453977,0.));
#10367=DIRECTION('',(0.521450009453977,0.853281833651958,0.));
#10368=DIRECTION('',(-0.743294146247166,-0.66896473162245,0.));
#10369=DIRECTION('',(0.66896473162245,-0.743294146247166,0.));
#10370=DIRECTION('',(0.,0.,-1.));
#10371=DIRECTION('',(0.,-1.,0.));
#10372=DIRECTION('',(0.,0.,-1.));
#10373=DIRECTION('',(0.,0.,-1.));
#10374=DIRECTION('',(0.743294146247166,-0.66896473162245,0.));
#10375=DIRECTION('',(0.66896473162245,0.743294146247166,0.));
#10376=DIRECTION('',(-0.853281833651959,-0.521450009453975,0.));
#10377=DIRECTION('',(0.521450009453976,-0.853281833651959,0.));
#10378=DIRECTION('',(0.853281833651958,-0.521450009453977,0.));
#10379=DIRECTION('',(0.521450009453977,0.853281833651958,0.));
#10380=DIRECTION('',(-0.743294146247166,-0.66896473162245,0.));
#10381=DIRECTION('',(0.66896473162245,-0.743294146247166,0.));
#10382=DIRECTION('',(0.,0.,-1.));
#10383=DIRECTION('',(0.,-1.,0.));
#10384=DIRECTION('',(0.,0.,-1.));
#10385=DIRECTION('',(0.,0.,-1.));
#10386=DIRECTION('',(0.743294146247166,-0.66896473162245,0.));
#10387=DIRECTION('',(0.66896473162245,0.743294146247166,0.));
#10388=DIRECTION('',(-0.853281833651959,-0.521450009453975,0.));
#10389=DIRECTION('',(0.521450009453976,-0.853281833651959,0.));
#10390=DIRECTION('',(0.853281833651958,-0.521450009453977,0.));
#10391=DIRECTION('',(0.521450009453977,0.853281833651958,0.));
#10392=DIRECTION('',(-0.743294146247166,-0.66896473162245,0.));
#10393=DIRECTION('',(0.66896473162245,-0.743294146247166,0.));
#10394=DIRECTION('',(0.,0.,-1.));
#10395=DIRECTION('',(0.,-1.,0.));
#10396=DIRECTION('',(0.,0.,-1.));
#10397=DIRECTION('',(0.,0.,-1.));
#10398=DIRECTION('',(0.743294146247167,-0.668964731622449,0.));
#10399=DIRECTION('',(0.668964731622449,0.743294146247167,0.));
#10400=DIRECTION('',(-0.853281833651959,-0.521450009453976,0.));
#10401=DIRECTION('',(0.521450009453976,-0.853281833651958,0.));
#10402=DIRECTION('',(0.853281833651958,-0.521450009453977,0.));
#10403=DIRECTION('',(0.521450009453977,0.853281833651958,0.));
#10404=DIRECTION('',(-0.743294146247165,-0.668964731622451,0.));
#10405=DIRECTION('',(0.668964731622451,-0.743294146247165,0.));
#10406=DIRECTION('',(0.,0.,-1.));
#10407=DIRECTION('',(0.,-1.,0.));
#10408=DIRECTION('',(0.,0.,-1.));
#10409=DIRECTION('',(0.,0.,-1.));
#10410=DIRECTION('',(0.743294146247165,-0.668964731622451,0.));
#10411=DIRECTION('',(0.668964731622451,0.743294146247165,0.));
#10412=DIRECTION('',(-0.853281833651959,-0.521450009453976,0.));
#10413=DIRECTION('',(0.521450009453976,-0.853281833651958,0.));
#10414=DIRECTION('',(-0.853281833651958,-0.521450009453977,0.));
#10415=DIRECTION('',(0.521450009453977,-0.853281833651958,0.));
#10416=DIRECTION('',(0.743294146247165,-0.668964731622451,0.));
#10417=DIRECTION('',(0.668964731622451,0.743294146247165,0.));
#10418=DIRECTION('',(0.,0.,-1.));
#10419=DIRECTION('',(0.,-1.,0.));
#10420=DIRECTION('',(0.,0.,-1.));
#10421=DIRECTION('',(0.,0.,-1.));
#10422=DIRECTION('',(-0.743294146247165,-0.668964731622451,0.));
#10423=DIRECTION('',(0.668964731622451,-0.743294146247165,0.));
#10424=DIRECTION('',(0.853281833651959,-0.521450009453976,0.));
#10425=DIRECTION('',(0.521450009453976,0.853281833651959,0.));
#10426=DIRECTION('',(0.,1.,0.));
#10427=DIRECTION('',(0.,0.,1.));
#10428=DIRECTION('',(1.,0.,0.));
#10429=DIRECTION('',(0.,0.,-1.));
#10430=DIRECTION('',(1.,0.,0.));
#10431=DIRECTION('',(0.,0.,-1.));
#10432=DIRECTION('',(0.,0.,1.));
#10433=DIRECTION('',(1.,0.,0.));
#10434=DIRECTION('',(0.,1.,0.));
#10435=DIRECTION('',(0.,-1.,0.));
#10436=DIRECTION('',(0.,0.,1.));
#10437=DIRECTION('',(1.,0.,0.));
#10438=DIRECTION('',(0.,-1.,0.));
#10439=DIRECTION('',(0.,1.,0.));
#10440=DIRECTION('',(-1.,0.,0.));
#10441=DIRECTION('',(0.,0.,1.));
#10442=DIRECTION('',(1.,0.,0.));
#10443=DIRECTION('',(0.,0.,-1.));
#10444=DIRECTION('',(0.,1.,0.));
#10445=DIRECTION('',(0.,0.,1.));
#10446=DIRECTION('',(1.,0.,0.));
#10447=DIRECTION('',(0.,0.,-1.));
#10448=DIRECTION('',(1.,0.,0.));
#10449=DIRECTION('',(0.,0.,-1.));
#10450=DIRECTION('',(0.,0.,1.));
#10451=DIRECTION('',(1.,0.,0.));
#10452=DIRECTION('',(0.,1.,0.));
#10453=DIRECTION('',(0.,-1.,0.));
#10454=DIRECTION('',(0.,0.,1.));
#10455=DIRECTION('',(1.,0.,0.));
#10456=DIRECTION('',(0.,-1.,0.));
#10457=DIRECTION('',(0.,1.,0.));
#10458=DIRECTION('',(-1.,0.,0.));
#10459=DIRECTION('',(0.,0.,1.));
#10460=DIRECTION('',(1.,0.,0.));
#10461=DIRECTION('',(0.,0.,-1.));
#10462=DIRECTION('',(0.,1.,0.));
#10463=DIRECTION('',(0.,0.,1.));
#10464=DIRECTION('',(1.,0.,0.));
#10465=DIRECTION('',(0.,0.,-1.));
#10466=DIRECTION('',(1.,0.,0.));
#10467=DIRECTION('',(0.,0.,-1.));
#10468=DIRECTION('',(0.,0.,1.));
#10469=DIRECTION('',(1.,0.,0.));
#10470=DIRECTION('',(0.,1.,0.));
#10471=DIRECTION('',(0.,-1.,0.));
#10472=DIRECTION('',(0.,0.,1.));
#10473=DIRECTION('',(1.,0.,0.));
#10474=DIRECTION('',(0.,-1.,0.));
#10475=DIRECTION('',(0.,1.,0.));
#10476=DIRECTION('',(-1.,0.,0.));
#10477=DIRECTION('',(0.,0.,1.));
#10478=DIRECTION('',(1.,0.,0.));
#10479=DIRECTION('',(0.,0.,-1.));
#10480=DIRECTION('',(0.,1.,0.));
#10481=DIRECTION('',(0.,0.,1.));
#10482=DIRECTION('',(1.,0.,0.));
#10483=DIRECTION('',(0.,0.,-1.));
#10484=DIRECTION('',(1.,0.,0.));
#10485=DIRECTION('',(0.,0.,-1.));
#10486=DIRECTION('',(0.,0.,1.));
#10487=DIRECTION('',(1.,0.,0.));
#10488=DIRECTION('',(0.,1.,0.));
#10489=DIRECTION('',(0.,-1.,0.));
#10490=DIRECTION('',(0.,0.,1.));
#10491=DIRECTION('',(1.,0.,0.));
#10492=DIRECTION('',(0.,-1.,0.));
#10493=DIRECTION('',(0.,1.,0.));
#10494=DIRECTION('',(-1.,0.,0.));
#10495=DIRECTION('',(0.,0.,1.));
#10496=DIRECTION('',(1.,0.,0.));
#10497=DIRECTION('',(0.,0.,-1.));
#10498=DIRECTION('',(0.,1.,0.));
#10499=DIRECTION('',(0.,0.,1.));
#10500=DIRECTION('',(1.,0.,0.));
#10501=DIRECTION('',(0.,0.,-1.));
#10502=DIRECTION('',(1.,0.,0.));
#10503=DIRECTION('',(0.,0.,-1.));
#10504=DIRECTION('',(0.,0.,1.));
#10505=DIRECTION('',(1.,0.,0.));
#10506=DIRECTION('',(0.,1.,0.));
#10507=DIRECTION('',(0.,-1.,0.));
#10508=DIRECTION('',(0.,0.,1.));
#10509=DIRECTION('',(1.,0.,0.));
#10510=DIRECTION('',(0.,-1.,0.));
#10511=DIRECTION('',(0.,1.,0.));
#10512=DIRECTION('',(-1.,0.,0.));
#10513=DIRECTION('',(0.,0.,1.));
#10514=DIRECTION('',(1.,0.,0.));
#10515=DIRECTION('',(0.,0.,-1.));
#10516=DIRECTION('',(0.,1.,0.));
#10517=DIRECTION('',(0.,0.,1.));
#10518=DIRECTION('',(1.,0.,0.));
#10519=DIRECTION('',(0.,0.,-1.));
#10520=DIRECTION('',(1.,0.,0.));
#10521=DIRECTION('',(0.,0.,-1.));
#10522=DIRECTION('',(0.,0.,1.));
#10523=DIRECTION('',(1.,0.,0.));
#10524=DIRECTION('',(0.,1.,0.));
#10525=DIRECTION('',(0.,-1.,0.));
#10526=DIRECTION('',(0.,0.,1.));
#10527=DIRECTION('',(1.,0.,0.));
#10528=DIRECTION('',(0.,-1.,0.));
#10529=DIRECTION('',(0.,1.,0.));
#10530=DIRECTION('',(-1.,0.,0.));
#10531=DIRECTION('',(0.,0.,1.));
#10532=DIRECTION('',(1.,0.,0.));
#10533=DIRECTION('',(0.,0.,-1.));
#10534=DIRECTION('',(0.,0.,1.));
#10535=DIRECTION('',(1.,0.,0.));
#10536=DIRECTION('',(0.,1.,0.));
#10537=DIRECTION('',(1.,0.,0.));
#10538=DIRECTION('',(0.,-1.,0.));
#10539=DIRECTION('',(0.,0.,1.));
#10540=DIRECTION('',(1.,0.,0.));
#10541=DIRECTION('',(0.,-1.,0.));
#10542=DIRECTION('',(1.,0.,0.));
#10543=DIRECTION('',(0.,1.,0.));
#10544=DIRECTION('',(1.,0.,0.));
#10545=DIRECTION('',(0.,0.,-1.));
#10546=DIRECTION('',(0.,0.,-1.));
#10547=DIRECTION('',(0.,1.,0.));
#10548=DIRECTION('',(0.,0.,1.));
#10549=DIRECTION('',(0.,0.,-1.));
#10550=DIRECTION('',(-1.,0.,0.));
#10551=DIRECTION('',(0.,0.,1.));
#10552=DIRECTION('',(1.,0.,0.));
#10553=DIRECTION('',(0.,1.,0.));
#10554=DIRECTION('',(1.,0.,0.));
#10555=DIRECTION('',(0.,1.,0.));
#10556=DIRECTION('',(1.,0.,0.));
#10557=DIRECTION('',(0.,1.,0.));
#10558=DIRECTION('',(1.,0.,0.));
#10559=DIRECTION('',(0.,1.,0.));
#10560=DIRECTION('',(1.,0.,0.));
#10561=DIRECTION('',(0.,1.,0.));
#10562=DIRECTION('',(1.,0.,0.));
#10563=DIRECTION('',(0.,1.,0.));
#10564=DIRECTION('',(1.,0.,0.));
#10565=DIRECTION('',(0.,1.,0.));
#10566=DIRECTION('',(1.,0.,0.));
#10567=DIRECTION('',(0.,1.,0.));
#10568=DIRECTION('',(1.,0.,0.));
#10569=DIRECTION('',(0.,1.,0.));
#10570=DIRECTION('',(1.,0.,0.));
#10571=DIRECTION('',(0.,1.,0.));
#10572=DIRECTION('',(1.,0.,0.));
#10573=DIRECTION('',(0.,1.,0.));
#10574=DIRECTION('',(1.,0.,0.));
#10575=DIRECTION('',(0.,1.,0.));
#10576=DIRECTION('',(1.,0.,0.));
#10577=DIRECTION('',(0.,1.,0.));
#10578=DIRECTION('',(1.,0.,0.));
#10579=DIRECTION('',(0.,1.,0.));
#10580=DIRECTION('',(1.,0.,0.));
#10581=DIRECTION('',(0.,1.,0.));
#10582=DIRECTION('',(1.,0.,0.));
#10583=DIRECTION('',(0.,1.,0.));
#10584=DIRECTION('',(0.,0.,1.));
#10585=DIRECTION('',(1.,0.,0.));
#10586=DIRECTION('',(0.,1.,0.));
#10587=DIRECTION('',(0.,0.,1.));
#10588=DIRECTION('',(0.,0.,-1.));
#10589=DIRECTION('',(-1.,0.,0.));
#10590=DIRECTION('',(0.,0.,1.));
#10591=DIRECTION('',(-1.,0.,0.));
#10592=DIRECTION('',(0.,0.,-1.));
#10593=DIRECTION('',(-1.,0.,0.));
#10594=DIRECTION('',(0.,0.,1.));
#10595=DIRECTION('',(-1.,0.,0.));
#10596=DIRECTION('',(0.,0.,-1.));
#10597=DIRECTION('',(-1.,0.,0.));
#10598=DIRECTION('',(0.,0.,1.));
#10599=DIRECTION('',(-1.,0.,0.));
#10600=DIRECTION('',(0.,0.,-1.));
#10601=DIRECTION('',(-1.,0.,0.));
#10602=DIRECTION('',(0.,0.,1.));
#10603=DIRECTION('',(-1.,0.,0.));
#10604=DIRECTION('',(0.,0.,-1.));
#10605=DIRECTION('',(-1.,0.,0.));
#10606=DIRECTION('',(0.,0.,1.));
#10607=DIRECTION('',(-1.,0.,0.));
#10608=DIRECTION('',(0.,0.,-1.));
#10609=DIRECTION('',(-1.,0.,0.));
#10610=DIRECTION('',(0.,0.,1.));
#10611=DIRECTION('',(-1.,0.,0.));
#10612=DIRECTION('',(0.,0.,-1.));
#10613=DIRECTION('',(-1.,0.,0.));
#10614=DIRECTION('',(0.,0.,1.));
#10615=DIRECTION('',(-1.,0.,0.));
#10616=DIRECTION('',(0.,0.,-1.));
#10617=DIRECTION('',(-1.,0.,0.));
#10618=DIRECTION('',(0.,0.,1.));
#10619=DIRECTION('',(1.,0.,0.));
#10620=DIRECTION('',(0.,0.,-1.));
#10621=DIRECTION('',(-1.,0.,0.));
#10622=DIRECTION('',(0.,0.,1.));
#10623=DIRECTION('',(1.,0.,0.));
#10624=DIRECTION('',(0.,0.,-1.));
#10625=DIRECTION('',(-1.,0.,0.));
#10626=DIRECTION('',(0.,0.,1.));
#10627=DIRECTION('',(1.,0.,0.));
#10628=DIRECTION('',(0.,0.,-1.));
#10629=DIRECTION('',(-1.,0.,0.));
#10630=DIRECTION('',(0.,0.,1.));
#10631=DIRECTION('',(1.,0.,0.));
#10632=DIRECTION('',(0.,0.,-1.));
#10633=DIRECTION('',(-1.,0.,0.));
#10634=DIRECTION('',(0.,0.,1.));
#10635=DIRECTION('',(1.,0.,0.));
#10636=DIRECTION('',(0.,0.,-1.));
#10637=DIRECTION('',(-1.,0.,0.));
#10638=DIRECTION('',(0.,0.,1.));
#10639=DIRECTION('',(1.,0.,0.));
#10640=DIRECTION('',(0.,0.,-1.));
#10641=DIRECTION('',(-1.,0.,0.));
#10642=DIRECTION('',(0.,0.,1.));
#10643=DIRECTION('',(1.,0.,0.));
#10644=DIRECTION('',(0.,0.,-1.));
#10645=DIRECTION('',(-1.,0.,0.));
#10646=DIRECTION('',(0.,0.,-1.));
#10647=DIRECTION('',(-1.,0.,0.));
#10648=DIRECTION('',(0.,-1.,0.));
#10649=DIRECTION('',(0.,0.,-1.));
#10650=DIRECTION('',(0.,0.,1.));
#10651=DIRECTION('',(-1.,0.,0.));
#10652=DIRECTION('',(0.,0.,1.));
#10653=DIRECTION('',(-1.,0.,0.));
#10654=DIRECTION('',(0.,0.,1.));
#10655=DIRECTION('',(-1.,0.,0.));
#10656=DIRECTION('',(0.,0.,-1.));
#10657=DIRECTION('',(-1.,0.,0.));
#10658=DIRECTION('',(0.,0.,1.));
#10659=DIRECTION('',(-1.,0.,0.));
#10660=DIRECTION('',(0.,0.,-1.));
#10661=DIRECTION('',(-1.,0.,0.));
#10662=DIRECTION('',(0.,0.,1.));
#10663=DIRECTION('',(-1.,0.,0.));
#10664=DIRECTION('',(0.,0.,-1.));
#10665=DIRECTION('',(-1.,0.,0.));
#10666=DIRECTION('',(0.,0.,1.));
#10667=DIRECTION('',(-1.,0.,0.));
#10668=DIRECTION('',(0.,0.,-1.));
#10669=DIRECTION('',(-1.,0.,0.));
#10670=DIRECTION('',(0.,0.,1.));
#10671=DIRECTION('',(-1.,0.,0.));
#10672=DIRECTION('',(0.,0.,-1.));
#10673=DIRECTION('',(-1.,0.,0.));
#10674=DIRECTION('',(0.,0.,1.));
#10675=DIRECTION('',(-1.,0.,0.));
#10676=DIRECTION('',(0.,0.,-1.));
#10677=DIRECTION('',(-1.,0.,0.));
#10678=DIRECTION('',(0.,0.,1.));
#10679=DIRECTION('',(-1.,0.,0.));
#10680=DIRECTION('',(0.,0.,-1.));
#10681=DIRECTION('',(-1.,0.,0.));
#10682=DIRECTION('',(0.,0.,1.));
#10683=DIRECTION('',(-1.,0.,0.));
#10684=DIRECTION('',(0.,0.,-1.));
#10685=DIRECTION('',(1.,0.,0.));
#10686=DIRECTION('',(0.,0.,1.));
#10687=DIRECTION('',(-1.,0.,0.));
#10688=DIRECTION('',(0.,0.,-1.));
#10689=DIRECTION('',(1.,0.,0.));
#10690=DIRECTION('',(0.,0.,1.));
#10691=DIRECTION('',(-1.,0.,0.));
#10692=DIRECTION('',(0.,0.,-1.));
#10693=DIRECTION('',(1.,0.,0.));
#10694=DIRECTION('',(0.,0.,1.));
#10695=DIRECTION('',(-1.,0.,0.));
#10696=DIRECTION('',(0.,0.,-1.));
#10697=DIRECTION('',(1.,0.,0.));
#10698=DIRECTION('',(0.,0.,1.));
#10699=DIRECTION('',(-1.,0.,0.));
#10700=DIRECTION('',(0.,0.,-1.));
#10701=DIRECTION('',(1.,0.,0.));
#10702=DIRECTION('',(0.,0.,1.));
#10703=DIRECTION('',(-1.,0.,0.));
#10704=DIRECTION('',(0.,0.,-1.));
#10705=DIRECTION('',(1.,0.,0.));
#10706=DIRECTION('',(0.,0.,1.));
#10707=DIRECTION('',(-1.,0.,0.));
#10708=DIRECTION('',(0.,0.,-1.));
#10709=DIRECTION('',(1.,0.,0.));
#10710=DIRECTION('',(1.,0.,0.));
#10711=DIRECTION('',(0.,0.,-1.));
#10712=DIRECTION('',(1.,0.,0.));
#10713=DIRECTION('',(0.,0.,-1.));
#10714=DIRECTION('',(0.,-1.,0.));
#10715=DIRECTION('',(1.,0.,0.));
#10716=DIRECTION('',(0.,0.,-1.));
#10717=DIRECTION('',(0.,0.,-1.));
#10718=DIRECTION('',(0.,-1.,0.));
#10719=DIRECTION('',(0.,-4.97302426031116E-16,1.));
#10720=DIRECTION('',(1.,0.,0.));
#10721=DIRECTION('',(0.,0.,-1.));
#10722=DIRECTION('',(0.,1.,0.));
#10723=DIRECTION('',(1.,0.,0.));
#10724=DIRECTION('',(0.,0.,-1.));
#10725=DIRECTION('',(1.,0.,0.));
#10726=DIRECTION('',(0.,0.,-1.));
#10727=DIRECTION('',(0.,-1.,0.));
#10728=DIRECTION('',(1.,0.,0.));
#10729=DIRECTION('',(0.,0.,-1.));
#10730=DIRECTION('',(0.,4.14418688359263E-17,1.));
#10731=DIRECTION('',(0.,-1.,0.));
#10732=DIRECTION('',(0.,0.,-1.));
#10733=DIRECTION('',(1.,0.,0.));
#10734=DIRECTION('',(0.,0.,-1.));
#10735=DIRECTION('',(0.,1.,0.));
#10736=DIRECTION('',(1.,0.,0.));
#10737=DIRECTION('',(0.,0.,-1.));
#10738=DIRECTION('',(1.,0.,0.));
#10739=DIRECTION('',(0.,0.,-1.));
#10740=DIRECTION('',(0.,-1.,0.));
#10741=DIRECTION('',(0.,0.,-1.));
#10742=DIRECTION('',(1.,0.,0.));
#10743=DIRECTION('',(0.,0.,-1.));
#10744=DIRECTION('',(0.,-1.,0.));
#10745=DIRECTION('',(1.,0.,0.));
#10746=DIRECTION('',(0.,0.,-1.));
#10747=DIRECTION('',(1.,0.,0.));
#10748=DIRECTION('',(0.,0.,-1.));
#10749=DIRECTION('',(0.,1.,0.));
#10750=DIRECTION('',(1.,0.,0.));
#10751=DIRECTION('',(0.,0.,-1.));
#10752=DIRECTION('',(0.,0.,-1.));
#10753=DIRECTION('',(0.,-1.,0.));
#10754=DIRECTION('',(0.,4.14418688359263E-17,1.));
#10755=DIRECTION('',(1.,0.,0.));
#10756=DIRECTION('',(0.,0.,-1.));
#10757=DIRECTION('',(0.,-1.,0.));
#10758=DIRECTION('',(1.,0.,0.));
#10759=DIRECTION('',(0.,0.,-1.));
#10760=DIRECTION('',(1.,0.,0.));
#10761=DIRECTION('',(0.,0.,-1.));
#10762=DIRECTION('',(0.,1.,0.));
#10763=DIRECTION('',(1.,0.,0.));
#10764=DIRECTION('',(0.,0.,-1.));
#10765=DIRECTION('',(0.,-4.97302426031116E-16,1.));
#10766=DIRECTION('',(-1.,0.,0.));
#10767=DIRECTION('',(0.,0.,1.));
#10768=DIRECTION('',(-1.,0.,0.));
#10769=DIRECTION('',(1.,0.,0.));
#10770=DIRECTION('',(0.,0.,-1.));
#10771=DIRECTION('',(-1.,0.,0.));
#10772=DIRECTION('',(0.,0.,1.));
#10773=DIRECTION('',(-1.,0.,0.));
#10774=DIRECTION('',(0.,0.,1.));
#10775=DIRECTION('',(-1.,0.,0.));
#10776=DIRECTION('',(1.,0.,0.));
#10777=DIRECTION('',(0.,0.,-1.));
#10778=DIRECTION('',(-1.,0.,0.));
#10779=DIRECTION('',(0.,0.,1.));
#10780=DIRECTION('',(-1.,0.,0.));
#10781=DIRECTION('',(0.,0.,1.));
#10782=DIRECTION('',(-1.,0.,0.));
#10783=DIRECTION('',(1.,0.,0.));
#10784=DIRECTION('',(0.,0.,-1.));
#10785=DIRECTION('',(-1.,0.,0.));
#10786=DIRECTION('',(0.,0.,1.));
#10787=DIRECTION('',(-1.,0.,0.));
#10788=DIRECTION('',(0.,0.,1.));
#10789=DIRECTION('',(-1.,0.,0.));
#10790=DIRECTION('',(1.,0.,0.));
#10791=DIRECTION('',(0.,0.,-1.));
#10792=DIRECTION('',(-1.,0.,0.));
#10793=DIRECTION('',(0.,0.,1.));
#10794=DIRECTION('',(-1.,0.,0.));
#10795=DIRECTION('',(0.,0.,1.));
#10796=DIRECTION('',(-1.,0.,0.));
#10797=DIRECTION('',(1.,0.,0.));
#10798=DIRECTION('',(0.,0.,-1.));
#10799=DIRECTION('',(-1.,0.,0.));
#10800=DIRECTION('',(0.,0.,1.));
#10801=DIRECTION('',(-1.,0.,0.));
#10802=DIRECTION('',(0.,0.,1.));
#10803=DIRECTION('',(-1.,0.,0.));
#10804=DIRECTION('',(1.,0.,0.));
#10805=DIRECTION('',(0.,0.,-1.));
#10806=DIRECTION('',(-1.,0.,0.));
#10807=DIRECTION('',(0.,0.,1.));
#10808=DIRECTION('',(-1.,0.,0.));
#10809=DIRECTION('',(0.,0.,1.));
#10810=DIRECTION('',(-1.,0.,0.));
#10811=DIRECTION('',(1.,0.,0.));
#10812=DIRECTION('',(0.,0.,-1.));
#10813=DIRECTION('',(-1.,0.,0.));
#10814=DIRECTION('',(0.,0.,1.));
#10815=DIRECTION('',(-1.,0.,0.));
#10816=DIRECTION('',(0.,0.,1.));
#10817=DIRECTION('',(-1.,0.,0.));
#10818=DIRECTION('',(0.,0.,-1.));
#10819=DIRECTION('',(-1.,0.,0.));
#10820=DIRECTION('',(0.,-1.,0.));
#10821=DIRECTION('',(-1.,0.,0.));
#10822=DIRECTION('',(0.,0.,-1.));
#10823=DIRECTION('',(-1.,0.,0.));
#10824=DIRECTION('',(0.,1.,0.));
#10825=DIRECTION('',(-1.,0.,0.));
#10826=DIRECTION('',(0.,-1.,0.));
#10827=DIRECTION('',(0.,0.,-1.));
#10828=DIRECTION('',(-1.,0.,0.));
#10829=DIRECTION('',(0.,1.,0.));
#10830=DIRECTION('',(-1.,0.,0.));
#10831=DIRECTION('',(0.,-1.,0.));
#10832=DIRECTION('',(0.,0.,-1.));
#10833=DIRECTION('',(-1.,0.,0.));
#10834=DIRECTION('',(0.,1.,0.));
#10835=DIRECTION('',(-1.,0.,0.));
#10836=DIRECTION('',(0.,-1.,0.));
#10837=DIRECTION('',(0.,0.,-1.));
#10838=DIRECTION('',(-1.,0.,0.));
#10839=DIRECTION('',(0.,1.,0.));
#10840=DIRECTION('',(-1.,0.,0.));
#10841=DIRECTION('',(0.,-1.,0.));
#10842=DIRECTION('',(0.,0.,-1.));
#10843=DIRECTION('',(-1.,0.,0.));
#10844=DIRECTION('',(0.,1.,0.));
#10845=DIRECTION('',(-1.,0.,0.));
#10846=DIRECTION('',(0.,-1.,0.));
#10847=DIRECTION('',(0.,0.,-1.));
#10848=DIRECTION('',(-1.,0.,0.));
#10849=DIRECTION('',(0.,1.,0.));
#10850=DIRECTION('',(-1.,0.,0.));
#10851=DIRECTION('',(0.,-1.,0.));
#10852=DIRECTION('',(0.,0.,-1.));
#10853=DIRECTION('',(-1.,0.,0.));
#10854=DIRECTION('',(0.,1.,0.));
#10855=DIRECTION('',(-1.,0.,0.));
#10856=DIRECTION('',(-1.,0.,0.));
#10857=DIRECTION('',(0.,0.,1.));
#10858=DIRECTION('',(1.,0.,0.));
#10859=DIRECTION('',(0.,0.,-1.));
#10860=DIRECTION('',(-1.,0.,0.));
#10861=DIRECTION('',(-1.,0.,0.));
#10862=DIRECTION('',(0.,0.,1.));
#10863=DIRECTION('',(-1.,0.,0.));
#10864=DIRECTION('',(0.,0.,1.));
#10865=DIRECTION('',(-1.,0.,0.));
#10866=DIRECTION('',(1.,0.,0.));
#10867=DIRECTION('',(0.,0.,-1.));
#10868=DIRECTION('',(-1.,0.,0.));
#10869=DIRECTION('',(0.,0.,1.));
#10870=DIRECTION('',(-1.,0.,0.));
#10871=DIRECTION('',(0.,0.,1.));
#10872=DIRECTION('',(-1.,0.,0.));
#10873=DIRECTION('',(1.,0.,0.));
#10874=DIRECTION('',(0.,0.,-1.));
#10875=DIRECTION('',(-1.,0.,0.));
#10876=DIRECTION('',(0.,0.,1.));
#10877=DIRECTION('',(-1.,0.,0.));
#10878=DIRECTION('',(0.,0.,1.));
#10879=DIRECTION('',(-1.,0.,0.));
#10880=DIRECTION('',(1.,0.,0.));
#10881=DIRECTION('',(0.,0.,-1.));
#10882=DIRECTION('',(-1.,0.,0.));
#10883=DIRECTION('',(0.,0.,1.));
#10884=DIRECTION('',(-1.,0.,0.));
#10885=DIRECTION('',(0.,0.,1.));
#10886=DIRECTION('',(-1.,0.,0.));
#10887=DIRECTION('',(1.,0.,0.));
#10888=DIRECTION('',(0.,0.,-1.));
#10889=DIRECTION('',(-1.,0.,0.));
#10890=DIRECTION('',(0.,0.,1.));
#10891=DIRECTION('',(-1.,0.,0.));
#10892=DIRECTION('',(0.,0.,1.));
#10893=DIRECTION('',(-1.,0.,0.));
#10894=DIRECTION('',(1.,0.,0.));
#10895=DIRECTION('',(0.,0.,-1.));
#10896=DIRECTION('',(-1.,0.,0.));
#10897=DIRECTION('',(0.,0.,1.));
#10898=DIRECTION('',(-1.,0.,0.));
#10899=DIRECTION('',(0.,0.,1.));
#10900=DIRECTION('',(-1.,0.,0.));
#10901=DIRECTION('',(1.,0.,0.));
#10902=DIRECTION('',(0.,0.,-1.));
#10903=DIRECTION('',(-1.,0.,0.));
#10904=DIRECTION('',(0.,0.,1.));
#10905=DIRECTION('',(-1.,0.,0.));
#10906=DIRECTION('',(0.,0.,1.));
#10907=DIRECTION('',(-1.,0.,0.));
#10908=DIRECTION('',(0.,1.,0.));
#10909=DIRECTION('',(0.,0.,1.));
#10910=DIRECTION('',(-0.707106781186548,0.,0.707106781186548));
#10911=DIRECTION('',(-1.,0.,0.));
#10912=DIRECTION('',(-0.707106781186544,0.,-0.707106781186552));
#10913=DIRECTION('',(0.,0.,-1.));
#10914=DIRECTION('',(0.,1.,0.));
#10915=DIRECTION('',(0.,0.,1.));
#10916=DIRECTION('',(0.,0.,1.));
#10917=DIRECTION('',(-0.707106781186545,0.,0.70710678118655));
#10918=DIRECTION('',(-1.,0.,0.));
#10919=DIRECTION('',(-0.70710678118655,0.,-0.707106781186545));
#10920=DIRECTION('',(0.,0.,-1.));
#10921=DIRECTION('',(0.,1.,0.));
#10922=DIRECTION('',(0.,0.,1.));
#10923=DIRECTION('',(0.,0.,1.));
#10924=DIRECTION('',(-0.707106781186548,0.,0.707106781186548));
#10925=DIRECTION('',(-1.,0.,0.));
#10926=DIRECTION('',(-0.707106781186547,0.,-0.707106781186548));
#10927=DIRECTION('',(0.,0.,-1.));
#10928=DIRECTION('',(0.,1.,0.));
#10929=DIRECTION('',(0.,0.,1.));
#10930=DIRECTION('',(0.,0.,1.));
#10931=DIRECTION('',(-0.707106781186546,0.,0.707106781186549));
#10932=DIRECTION('',(-1.,0.,0.));
#10933=DIRECTION('',(-0.707106781186546,0.,-0.707106781186549));
#10934=DIRECTION('',(0.,0.,-1.));
#10935=DIRECTION('',(0.,1.,0.));
#10936=DIRECTION('',(0.,0.,1.));
#10937=DIRECTION('',(0.,0.,1.));
#10938=DIRECTION('',(-0.70710678118655,0.,0.707106781186545));
#10939=DIRECTION('',(-1.,0.,0.));
#10940=DIRECTION('',(-0.707106781186547,0.,-0.707106781186548));
#10941=DIRECTION('',(0.,0.,-1.));
#10942=DIRECTION('',(0.,1.,0.));
#10943=DIRECTION('',(0.,0.,1.));
#10944=DIRECTION('',(0.,0.,1.));
#10945=DIRECTION('',(-0.707106781186544,0.,0.707106781186552));
#10946=DIRECTION('',(-1.,0.,0.));
#10947=DIRECTION('',(-0.707106781186541,0.,-0.707106781186554));
#10948=DIRECTION('',(0.,0.,-1.));
#10949=DIRECTION('',(0.,1.,0.));
#10950=DIRECTION('',(0.,0.,1.));
#10951=DIRECTION('',(0.,0.,1.));
#10952=DIRECTION('',(-0.707106781186554,0.,0.707106781186541));
#10953=DIRECTION('',(-1.,0.,0.));
#10954=DIRECTION('',(-0.707106781186548,0.,-0.707106781186548));
#10955=DIRECTION('',(0.,0.,-1.));
#10956=DIRECTION('',(0.,1.,0.));
#10957=DIRECTION('',(0.,0.,1.));
#10958=DIRECTION('',(0.,0.,1.));
#10959=DIRECTION('',(-0.70710678118656,0.,0.707106781186535));
#10960=DIRECTION('',(-1.,0.,0.));
#10961=DIRECTION('',(-0.707106781186548,0.,-0.707106781186548));
#10962=DIRECTION('',(0.,0.,1.));
#10963=DIRECTION('',(1.,0.,0.));
#10964=DIRECTION('',(0.,-1.,0.));
#10965=DIRECTION('',(-1.,0.,0.));
#10966=DIRECTION('',(0.,-1.,0.));
#10967=DIRECTION('',(0.,0.,1.));
#10968=DIRECTION('',(1.,0.,0.));
#10969=DIRECTION('',(0.,-1.,0.));
#10970=DIRECTION('',(-1.,0.,0.));
#10971=DIRECTION('',(0.,-1.,0.));
#10972=DIRECTION('',(0.,0.,1.));
#10973=DIRECTION('',(1.,0.,0.));
#10974=DIRECTION('',(0.,-1.,0.));
#10975=DIRECTION('',(-1.,0.,0.));
#10976=DIRECTION('',(0.,-1.,0.));
#10977=DIRECTION('',(0.,0.,1.));
#10978=DIRECTION('',(1.,0.,0.));
#10979=DIRECTION('',(0.,-1.,0.));
#10980=DIRECTION('',(-1.,0.,0.));
#10981=DIRECTION('',(0.,-1.,0.));
#10982=DIRECTION('',(0.,0.,1.));
#10983=DIRECTION('',(1.,0.,0.));
#10984=DIRECTION('',(0.,-1.,0.));
#10985=DIRECTION('',(-1.,0.,0.));
#10986=DIRECTION('',(0.,-1.,0.));
#10987=DIRECTION('',(0.,0.,1.));
#10988=DIRECTION('',(1.,0.,0.));
#10989=DIRECTION('',(0.,-1.,0.));
#10990=DIRECTION('',(-1.,0.,0.));
#10991=DIRECTION('',(0.,-1.,0.));
#10992=DIRECTION('',(0.,0.,1.));
#10993=DIRECTION('',(1.,0.,0.));
#10994=DIRECTION('',(0.,-1.,0.));
#10995=DIRECTION('',(-1.,0.,0.));
#10996=DIRECTION('',(0.,-1.,0.));
#10997=DIRECTION('',(0.,0.,1.));
#10998=DIRECTION('',(1.,0.,0.));
#10999=DIRECTION('',(0.,-1.,0.));
#11000=DIRECTION('',(-1.,0.,0.));
#11001=DIRECTION('',(0.,-1.,0.));
#11002=DIRECTION('',(0.,-1.,-4.97302426031116E-16));
#11003=DIRECTION('',(0.,4.97302426031116E-16,-1.));
#11004=DIRECTION('',(0.707106781186548,3.51645917747124E-16,-0.707106781186548));
#11005=DIRECTION('',(-1.,0.,0.));
#11006=DIRECTION('',(0.,-4.97302426031116E-16,1.));
#11007=DIRECTION('',(0.707106781186544,-3.51645917747126E-16,0.707106781186552));
#11008=DIRECTION('',(0.,-1.,-4.97302426031116E-16));
#11009=DIRECTION('',(0.,4.97302426031116E-16,-1.));
#11010=DIRECTION('',(0.,4.97302426031116E-16,-1.));
#11011=DIRECTION('',(-1.,0.,0.));
#11012=DIRECTION('',(0.,-4.97302426031116E-16,1.));
#11013=DIRECTION('',(0.70710678118655,-3.51645917747123E-16,0.707106781186545));
#11014=DIRECTION('',(0.707106781186545,3.51645917747125E-16,-0.70710678118655));
#11015=DIRECTION('',(0.,-1.,-4.97302426031116E-16));
#11016=DIRECTION('',(0.,4.97302426031116E-16,-1.));
#11017=DIRECTION('',(0.,4.97302426031116E-16,-1.));
#11018=DIRECTION('',(-1.,0.,0.));
#11019=DIRECTION('',(0.,-4.97302426031116E-16,1.));
#11020=DIRECTION('',(0.707106781186547,-3.51645917747124E-16,0.707106781186548));
#11021=DIRECTION('',(0.707106781186548,3.51645917747124E-16,-0.707106781186548));
#11022=DIRECTION('',(0.,-1.,-4.97302426031116E-16));
#11023=DIRECTION('',(0.,4.97302426031116E-16,-1.));
#11024=DIRECTION('',(0.,4.97302426031116E-16,-1.));
#11025=DIRECTION('',(-1.,0.,0.));
#11026=DIRECTION('',(0.,-4.97302426031116E-16,1.));
#11027=DIRECTION('',(0.707106781186546,-3.51645917747124E-16,0.707106781186549));
#11028=DIRECTION('',(0.707106781186546,3.51645917747124E-16,-0.707106781186549));
#11029=DIRECTION('',(0.,-1.,-4.97302426031116E-16));
#11030=DIRECTION('',(0.,4.97302426031116E-16,-1.));
#11031=DIRECTION('',(0.,4.97302426031116E-16,-1.));
#11032=DIRECTION('',(-1.,0.,0.));
#11033=DIRECTION('',(0.,-4.97302426031116E-16,1.));
#11034=DIRECTION('',(0.707106781186547,-3.51645917747124E-16,0.707106781186548));
#11035=DIRECTION('',(0.70710678118655,3.51645917747122E-16,-0.707106781186545));
#11036=DIRECTION('',(0.,-1.,-4.97302426031116E-16));
#11037=DIRECTION('',(0.,4.97302426031116E-16,-1.));
#11038=DIRECTION('',(0.,4.97302426031116E-16,-1.));
#11039=DIRECTION('',(-1.,0.,0.));
#11040=DIRECTION('',(0.,-4.97302426031116E-16,1.));
#11041=DIRECTION('',(0.707106781186541,-3.51645917747127E-16,0.707106781186554));
#11042=DIRECTION('',(0.707106781186544,3.51645917747126E-16,-0.707106781186552));
#11043=DIRECTION('',(0.,-1.,-4.97302426031116E-16));
#11044=DIRECTION('',(0.,4.97302426031116E-16,-1.));
#11045=DIRECTION('',(0.,4.97302426031116E-16,-1.));
#11046=DIRECTION('',(-1.,0.,0.));
#11047=DIRECTION('',(0.,-4.97302426031116E-16,1.));
#11048=DIRECTION('',(0.707106781186548,-3.51645917747124E-16,0.707106781186548));
#11049=DIRECTION('',(0.707106781186554,3.51645917747121E-16,-0.707106781186541));
#11050=DIRECTION('',(0.,-1.,-4.97302426031116E-16));
#11051=DIRECTION('',(0.,4.97302426031116E-16,-1.));
#11052=DIRECTION('',(0.,4.97302426031116E-16,-1.));
#11053=DIRECTION('',(-1.,0.,0.));
#11054=DIRECTION('',(0.707106781186548,-3.51645917747124E-16,0.707106781186548));
#11055=DIRECTION('',(0.70710678118656,3.51645917747118E-16,-0.707106781186535));
#11056=DIRECTION('',(-1.,0.,0.));
#11057=DIRECTION('',(0.,0.,1.));
#11058=DIRECTION('',(-1.,0.,0.));
#11059=DIRECTION('',(1.,0.,0.));
#11060=DIRECTION('',(0.,0.,-1.));
#11061=DIRECTION('',(-1.,0.,0.));
#11062=DIRECTION('',(0.,0.,1.));
#11063=DIRECTION('',(-1.,0.,0.));
#11064=DIRECTION('',(0.,0.,1.));
#11065=DIRECTION('',(-1.,0.,0.));
#11066=DIRECTION('',(1.,0.,0.));
#11067=DIRECTION('',(0.,0.,-1.));
#11068=DIRECTION('',(-1.,0.,0.));
#11069=DIRECTION('',(0.,0.,1.));
#11070=DIRECTION('',(-1.,0.,0.));
#11071=DIRECTION('',(0.,0.,1.));
#11072=DIRECTION('',(-1.,0.,0.));
#11073=DIRECTION('',(1.,0.,0.));
#11074=DIRECTION('',(0.,0.,-1.));
#11075=DIRECTION('',(-1.,0.,0.));
#11076=DIRECTION('',(0.,0.,1.));
#11077=DIRECTION('',(-1.,0.,0.));
#11078=DIRECTION('',(0.,0.,1.));
#11079=DIRECTION('',(-1.,0.,0.));
#11080=DIRECTION('',(1.,0.,0.));
#11081=DIRECTION('',(0.,0.,-1.));
#11082=DIRECTION('',(-1.,0.,0.));
#11083=DIRECTION('',(0.,0.,1.));
#11084=DIRECTION('',(-1.,0.,0.));
#11085=DIRECTION('',(0.,0.,1.));
#11086=DIRECTION('',(-1.,0.,0.));
#11087=DIRECTION('',(1.,0.,0.));
#11088=DIRECTION('',(0.,0.,-1.));
#11089=DIRECTION('',(-1.,0.,0.));
#11090=DIRECTION('',(0.,0.,1.));
#11091=DIRECTION('',(-1.,0.,0.));
#11092=DIRECTION('',(0.,0.,1.));
#11093=DIRECTION('',(-1.,0.,0.));
#11094=DIRECTION('',(1.,0.,0.));
#11095=DIRECTION('',(0.,0.,-1.));
#11096=DIRECTION('',(-1.,0.,0.));
#11097=DIRECTION('',(0.,0.,1.));
#11098=DIRECTION('',(-1.,0.,0.));
#11099=DIRECTION('',(0.,0.,1.));
#11100=DIRECTION('',(-1.,0.,0.));
#11101=DIRECTION('',(1.,0.,0.));
#11102=DIRECTION('',(0.,0.,-1.));
#11103=DIRECTION('',(-1.,0.,0.));
#11104=DIRECTION('',(0.,0.,1.));
#11105=DIRECTION('',(-1.,0.,0.));
#11106=DIRECTION('',(0.,0.,1.));
#11107=DIRECTION('',(-1.,0.,0.));
#11108=DIRECTION('',(0.,0.,1.));
#11109=DIRECTION('',(1.,0.,0.));
#11110=DIRECTION('',(0.,1.,0.));
#11111=DIRECTION('',(-1.,0.,0.));
#11112=DIRECTION('',(0.,0.,1.));
#11113=DIRECTION('',(1.,0.,0.));
#11114=DIRECTION('',(0.,-1.,0.));
#11115=DIRECTION('',(-1.,0.,0.));
#11116=DIRECTION('',(0.,1.,0.));
#11117=DIRECTION('',(0.,0.,1.));
#11118=DIRECTION('',(1.,0.,0.));
#11119=DIRECTION('',(0.,-1.,0.));
#11120=DIRECTION('',(-1.,0.,0.));
#11121=DIRECTION('',(0.,1.,0.));
#11122=DIRECTION('',(0.,0.,1.));
#11123=DIRECTION('',(1.,0.,0.));
#11124=DIRECTION('',(0.,-1.,0.));
#11125=DIRECTION('',(-1.,0.,0.));
#11126=DIRECTION('',(0.,1.,0.));
#11127=DIRECTION('',(0.,0.,1.));
#11128=DIRECTION('',(1.,0.,0.));
#11129=DIRECTION('',(0.,-1.,0.));
#11130=DIRECTION('',(-1.,0.,0.));
#11131=DIRECTION('',(0.,1.,0.));
#11132=DIRECTION('',(0.,0.,1.));
#11133=DIRECTION('',(1.,0.,0.));
#11134=DIRECTION('',(0.,-1.,0.));
#11135=DIRECTION('',(-1.,0.,0.));
#11136=DIRECTION('',(0.,1.,0.));
#11137=DIRECTION('',(0.,0.,1.));
#11138=DIRECTION('',(1.,0.,0.));
#11139=DIRECTION('',(0.,-1.,0.));
#11140=DIRECTION('',(-1.,0.,0.));
#11141=DIRECTION('',(0.,1.,0.));
#11142=DIRECTION('',(0.,0.,1.));
#11143=DIRECTION('',(1.,0.,0.));
#11144=DIRECTION('',(0.,-1.,0.));
#11145=DIRECTION('',(-1.,0.,0.));
#11146=DIRECTION('',(-1.,0.,0.));
#11147=DIRECTION('',(0.,0.,1.));
#11148=DIRECTION('',(1.,0.,0.));
#11149=DIRECTION('',(0.,0.,-1.));
#11150=DIRECTION('',(-1.,0.,0.));
#11151=DIRECTION('',(0.,0.,1.));
#11152=DIRECTION('',(-1.,0.,0.));
#11153=DIRECTION('',(0.,0.,1.));
#11154=DIRECTION('',(1.,0.,0.));
#11155=DIRECTION('',(0.,0.,-1.));
#11156=DIRECTION('',(-1.,0.,0.));
#11157=DIRECTION('',(0.,0.,1.));
#11158=DIRECTION('',(-1.,0.,0.));
#11159=DIRECTION('',(0.,0.,1.));
#11160=DIRECTION('',(1.,0.,0.));
#11161=DIRECTION('',(0.,0.,-1.));
#11162=DIRECTION('',(-1.,0.,0.));
#11163=DIRECTION('',(0.,0.,1.));
#11164=DIRECTION('',(-1.,0.,0.));
#11165=DIRECTION('',(0.,0.,1.));
#11166=DIRECTION('',(1.,0.,0.));
#11167=DIRECTION('',(0.,0.,-1.));
#11168=DIRECTION('',(-1.,0.,0.));
#11169=DIRECTION('',(0.,0.,1.));
#11170=DIRECTION('',(-1.,0.,0.));
#11171=DIRECTION('',(0.,0.,1.));
#11172=DIRECTION('',(1.,0.,0.));
#11173=DIRECTION('',(0.,0.,-1.));
#11174=DIRECTION('',(-1.,0.,0.));
#11175=DIRECTION('',(0.,0.,1.));
#11176=DIRECTION('',(-1.,0.,0.));
#11177=DIRECTION('',(0.,0.,1.));
#11178=DIRECTION('',(1.,0.,0.));
#11179=DIRECTION('',(0.,0.,-1.));
#11180=DIRECTION('',(-1.,0.,0.));
#11181=DIRECTION('',(0.,0.,1.));
#11182=DIRECTION('',(-1.,0.,0.));
#11183=DIRECTION('',(0.,0.,1.));
#11184=DIRECTION('',(1.,0.,0.));
#11185=DIRECTION('',(0.,0.,-1.));
#11186=DIRECTION('',(-1.,0.,0.));
#11187=DIRECTION('',(0.,0.,1.));
#11188=DIRECTION('',(-1.,0.,0.));
#11189=DIRECTION('',(0.,0.,1.));
#11190=DIRECTION('',(0.,-1.,4.14418688359263E-17));
#11191=DIRECTION('',(0.,-4.14418688359263E-17,-1.));
#11192=DIRECTION('',(-0.707106781186548,-2.9303826478927E-17,-0.707106781186548));
#11193=DIRECTION('',(-1.,0.,0.));
#11194=DIRECTION('',(-0.707106781186548,2.9303826478927E-17,0.707106781186548));
#11195=DIRECTION('',(0.,4.14418688359263E-17,1.));
#11196=DIRECTION('',(-1.,0.,0.));
#11197=DIRECTION('',(0.,-1.,4.14418688359263E-17));
#11198=DIRECTION('',(0.,-4.14418688359263E-17,-1.));
#11199=DIRECTION('',(-0.707106781186548,2.9303826478927E-17,0.707106781186548));
#11200=DIRECTION('',(-1.,0.,0.));
#11201=DIRECTION('',(0.,-4.14418688359263E-17,-1.));
#11202=DIRECTION('',(-0.707106781186548,-2.9303826478927E-17,-0.707106781186548));
#11203=DIRECTION('',(-1.,0.,0.));
#11204=DIRECTION('',(0.,-1.,4.14418688359263E-17));
#11205=DIRECTION('',(0.,-4.14418688359263E-17,-1.));
#11206=DIRECTION('',(0.,4.14418688359263E-17,1.));
#11207=DIRECTION('',(-1.,0.,0.));
#11208=DIRECTION('',(0.,-4.14418688359263E-17,-1.));
#11209=DIRECTION('',(-0.707106781186548,-2.9303826478927E-17,-0.707106781186548));
#11210=DIRECTION('',(-1.,0.,0.));
#11211=DIRECTION('',(-0.707106781186545,2.93038264789271E-17,0.70710678118655));
#11212=DIRECTION('',(0.,-1.,4.14418688359263E-17));
#11213=DIRECTION('',(0.,-4.14418688359263E-17,-1.));
#11214=DIRECTION('',(0.,4.14418688359263E-17,1.));
#11215=DIRECTION('',(-1.,0.,0.));
#11216=DIRECTION('',(0.,-4.14418688359263E-17,-1.));
#11217=DIRECTION('',(-0.707106781186547,-2.9303826478927E-17,-0.707106781186548));
#11218=DIRECTION('',(-1.,0.,0.));
#11219=DIRECTION('',(-0.707106781186548,2.9303826478927E-17,0.707106781186548));
#11220=DIRECTION('',(0.,-1.,4.14418688359263E-17));
#11221=DIRECTION('',(0.,-4.14418688359263E-17,-1.));
#11222=DIRECTION('',(0.,4.14418688359263E-17,1.));
#11223=DIRECTION('',(-1.,0.,0.));
#11224=DIRECTION('',(0.,-4.14418688359263E-17,-1.));
#11225=DIRECTION('',(-0.707106781186547,-2.9303826478927E-17,-0.707106781186548));
#11226=DIRECTION('',(-1.,0.,0.));
#11227=DIRECTION('',(-0.707106781186547,2.9303826478927E-17,0.707106781186548));
#11228=DIRECTION('',(0.,-1.,4.14418688359263E-17));
#11229=DIRECTION('',(0.,-4.14418688359263E-17,-1.));
#11230=DIRECTION('',(0.,4.14418688359263E-17,1.));
#11231=DIRECTION('',(-1.,0.,0.));
#11232=DIRECTION('',(0.,-4.14418688359263E-17,-1.));
#11233=DIRECTION('',(-0.707106781186547,-2.9303826478927E-17,-0.707106781186548));
#11234=DIRECTION('',(-1.,0.,0.));
#11235=DIRECTION('',(-0.707106781186547,2.9303826478927E-17,0.707106781186548));
#11236=DIRECTION('',(0.,-1.,4.14418688359263E-17));
#11237=DIRECTION('',(0.,-4.14418688359263E-17,-1.));
#11238=DIRECTION('',(0.,4.14418688359263E-17,1.));
#11239=DIRECTION('',(-1.,0.,0.));
#11240=DIRECTION('',(0.,-4.14418688359263E-17,-1.));
#11241=DIRECTION('',(-0.707106781186548,-2.9303826478927E-17,-0.707106781186548));
#11242=DIRECTION('',(-1.,0.,0.));
#11243=DIRECTION('',(-0.707106781186547,2.9303826478927E-17,0.707106781186548));
#11244=DIRECTION('',(0.,-1.,4.14418688359263E-17));
#11245=DIRECTION('',(0.,-4.14418688359263E-17,-1.));
#11246=DIRECTION('',(0.,4.14418688359263E-17,1.));
#11247=DIRECTION('',(-1.,0.,0.));
#11248=DIRECTION('',(0.,-4.14418688359263E-17,-1.));
#11249=DIRECTION('',(-0.707106781186545,-2.93038264789271E-17,-0.70710678118655));
#11250=DIRECTION('',(-1.,0.,0.));
#11251=DIRECTION('',(-0.707106781186548,2.9303826478927E-17,0.707106781186548));
#11252=DIRECTION('',(0.,0.,-1.));
#11253=DIRECTION('',(-1.,0.,0.));
#11254=DIRECTION('',(0.,-1.,0.));
#11255=DIRECTION('',(-1.,0.,0.));
#11256=DIRECTION('',(0.,-1.,0.));
#11257=DIRECTION('',(0.,0.,-1.));
#11258=DIRECTION('',(-1.,0.,0.));
#11259=DIRECTION('',(0.,-1.,0.));
#11260=DIRECTION('',(0.,-1.,0.));
#11261=DIRECTION('',(-1.,0.,0.));
#11262=DIRECTION('',(0.,0.,-1.));
#11263=DIRECTION('',(-1.,0.,0.));
#11264=DIRECTION('',(0.,-1.,0.));
#11265=DIRECTION('',(0.,-1.,0.));
#11266=DIRECTION('',(-1.,0.,0.));
#11267=DIRECTION('',(0.,0.,-1.));
#11268=DIRECTION('',(-1.,0.,0.));
#11269=DIRECTION('',(0.,-1.,0.));
#11270=DIRECTION('',(0.,-1.,0.));
#11271=DIRECTION('',(-1.,0.,0.));
#11272=DIRECTION('',(0.,0.,-1.));
#11273=DIRECTION('',(-1.,0.,0.));
#11274=DIRECTION('',(0.,-1.,0.));
#11275=DIRECTION('',(0.,-1.,0.));
#11276=DIRECTION('',(-1.,0.,0.));
#11277=DIRECTION('',(0.,0.,-1.));
#11278=DIRECTION('',(-1.,0.,0.));
#11279=DIRECTION('',(0.,-1.,0.));
#11280=DIRECTION('',(0.,-1.,0.));
#11281=DIRECTION('',(-1.,0.,0.));
#11282=DIRECTION('',(0.,0.,-1.));
#11283=DIRECTION('',(-1.,0.,0.));
#11284=DIRECTION('',(0.,-1.,0.));
#11285=DIRECTION('',(0.,-1.,0.));
#11286=DIRECTION('',(-1.,0.,0.));
#11287=DIRECTION('',(0.,0.,-1.));
#11288=DIRECTION('',(-1.,0.,0.));
#11289=DIRECTION('',(0.,-1.,0.));
#11290=DIRECTION('',(0.,-1.,0.));
#11291=DIRECTION('',(-1.,0.,0.));
#11292=DIRECTION('',(0.,1.,0.));
#11293=DIRECTION('',(0.,0.,1.));
#11294=DIRECTION('',(0.707106781186548,0.,0.707106781186548));
#11295=DIRECTION('',(-1.,0.,0.));
#11296=DIRECTION('',(0.,0.,-1.));
#11297=DIRECTION('',(0.707106781186548,0.,-0.707106781186548));
#11298=DIRECTION('',(0.,1.,0.));
#11299=DIRECTION('',(0.,0.,1.));
#11300=DIRECTION('',(0.707106781186548,0.,-0.707106781186548));
#11301=DIRECTION('',(0.707106781186548,0.,0.707106781186548));
#11302=DIRECTION('',(0.,0.,1.));
#11303=DIRECTION('',(-1.,0.,0.));
#11304=DIRECTION('',(0.,1.,0.));
#11305=DIRECTION('',(0.,0.,1.));
#11306=DIRECTION('',(0.,0.,-1.));
#11307=DIRECTION('',(0.707106781186545,0.,-0.70710678118655));
#11308=DIRECTION('',(0.707106781186548,0.,0.707106781186548));
#11309=DIRECTION('',(0.,0.,1.));
#11310=DIRECTION('',(-1.,0.,0.));
#11311=DIRECTION('',(0.,1.,0.));
#11312=DIRECTION('',(0.,0.,1.));
#11313=DIRECTION('',(0.,0.,-1.));
#11314=DIRECTION('',(0.707106781186548,0.,-0.707106781186548));
#11315=DIRECTION('',(0.707106781186547,0.,0.707106781186548));
#11316=DIRECTION('',(0.,0.,1.));
#11317=DIRECTION('',(-1.,0.,0.));
#11318=DIRECTION('',(0.,1.,0.));
#11319=DIRECTION('',(0.,0.,1.));
#11320=DIRECTION('',(0.,0.,-1.));
#11321=DIRECTION('',(0.707106781186547,0.,-0.707106781186548));
#11322=DIRECTION('',(0.707106781186547,0.,0.707106781186548));
#11323=DIRECTION('',(0.,0.,1.));
#11324=DIRECTION('',(-1.,0.,0.));
#11325=DIRECTION('',(0.,1.,0.));
#11326=DIRECTION('',(0.,0.,1.));
#11327=DIRECTION('',(0.,0.,-1.));
#11328=DIRECTION('',(0.707106781186547,0.,-0.707106781186548));
#11329=DIRECTION('',(0.707106781186547,0.,0.707106781186548));
#11330=DIRECTION('',(0.,0.,1.));
#11331=DIRECTION('',(-1.,0.,0.));
#11332=DIRECTION('',(0.,1.,0.));
#11333=DIRECTION('',(0.,0.,1.));
#11334=DIRECTION('',(0.,0.,-1.));
#11335=DIRECTION('',(0.707106781186547,0.,-0.707106781186548));
#11336=DIRECTION('',(0.707106781186548,0.,0.707106781186548));
#11337=DIRECTION('',(0.,0.,1.));
#11338=DIRECTION('',(-1.,0.,0.));
#11339=DIRECTION('',(0.,1.,0.));
#11340=DIRECTION('',(0.,0.,1.));
#11341=DIRECTION('',(0.,0.,-1.));
#11342=DIRECTION('',(0.707106781186548,0.,-0.707106781186548));
#11343=DIRECTION('',(0.707106781186545,0.,0.70710678118655));
#11344=DIRECTION('',(0.,0.,1.));
#11345=DIRECTION('',(-1.,0.,0.));
#11346=DIRECTION('',(-1.,0.,0.));
#11347=DIRECTION('',(0.,0.,1.));
#11348=DIRECTION('',(-1.,0.,0.));
#11349=DIRECTION('',(0.,0.,1.));
#11350=DIRECTION('',(-1.,0.,0.));
#11351=DIRECTION('',(-1.,0.,0.));
#11352=DIRECTION('',(0.,0.,1.));
#11353=DIRECTION('',(1.,0.,0.));
#11354=DIRECTION('',(0.,0.,-1.));
#11355=DIRECTION('',(-1.,0.,0.));
#11356=DIRECTION('',(0.,0.,1.));
#11357=DIRECTION('',(-1.,0.,0.));
#11358=DIRECTION('',(-1.,0.,0.));
#11359=DIRECTION('',(0.,0.,1.));
#11360=DIRECTION('',(1.,0.,0.));
#11361=DIRECTION('',(0.,0.,-1.));
#11362=DIRECTION('',(-1.,0.,0.));
#11363=DIRECTION('',(0.,0.,1.));
#11364=DIRECTION('',(-1.,0.,0.));
#11365=DIRECTION('',(-1.,0.,0.));
#11366=DIRECTION('',(0.,0.,1.));
#11367=DIRECTION('',(1.,0.,0.));
#11368=DIRECTION('',(0.,0.,-1.));
#11369=DIRECTION('',(-1.,0.,0.));
#11370=DIRECTION('',(0.,0.,1.));
#11371=DIRECTION('',(-1.,0.,0.));
#11372=DIRECTION('',(-1.,0.,0.));
#11373=DIRECTION('',(0.,0.,1.));
#11374=DIRECTION('',(1.,0.,0.));
#11375=DIRECTION('',(0.,0.,-1.));
#11376=DIRECTION('',(-1.,0.,0.));
#11377=DIRECTION('',(0.,0.,1.));
#11378=DIRECTION('',(-1.,0.,0.));
#11379=DIRECTION('',(-1.,0.,0.));
#11380=DIRECTION('',(0.,0.,1.));
#11381=DIRECTION('',(1.,0.,0.));
#11382=DIRECTION('',(0.,0.,-1.));
#11383=DIRECTION('',(-1.,0.,0.));
#11384=DIRECTION('',(0.,0.,1.));
#11385=DIRECTION('',(-1.,0.,0.));
#11386=DIRECTION('',(-1.,0.,0.));
#11387=DIRECTION('',(0.,0.,1.));
#11388=DIRECTION('',(1.,0.,0.));
#11389=DIRECTION('',(0.,0.,-1.));
#11390=DIRECTION('',(-1.,0.,0.));
#11391=DIRECTION('',(0.,0.,1.));
#11392=DIRECTION('',(-1.,0.,0.));
#11393=DIRECTION('',(-1.,0.,0.));
#11394=DIRECTION('',(0.,0.,1.));
#11395=DIRECTION('',(1.,0.,0.));
#11396=DIRECTION('',(0.,0.,-1.));
#11397=DIRECTION('',(-1.,0.,0.));
#11398=DIRECTION('',(0.,0.,1.));
#11399=DIRECTION('',(1.,0.,0.));
#11400=DIRECTION('',(0.,-1.,0.));
#11401=DIRECTION('',(-1.,0.,0.));
#11402=DIRECTION('',(0.,0.,1.));
#11403=DIRECTION('',(1.,0.,0.));
#11404=DIRECTION('',(0.,1.,0.));
#11405=DIRECTION('',(0.,-1.,0.));
#11406=DIRECTION('',(-1.,0.,0.));
#11407=DIRECTION('',(0.,0.,1.));
#11408=DIRECTION('',(1.,0.,0.));
#11409=DIRECTION('',(0.,1.,0.));
#11410=DIRECTION('',(0.,-1.,0.));
#11411=DIRECTION('',(-1.,0.,0.));
#11412=DIRECTION('',(0.,0.,1.));
#11413=DIRECTION('',(1.,0.,0.));
#11414=DIRECTION('',(0.,1.,0.));
#11415=DIRECTION('',(0.,-1.,0.));
#11416=DIRECTION('',(-1.,0.,0.));
#11417=DIRECTION('',(0.,0.,1.));
#11418=DIRECTION('',(1.,0.,0.));
#11419=DIRECTION('',(0.,1.,0.));
#11420=DIRECTION('',(0.,-1.,0.));
#11421=DIRECTION('',(-1.,0.,0.));
#11422=DIRECTION('',(0.,0.,1.));
#11423=DIRECTION('',(1.,0.,0.));
#11424=DIRECTION('',(0.,1.,0.));
#11425=DIRECTION('',(0.,-1.,0.));
#11426=DIRECTION('',(-1.,0.,0.));
#11427=DIRECTION('',(0.,0.,1.));
#11428=DIRECTION('',(1.,0.,0.));
#11429=DIRECTION('',(0.,1.,0.));
#11430=DIRECTION('',(0.,-1.,0.));
#11431=DIRECTION('',(-1.,0.,0.));
#11432=DIRECTION('',(0.,0.,1.));
#11433=DIRECTION('',(1.,0.,0.));
#11434=DIRECTION('',(0.,1.,0.));
#11435=DIRECTION('',(-1.,0.,0.));
#11436=DIRECTION('',(-1.,0.,0.));
#11437=DIRECTION('',(0.,0.,1.));
#11438=DIRECTION('',(-1.,0.,0.));
#11439=DIRECTION('',(0.,0.,1.));
#11440=DIRECTION('',(-1.,0.,0.));
#11441=DIRECTION('',(0.,0.,1.));
#11442=DIRECTION('',(1.,0.,0.));
#11443=DIRECTION('',(0.,0.,-1.));
#11444=DIRECTION('',(-1.,0.,0.));
#11445=DIRECTION('',(0.,0.,1.));
#11446=DIRECTION('',(-1.,0.,0.));
#11447=DIRECTION('',(0.,0.,1.));
#11448=DIRECTION('',(1.,0.,0.));
#11449=DIRECTION('',(0.,0.,-1.));
#11450=DIRECTION('',(-1.,0.,0.));
#11451=DIRECTION('',(0.,0.,1.));
#11452=DIRECTION('',(-1.,0.,0.));
#11453=DIRECTION('',(0.,0.,1.));
#11454=DIRECTION('',(1.,0.,0.));
#11455=DIRECTION('',(0.,0.,-1.));
#11456=DIRECTION('',(-1.,0.,0.));
#11457=DIRECTION('',(0.,0.,1.));
#11458=DIRECTION('',(-1.,0.,0.));
#11459=DIRECTION('',(0.,0.,1.));
#11460=DIRECTION('',(1.,0.,0.));
#11461=DIRECTION('',(0.,0.,-1.));
#11462=DIRECTION('',(-1.,0.,0.));
#11463=DIRECTION('',(0.,0.,1.));
#11464=DIRECTION('',(-1.,0.,0.));
#11465=DIRECTION('',(0.,0.,1.));
#11466=DIRECTION('',(1.,0.,0.));
#11467=DIRECTION('',(0.,0.,-1.));
#11468=DIRECTION('',(-1.,0.,0.));
#11469=DIRECTION('',(0.,0.,1.));
#11470=DIRECTION('',(-1.,0.,0.));
#11471=DIRECTION('',(0.,0.,1.));
#11472=DIRECTION('',(1.,0.,0.));
#11473=DIRECTION('',(0.,0.,-1.));
#11474=DIRECTION('',(-1.,0.,0.));
#11475=DIRECTION('',(0.,0.,1.));
#11476=DIRECTION('',(-1.,0.,0.));
#11477=DIRECTION('',(0.,0.,1.));
#11478=DIRECTION('',(1.,0.,0.));
#11479=DIRECTION('',(0.,0.,-1.));
#11480=DIRECTION('',(-1.,0.,0.));
#11481=DIRECTION('',(0.,0.,1.));
#11482=DIRECTION('',(-1.,0.,0.));
#11483=DIRECTION('',(0.,0.,1.));
#11484=DIRECTION('',(-1.,0.,0.));
#11485=DIRECTION('',(-1.,0.,0.));
#11486=DIRECTION('',(0.,0.,1.));
#11487=DIRECTION('',(1.,0.,0.));
#11488=DIRECTION('',(0.,0.,-1.));
#11489=DIRECTION('',(-1.,0.,0.));
#11490=DIRECTION('',(0.,0.,1.));
#11491=DIRECTION('',(-1.,0.,0.));
#11492=DIRECTION('',(-1.,0.,0.));
#11493=DIRECTION('',(0.,0.,1.));
#11494=DIRECTION('',(1.,0.,0.));
#11495=DIRECTION('',(0.,0.,-1.));
#11496=DIRECTION('',(-1.,0.,0.));
#11497=DIRECTION('',(0.,0.,1.));
#11498=DIRECTION('',(-1.,0.,0.));
#11499=DIRECTION('',(-1.,0.,0.));
#11500=DIRECTION('',(0.,0.,1.));
#11501=DIRECTION('',(1.,0.,0.));
#11502=DIRECTION('',(0.,0.,-1.));
#11503=DIRECTION('',(-1.,0.,0.));
#11504=DIRECTION('',(0.,0.,1.));
#11505=DIRECTION('',(-1.,0.,0.));
#11506=DIRECTION('',(-1.,0.,0.));
#11507=DIRECTION('',(0.,0.,1.));
#11508=DIRECTION('',(1.,0.,0.));
#11509=DIRECTION('',(0.,0.,-1.));
#11510=DIRECTION('',(-1.,0.,0.));
#11511=DIRECTION('',(0.,0.,1.));
#11512=DIRECTION('',(-1.,0.,0.));
#11513=DIRECTION('',(-1.,0.,0.));
#11514=DIRECTION('',(0.,0.,1.));
#11515=DIRECTION('',(1.,0.,0.));
#11516=DIRECTION('',(0.,0.,-1.));
#11517=DIRECTION('',(-1.,0.,0.));
#11518=DIRECTION('',(0.,0.,1.));
#11519=DIRECTION('',(-1.,0.,0.));
#11520=DIRECTION('',(-1.,0.,0.));
#11521=DIRECTION('',(0.,0.,1.));
#11522=DIRECTION('',(1.,0.,0.));
#11523=DIRECTION('',(0.,0.,-1.));
#11524=DIRECTION('',(-1.,0.,0.));
#11525=DIRECTION('',(0.,0.,1.));
#11526=DIRECTION('',(-1.,0.,0.));
#11527=DIRECTION('',(-1.,0.,0.));
#11528=DIRECTION('',(0.,0.,1.));
#11529=DIRECTION('',(1.,0.,0.));
#11530=DIRECTION('',(0.,0.,-1.));
#11531=DIRECTION('',(-1.,0.,0.));
#11532=DIRECTION('',(0.,0.,-1.));
#11533=DIRECTION('',(-1.,0.,0.));
#11534=DIRECTION('',(0.,1.,0.));
#11535=DIRECTION('',(-1.,0.,0.));
#11536=DIRECTION('',(0.,0.,-1.));
#11537=DIRECTION('',(-1.,0.,0.));
#11538=DIRECTION('',(0.,-1.,0.));
#11539=DIRECTION('',(0.,1.,0.));
#11540=DIRECTION('',(-1.,0.,0.));
#11541=DIRECTION('',(0.,0.,-1.));
#11542=DIRECTION('',(-1.,0.,0.));
#11543=DIRECTION('',(0.,-1.,0.));
#11544=DIRECTION('',(0.,1.,0.));
#11545=DIRECTION('',(-1.,0.,0.));
#11546=DIRECTION('',(0.,0.,-1.));
#11547=DIRECTION('',(-1.,0.,0.));
#11548=DIRECTION('',(0.,-1.,0.));
#11549=DIRECTION('',(0.,1.,0.));
#11550=DIRECTION('',(-1.,0.,0.));
#11551=DIRECTION('',(0.,0.,-1.));
#11552=DIRECTION('',(-1.,0.,0.));
#11553=DIRECTION('',(0.,-1.,0.));
#11554=DIRECTION('',(0.,1.,0.));
#11555=DIRECTION('',(-1.,0.,0.));
#11556=DIRECTION('',(0.,0.,-1.));
#11557=DIRECTION('',(-1.,0.,0.));
#11558=DIRECTION('',(0.,-1.,0.));
#11559=DIRECTION('',(0.,1.,0.));
#11560=DIRECTION('',(-1.,0.,0.));
#11561=DIRECTION('',(0.,0.,-1.));
#11562=DIRECTION('',(-1.,0.,0.));
#11563=DIRECTION('',(0.,-1.,0.));
#11564=DIRECTION('',(0.,1.,0.));
#11565=DIRECTION('',(-1.,0.,0.));
#11566=DIRECTION('',(0.,0.,-1.));
#11567=DIRECTION('',(-1.,0.,0.));
#11568=DIRECTION('',(0.,-1.,0.));
#11569=DIRECTION('',(-1.,0.,0.));
#11570=DIRECTION('',(-1.,0.,0.));
#11571=DIRECTION('',(0.,0.,1.));
#11572=DIRECTION('',(-1.,0.,0.));
#11573=DIRECTION('',(0.,0.,1.));
#11574=DIRECTION('',(-1.,0.,0.));
#11575=DIRECTION('',(0.,0.,1.));
#11576=DIRECTION('',(1.,0.,0.));
#11577=DIRECTION('',(0.,0.,-1.));
#11578=DIRECTION('',(-1.,0.,0.));
#11579=DIRECTION('',(0.,0.,1.));
#11580=DIRECTION('',(-1.,0.,0.));
#11581=DIRECTION('',(0.,0.,1.));
#11582=DIRECTION('',(1.,0.,0.));
#11583=DIRECTION('',(0.,0.,-1.));
#11584=DIRECTION('',(-1.,0.,0.));
#11585=DIRECTION('',(0.,0.,1.));
#11586=DIRECTION('',(-1.,0.,0.));
#11587=DIRECTION('',(0.,0.,1.));
#11588=DIRECTION('',(1.,0.,0.));
#11589=DIRECTION('',(0.,0.,-1.));
#11590=DIRECTION('',(-1.,0.,0.));
#11591=DIRECTION('',(0.,0.,1.));
#11592=DIRECTION('',(-1.,0.,0.));
#11593=DIRECTION('',(0.,0.,1.));
#11594=DIRECTION('',(1.,0.,0.));
#11595=DIRECTION('',(0.,0.,-1.));
#11596=DIRECTION('',(-1.,0.,0.));
#11597=DIRECTION('',(0.,0.,1.));
#11598=DIRECTION('',(-1.,0.,0.));
#11599=DIRECTION('',(0.,0.,1.));
#11600=DIRECTION('',(1.,0.,0.));
#11601=DIRECTION('',(0.,0.,-1.));
#11602=DIRECTION('',(-1.,0.,0.));
#11603=DIRECTION('',(0.,0.,1.));
#11604=DIRECTION('',(-1.,0.,0.));
#11605=DIRECTION('',(0.,0.,1.));
#11606=DIRECTION('',(1.,0.,0.));
#11607=DIRECTION('',(0.,0.,-1.));
#11608=DIRECTION('',(-1.,0.,0.));
#11609=DIRECTION('',(0.,0.,1.));
#11610=DIRECTION('',(-1.,0.,0.));
#11611=DIRECTION('',(0.,0.,1.));
#11612=DIRECTION('',(1.,0.,0.));
#11613=DIRECTION('',(0.,0.,-1.));
#11614=DIRECTION('',(-0.707106781186548,0.,0.707106781186548));
#11615=DIRECTION('',(0.707106781186548,0.,0.707106781186548));
#11616=DIRECTION('',(0.707106781186548,0.,0.707106781186548));
#11617=DIRECTION('',(0.707106781186548,0.,-0.707106781186548));
#11618=DIRECTION('',(-1.,0.,0.));
#11619=DIRECTION('',(0.,0.,1.));
#11620=DIRECTION('',(0.,-1.,0.));
#11621=DIRECTION('',(0.,-1.,0.));
#11622=DIRECTION('',(1.,0.,0.));
#11623=DIRECTION('',(0.,0.,-1.));
#11624=DIRECTION('',(0.,-1.,0.));
#11625=DIRECTION('',(0.,-1.,0.));
#11626=DIRECTION('',(0.,0.,1.));
#11627=DIRECTION('',(1.,0.,0.));
#11628=DIRECTION('',(0.707106781186548,0.,0.707106781186548));
#11629=DIRECTION('',(0.707106781186548,0.,-0.707106781186548));
#11630=DIRECTION('',(-0.70710678118655,0.,0.707106781186545));
#11631=DIRECTION('',(0.707106781186545,0.,0.70710678118655));
#11632=DIRECTION('',(-1.,0.,0.));
#11633=DIRECTION('',(0.,0.,1.));
#11634=DIRECTION('',(0.,-1.,0.));
#11635=DIRECTION('',(0.,-1.,0.));
#11636=DIRECTION('',(1.,0.,0.));
#11637=DIRECTION('',(0.,0.,-1.));
#11638=DIRECTION('',(0.,-1.,0.));
#11639=DIRECTION('',(0.,-1.,0.));
#11640=DIRECTION('',(0.,0.,1.));
#11641=DIRECTION('',(1.,0.,0.));
#11642=DIRECTION('',(0.707106781186548,0.,0.707106781186548));
#11643=DIRECTION('',(0.707106781186548,0.,-0.707106781186548));
#11644=DIRECTION('',(-0.707106781186548,0.,0.707106781186548));
#11645=DIRECTION('',(0.707106781186548,0.,0.707106781186548));
#11646=DIRECTION('',(-1.,0.,0.));
#11647=DIRECTION('',(0.,0.,1.));
#11648=DIRECTION('',(0.,-1.,0.));
#11649=DIRECTION('',(0.,-1.,0.));
#11650=DIRECTION('',(1.,0.,0.));
#11651=DIRECTION('',(0.,0.,-1.));
#11652=DIRECTION('',(0.,-1.,0.));
#11653=DIRECTION('',(0.,-1.,0.));
#11654=DIRECTION('',(0.,0.,1.));
#11655=DIRECTION('',(1.,0.,0.));
#11656=DIRECTION('',(0.707106781186548,0.,0.707106781186547));
#11657=DIRECTION('',(0.707106781186547,0.,-0.707106781186548));
#11658=DIRECTION('',(-0.707106781186548,0.,0.707106781186547));
#11659=DIRECTION('',(0.707106781186547,0.,0.707106781186548));
#11660=DIRECTION('',(-1.,0.,0.));
#11661=DIRECTION('',(0.,0.,1.));
#11662=DIRECTION('',(0.,-1.,0.));
#11663=DIRECTION('',(0.,-1.,0.));
#11664=DIRECTION('',(1.,0.,0.));
#11665=DIRECTION('',(0.,0.,-1.));
#11666=DIRECTION('',(0.,-1.,0.));
#11667=DIRECTION('',(0.,-1.,0.));
#11668=DIRECTION('',(0.,0.,1.));
#11669=DIRECTION('',(1.,0.,0.));
#11670=DIRECTION('',(0.707106781186548,0.,0.707106781186547));
#11671=DIRECTION('',(0.707106781186547,0.,-0.707106781186548));
#11672=DIRECTION('',(-0.707106781186548,0.,0.707106781186547));
#11673=DIRECTION('',(0.707106781186547,0.,0.707106781186548));
#11674=DIRECTION('',(-1.,0.,0.));
#11675=DIRECTION('',(0.,0.,1.));
#11676=DIRECTION('',(0.,-1.,0.));
#11677=DIRECTION('',(0.,-1.,0.));
#11678=DIRECTION('',(1.,0.,0.));
#11679=DIRECTION('',(0.,0.,-1.));
#11680=DIRECTION('',(0.,-1.,0.));
#11681=DIRECTION('',(0.,-1.,0.));
#11682=DIRECTION('',(0.,0.,1.));
#11683=DIRECTION('',(1.,0.,0.));
#11684=DIRECTION('',(0.707106781186548,0.,0.707106781186547));
#11685=DIRECTION('',(0.707106781186547,0.,-0.707106781186548));
#11686=DIRECTION('',(-0.707106781186548,0.,0.707106781186547));
#11687=DIRECTION('',(0.707106781186547,0.,0.707106781186548));
#11688=DIRECTION('',(-1.,0.,0.));
#11689=DIRECTION('',(0.,0.,1.));
#11690=DIRECTION('',(0.,-1.,0.));
#11691=DIRECTION('',(0.,-1.,0.));
#11692=DIRECTION('',(1.,0.,0.));
#11693=DIRECTION('',(0.,0.,-1.));
#11694=DIRECTION('',(0.,-1.,0.));
#11695=DIRECTION('',(0.,-1.,0.));
#11696=DIRECTION('',(0.,0.,1.));
#11697=DIRECTION('',(1.,0.,0.));
#11698=DIRECTION('',(0.707106781186548,0.,0.707106781186548));
#11699=DIRECTION('',(0.707106781186548,0.,-0.707106781186548));
#11700=DIRECTION('',(-0.707106781186548,0.,0.707106781186548));
#11701=DIRECTION('',(0.707106781186548,0.,0.707106781186548));
#11702=DIRECTION('',(-0.707106781186548,0.,0.707106781186548));
#11703=DIRECTION('',(0.707106781186548,0.,0.707106781186548));
#11704=DIRECTION('',(0.,-1.,0.));
#11705=DIRECTION('',(0.70710678118655,0.,0.707106781186545));
#11706=DIRECTION('',(0.707106781186545,0.,-0.70710678118655));
#11707=DIRECTION('',(0.,-1.,0.));
#11708=DIRECTION('',(0.,0.,1.));
#11709=DIRECTION('',(1.,0.,0.));
#11710=DIRECTION('',(0.,-1.,0.));
#11711=DIRECTION('',(0.,-1.,0.));
#11712=DIRECTION('',(-1.,0.,0.));
#11713=DIRECTION('',(0.,0.,1.));
#11714=DIRECTION('',(1.,0.,0.));
#11715=DIRECTION('',(0.,0.,-1.));
#11716=DIRECTION('',(1.,0.,0.));
#11717=DIRECTION('',(0.,0.,-1.));
#11718=DIRECTION('',(0.,-1.,0.));
#11719=DIRECTION('',(0.,-1.,0.));
#11720=DIRECTION('',(0.707106781186548,0.,-0.707106781186548));
#11721=DIRECTION('',(-0.707106781186548,0.,-0.707106781186548));
#11722=DIRECTION('',(-1.,0.,0.));
#11723=DIRECTION('',(0.,0.,1.));
#11724=DIRECTION('',(0.,-1.,0.));
#11725=DIRECTION('',(0.,-1.,0.));
#11726=DIRECTION('',(-0.707106781186535,0.,-0.70710678118656));
#11727=DIRECTION('',(-0.70710678118656,0.,0.707106781186535));
#11728=DIRECTION('',(0.,0.,-1.));
#11729=DIRECTION('',(-1.,0.,0.));
#11730=DIRECTION('',(1.,0.,0.));
#11731=DIRECTION('',(0.,0.,-1.));
#11732=DIRECTION('',(0.,-1.,0.));
#11733=DIRECTION('',(0.,-1.,0.));
#11734=DIRECTION('',(0.707106781186554,0.,-0.707106781186541));
#11735=DIRECTION('',(-0.707106781186541,0.,-0.707106781186554));
#11736=DIRECTION('',(-1.,0.,0.));
#11737=DIRECTION('',(0.,0.,1.));
#11738=DIRECTION('',(0.,-1.,0.));
#11739=DIRECTION('',(0.,-1.,0.));
#11740=DIRECTION('',(-0.707106781186541,0.,-0.707106781186554));
#11741=DIRECTION('',(-0.707106781186554,0.,0.707106781186541));
#11742=DIRECTION('',(0.,0.,-1.));
#11743=DIRECTION('',(-1.,0.,0.));
#11744=DIRECTION('',(1.,0.,0.));
#11745=DIRECTION('',(0.,0.,-1.));
#11746=DIRECTION('',(0.,-1.,0.));
#11747=DIRECTION('',(0.,-1.,0.));
#11748=DIRECTION('',(0.707106781186548,0.,-0.707106781186547));
#11749=DIRECTION('',(-0.707106781186547,0.,-0.707106781186548));
#11750=DIRECTION('',(-1.,0.,0.));
#11751=DIRECTION('',(0.,0.,1.));
#11752=DIRECTION('',(0.,-1.,0.));
#11753=DIRECTION('',(0.,-1.,0.));
#11754=DIRECTION('',(-0.707106781186551,0.,-0.707106781186543));
#11755=DIRECTION('',(-0.707106781186544,0.,0.707106781186552));
#11756=DIRECTION('',(0.,0.,-1.));
#11757=DIRECTION('',(-1.,0.,0.));
#11758=DIRECTION('',(1.,0.,0.));
#11759=DIRECTION('',(0.,0.,-1.));
#11760=DIRECTION('',(0.,-1.,0.));
#11761=DIRECTION('',(0.,-1.,0.));
#11762=DIRECTION('',(0.707106781186549,0.,-0.707106781186546));
#11763=DIRECTION('',(-0.707106781186546,0.,-0.707106781186549));
#11764=DIRECTION('',(-1.,0.,0.));
#11765=DIRECTION('',(0.,0.,1.));
#11766=DIRECTION('',(0.,-1.,0.));
#11767=DIRECTION('',(0.,-1.,0.));
#11768=DIRECTION('',(-0.707106781186545,0.,-0.70710678118655));
#11769=DIRECTION('',(-0.70710678118655,0.,0.707106781186545));
#11770=DIRECTION('',(0.,0.,-1.));
#11771=DIRECTION('',(-1.,0.,0.));
#11772=DIRECTION('',(1.,0.,0.));
#11773=DIRECTION('',(0.,0.,-1.));
#11774=DIRECTION('',(0.,-1.,0.));
#11775=DIRECTION('',(0.,-1.,0.));
#11776=DIRECTION('',(0.707106781186548,0.,-0.707106781186547));
#11777=DIRECTION('',(-0.707106781186547,0.,-0.707106781186548));
#11778=DIRECTION('',(-1.,0.,0.));
#11779=DIRECTION('',(0.,0.,1.));
#11780=DIRECTION('',(0.,-1.,0.));
#11781=DIRECTION('',(0.,-1.,0.));
#11782=DIRECTION('',(-0.707106781186549,0.,-0.707106781186546));
#11783=DIRECTION('',(-0.707106781186546,0.,0.707106781186549));
#11784=DIRECTION('',(0.,0.,-1.));
#11785=DIRECTION('',(-1.,0.,0.));
#11786=DIRECTION('',(1.,0.,0.));
#11787=DIRECTION('',(0.,0.,-1.));
#11788=DIRECTION('',(0.,-1.,0.));
#11789=DIRECTION('',(0.,-1.,0.));
#11790=DIRECTION('',(0.707106781186545,0.,-0.70710678118655));
#11791=DIRECTION('',(-0.70710678118655,0.,-0.707106781186545));
#11792=DIRECTION('',(-1.,0.,0.));
#11793=DIRECTION('',(0.,0.,1.));
#11794=DIRECTION('',(0.,-1.,0.));
#11795=DIRECTION('',(0.,-1.,0.));
#11796=DIRECTION('',(-0.707106781186548,0.,-0.707106781186548));
#11797=DIRECTION('',(-0.707106781186548,0.,0.707106781186548));
#11798=DIRECTION('',(0.,0.,-1.));
#11799=DIRECTION('',(-1.,0.,0.));
#11800=DIRECTION('',(1.,0.,0.));
#11801=DIRECTION('',(0.,0.,-1.));
#11802=DIRECTION('',(0.,-1.,0.));
#11803=DIRECTION('',(0.,-1.,0.));
#11804=DIRECTION('',(0.707106781186551,0.,-0.707106781186543));
#11805=DIRECTION('',(-0.707106781186544,0.,-0.707106781186552));
#11806=DIRECTION('',(-1.,0.,0.));
#11807=DIRECTION('',(0.,0.,1.));
#11808=DIRECTION('',(0.,-1.,0.));
#11809=DIRECTION('',(0.,-1.,0.));
#11810=DIRECTION('',(-0.70710678118655,0.,-0.707106781186545));
#11811=DIRECTION('',(-0.707106781186545,0.,0.70710678118655));
#11812=DIRECTION('',(0.,0.,-1.));
#11813=DIRECTION('',(-1.,0.,0.));
#11814=DIRECTION('',(0.707106781186548,0.,-0.707106781186548));
#11815=DIRECTION('',(-0.707106781186548,0.,-0.707106781186548));
#11816=DIRECTION('',(-0.707106781186548,0.,-0.707106781186548));
#11817=DIRECTION('',(-0.707106781186548,0.,0.707106781186548));
#11818=DIRECTION('',(0.,1.,0.));
#11819=DIRECTION('',(1.,0.,0.));
#11820=CARTESIAN_POINT('',(0.,0.,0.));
#11821=CARTESIAN_POINT('',(0.,0.,0.));
#11822=CARTESIAN_POINT('',(0.3925,0.,0.));
#11823=CARTESIAN_POINT('',(0.3925,-1.70740499604016E-17,0.036));
#11824=CARTESIAN_POINT('',(0.3925,0.,0.055));
#11825=CARTESIAN_POINT('',(0.,0.,0.036));
#11826=CARTESIAN_POINT('',(0.4,0.,0.036));
#11827=CARTESIAN_POINT('',(0.4,0.,0.055));
#11828=CARTESIAN_POINT('',(0.4,0.,0.055));
#11829=CARTESIAN_POINT('',(-0.4,0.,0.055));
#11830=CARTESIAN_POINT('',(0.,0.,0.));
#11831=CARTESIAN_POINT('',(0.3075,0.,0.));
#11832=CARTESIAN_POINT('',(0.3075,0.,0.055));
#11833=CARTESIAN_POINT('',(0.3075,-1.70740499604016E-17,0.036));
#11834=CARTESIAN_POINT('',(-0.4,0.,0.055));
#11835=CARTESIAN_POINT('',(0.2925,0.,0.055));
#11836=CARTESIAN_POINT('',(0.2925,0.,0.));
#11837=CARTESIAN_POINT('',(0.2925,0.,0.036));
#11838=CARTESIAN_POINT('',(0.,0.,0.036));
#11839=CARTESIAN_POINT('',(0.,0.,0.));
#11840=CARTESIAN_POINT('',(0.2075,0.,0.));
#11841=CARTESIAN_POINT('',(0.2075,0.,0.055));
#11842=CARTESIAN_POINT('',(0.2075,-1.70740499604016E-17,0.036));
#11843=CARTESIAN_POINT('',(-0.4,0.,0.055));
#11844=CARTESIAN_POINT('',(0.1925,0.,0.055));
#11845=CARTESIAN_POINT('',(0.1925,0.,0.));
#11846=CARTESIAN_POINT('',(0.1925,0.,0.036));
#11847=CARTESIAN_POINT('',(0.,0.,0.036));
#11848=CARTESIAN_POINT('',(0.,0.,0.));
#11849=CARTESIAN_POINT('',(0.1075,0.,0.));
#11850=CARTESIAN_POINT('',(0.1075,0.,0.055));
#11851=CARTESIAN_POINT('',(0.1075,-3.41480999208033E-17,0.036));
#11852=CARTESIAN_POINT('',(-0.4,0.,0.055));
#11853=CARTESIAN_POINT('',(0.0925,0.,0.055));
#11854=CARTESIAN_POINT('',(0.0925,0.,0.));
#11855=CARTESIAN_POINT('',(0.0924999999999999,3.41480999208033E-17,0.036));
#11856=CARTESIAN_POINT('',(0.,0.,0.036));
#11857=CARTESIAN_POINT('',(0.,0.,0.));
#11858=CARTESIAN_POINT('',(0.0075,0.,0.));
#11859=CARTESIAN_POINT('',(0.0075,0.,0.055));
#11860=CARTESIAN_POINT('',(0.00750000000000002,-1.70740499604016E-17,0.036));
#11861=CARTESIAN_POINT('',(-0.4,0.,0.055));
#11862=CARTESIAN_POINT('',(-0.00750000000000003,0.,0.055));
#11863=CARTESIAN_POINT('',(-0.00750000000000003,0.,0.));
#11864=CARTESIAN_POINT('',(-0.00749999999999995,0.,0.036));
#11865=CARTESIAN_POINT('',(0.,0.,0.036));
#11866=CARTESIAN_POINT('',(0.,0.,0.));
#11867=CARTESIAN_POINT('',(-0.0925,0.,0.));
#11868=CARTESIAN_POINT('',(-0.0925,0.,0.055));
#11869=CARTESIAN_POINT('',(-0.0924999999999998,6.82961998416066E-17,0.0359999999999999));
#11870=CARTESIAN_POINT('',(-0.4,0.,0.055));
#11871=CARTESIAN_POINT('',(-0.1075,0.,0.055));
#11872=CARTESIAN_POINT('',(-0.1075,0.,0.));
#11873=CARTESIAN_POINT('',(-0.1075,0.,0.036));
#11874=CARTESIAN_POINT('',(0.,0.,0.036));
#11875=CARTESIAN_POINT('',(0.,0.,0.));
#11876=CARTESIAN_POINT('',(-0.1925,0.,0.));
#11877=CARTESIAN_POINT('',(-0.1925,0.,0.055));
#11878=CARTESIAN_POINT('',(-0.1925,-3.41480999208033E-17,0.036));
#11879=CARTESIAN_POINT('',(-0.4,0.,0.055));
#11880=CARTESIAN_POINT('',(-0.2075,0.,0.055));
#11881=CARTESIAN_POINT('',(-0.2075,0.,0.));
#11882=CARTESIAN_POINT('',(-0.2075,0.,0.036));
#11883=CARTESIAN_POINT('',(0.,0.,0.036));
#11884=CARTESIAN_POINT('',(0.,0.,0.));
#11885=CARTESIAN_POINT('',(-0.2925,0.,0.));
#11886=CARTESIAN_POINT('',(-0.2925,0.,0.055));
#11887=CARTESIAN_POINT('',(-0.2925,6.82961998416066E-17,0.0359999999999999));
#11888=CARTESIAN_POINT('',(-0.4,0.,0.055));
#11889=CARTESIAN_POINT('',(-0.3075,0.,0.055));
#11890=CARTESIAN_POINT('',(-0.3075,0.,0.));
#11891=CARTESIAN_POINT('',(-0.3075,0.,0.036));
#11892=CARTESIAN_POINT('',(0.,0.,0.036));
#11893=CARTESIAN_POINT('',(0.,0.,0.));
#11894=CARTESIAN_POINT('',(-0.3925,0.,0.));
#11895=CARTESIAN_POINT('',(-0.3925,0.,0.055));
#11896=CARTESIAN_POINT('',(-0.3925,-3.41480999208033E-17,0.036));
#11897=CARTESIAN_POINT('',(-0.4,0.,0.055));
#11898=CARTESIAN_POINT('',(-0.4,0.,0.055));
#11899=CARTESIAN_POINT('',(-0.4,0.,-0.055));
#11900=CARTESIAN_POINT('',(-0.4,0.,0.036));
#11901=CARTESIAN_POINT('',(0.,0.,0.036));
#11902=CARTESIAN_POINT('',(0.,0.,0.));
#11903=CARTESIAN_POINT('',(0.3925,0.,0.));
#11904=CARTESIAN_POINT('',(0.3925,0.,-0.055));
#11905=CARTESIAN_POINT('',(0.3925,0.,-0.036));
#11906=CARTESIAN_POINT('',(0.4,0.,-0.055));
#11907=CARTESIAN_POINT('',(0.4,0.,-0.055));
#11908=CARTESIAN_POINT('',(0.4,0.,0.055));
#11909=CARTESIAN_POINT('',(0.4,-2.13425624505021E-18,-0.036));
#11910=CARTESIAN_POINT('',(0.,0.,-0.036));
#11911=CARTESIAN_POINT('',(0.,0.,0.));
#11912=CARTESIAN_POINT('',(0.3075,0.,0.));
#11913=CARTESIAN_POINT('',(0.3075,0.,-0.036));
#11914=CARTESIAN_POINT('',(0.3075,0.,-0.055));
#11915=CARTESIAN_POINT('',(0.,0.,-0.036));
#11916=CARTESIAN_POINT('',(0.2925,0.,-0.036));
#11917=CARTESIAN_POINT('',(0.2925,0.,0.));
#11918=CARTESIAN_POINT('',(0.2925,0.,-0.055));
#11919=CARTESIAN_POINT('',(0.4,0.,-0.055));
#11920=CARTESIAN_POINT('',(0.,0.,0.));
#11921=CARTESIAN_POINT('',(0.2075,0.,0.));
#11922=CARTESIAN_POINT('',(0.2075,0.,-0.036));
#11923=CARTESIAN_POINT('',(0.2075,0.,-0.055));
#11924=CARTESIAN_POINT('',(0.,0.,-0.036));
#11925=CARTESIAN_POINT('',(0.1925,0.,-0.036));
#11926=CARTESIAN_POINT('',(0.1925,0.,0.));
#11927=CARTESIAN_POINT('',(0.1925,0.,-0.055));
#11928=CARTESIAN_POINT('',(0.4,0.,-0.055));
#11929=CARTESIAN_POINT('',(0.,0.,0.));
#11930=CARTESIAN_POINT('',(0.1075,0.,0.));
#11931=CARTESIAN_POINT('',(0.1075,0.,-0.036));
#11932=CARTESIAN_POINT('',(0.1075,0.,-0.055));
#11933=CARTESIAN_POINT('',(0.,0.,-0.036));
#11934=CARTESIAN_POINT('',(0.0925,0.,-0.036));
#11935=CARTESIAN_POINT('',(0.0925,0.,0.));
#11936=CARTESIAN_POINT('',(0.0925,0.,-0.055));
#11937=CARTESIAN_POINT('',(0.4,0.,-0.055));
#11938=CARTESIAN_POINT('',(0.,0.,0.));
#11939=CARTESIAN_POINT('',(0.0075,0.,0.));
#11940=CARTESIAN_POINT('',(0.00750000000000012,0.,-0.036));
#11941=CARTESIAN_POINT('',(0.0075,0.,-0.055));
#11942=CARTESIAN_POINT('',(0.,0.,-0.036));
#11943=CARTESIAN_POINT('',(-0.00749999999999999,-3.41480999208033E-17,-0.036));
#11944=CARTESIAN_POINT('',(-0.00750000000000003,0.,0.));
#11945=CARTESIAN_POINT('',(-0.00750000000000003,0.,-0.055));
#11946=CARTESIAN_POINT('',(0.4,0.,-0.055));
#11947=CARTESIAN_POINT('',(0.,0.,0.));
#11948=CARTESIAN_POINT('',(-0.0925,0.,0.));
#11949=CARTESIAN_POINT('',(-0.0925000000000001,0.,-0.036));
#11950=CARTESIAN_POINT('',(-0.0925,0.,-0.055));
#11951=CARTESIAN_POINT('',(0.,0.,-0.036));
#11952=CARTESIAN_POINT('',(-0.1075,0.,-0.036));
#11953=CARTESIAN_POINT('',(-0.1075,0.,0.));
#11954=CARTESIAN_POINT('',(-0.1075,0.,-0.055));
#11955=CARTESIAN_POINT('',(0.4,0.,-0.055));
#11956=CARTESIAN_POINT('',(0.,0.,0.));
#11957=CARTESIAN_POINT('',(-0.1925,0.,0.));
#11958=CARTESIAN_POINT('',(-0.1925,0.,-0.0360000000000001));
#11959=CARTESIAN_POINT('',(-0.1925,0.,-0.055));
#11960=CARTESIAN_POINT('',(0.,0.,-0.036));
#11961=CARTESIAN_POINT('',(-0.2075,0.,-0.036));
#11962=CARTESIAN_POINT('',(-0.2075,0.,0.));
#11963=CARTESIAN_POINT('',(-0.2075,0.,-0.055));
#11964=CARTESIAN_POINT('',(0.4,0.,-0.055));
#11965=CARTESIAN_POINT('',(0.,0.,0.));
#11966=CARTESIAN_POINT('',(-0.2925,0.,0.));
#11967=CARTESIAN_POINT('',(-0.2925,0.,-0.036));
#11968=CARTESIAN_POINT('',(-0.2925,0.,-0.055));
#11969=CARTESIAN_POINT('',(0.,0.,-0.036));
#11970=CARTESIAN_POINT('',(-0.3075,0.,-0.036));
#11971=CARTESIAN_POINT('',(-0.3075,0.,0.));
#11972=CARTESIAN_POINT('',(-0.3075,0.,-0.055));
#11973=CARTESIAN_POINT('',(0.4,0.,-0.055));
#11974=CARTESIAN_POINT('',(0.,0.,0.));
#11975=CARTESIAN_POINT('',(-0.3925,0.,0.));
#11976=CARTESIAN_POINT('',(-0.3925,0.,-0.036));
#11977=CARTESIAN_POINT('',(-0.3925,0.,-0.055));
#11978=CARTESIAN_POINT('',(0.,0.,-0.036));
#11979=CARTESIAN_POINT('',(-0.4,0.,-0.036));
#11980=CARTESIAN_POINT('',(-0.4,0.,-0.055));
#11981=CARTESIAN_POINT('',(-0.4,0.,-0.055));
#11982=CARTESIAN_POINT('',(0.4,0.,-0.055));
#11983=CARTESIAN_POINT('',(0.4,0.32,-0.055));
#11984=CARTESIAN_POINT('',(0.252157303370786,0.229651685393258,-0.055));
#11985=CARTESIAN_POINT('',(0.3815,0.018,-0.055));
#11986=CARTESIAN_POINT('',(0.4,0.018,-0.055));
#11987=CARTESIAN_POINT('',(0.3765,0.018,-0.055));
#11988=CARTESIAN_POINT('',(0.537182320441989,0.19653591160221,-0.055));
#11989=CARTESIAN_POINT('',(0.3675,0.008,-0.055));
#11990=CARTESIAN_POINT('',(0.4,0.00800000000000002,-0.055));
#11991=CARTESIAN_POINT('',(0.3325,0.008,-0.055));
#11992=CARTESIAN_POINT('',(0.207569060773481,0.146812154696132,-0.055));
#11993=CARTESIAN_POINT('',(0.3235,0.018,-0.055));
#11994=CARTESIAN_POINT('',(0.4,0.018,-0.055));
#11995=CARTESIAN_POINT('',(0.3185,0.018,-0.055));
#11996=CARTESIAN_POINT('',(0.475033707865169,0.27414606741573,-0.055));
#11997=CARTESIAN_POINT('',(0.179348314606741,0.185157303370786,-0.055));
#11998=CARTESIAN_POINT('',(0.2815,0.018,-0.055));
#11999=CARTESIAN_POINT('',(0.4,0.0179999999999999,-0.055));
#12000=CARTESIAN_POINT('',(0.2765,0.018,-0.055));
#12001=CARTESIAN_POINT('',(0.481933701657459,0.246259668508287,-0.055));
#12002=CARTESIAN_POINT('',(0.2675,0.008,-0.055));
#12003=CARTESIAN_POINT('',(0.4,0.00800000000000002,-0.055));
#12004=CARTESIAN_POINT('',(0.2325,0.008,-0.055));
#12005=CARTESIAN_POINT('',(0.152320441988951,0.0970883977900548,-0.055));
#12006=CARTESIAN_POINT('',(0.2235,0.018,-0.055));
#12007=CARTESIAN_POINT('',(0.4,0.018,-0.055));
#12008=CARTESIAN_POINT('',(0.2185,0.018,-0.055));
#12009=CARTESIAN_POINT('',(0.402224719101124,0.318640449438202,-0.055));
#12010=CARTESIAN_POINT('',(0.106539325842697,0.140662921348314,-0.055));
#12011=CARTESIAN_POINT('',(0.1815,0.018,-0.055));
#12012=CARTESIAN_POINT('',(0.4,0.0179999999999998,-0.055));
#12013=CARTESIAN_POINT('',(0.1765,0.018,-0.055));
#12014=CARTESIAN_POINT('',(0.426685082872928,0.295983425414365,-0.055));
#12015=CARTESIAN_POINT('',(0.1675,0.008,-0.055));
#12016=CARTESIAN_POINT('',(0.4,0.00800000000000002,-0.055));
#12017=CARTESIAN_POINT('',(0.1325,0.008,-0.055));
#12018=CARTESIAN_POINT('',(0.0970718232044201,0.0473646408839777,-0.055));
#12019=CARTESIAN_POINT('',(0.1235,0.018,-0.055));
#12020=CARTESIAN_POINT('',(0.4,0.018,-0.055));
#12021=CARTESIAN_POINT('',(0.1185,0.018,-0.055));
#12022=CARTESIAN_POINT('',(0.329415730337079,0.363134831460674,-0.055));
#12023=CARTESIAN_POINT('',(0.0337303370786518,0.0961685393258424,-0.055));
#12024=CARTESIAN_POINT('',(0.0814999999999999,0.018,-0.055));
#12025=CARTESIAN_POINT('',(0.4,0.0179999999999997,-0.055));
#12026=CARTESIAN_POINT('',(0.0765,0.018,-0.055));
#12027=CARTESIAN_POINT('',(0.371436464088398,0.345707182320442,-0.055));
#12028=CARTESIAN_POINT('',(0.0674999999999999,0.008,-0.055));
#12029=CARTESIAN_POINT('',(0.4,0.00800000000000002,-0.055));
#12030=CARTESIAN_POINT('',(0.0325000000000001,0.008,-0.055));
#12031=CARTESIAN_POINT('',(0.0418232044198897,-0.00235911602209952,-0.055));
#12032=CARTESIAN_POINT('',(0.0235,0.018,-0.055));
#12033=CARTESIAN_POINT('',(0.4,0.018,-0.055));
#12034=CARTESIAN_POINT('',(0.0185,0.018,-0.055));
#12035=CARTESIAN_POINT('',(0.256606741573035,0.407629213483146,-0.055));
#12036=CARTESIAN_POINT('',(-0.0390786516853931,0.0516741573033705,-0.055));
#12037=CARTESIAN_POINT('',(-0.0185,0.018,-0.055));
#12038=CARTESIAN_POINT('',(0.4,0.0179999999999996,-0.055));
#12039=CARTESIAN_POINT('',(-0.0235,0.018,-0.055));
#12040=CARTESIAN_POINT('',(0.316187845303868,0.395430939226519,-0.055));
#12041=CARTESIAN_POINT('',(-0.0325000000000001,0.008,-0.055));
#12042=CARTESIAN_POINT('',(0.4,0.00800000000000002,-0.055));
#12043=CARTESIAN_POINT('',(-0.0674999999999999,0.008,-0.055));
#12044=CARTESIAN_POINT('',(-0.0134254143646406,-0.052082872928177,-0.055));
#12045=CARTESIAN_POINT('',(-0.0765,0.018,-0.055));
#12046=CARTESIAN_POINT('',(0.4,0.018,-0.055));
#12047=CARTESIAN_POINT('',(-0.0814999999999999,0.018,-0.055));
#12048=CARTESIAN_POINT('',(0.18379775280899,0.452123595505618,-0.055));
#12049=CARTESIAN_POINT('',(-0.111887640449438,0.00717977528089855,-0.055));
#12050=CARTESIAN_POINT('',(-0.1185,0.018,-0.055));
#12051=CARTESIAN_POINT('',(0.4,0.0179999999999995,-0.055));
#12052=CARTESIAN_POINT('',(-0.1235,0.018,-0.055));
#12053=CARTESIAN_POINT('',(0.260939226519337,0.445154696132597,-0.055));
#12054=CARTESIAN_POINT('',(-0.1325,0.008,-0.055));
#12055=CARTESIAN_POINT('',(0.4,0.00800000000000002,-0.055));
#12056=CARTESIAN_POINT('',(-0.1675,0.008,-0.055));
#12057=CARTESIAN_POINT('',(-0.0686740331491715,-0.101806629834254,-0.055));
#12058=CARTESIAN_POINT('',(-0.1765,0.018,-0.055));
#12059=CARTESIAN_POINT('',(0.4,0.018,-0.055));
#12060=CARTESIAN_POINT('',(-0.1815,0.018,-0.055));
#12061=CARTESIAN_POINT('',(0.110988764044945,0.49661797752809,-0.055));
#12062=CARTESIAN_POINT('',(-0.184696629213483,-0.0373146067415732,-0.055));
#12063=CARTESIAN_POINT('',(-0.2185,0.018,-0.055));
#12064=CARTESIAN_POINT('',(0.4,0.0179999999999995,-0.055));
#12065=CARTESIAN_POINT('',(-0.2235,0.018,-0.055));
#12066=CARTESIAN_POINT('',(0.205690607734808,0.494878453038674,-0.055));
#12067=CARTESIAN_POINT('',(-0.2325,0.008,-0.055));
#12068=CARTESIAN_POINT('',(0.4,0.00800000000000002,-0.055));
#12069=CARTESIAN_POINT('',(-0.2675,0.008,-0.055));
#12070=CARTESIAN_POINT('',(-0.123922651933701,-0.151530386740332,-0.055));
#12071=CARTESIAN_POINT('',(-0.2765,0.018,-0.055));
#12072=CARTESIAN_POINT('',(0.4,0.018,-0.055));
#12073=CARTESIAN_POINT('',(-0.2815,0.018,-0.055));
#12074=CARTESIAN_POINT('',(0.0381797752809011,0.541112359550562,-0.055));
#12075=CARTESIAN_POINT('',(-0.257505617977528,-0.0818089887640451,-0.055));
#12076=CARTESIAN_POINT('',(-0.3185,0.018,-0.055));
#12077=CARTESIAN_POINT('',(0.4,0.0179999999999994,-0.055));
#12078=CARTESIAN_POINT('',(-0.3235,0.018,-0.055));
#12079=CARTESIAN_POINT('',(0.150441988950277,0.544602209944751,-0.055));
#12080=CARTESIAN_POINT('',(-0.3325,0.008,-0.055));
#12081=CARTESIAN_POINT('',(0.4,0.00800000000000002,-0.055));
#12082=CARTESIAN_POINT('',(-0.3675,0.008,-0.055));
#12083=CARTESIAN_POINT('',(-0.179171270718231,-0.20125414364641,-0.055));
#12084=CARTESIAN_POINT('',(-0.3765,0.018,-0.055));
#12085=CARTESIAN_POINT('',(0.4,0.018,-0.055));
#12086=CARTESIAN_POINT('',(-0.3815,0.018,-0.055));
#12087=CARTESIAN_POINT('',(-0.0346292134831468,0.585606741573034,-0.055));
#12088=CARTESIAN_POINT('',(-0.4,0.32,-0.055));
#12089=CARTESIAN_POINT('',(-0.4,0.32,-0.055));
#12090=CARTESIAN_POINT('',(0.4,0.32,-0.055));
#12091=CARTESIAN_POINT('',(0.4,0.32,-0.055));
#12092=CARTESIAN_POINT('',(0.4,0.32,-0.055));
#12093=CARTESIAN_POINT('',(-0.4,0.32,0.055));
#12094=CARTESIAN_POINT('',(0.35,0.24,0.055));
#12095=CARTESIAN_POINT('',(0.335,0.24,0.055));
#12096=CARTESIAN_POINT('',(0.35,0.0799999999999999,0.055));
#12097=CARTESIAN_POINT('',(0.335,0.0799999999999999,0.055));
#12098=CARTESIAN_POINT('',(0.25,0.24,0.055));
#12099=CARTESIAN_POINT('',(0.235,0.24,0.055));
#12100=CARTESIAN_POINT('',(0.25,0.0799999999999999,0.055));
#12101=CARTESIAN_POINT('',(0.235,0.0799999999999999,0.055));
#12102=CARTESIAN_POINT('',(0.15,0.24,0.055));
#12103=CARTESIAN_POINT('',(0.135,0.24,0.055));
#12104=CARTESIAN_POINT('',(0.15,0.0799999999999999,0.055));
#12105=CARTESIAN_POINT('',(0.135,0.0799999999999999,0.055));
#12106=CARTESIAN_POINT('',(0.0499999999999999,0.24,0.055));
#12107=CARTESIAN_POINT('',(0.035,0.24,0.055));
#12108=CARTESIAN_POINT('',(0.0499999999999999,0.0799999999999999,0.055));
#12109=CARTESIAN_POINT('',(0.035,0.0799999999999999,0.055));
#12110=CARTESIAN_POINT('',(-0.05,0.24,0.055));
#12111=CARTESIAN_POINT('',(-0.065,0.24,0.055));
#12112=CARTESIAN_POINT('',(-0.05,0.0799999999999999,0.055));
#12113=CARTESIAN_POINT('',(-0.065,0.0799999999999999,0.055));
#12114=CARTESIAN_POINT('',(-0.15,0.24,0.055));
#12115=CARTESIAN_POINT('',(-0.165,0.24,0.055));
#12116=CARTESIAN_POINT('',(-0.15,0.0799999999999999,0.055));
#12117=CARTESIAN_POINT('',(-0.165,0.0799999999999999,0.055));
#12118=CARTESIAN_POINT('',(-0.25,0.24,0.055));
#12119=CARTESIAN_POINT('',(-0.265,0.24,0.055));
#12120=CARTESIAN_POINT('',(-0.25,0.0799999999999999,0.055));
#12121=CARTESIAN_POINT('',(-0.265,0.0799999999999999,0.055));
#12122=CARTESIAN_POINT('',(-0.35,0.24,0.055));
#12123=CARTESIAN_POINT('',(-0.365,0.24,0.055));
#12124=CARTESIAN_POINT('',(-0.35,0.0799999999999999,0.055));
#12125=CARTESIAN_POINT('',(-0.365,0.0799999999999999,0.055));
#12126=CARTESIAN_POINT('',(0.0346292134831444,0.585606741573034,0.055));
#12127=CARTESIAN_POINT('',(0.3815,0.018,0.055));
#12128=CARTESIAN_POINT('',(0.4,0.32,0.055));
#12129=CARTESIAN_POINT('',(0.4,0.32,0.055));
#12130=CARTESIAN_POINT('',(-0.4,0.32,0.055));
#12131=CARTESIAN_POINT('',(-0.4,0.32,0.055));
#12132=CARTESIAN_POINT('',(-0.4,0.32,0.055));
#12133=CARTESIAN_POINT('',(-0.252157303370787,0.229651685393259,0.055));
#12134=CARTESIAN_POINT('',(-0.3815,0.018,0.055));
#12135=CARTESIAN_POINT('',(-0.4,0.018,0.055));
#12136=CARTESIAN_POINT('',(-0.3765,0.018,0.055));
#12137=CARTESIAN_POINT('',(-0.537182320441989,0.196535911602209,0.055));
#12138=CARTESIAN_POINT('',(-0.3675,0.008,0.055));
#12139=CARTESIAN_POINT('',(-0.4,0.00800000000000002,0.055));
#12140=CARTESIAN_POINT('',(-0.3325,0.008,0.055));
#12141=CARTESIAN_POINT('',(-0.207569060773481,0.146812154696132,0.055));
#12142=CARTESIAN_POINT('',(-0.3235,0.018,0.055));
#12143=CARTESIAN_POINT('',(-0.4,0.0180000000000001,0.055));
#12144=CARTESIAN_POINT('',(-0.3185,0.018,0.055));
#12145=CARTESIAN_POINT('',(-0.475033707865169,0.27414606741573,0.055));
#12146=CARTESIAN_POINT('',(-0.179348314606741,0.185157303370786,0.055));
#12147=CARTESIAN_POINT('',(-0.2815,0.018,0.055));
#12148=CARTESIAN_POINT('',(-0.4,0.018,0.055));
#12149=CARTESIAN_POINT('',(-0.2765,0.018,0.055));
#12150=CARTESIAN_POINT('',(-0.481933701657459,0.246259668508287,0.055));
#12151=CARTESIAN_POINT('',(-0.2675,0.008,0.055));
#12152=CARTESIAN_POINT('',(-0.4,0.00800000000000002,0.055));
#12153=CARTESIAN_POINT('',(-0.2325,0.008,0.055));
#12154=CARTESIAN_POINT('',(-0.152320441988951,0.0970883977900548,0.055));
#12155=CARTESIAN_POINT('',(-0.2235,0.018,0.055));
#12156=CARTESIAN_POINT('',(-0.4,0.0180000000000002,0.055));
#12157=CARTESIAN_POINT('',(-0.2185,0.018,0.055));
#12158=CARTESIAN_POINT('',(-0.402224719101124,0.318640449438202,0.055));
#12159=CARTESIAN_POINT('',(-0.106539325842697,0.140662921348314,0.055));
#12160=CARTESIAN_POINT('',(-0.1815,0.018,0.055));
#12161=CARTESIAN_POINT('',(-0.4,0.018,0.055));
#12162=CARTESIAN_POINT('',(-0.1765,0.018,0.055));
#12163=CARTESIAN_POINT('',(-0.426685082872928,0.295983425414365,0.055));
#12164=CARTESIAN_POINT('',(-0.1675,0.008,0.055));
#12165=CARTESIAN_POINT('',(-0.4,0.00800000000000002,0.055));
#12166=CARTESIAN_POINT('',(-0.1325,0.008,0.055));
#12167=CARTESIAN_POINT('',(-0.0970718232044201,0.0473646408839778,0.055));
#12168=CARTESIAN_POINT('',(-0.1235,0.018,0.055));
#12169=CARTESIAN_POINT('',(-0.4,0.0180000000000002,0.055));
#12170=CARTESIAN_POINT('',(-0.1185,0.018,0.055));
#12171=CARTESIAN_POINT('',(-0.329415730337079,0.363134831460674,0.055));
#12172=CARTESIAN_POINT('',(-0.033730337078652,0.0961685393258417,0.055));
#12173=CARTESIAN_POINT('',(-0.0814999999999999,0.018,0.055));
#12174=CARTESIAN_POINT('',(-0.4,0.018,0.055));
#12175=CARTESIAN_POINT('',(-0.0765,0.018,0.055));
#12176=CARTESIAN_POINT('',(-0.371436464088398,0.345707182320442,0.055));
#12177=CARTESIAN_POINT('',(-0.0674999999999999,0.008,0.055));
#12178=CARTESIAN_POINT('',(-0.4,0.00800000000000002,0.055));
#12179=CARTESIAN_POINT('',(-0.0325000000000001,0.008,0.055));
#12180=CARTESIAN_POINT('',(-0.0418232044198897,-0.00235911602209952,0.055));
#12181=CARTESIAN_POINT('',(-0.0235,0.018,0.055));
#12182=CARTESIAN_POINT('',(-0.4,0.0180000000000003,0.055));
#12183=CARTESIAN_POINT('',(-0.0185,0.018,0.055));
#12184=CARTESIAN_POINT('',(-0.256606741573034,0.407629213483146,0.055));
#12185=CARTESIAN_POINT('',(0.0390786516853928,0.0516741573033698,0.055));
#12186=CARTESIAN_POINT('',(0.0185,0.018,0.055));
#12187=CARTESIAN_POINT('',(-0.4,0.018,0.055));
#12188=CARTESIAN_POINT('',(0.0235,0.018,0.055));
#12189=CARTESIAN_POINT('',(-0.316187845303868,0.395430939226519,0.055));
#12190=CARTESIAN_POINT('',(0.0325000000000001,0.008,0.055));
#12191=CARTESIAN_POINT('',(-0.4,0.00800000000000002,0.055));
#12192=CARTESIAN_POINT('',(0.0674999999999999,0.008,0.055));
#12193=CARTESIAN_POINT('',(0.0134254143646405,-0.0520828729281769,0.055));
#12194=CARTESIAN_POINT('',(0.0765,0.018,0.055));
#12195=CARTESIAN_POINT('',(-0.4,0.0180000000000004,0.055));
#12196=CARTESIAN_POINT('',(0.0814999999999999,0.018,0.055));
#12197=CARTESIAN_POINT('',(-0.183797752808989,0.452123595505618,0.055));
#12198=CARTESIAN_POINT('',(0.111887640449438,0.00717977528089786,0.055));
#12199=CARTESIAN_POINT('',(0.1185,0.018,0.055));
#12200=CARTESIAN_POINT('',(-0.4,0.018,0.055));
#12201=CARTESIAN_POINT('',(0.1235,0.018,0.055));
#12202=CARTESIAN_POINT('',(-0.260939226519337,0.445154696132597,0.055));
#12203=CARTESIAN_POINT('',(0.1325,0.008,0.055));
#12204=CARTESIAN_POINT('',(-0.4,0.00800000000000002,0.055));
#12205=CARTESIAN_POINT('',(0.1675,0.008,0.055));
#12206=CARTESIAN_POINT('',(0.0686740331491715,-0.101806629834254,0.055));
#12207=CARTESIAN_POINT('',(0.1765,0.018,0.055));
#12208=CARTESIAN_POINT('',(-0.4,0.0180000000000005,0.055));
#12209=CARTESIAN_POINT('',(0.1815,0.018,0.055));
#12210=CARTESIAN_POINT('',(-0.110988764044945,0.49661797752809,0.055));
#12211=CARTESIAN_POINT('',(0.184696629213482,-0.0373146067415742,0.055));
#12212=CARTESIAN_POINT('',(0.2185,0.018,0.055));
#12213=CARTESIAN_POINT('',(-0.4,0.018,0.055));
#12214=CARTESIAN_POINT('',(0.2235,0.018,0.055));
#12215=CARTESIAN_POINT('',(-0.205690607734808,0.494878453038674,0.055));
#12216=CARTESIAN_POINT('',(0.2325,0.008,0.055));
#12217=CARTESIAN_POINT('',(-0.4,0.00800000000000002,0.055));
#12218=CARTESIAN_POINT('',(0.2675,0.008,0.055));
#12219=CARTESIAN_POINT('',(0.123922651933701,-0.151530386740332,0.055));
#12220=CARTESIAN_POINT('',(0.2765,0.018,0.055));
#12221=CARTESIAN_POINT('',(-0.4,0.0180000000000006,0.055));
#12222=CARTESIAN_POINT('',(0.2815,0.018,0.055));
#12223=CARTESIAN_POINT('',(-0.0381797752808997,0.541112359550562,0.055));
#12224=CARTESIAN_POINT('',(0.257505617977528,-0.0818089887640456,0.055));
#12225=CARTESIAN_POINT('',(0.3185,0.018,0.055));
#12226=CARTESIAN_POINT('',(-0.4,0.018,0.055));
#12227=CARTESIAN_POINT('',(0.3235,0.018,0.055));
#12228=CARTESIAN_POINT('',(-0.150441988950277,0.544602209944751,0.055));
#12229=CARTESIAN_POINT('',(0.3325,0.008,0.055));
#12230=CARTESIAN_POINT('',(-0.4,0.00800000000000002,0.055));
#12231=CARTESIAN_POINT('',(0.3675,0.008,0.055));
#12232=CARTESIAN_POINT('',(0.179171270718231,-0.20125414364641,0.055));
#12233=CARTESIAN_POINT('',(0.3765,0.018,0.055));
#12234=CARTESIAN_POINT('',(-0.4,0.0180000000000007,0.055));
#12235=CARTESIAN_POINT('',(0.8,0.018,0.0256076951545867));
#12236=CARTESIAN_POINT('',(0.473070524412297,-0.131842676311031,0.112119404658855));
#12237=CARTESIAN_POINT('',(0.3815,0.018,0.0256076951545867));
#12238=CARTESIAN_POINT('',(0.8,0.018,0.0256076951545867));
#12239=CARTESIAN_POINT('',(0.4,0.018,0.0256076951545867));
#12240=CARTESIAN_POINT('',(0.4,0.231772758664048,-0.0978140646055103));
#12241=CARTESIAN_POINT('',(0.8,0.018,0.0256076951545867));
#12242=CARTESIAN_POINT('',(0.8,0.018,0.0256076951545867));
#12243=CARTESIAN_POINT('',(0.3765,0.0179999999999999,0.0256076951545868));
#12244=CARTESIAN_POINT('',(0.3235,0.018,0.0256076951545867));
#12245=CARTESIAN_POINT('',(0.536547433903578,0.195830482115086,-0.077062781564679));
#12246=CARTESIAN_POINT('',(0.3675,0.008,0.031381197846483));
#12247=CARTESIAN_POINT('',(0.8,0.008,0.031381197846483));
#12248=CARTESIAN_POINT('',(0.3325,0.00800000000000001,0.031381197846483));
#12249=CARTESIAN_POINT('',(0.503576982892691,-0.182085536547434,0.141127133541199));
#12250=CARTESIAN_POINT('',(0.8,0.018,0.0256076951545867));
#12251=CARTESIAN_POINT('',(0.8,0.018,0.0256076951545867));
#12252=CARTESIAN_POINT('',(0.3185,0.018,0.0256076951545868));
#12253=CARTESIAN_POINT('',(0.2815,0.018,0.0256076951545867));
#12254=CARTESIAN_POINT('',(0.423855334538879,0.190399638336347,-0.0739272824470977));
#12255=CARTESIAN_POINT('',(0.394951175406872,-0.167647377938517,0.132791258781738));
#12256=CARTESIAN_POINT('',(0.8,0.018,0.0256076951545867));
#12257=CARTESIAN_POINT('',(0.8,0.018,0.0256076951545867));
#12258=CARTESIAN_POINT('',(0.2765,0.018,0.0256076951545868));
#12259=CARTESIAN_POINT('',(0.2235,0.018,0.0256076951545867));
#12260=CARTESIAN_POINT('',(0.47433903576983,0.237821150855366,-0.101306105465332));
#12261=CARTESIAN_POINT('',(0.2675,0.008,0.031381197846483));
#12262=CARTESIAN_POINT('',(0.8,0.008,0.031381197846483));
#12263=CARTESIAN_POINT('',(0.2325,0.00800000000000005,0.031381197846483));
#12264=CARTESIAN_POINT('',(0.441368584758943,-0.224076205287714,0.165370457441852));
#12265=CARTESIAN_POINT('',(0.8,0.018,0.0256076951545867));
#12266=CARTESIAN_POINT('',(0.8,0.018,0.0256076951545867));
#12267=CARTESIAN_POINT('',(0.2185,0.018,0.0256076951545867));
#12268=CARTESIAN_POINT('',(0.1815,0.018,0.0256076951545867));
#12269=CARTESIAN_POINT('',(0.345735985533455,0.226204339963834,-0.0945991365699814));
#12270=CARTESIAN_POINT('',(0.316831826401447,-0.203452079566004,0.153463112904622));
#12271=CARTESIAN_POINT('',(0.8,0.018,0.0256076951545867));
#12272=CARTESIAN_POINT('',(0.8,0.018,0.0256076951545867));
#12273=CARTESIAN_POINT('',(0.1765,0.018,0.0256076951545867));
#12274=CARTESIAN_POINT('',(0.1235,0.018,0.0256076951545867));
#12275=CARTESIAN_POINT('',(0.412130637636081,0.279811819595645,-0.125549429365985));
#12276=CARTESIAN_POINT('',(0.1675,0.008,0.031381197846483));
#12277=CARTESIAN_POINT('',(0.8,0.008,0.031381197846483));
#12278=CARTESIAN_POINT('',(0.1325,0.00799999999999999,0.031381197846483));
#12279=CARTESIAN_POINT('',(0.379160186625195,-0.266066874027994,0.189613781342505));
#12280=CARTESIAN_POINT('',(0.8,0.018,0.0256076951545867));
#12281=CARTESIAN_POINT('',(0.8,0.018,0.0256076951545867));
#12282=CARTESIAN_POINT('',(0.1185,0.018,0.0256076951545867));
#12283=CARTESIAN_POINT('',(0.0814999999999999,0.018,0.0256076951545867));
#12284=CARTESIAN_POINT('',(0.26761663652803,0.262009041591321,-0.115270990692865));
#12285=CARTESIAN_POINT('',(0.238712477396022,-0.23925678119349,0.174134967027505));
#12286=CARTESIAN_POINT('',(0.8,0.018,0.0256076951545867));
#12287=CARTESIAN_POINT('',(0.8,0.018,0.0256076951545867));
#12288=CARTESIAN_POINT('',(0.0764999999999999,0.018,0.0256076951545868));
#12289=CARTESIAN_POINT('',(0.0235,0.018,0.0256076951545867));
#12290=CARTESIAN_POINT('',(0.349922239502333,0.321802488335925,-0.149792753266638));
#12291=CARTESIAN_POINT('',(0.0674999999999999,0.008,0.031381197846483));
#12292=CARTESIAN_POINT('',(0.8,0.008,0.031381197846483));
#12293=CARTESIAN_POINT('',(0.0325,0.00799999999999998,0.031381197846483));
#12294=CARTESIAN_POINT('',(0.316951788491447,-0.308057542768274,0.213857105243158));
#12295=CARTESIAN_POINT('',(0.8,0.018,0.0256076951545867));
#12296=CARTESIAN_POINT('',(0.8,0.018,0.0256076951545867));
#12297=CARTESIAN_POINT('',(0.0185,0.018,0.0256076951545867));
#12298=CARTESIAN_POINT('',(-0.0185,0.018,0.0256076951545867));
#12299=CARTESIAN_POINT('',(0.189497287522605,0.297813743218807,-0.135942844815749));
#12300=CARTESIAN_POINT('',(0.160593128390597,-0.275061482820977,0.194806821150389));
#12301=CARTESIAN_POINT('',(0.8,0.018,0.0256076951545867));
#12302=CARTESIAN_POINT('',(0.8,0.018,0.0256076951545867));
#12303=CARTESIAN_POINT('',(-0.0235000000000001,0.018,0.0256076951545868));
#12304=CARTESIAN_POINT('',(-0.0765,0.018,0.0256076951545867));
#12305=CARTESIAN_POINT('',(0.287713841368585,0.363793157076205,-0.174036077167291));
#12306=CARTESIAN_POINT('',(-0.0325000000000001,0.008,0.031381197846483));
#12307=CARTESIAN_POINT('',(0.8,0.008,0.031381197846483));
#12308=CARTESIAN_POINT('',(-0.0675,0.00800000000000001,0.031381197846483));
#12309=CARTESIAN_POINT('',(0.254743390357699,-0.350048211508554,0.238100429143811));
#12310=CARTESIAN_POINT('',(0.8,0.018,0.0256076951545867));
#12311=CARTESIAN_POINT('',(0.8,0.018,0.0256076951545867));
#12312=CARTESIAN_POINT('',(-0.0814999999999999,0.018,0.0256076951545867));
#12313=CARTESIAN_POINT('',(-0.1185,0.018,0.0256076951545867));
#12314=CARTESIAN_POINT('',(0.111377938517181,0.333618444846294,-0.156614698938632));
#12315=CARTESIAN_POINT('',(0.0824737793851723,-0.310866184448463,0.215478675273272));
#12316=CARTESIAN_POINT('',(0.8,0.018,0.0256076951545867));
#12317=CARTESIAN_POINT('',(0.8,0.018,0.0256076951545867));
#12318=CARTESIAN_POINT('',(-0.1235,0.018,0.0256076951545868));
#12319=CARTESIAN_POINT('',(-0.1765,0.018,0.0256076951545867));
#12320=CARTESIAN_POINT('',(0.225505443234837,0.405783825816485,-0.198279401067944));
#12321=CARTESIAN_POINT('',(-0.1325,0.008,0.031381197846483));
#12322=CARTESIAN_POINT('',(0.8,0.008,0.031381197846483));
#12323=CARTESIAN_POINT('',(-0.1675,0.00800000000000001,0.031381197846483));
#12324=CARTESIAN_POINT('',(0.19253499222395,-0.392038880248833,0.262343753044464));
#12325=CARTESIAN_POINT('',(0.8,0.018,0.0256076951545867));
#12326=CARTESIAN_POINT('',(0.8,0.018,0.0256076951545867));
#12327=CARTESIAN_POINT('',(-0.1815,0.018,0.0256076951545867));
#12328=CARTESIAN_POINT('',(-0.2185,0.018,0.0256076951545867));
#12329=CARTESIAN_POINT('',(0.0332585895117555,0.36942314647378,-0.177286553061516));
#12330=CARTESIAN_POINT('',(0.00435443037974695,-0.346670886075949,0.236150529396156));
#12331=CARTESIAN_POINT('',(0.8,0.018,0.0256076951545867));
#12332=CARTESIAN_POINT('',(0.8,0.018,0.0256076951545867));
#12333=CARTESIAN_POINT('',(-0.2235,0.018,0.0256076951545868));
#12334=CARTESIAN_POINT('',(-0.2765,0.018,0.0256076951545867));
#12335=CARTESIAN_POINT('',(0.16329704510109,0.447774494556765,-0.222522724968597));
#12336=CARTESIAN_POINT('',(-0.2325,0.008,0.031381197846483));
#12337=CARTESIAN_POINT('',(0.8,0.008,0.031381197846483));
#12338=CARTESIAN_POINT('',(-0.2675,0.00800000000000005,0.031381197846483));
#12339=CARTESIAN_POINT('',(0.130326594090204,-0.434029548989114,0.286587076945117));
#12340=CARTESIAN_POINT('',(0.8,0.018,0.0256076951545867));
#12341=CARTESIAN_POINT('',(0.8,0.018,0.0256076951545867));
#12342=CARTESIAN_POINT('',(-0.2815,0.018,0.0256076951545867));
#12343=CARTESIAN_POINT('',(-0.3185,0.018,0.0256076951545867));
#12344=CARTESIAN_POINT('',(-0.0448607594936686,0.405227848101267,-0.1979584071844));
#12345=CARTESIAN_POINT('',(-0.073764918625678,-0.382475587703436,0.256822383519039));
#12346=CARTESIAN_POINT('',(0.8,0.018,0.0256076951545867));
#12347=CARTESIAN_POINT('',(0.8,0.018,0.0256076951545867));
#12348=CARTESIAN_POINT('',(-0.3235,0.0179999999999999,0.0256076951545868));
#12349=CARTESIAN_POINT('',(-0.3765,0.018,0.0256076951545867));
#12350=CARTESIAN_POINT('',(0.101088646967342,0.489765163297045,-0.24676604886925));
#12351=CARTESIAN_POINT('',(-0.3325,0.008,0.031381197846483));
#12352=CARTESIAN_POINT('',(0.8,0.008,0.031381197846483));
#12353=CARTESIAN_POINT('',(-0.3675,0.00800000000000005,0.031381197846483));
#12354=CARTESIAN_POINT('',(0.0681181959564557,-0.476020217729394,0.31083040084577));
#12355=CARTESIAN_POINT('',(0.8,0.018,0.0256076951545867));
#12356=CARTESIAN_POINT('',(0.8,0.018,0.0256076951545867));
#12357=CARTESIAN_POINT('',(-0.3815,0.018,0.0256076951545867));
#12358=CARTESIAN_POINT('',(-0.4,0.018,0.0256076951545867));
#12359=CARTESIAN_POINT('',(-0.122980108499096,0.441032549728752,-0.218630261307282));
#12360=CARTESIAN_POINT('',(-0.4,0.279404155872192,-0.12531406460551));
#12361=CARTESIAN_POINT('',(0.8,-1.73472347597681E-18,-0.036));
#12362=CARTESIAN_POINT('',(0.8,0.018,-0.0256076951545867));
#12363=CARTESIAN_POINT('',(0.4,0.018,-0.0256076951545867));
#12364=CARTESIAN_POINT('',(0.3815,0.018,-0.0256076951545867));
#12365=CARTESIAN_POINT('',(0.481663652802894,-0.145904159132008,-0.120237805550751));
#12366=CARTESIAN_POINT('',(0.4,0.279404155872192,0.12531406460551));
#12367=CARTESIAN_POINT('',(0.8,-1.73472347597681E-18,-0.036));
#12368=CARTESIAN_POINT('',(0.8,0.008,-0.031381197846483));
#12369=CARTESIAN_POINT('',(0.3325,0.00799999999999999,-0.031381197846483));
#12370=CARTESIAN_POINT('',(0.3675,0.008,-0.031381197846483));
#12371=CARTESIAN_POINT('',(0.52646967340591,0.184632970451011,0.0705978951911715));
#12372=CARTESIAN_POINT('',(0.3765,0.018,-0.0256076951545867));
#12373=CARTESIAN_POINT('',(0.8,0.018,-0.0256076951545867));
#12374=CARTESIAN_POINT('',(0.3235,0.018,-0.0256076951545867));
#12375=CARTESIAN_POINT('',(0.513654743390359,-0.193283048211509,-0.147592019914706));
#12376=CARTESIAN_POINT('',(0.8,-1.73472347597681E-18,-0.036));
#12377=CARTESIAN_POINT('',(0.415262206148283,0.176338155515371,0.0658088815552015));
#12378=CARTESIAN_POINT('',(0.3185,0.018,-0.0256076951545867));
#12379=CARTESIAN_POINT('',(0.8,0.018,-0.0256076951545867));
#12380=CARTESIAN_POINT('',(0.2815,0.018,-0.0256076951545867));
#12381=CARTESIAN_POINT('',(0.403544303797469,-0.181708860759494,-0.140909659673634));
#12382=CARTESIAN_POINT('',(0.8,-1.73472347597681E-18,-0.036));
#12383=CARTESIAN_POINT('',(0.8,0.008,-0.031381197846483));
#12384=CARTESIAN_POINT('',(0.2325,0.00799999999999999,-0.031381197846483));
#12385=CARTESIAN_POINT('',(0.2675,0.008,-0.031381197846483));
#12386=CARTESIAN_POINT('',(0.464261275272163,0.226623639191291,0.0948412190918245));
#12387=CARTESIAN_POINT('',(0.2765,0.018,-0.0256076951545868));
#12388=CARTESIAN_POINT('',(0.8,0.018,-0.0256076951545867));
#12389=CARTESIAN_POINT('',(0.2235,0.018,-0.0256076951545867));
#12390=CARTESIAN_POINT('',(0.451446345256611,-0.235273716951789,-0.171835343815359));
#12391=CARTESIAN_POINT('',(0.8,-1.73472347597681E-18,-0.036));
#12392=CARTESIAN_POINT('',(0.337142857142858,0.212142857142858,0.0864807356780852));
#12393=CARTESIAN_POINT('',(0.2185,0.018,-0.0256076951545868));
#12394=CARTESIAN_POINT('',(0.8,0.018,-0.0256076951545867));
#12395=CARTESIAN_POINT('',(0.1815,0.018,-0.0256076951545867));
#12396=CARTESIAN_POINT('',(0.325424954792044,-0.21751356238698,-0.161581513796518));
#12397=CARTESIAN_POINT('',(0.8,-1.73472347597681E-18,-0.036));
#12398=CARTESIAN_POINT('',(0.8,0.008,-0.031381197846483));
#12399=CARTESIAN_POINT('',(0.1325,0.00799999999999998,-0.031381197846483));
#12400=CARTESIAN_POINT('',(0.1675,0.008,-0.031381197846483));
#12401=CARTESIAN_POINT('',(0.402052877138413,0.268614307931571,0.119084542992477));
#12402=CARTESIAN_POINT('',(0.1765,0.018,-0.0256076951545867));
#12403=CARTESIAN_POINT('',(0.8,0.018,-0.0256076951545867));
#12404=CARTESIAN_POINT('',(0.1235,0.018,-0.0256076951545867));
#12405=CARTESIAN_POINT('',(0.389237947122862,-0.277264385692069,-0.196078667716012));
#12406=CARTESIAN_POINT('',(0.8,-1.73472347597681E-18,-0.036));
#12407=CARTESIAN_POINT('',(0.259023508137433,0.247947558770344,0.107152589800969));
#12408=CARTESIAN_POINT('',(0.1185,0.018,-0.0256076951545868));
#12409=CARTESIAN_POINT('',(0.8,0.018,-0.0256076951545867));
#12410=CARTESIAN_POINT('',(0.0814999999999999,0.018,-0.0256076951545867));
#12411=CARTESIAN_POINT('',(0.247305605786619,-0.253318264014467,-0.182253367919401));
#12412=CARTESIAN_POINT('',(0.8,-1.73472347597681E-18,-0.036));
#12413=CARTESIAN_POINT('',(0.8,0.008,-0.031381197846483));
#12414=CARTESIAN_POINT('',(0.0325,0.00800000000000001,-0.031381197846483));
#12415=CARTESIAN_POINT('',(0.0674999999999999,0.008,-0.031381197846483));
#12416=CARTESIAN_POINT('',(0.339844479004666,0.310604976671851,0.143327866893131));
#12417=CARTESIAN_POINT('',(0.0765,0.018,-0.0256076951545867));
#12418=CARTESIAN_POINT('',(0.8,0.018,-0.0256076951545867));
#12419=CARTESIAN_POINT('',(0.0235,0.018,-0.0256076951545867));
#12420=CARTESIAN_POINT('',(0.327029548989114,-0.319255054432348,-0.220321991616665));
#12421=CARTESIAN_POINT('',(0.8,-1.73472347597681E-18,-0.036));
#12422=CARTESIAN_POINT('',(0.180904159132009,0.283752260397831,0.127824443923852));
#12423=CARTESIAN_POINT('',(0.0185000000000001,0.018,-0.0256076951545868));
#12424=CARTESIAN_POINT('',(0.8,0.018,-0.0256076951545867));
#12425=CARTESIAN_POINT('',(-0.0185,0.018,-0.0256076951545867));
#12426=CARTESIAN_POINT('',(0.169186256781194,-0.289122965641953,-0.202925222042285));
#12427=CARTESIAN_POINT('',(0.8,-1.73472347597681E-18,-0.036));
#12428=CARTESIAN_POINT('',(0.8,0.008,-0.031381197846483));
#12429=CARTESIAN_POINT('',(-0.0675,0.00799999999999998,-0.031381197846483));
#12430=CARTESIAN_POINT('',(-0.0325000000000001,0.008,-0.031381197846483));
#12431=CARTESIAN_POINT('',(0.277636080870918,0.352595645412131,0.167571190793784));
#12432=CARTESIAN_POINT('',(-0.0235000000000001,0.018,-0.0256076951545868));
#12433=CARTESIAN_POINT('',(0.8,0.018,-0.0256076951545867));
#12434=CARTESIAN_POINT('',(-0.0765,0.018,-0.0256076951545867));
#12435=CARTESIAN_POINT('',(0.264821150855366,-0.361245723172628,-0.244565315517318));
#12436=CARTESIAN_POINT('',(0.8,-1.73472347597681E-18,-0.036));
#12437=CARTESIAN_POINT('',(0.102784810126584,0.319556962025318,0.148496298046736));
#12438=CARTESIAN_POINT('',(-0.0815,0.018,-0.0256076951545867));
#12439=CARTESIAN_POINT('',(0.8,0.018,-0.0256076951545867));
#12440=CARTESIAN_POINT('',(-0.1185,0.018,-0.0256076951545867));
#12441=CARTESIAN_POINT('',(0.091066907775769,-0.32492766726944,-0.223597076165168));
#12442=CARTESIAN_POINT('',(0.8,-1.73472347597681E-18,-0.036));
#12443=CARTESIAN_POINT('',(0.8,0.008,-0.031381197846483));
#12444=CARTESIAN_POINT('',(-0.1675,0.00800000000000005,-0.0313811978464829));
#12445=CARTESIAN_POINT('',(-0.1325,0.008,-0.031381197846483));
#12446=CARTESIAN_POINT('',(0.21542768273717,0.394586314152411,0.191814514694437));
#12447=CARTESIAN_POINT('',(-0.1235,0.018,-0.0256076951545868));
#12448=CARTESIAN_POINT('',(0.8,0.018,-0.0256076951545867));
#12449=CARTESIAN_POINT('',(-0.1765,0.018,-0.0256076951545867));
#12450=CARTESIAN_POINT('',(0.202612752721617,-0.403236391912908,-0.268808639417971));
#12451=CARTESIAN_POINT('',(0.8,-1.73472347597681E-18,-0.036));
#12452=CARTESIAN_POINT('',(0.0246654611211589,0.355361663652804,0.16916815216962));
#12453=CARTESIAN_POINT('',(-0.1815,0.018,-0.0256076951545868));
#12454=CARTESIAN_POINT('',(0.8,0.018,-0.0256076951545867));
#12455=CARTESIAN_POINT('',(-0.2185,0.018,-0.0256076951545867));
#12456=CARTESIAN_POINT('',(0.0129475587703438,-0.360732368896926,-0.244268930288052));
#12457=CARTESIAN_POINT('',(0.8,-1.73472347597681E-18,-0.036));
#12458=CARTESIAN_POINT('',(0.8,0.008,-0.031381197846483));
#12459=CARTESIAN_POINT('',(-0.2675,0.00799999999999998,-0.031381197846483));
#12460=CARTESIAN_POINT('',(-0.2325,0.008,-0.031381197846483));
#12461=CARTESIAN_POINT('',(0.153219284603423,0.436576982892691,0.21605783859509));
#12462=CARTESIAN_POINT('',(-0.2235,0.018,-0.0256076951545867));
#12463=CARTESIAN_POINT('',(0.8,0.018,-0.0256076951545867));
#12464=CARTESIAN_POINT('',(-0.2765,0.018,-0.0256076951545867));
#12465=CARTESIAN_POINT('',(0.140404354587871,-0.445227060653189,-0.293051963318624));
#12466=CARTESIAN_POINT('',(0.8,-1.73472347597681E-18,-0.036));
#12467=CARTESIAN_POINT('',(-0.0534538878842653,0.391166365280291,0.189840006292503));
#12468=CARTESIAN_POINT('',(-0.2815,0.018,-0.0256076951545868));
#12469=CARTESIAN_POINT('',(0.8,0.018,-0.0256076951545867));
#12470=CARTESIAN_POINT('',(-0.3185,0.018,-0.0256076951545867));
#12471=CARTESIAN_POINT('',(-0.0651717902350811,-0.396537070524412,-0.264940784410935));
#12472=CARTESIAN_POINT('',(0.8,-1.73472347597681E-18,-0.036));
#12473=CARTESIAN_POINT('',(0.8,0.008,-0.031381197846483));
#12474=CARTESIAN_POINT('',(-0.3675,0.00800000000000001,-0.031381197846483));
#12475=CARTESIAN_POINT('',(-0.3325,0.008,-0.031381197846483));
#12476=CARTESIAN_POINT('',(0.091010886469675,0.478567651632971,0.240301162495743));
#12477=CARTESIAN_POINT('',(-0.3235,0.018,-0.0256076951545868));
#12478=CARTESIAN_POINT('',(0.8,0.018,-0.0256076951545867));
#12479=CARTESIAN_POINT('',(-0.3765,0.018,-0.0256076951545867));
#12480=CARTESIAN_POINT('',(0.0781959564541231,-0.487217729393468,-0.317295287219277));
#12481=CARTESIAN_POINT('',(0.8,-1.73472347597681E-18,-0.036));
#12482=CARTESIAN_POINT('',(-0.131573236889693,0.426971066907775,0.210511860415386));
#12483=CARTESIAN_POINT('',(-0.3815,0.018,-0.0256076951545868));
#12484=CARTESIAN_POINT('',(0.8,0.018,-0.0256076951545867));
#12485=CARTESIAN_POINT('',(-0.4,0.018,-0.0256076951545867));
#12486=CARTESIAN_POINT('',(-0.4,0.231772758664048,0.0978140646055102));
#12487=CARTESIAN_POINT('',(-0.4,0.32,-0.055));
#12488=CARTESIAN_POINT('',(-0.4,0.32,-0.055));
#12489=CARTESIAN_POINT('',(-0.4,0.018,-0.055));
#12490=CARTESIAN_POINT('',(0.3675,0.32,-0.0175));
#12491=CARTESIAN_POINT('',(0.3325,0.32,-0.0175));
#12492=CARTESIAN_POINT('',(0.3325,0.32,-0.0175));
#12493=CARTESIAN_POINT('',(0.3325,0.018,-0.0175));
#12494=CARTESIAN_POINT('',(0.3675,0.018,-0.0175));
#12495=CARTESIAN_POINT('',(0.3675,0.018,-0.0175));
#12496=CARTESIAN_POINT('',(0.3675,0.32,-0.0175));
#12497=CARTESIAN_POINT('',(0.3675,0.32,-0.0175));
#12498=CARTESIAN_POINT('',(0.3675,0.32,-0.0175));
#12499=CARTESIAN_POINT('',(0.3675,0.32,0.0175));
#12500=CARTESIAN_POINT('',(0.3675,0.018,0.0175));
#12501=CARTESIAN_POINT('',(0.3675,0.018,0.0175));
#12502=CARTESIAN_POINT('',(0.3675,0.32,0.0175));
#12503=CARTESIAN_POINT('',(0.3675,0.32,0.0175));
#12504=CARTESIAN_POINT('',(0.3675,0.32,0.0175));
#12505=CARTESIAN_POINT('',(0.3325,0.32,0.0175));
#12506=CARTESIAN_POINT('',(0.3325,0.018,0.0175));
#12507=CARTESIAN_POINT('',(0.3325,0.018,0.0175));
#12508=CARTESIAN_POINT('',(0.3325,0.32,0.0175));
#12509=CARTESIAN_POINT('',(0.3325,0.32,0.0175));
#12510=CARTESIAN_POINT('',(0.3325,0.32,0.0175));
#12511=CARTESIAN_POINT('',(0.2675,0.32,-0.0175));
#12512=CARTESIAN_POINT('',(0.2325,0.32,-0.0175));
#12513=CARTESIAN_POINT('',(0.2325,0.32,-0.0175));
#12514=CARTESIAN_POINT('',(0.2325,0.018,-0.0175));
#12515=CARTESIAN_POINT('',(0.2675,0.018,-0.0175));
#12516=CARTESIAN_POINT('',(0.2675,0.018,-0.0175));
#12517=CARTESIAN_POINT('',(0.2675,0.32,-0.0175));
#12518=CARTESIAN_POINT('',(0.2675,0.32,-0.0175));
#12519=CARTESIAN_POINT('',(0.2675,0.32,-0.0175));
#12520=CARTESIAN_POINT('',(0.2675,0.32,0.0175));
#12521=CARTESIAN_POINT('',(0.2675,0.018,0.0175));
#12522=CARTESIAN_POINT('',(0.2675,0.018,0.0175));
#12523=CARTESIAN_POINT('',(0.2675,0.32,0.0175));
#12524=CARTESIAN_POINT('',(0.2675,0.32,0.0175));
#12525=CARTESIAN_POINT('',(0.2675,0.32,0.0175));
#12526=CARTESIAN_POINT('',(0.2325,0.32,0.0175));
#12527=CARTESIAN_POINT('',(0.2325,0.018,0.0175));
#12528=CARTESIAN_POINT('',(0.2325,0.018,0.0175));
#12529=CARTESIAN_POINT('',(0.2325,0.32,0.0175));
#12530=CARTESIAN_POINT('',(0.2325,0.32,0.0175));
#12531=CARTESIAN_POINT('',(0.2325,0.32,0.0175));
#12532=CARTESIAN_POINT('',(0.1675,0.32,-0.0175));
#12533=CARTESIAN_POINT('',(0.1325,0.32,-0.0175));
#12534=CARTESIAN_POINT('',(0.1325,0.32,-0.0175));
#12535=CARTESIAN_POINT('',(0.1325,0.018,-0.0175));
#12536=CARTESIAN_POINT('',(0.1675,0.018,-0.0175));
#12537=CARTESIAN_POINT('',(0.1675,0.018,-0.0175));
#12538=CARTESIAN_POINT('',(0.1675,0.32,-0.0175));
#12539=CARTESIAN_POINT('',(0.1675,0.32,-0.0175));
#12540=CARTESIAN_POINT('',(0.1675,0.32,-0.0175));
#12541=CARTESIAN_POINT('',(0.1675,0.32,0.0175));
#12542=CARTESIAN_POINT('',(0.1675,0.018,0.0175));
#12543=CARTESIAN_POINT('',(0.1675,0.018,0.0175));
#12544=CARTESIAN_POINT('',(0.1675,0.32,0.0175));
#12545=CARTESIAN_POINT('',(0.1675,0.32,0.0175));
#12546=CARTESIAN_POINT('',(0.1675,0.32,0.0175));
#12547=CARTESIAN_POINT('',(0.1325,0.32,0.0175));
#12548=CARTESIAN_POINT('',(0.1325,0.018,0.0175));
#12549=CARTESIAN_POINT('',(0.1325,0.018,0.0175));
#12550=CARTESIAN_POINT('',(0.1325,0.32,0.0175));
#12551=CARTESIAN_POINT('',(0.1325,0.32,0.0175));
#12552=CARTESIAN_POINT('',(0.1325,0.32,0.0175));
#12553=CARTESIAN_POINT('',(0.0675,0.32,-0.0175));
#12554=CARTESIAN_POINT('',(0.0324999999999999,0.32,-0.0175));
#12555=CARTESIAN_POINT('',(0.0324999999999999,0.32,-0.0175));
#12556=CARTESIAN_POINT('',(0.0324999999999999,0.018,-0.0175));
#12557=CARTESIAN_POINT('',(0.0675,0.018,-0.0175));
#12558=CARTESIAN_POINT('',(0.0675,0.018,-0.0175));
#12559=CARTESIAN_POINT('',(0.0675,0.32,-0.0175));
#12560=CARTESIAN_POINT('',(0.0675,0.32,-0.0175));
#12561=CARTESIAN_POINT('',(0.0675,0.32,-0.0175));
#12562=CARTESIAN_POINT('',(0.0675,0.32,0.0175));
#12563=CARTESIAN_POINT('',(0.0675,0.018,0.0175));
#12564=CARTESIAN_POINT('',(0.0675,0.018,0.0175));
#12565=CARTESIAN_POINT('',(0.0675,0.32,0.0175));
#12566=CARTESIAN_POINT('',(0.0675,0.32,0.0175));
#12567=CARTESIAN_POINT('',(0.0675,0.32,0.0175));
#12568=CARTESIAN_POINT('',(0.0324999999999999,0.32,0.0175));
#12569=CARTESIAN_POINT('',(0.0324999999999999,0.018,0.0175));
#12570=CARTESIAN_POINT('',(0.0324999999999999,0.018,0.0175));
#12571=CARTESIAN_POINT('',(0.0324999999999999,0.32,0.0175));
#12572=CARTESIAN_POINT('',(0.0324999999999999,0.32,0.0175));
#12573=CARTESIAN_POINT('',(0.0324999999999999,0.32,0.0175));
#12574=CARTESIAN_POINT('',(-0.0325,0.32,-0.0175));
#12575=CARTESIAN_POINT('',(-0.0675000000000001,0.32,-0.0175));
#12576=CARTESIAN_POINT('',(-0.0675000000000001,0.32,-0.0175));
#12577=CARTESIAN_POINT('',(-0.0675000000000001,0.018,-0.0175));
#12578=CARTESIAN_POINT('',(-0.0325,0.018,-0.0175));
#12579=CARTESIAN_POINT('',(-0.0325,0.018,-0.0175));
#12580=CARTESIAN_POINT('',(-0.0325,0.32,-0.0175));
#12581=CARTESIAN_POINT('',(-0.0325,0.32,-0.0175));
#12582=CARTESIAN_POINT('',(-0.0325,0.32,-0.0175));
#12583=CARTESIAN_POINT('',(-0.0325,0.32,0.0175));
#12584=CARTESIAN_POINT('',(-0.0325,0.018,0.0175));
#12585=CARTESIAN_POINT('',(-0.0325,0.018,0.0175));
#12586=CARTESIAN_POINT('',(-0.0325,0.32,0.0175));
#12587=CARTESIAN_POINT('',(-0.0325,0.32,0.0175));
#12588=CARTESIAN_POINT('',(-0.0325,0.32,0.0175));
#12589=CARTESIAN_POINT('',(-0.0675000000000001,0.32,0.0175));
#12590=CARTESIAN_POINT('',(-0.0675000000000001,0.018,0.0175));
#12591=CARTESIAN_POINT('',(-0.0675000000000001,0.018,0.0175));
#12592=CARTESIAN_POINT('',(-0.0675000000000001,0.32,0.0175));
#12593=CARTESIAN_POINT('',(-0.0675000000000001,0.32,0.0175));
#12594=CARTESIAN_POINT('',(-0.0675000000000001,0.32,0.0175));
#12595=CARTESIAN_POINT('',(-0.1325,0.32,-0.0175));
#12596=CARTESIAN_POINT('',(-0.1675,0.32,-0.0175));
#12597=CARTESIAN_POINT('',(-0.1675,0.32,-0.0175));
#12598=CARTESIAN_POINT('',(-0.1675,0.018,-0.0175));
#12599=CARTESIAN_POINT('',(-0.1325,0.018,-0.0175));
#12600=CARTESIAN_POINT('',(-0.1325,0.018,-0.0175));
#12601=CARTESIAN_POINT('',(-0.1325,0.32,-0.0175));
#12602=CARTESIAN_POINT('',(-0.1325,0.32,-0.0175));
#12603=CARTESIAN_POINT('',(-0.1325,0.32,-0.0175));
#12604=CARTESIAN_POINT('',(-0.1325,0.32,0.0175));
#12605=CARTESIAN_POINT('',(-0.1325,0.018,0.0175));
#12606=CARTESIAN_POINT('',(-0.1325,0.018,0.0175));
#12607=CARTESIAN_POINT('',(-0.1325,0.32,0.0175));
#12608=CARTESIAN_POINT('',(-0.1325,0.32,0.0175));
#12609=CARTESIAN_POINT('',(-0.1325,0.32,0.0175));
#12610=CARTESIAN_POINT('',(-0.1675,0.32,0.0175));
#12611=CARTESIAN_POINT('',(-0.1675,0.018,0.0175));
#12612=CARTESIAN_POINT('',(-0.1675,0.018,0.0175));
#12613=CARTESIAN_POINT('',(-0.1675,0.32,0.0175));
#12614=CARTESIAN_POINT('',(-0.1675,0.32,0.0175));
#12615=CARTESIAN_POINT('',(-0.1675,0.32,0.0175));
#12616=CARTESIAN_POINT('',(-0.2325,0.32,-0.0175));
#12617=CARTESIAN_POINT('',(-0.2675,0.32,-0.0175));
#12618=CARTESIAN_POINT('',(-0.2675,0.32,-0.0175));
#12619=CARTESIAN_POINT('',(-0.2675,0.018,-0.0175));
#12620=CARTESIAN_POINT('',(-0.2325,0.018,-0.0175));
#12621=CARTESIAN_POINT('',(-0.2325,0.018,-0.0175));
#12622=CARTESIAN_POINT('',(-0.2325,0.32,-0.0175));
#12623=CARTESIAN_POINT('',(-0.2325,0.32,-0.0175));
#12624=CARTESIAN_POINT('',(-0.2325,0.32,-0.0175));
#12625=CARTESIAN_POINT('',(-0.2325,0.32,0.0175));
#12626=CARTESIAN_POINT('',(-0.2325,0.018,0.0175));
#12627=CARTESIAN_POINT('',(-0.2325,0.018,0.0175));
#12628=CARTESIAN_POINT('',(-0.2325,0.32,0.0175));
#12629=CARTESIAN_POINT('',(-0.2325,0.32,0.0175));
#12630=CARTESIAN_POINT('',(-0.2325,0.32,0.0175));
#12631=CARTESIAN_POINT('',(-0.2675,0.32,0.0175));
#12632=CARTESIAN_POINT('',(-0.2675,0.018,0.0175));
#12633=CARTESIAN_POINT('',(-0.2675,0.018,0.0175));
#12634=CARTESIAN_POINT('',(-0.2675,0.32,0.0175));
#12635=CARTESIAN_POINT('',(-0.2675,0.32,0.0175));
#12636=CARTESIAN_POINT('',(-0.2675,0.32,0.0175));
#12637=CARTESIAN_POINT('',(-0.3325,0.32,-0.0175));
#12638=CARTESIAN_POINT('',(-0.3675,0.32,-0.0175));
#12639=CARTESIAN_POINT('',(-0.3675,0.32,-0.0175));
#12640=CARTESIAN_POINT('',(-0.3675,0.018,-0.0175));
#12641=CARTESIAN_POINT('',(-0.3325,0.018,-0.0175));
#12642=CARTESIAN_POINT('',(-0.3325,0.018,-0.0175));
#12643=CARTESIAN_POINT('',(-0.3325,0.32,-0.0175));
#12644=CARTESIAN_POINT('',(-0.3325,0.32,-0.0175));
#12645=CARTESIAN_POINT('',(-0.3325,0.32,-0.0175));
#12646=CARTESIAN_POINT('',(-0.3325,0.32,0.0175));
#12647=CARTESIAN_POINT('',(-0.3325,0.018,0.0175));
#12648=CARTESIAN_POINT('',(-0.3325,0.018,0.0175));
#12649=CARTESIAN_POINT('',(-0.3325,0.32,0.0175));
#12650=CARTESIAN_POINT('',(-0.3325,0.32,0.0175));
#12651=CARTESIAN_POINT('',(-0.3325,0.32,0.0175));
#12652=CARTESIAN_POINT('',(-0.3675,0.32,0.0175));
#12653=CARTESIAN_POINT('',(-0.3675,0.018,0.0175));
#12654=CARTESIAN_POINT('',(-0.3675,0.018,0.0175));
#12655=CARTESIAN_POINT('',(-0.3675,0.32,0.0175));
#12656=CARTESIAN_POINT('',(-0.3675,0.32,0.0175));
#12657=CARTESIAN_POINT('',(-0.3675,0.32,0.0175));
#12658=CARTESIAN_POINT('',(0.3325,0.32,-0.0175));
#12659=CARTESIAN_POINT('',(0.3325,0.018,-0.0175));
#12660=CARTESIAN_POINT('',(0.3325,0.32,-0.0175));
#12661=CARTESIAN_POINT('',(0.2325,0.32,-0.0175));
#12662=CARTESIAN_POINT('',(0.2325,0.018,-0.0175));
#12663=CARTESIAN_POINT('',(0.2325,0.32,-0.0175));
#12664=CARTESIAN_POINT('',(0.1325,0.32,-0.0175));
#12665=CARTESIAN_POINT('',(0.1325,0.018,-0.0175));
#12666=CARTESIAN_POINT('',(0.1325,0.32,-0.0175));
#12667=CARTESIAN_POINT('',(0.0324999999999999,0.32,-0.0175));
#12668=CARTESIAN_POINT('',(0.0324999999999999,0.018,-0.0175));
#12669=CARTESIAN_POINT('',(0.0324999999999999,0.32,-0.0175));
#12670=CARTESIAN_POINT('',(-0.0675000000000001,0.32,-0.0175));
#12671=CARTESIAN_POINT('',(-0.0675000000000001,0.018,-0.0175));
#12672=CARTESIAN_POINT('',(-0.0675000000000001,0.32,-0.0175));
#12673=CARTESIAN_POINT('',(-0.1675,0.32,-0.0175));
#12674=CARTESIAN_POINT('',(-0.1675,0.018,-0.0175));
#12675=CARTESIAN_POINT('',(-0.1675,0.32,-0.0175));
#12676=CARTESIAN_POINT('',(-0.2675,0.32,-0.0175));
#12677=CARTESIAN_POINT('',(-0.2675,0.018,-0.0175));
#12678=CARTESIAN_POINT('',(-0.2675,0.32,-0.0175));
#12679=CARTESIAN_POINT('',(-0.3675,0.32,-0.0175));
#12680=CARTESIAN_POINT('',(-0.3675,0.018,-0.0175));
#12681=CARTESIAN_POINT('',(-0.3675,0.32,-0.0175));
#12682=CARTESIAN_POINT('',(0.4,0.32,0.055));
#12683=CARTESIAN_POINT('',(0.4,0.018,0.055));
#12684=CARTESIAN_POINT('',(0.4,0.32,0.055));
#12685=CARTESIAN_POINT('',(0.,0.32,0.));
#12686=CARTESIAN_POINT('',(0.,0.32,0.02));
#12687=CARTESIAN_POINT('',(-0.2075,0.32,0.02));
#12688=CARTESIAN_POINT('',(-0.1925,0.32,0.02));
#12689=CARTESIAN_POINT('',(-0.2075,0.32,0.02));
#12690=CARTESIAN_POINT('',(-0.2075,0.32,-0.02));
#12691=CARTESIAN_POINT('',(0.,0.32,-0.02));
#12692=CARTESIAN_POINT('',(-0.1925,0.32,-0.02));
#12693=CARTESIAN_POINT('',(-0.1925,0.32,0.02));
#12694=CARTESIAN_POINT('',(0.,0.32,0.02));
#12695=CARTESIAN_POINT('',(-0.1075,0.32,0.02));
#12696=CARTESIAN_POINT('',(-0.0925,0.32,0.02));
#12697=CARTESIAN_POINT('',(-0.1075,0.32,0.02));
#12698=CARTESIAN_POINT('',(-0.1075,0.32,-0.02));
#12699=CARTESIAN_POINT('',(0.,0.32,-0.02));
#12700=CARTESIAN_POINT('',(-0.0925,0.32,-0.02));
#12701=CARTESIAN_POINT('',(-0.0925,0.32,0.02));
#12702=CARTESIAN_POINT('',(0.,0.32,0.02));
#12703=CARTESIAN_POINT('',(-0.00749999999999997,0.32,0.02));
#12704=CARTESIAN_POINT('',(0.00750000000000003,0.32,0.02));
#12705=CARTESIAN_POINT('',(-0.00749999999999997,0.32,0.02));
#12706=CARTESIAN_POINT('',(-0.00749999999999997,0.32,-0.02));
#12707=CARTESIAN_POINT('',(0.,0.32,-0.02));
#12708=CARTESIAN_POINT('',(0.00750000000000003,0.32,-0.02));
#12709=CARTESIAN_POINT('',(0.00750000000000003,0.32,0.02));
#12710=CARTESIAN_POINT('',(0.,0.32,0.02));
#12711=CARTESIAN_POINT('',(0.0925,0.32,0.02));
#12712=CARTESIAN_POINT('',(0.1075,0.32,0.02));
#12713=CARTESIAN_POINT('',(0.0925,0.32,0.02));
#12714=CARTESIAN_POINT('',(0.0925,0.32,-0.02));
#12715=CARTESIAN_POINT('',(0.,0.32,-0.02));
#12716=CARTESIAN_POINT('',(0.1075,0.32,-0.02));
#12717=CARTESIAN_POINT('',(0.1075,0.32,0.02));
#12718=CARTESIAN_POINT('',(0.,0.32,0.02));
#12719=CARTESIAN_POINT('',(0.1925,0.32,0.02));
#12720=CARTESIAN_POINT('',(0.2075,0.32,0.02));
#12721=CARTESIAN_POINT('',(0.1925,0.32,0.02));
#12722=CARTESIAN_POINT('',(0.1925,0.32,-0.02));
#12723=CARTESIAN_POINT('',(0.,0.32,-0.02));
#12724=CARTESIAN_POINT('',(0.2075,0.32,-0.02));
#12725=CARTESIAN_POINT('',(0.2075,0.32,0.02));
#12726=CARTESIAN_POINT('',(0.,0.32,0.02));
#12727=CARTESIAN_POINT('',(0.2925,0.32,0.02));
#12728=CARTESIAN_POINT('',(0.3075,0.32,0.02));
#12729=CARTESIAN_POINT('',(0.2925,0.32,0.02));
#12730=CARTESIAN_POINT('',(0.2925,0.32,-0.02));
#12731=CARTESIAN_POINT('',(0.,0.32,-0.02));
#12732=CARTESIAN_POINT('',(0.3075,0.32,-0.02));
#12733=CARTESIAN_POINT('',(0.3075,0.32,0.));
#12734=CARTESIAN_POINT('',(0.,0.32,0.02));
#12735=CARTESIAN_POINT('',(-0.3075,0.32,0.02));
#12736=CARTESIAN_POINT('',(-0.2925,0.32,0.02));
#12737=CARTESIAN_POINT('',(-0.3075,0.32,0.));
#12738=CARTESIAN_POINT('',(-0.3075,0.32,-0.02));
#12739=CARTESIAN_POINT('',(0.,0.32,-0.02));
#12740=CARTESIAN_POINT('',(-0.2925,0.32,-0.02));
#12741=CARTESIAN_POINT('',(-0.2925,0.32,0.02));
#12742=CARTESIAN_POINT('',(0.8,0.018,-0.0256076951545867));
#12743=CARTESIAN_POINT('',(-0.3765,0.018,0.1));
#12744=CARTESIAN_POINT('',(-0.3235,0.018,0.1));
#12745=CARTESIAN_POINT('',(-0.3185,0.018,0.1));
#12746=CARTESIAN_POINT('',(-0.2815,0.018,0.1));
#12747=CARTESIAN_POINT('',(-0.2765,0.018,0.1));
#12748=CARTESIAN_POINT('',(-0.2235,0.018,0.1));
#12749=CARTESIAN_POINT('',(-0.2185,0.018,0.1));
#12750=CARTESIAN_POINT('',(-0.1815,0.018,0.1));
#12751=CARTESIAN_POINT('',(-0.1765,0.018,0.1));
#12752=CARTESIAN_POINT('',(-0.1235,0.018,0.1));
#12753=CARTESIAN_POINT('',(-0.1185,0.018,0.1));
#12754=CARTESIAN_POINT('',(-0.0814999999999999,0.018,0.1));
#12755=CARTESIAN_POINT('',(-0.0765,0.018,0.1));
#12756=CARTESIAN_POINT('',(-0.0235,0.018,0.1));
#12757=CARTESIAN_POINT('',(-0.0185,0.018,0.1));
#12758=CARTESIAN_POINT('',(0.0185,0.018,0.1));
#12759=CARTESIAN_POINT('',(0.0235,0.018,0.1));
#12760=CARTESIAN_POINT('',(0.0765,0.018,0.1));
#12761=CARTESIAN_POINT('',(0.0814999999999999,0.018,0.1));
#12762=CARTESIAN_POINT('',(0.1185,0.018,0.1));
#12763=CARTESIAN_POINT('',(0.1235,0.018,0.1));
#12764=CARTESIAN_POINT('',(0.1765,0.018,0.1));
#12765=CARTESIAN_POINT('',(0.1815,0.018,0.1));
#12766=CARTESIAN_POINT('',(0.2185,0.018,0.1));
#12767=CARTESIAN_POINT('',(0.2235,0.018,0.1));
#12768=CARTESIAN_POINT('',(0.2765,0.018,0.1));
#12769=CARTESIAN_POINT('',(0.2815,0.018,0.1));
#12770=CARTESIAN_POINT('',(0.3185,0.018,0.1));
#12771=CARTESIAN_POINT('',(0.3235,0.018,0.1));
#12772=CARTESIAN_POINT('',(0.3765,0.018,0.1));
#12773=CARTESIAN_POINT('',(0.3815,0.018,0.1));
#12774=CARTESIAN_POINT('',(0.3815,0.018,0.1));
#12775=CARTESIAN_POINT('',(0.3765,0.018,0.1));
#12776=CARTESIAN_POINT('',(0.3235,0.018,0.1));
#12777=CARTESIAN_POINT('',(0.3185,0.018,0.1));
#12778=CARTESIAN_POINT('',(0.2815,0.018,0.1));
#12779=CARTESIAN_POINT('',(0.2765,0.018,0.1));
#12780=CARTESIAN_POINT('',(0.2235,0.018,0.1));
#12781=CARTESIAN_POINT('',(0.2185,0.018,0.1));
#12782=CARTESIAN_POINT('',(0.1815,0.018,0.1));
#12783=CARTESIAN_POINT('',(0.1765,0.018,0.1));
#12784=CARTESIAN_POINT('',(0.1235,0.018,0.1));
#12785=CARTESIAN_POINT('',(0.1185,0.018,0.1));
#12786=CARTESIAN_POINT('',(0.0814999999999999,0.018,0.1));
#12787=CARTESIAN_POINT('',(0.0765,0.018,0.1));
#12788=CARTESIAN_POINT('',(0.0235,0.018,0.1));
#12789=CARTESIAN_POINT('',(0.0185,0.018,0.1));
#12790=CARTESIAN_POINT('',(-0.0185,0.018,0.1));
#12791=CARTESIAN_POINT('',(-0.0235,0.018,0.1));
#12792=CARTESIAN_POINT('',(-0.0765,0.018,0.1));
#12793=CARTESIAN_POINT('',(-0.0814999999999999,0.018,0.1));
#12794=CARTESIAN_POINT('',(-0.1185,0.018,0.1));
#12795=CARTESIAN_POINT('',(-0.1235,0.018,0.1));
#12796=CARTESIAN_POINT('',(-0.1765,0.018,0.1));
#12797=CARTESIAN_POINT('',(-0.1815,0.018,0.1));
#12798=CARTESIAN_POINT('',(-0.2185,0.018,0.1));
#12799=CARTESIAN_POINT('',(-0.2235,0.018,0.1));
#12800=CARTESIAN_POINT('',(-0.2765,0.018,0.1));
#12801=CARTESIAN_POINT('',(-0.2815,0.018,0.1));
#12802=CARTESIAN_POINT('',(-0.3185,0.018,0.1));
#12803=CARTESIAN_POINT('',(-0.3235,0.018,0.1));
#12804=CARTESIAN_POINT('',(-0.3765,0.018,0.1));
#12805=CARTESIAN_POINT('',(-0.3815,0.018,0.1));
#12806=CARTESIAN_POINT('',(-0.3815,0.018,0.1));
#12807=CARTESIAN_POINT('',(-0.3815,0.018,0.1));
#12808=CARTESIAN_POINT('',(-0.3675,0.008,0.1));
#12809=CARTESIAN_POINT('',(-0.3675,0.008,0.1));
#12810=CARTESIAN_POINT('',(-0.3325,0.008,0.1));
#12811=CARTESIAN_POINT('',(-0.3325,0.008,0.1));
#12812=CARTESIAN_POINT('',(-0.3235,0.018,0.1));
#12813=CARTESIAN_POINT('',(-0.301388888888889,-0.01,0.1));
#12814=CARTESIAN_POINT('',(-0.2815,0.018,0.1));
#12815=CARTESIAN_POINT('',(-0.2675,0.008,0.1));
#12816=CARTESIAN_POINT('',(-0.2675,0.008,0.1));
#12817=CARTESIAN_POINT('',(-0.2325,0.008,0.1));
#12818=CARTESIAN_POINT('',(-0.2325,0.008,0.1));
#12819=CARTESIAN_POINT('',(-0.2235,0.018,0.1));
#12820=CARTESIAN_POINT('',(-0.201388888888889,-0.01,0.1));
#12821=CARTESIAN_POINT('',(-0.1815,0.018,0.1));
#12822=CARTESIAN_POINT('',(-0.1675,0.008,0.1));
#12823=CARTESIAN_POINT('',(-0.1675,0.008,0.1));
#12824=CARTESIAN_POINT('',(-0.1325,0.008,0.1));
#12825=CARTESIAN_POINT('',(-0.1325,0.008,0.1));
#12826=CARTESIAN_POINT('',(-0.1235,0.018,0.1));
#12827=CARTESIAN_POINT('',(-0.101388888888889,-0.01,0.1));
#12828=CARTESIAN_POINT('',(-0.0814999999999999,0.018,0.1));
#12829=CARTESIAN_POINT('',(-0.0674999999999999,0.008,0.1));
#12830=CARTESIAN_POINT('',(-0.0674999999999999,0.008,0.1));
#12831=CARTESIAN_POINT('',(-0.0325000000000001,0.008,0.1));
#12832=CARTESIAN_POINT('',(-0.0325000000000001,0.008,0.1));
#12833=CARTESIAN_POINT('',(-0.0235,0.018,0.1));
#12834=CARTESIAN_POINT('',(-0.00138888888888891,-0.01,0.1));
#12835=CARTESIAN_POINT('',(0.0185,0.018,0.1));
#12836=CARTESIAN_POINT('',(0.0325000000000001,0.008,0.1));
#12837=CARTESIAN_POINT('',(0.0325000000000001,0.008,0.1));
#12838=CARTESIAN_POINT('',(0.0674999999999999,0.008,0.1));
#12839=CARTESIAN_POINT('',(0.0674999999999999,0.008,0.1));
#12840=CARTESIAN_POINT('',(0.0765,0.018,0.1));
#12841=CARTESIAN_POINT('',(0.0986111111111111,-0.01,0.1));
#12842=CARTESIAN_POINT('',(0.1185,0.018,0.1));
#12843=CARTESIAN_POINT('',(0.1325,0.008,0.1));
#12844=CARTESIAN_POINT('',(0.1325,0.008,0.1));
#12845=CARTESIAN_POINT('',(0.1675,0.008,0.1));
#12846=CARTESIAN_POINT('',(0.1675,0.008,0.1));
#12847=CARTESIAN_POINT('',(0.1765,0.018,0.1));
#12848=CARTESIAN_POINT('',(0.198611111111111,-0.01,0.1));
#12849=CARTESIAN_POINT('',(0.2185,0.018,0.1));
#12850=CARTESIAN_POINT('',(0.2325,0.008,0.1));
#12851=CARTESIAN_POINT('',(0.2325,0.008,0.1));
#12852=CARTESIAN_POINT('',(0.2675,0.008,0.1));
#12853=CARTESIAN_POINT('',(0.2675,0.008,0.1));
#12854=CARTESIAN_POINT('',(0.2765,0.018,0.1));
#12855=CARTESIAN_POINT('',(0.298611111111111,-0.01,0.1));
#12856=CARTESIAN_POINT('',(0.3185,0.018,0.1));
#12857=CARTESIAN_POINT('',(0.3325,0.008,0.1));
#12858=CARTESIAN_POINT('',(0.3325,0.008,0.1));
#12859=CARTESIAN_POINT('',(0.3675,0.008,0.1));
#12860=CARTESIAN_POINT('',(0.3675,0.008,0.1));
#12861=CARTESIAN_POINT('',(0.3765,0.018,0.1));
#12862=CARTESIAN_POINT('',(0.398611111111111,-0.01,0.1));
#12863=CARTESIAN_POINT('',(-0.3815,0.018,0.1));
#12864=CARTESIAN_POINT('',(-0.3675,0.008,0.1));
#12865=CARTESIAN_POINT('',(-0.3675,0.008,0.1));
#12866=CARTESIAN_POINT('',(-0.3325,0.008,0.1));
#12867=CARTESIAN_POINT('',(-0.3325,0.008,0.1));
#12868=CARTESIAN_POINT('',(-0.3235,0.018,0.1));
#12869=CARTESIAN_POINT('',(-0.301388888888889,-0.01,0.1));
#12870=CARTESIAN_POINT('',(-0.2815,0.018,0.1));
#12871=CARTESIAN_POINT('',(-0.2675,0.008,0.1));
#12872=CARTESIAN_POINT('',(-0.2675,0.008,0.1));
#12873=CARTESIAN_POINT('',(-0.2325,0.008,0.1));
#12874=CARTESIAN_POINT('',(-0.2325,0.008,0.1));
#12875=CARTESIAN_POINT('',(-0.2235,0.018,0.1));
#12876=CARTESIAN_POINT('',(-0.201388888888889,-0.01,0.1));
#12877=CARTESIAN_POINT('',(-0.1815,0.018,0.1));
#12878=CARTESIAN_POINT('',(-0.1675,0.008,0.1));
#12879=CARTESIAN_POINT('',(-0.1675,0.008,0.1));
#12880=CARTESIAN_POINT('',(-0.1325,0.008,0.1));
#12881=CARTESIAN_POINT('',(-0.1325,0.008,0.1));
#12882=CARTESIAN_POINT('',(-0.1235,0.018,0.1));
#12883=CARTESIAN_POINT('',(-0.101388888888889,-0.01,0.1));
#12884=CARTESIAN_POINT('',(-0.0814999999999999,0.018,0.1));
#12885=CARTESIAN_POINT('',(-0.0674999999999999,0.008,0.1));
#12886=CARTESIAN_POINT('',(-0.0674999999999999,0.008,0.1));
#12887=CARTESIAN_POINT('',(-0.0325000000000001,0.008,0.1));
#12888=CARTESIAN_POINT('',(-0.0325000000000001,0.008,0.1));
#12889=CARTESIAN_POINT('',(-0.0235,0.018,0.1));
#12890=CARTESIAN_POINT('',(-0.00138888888888891,-0.01,0.1));
#12891=CARTESIAN_POINT('',(0.0185,0.018,0.1));
#12892=CARTESIAN_POINT('',(0.0325000000000001,0.008,0.1));
#12893=CARTESIAN_POINT('',(0.0325000000000001,0.008,0.1));
#12894=CARTESIAN_POINT('',(0.0674999999999999,0.008,0.1));
#12895=CARTESIAN_POINT('',(0.0674999999999999,0.008,0.1));
#12896=CARTESIAN_POINT('',(0.0765,0.018,0.1));
#12897=CARTESIAN_POINT('',(0.0986111111111111,-0.01,0.1));
#12898=CARTESIAN_POINT('',(0.1185,0.018,0.1));
#12899=CARTESIAN_POINT('',(0.1325,0.008,0.1));
#12900=CARTESIAN_POINT('',(0.1325,0.008,0.1));
#12901=CARTESIAN_POINT('',(0.1675,0.008,0.1));
#12902=CARTESIAN_POINT('',(0.1675,0.008,0.1));
#12903=CARTESIAN_POINT('',(0.1765,0.018,0.1));
#12904=CARTESIAN_POINT('',(0.198611111111111,-0.01,0.1));
#12905=CARTESIAN_POINT('',(0.2185,0.018,0.1));
#12906=CARTESIAN_POINT('',(0.2325,0.008,0.1));
#12907=CARTESIAN_POINT('',(0.2325,0.008,0.1));
#12908=CARTESIAN_POINT('',(0.2675,0.008,0.1));
#12909=CARTESIAN_POINT('',(0.2675,0.008,0.1));
#12910=CARTESIAN_POINT('',(0.2765,0.018,0.1));
#12911=CARTESIAN_POINT('',(0.298611111111111,-0.01,0.1));
#12912=CARTESIAN_POINT('',(0.398611111111111,-0.01,0.1));
#12913=CARTESIAN_POINT('',(0.3765,0.018,0.1));
#12914=CARTESIAN_POINT('',(0.3675,0.008,0.1));
#12915=CARTESIAN_POINT('',(0.3675,0.008,0.1));
#12916=CARTESIAN_POINT('',(0.3325,0.008,0.1));
#12917=CARTESIAN_POINT('',(0.3325,0.008,0.1));
#12918=CARTESIAN_POINT('',(0.3185,0.018,0.1));
#12919=CARTESIAN_POINT('',(0.2925,0.235,0.02));
#12920=CARTESIAN_POINT('',(0.2925,0.235,-0.02));
#12921=CARTESIAN_POINT('',(0.2925,0.235,-0.02));
#12922=CARTESIAN_POINT('',(0.3075,0.235,-0.02));
#12923=CARTESIAN_POINT('',(0.2925,0.235,0.02));
#12924=CARTESIAN_POINT('',(0.2925,0.235,0.02));
#12925=CARTESIAN_POINT('',(0.2925,0.235,0.02));
#12926=CARTESIAN_POINT('',(0.3075,0.235,0.02));
#12927=CARTESIAN_POINT('',(0.3075,0.235,0.02));
#12928=CARTESIAN_POINT('',(0.,0.,0.02));
#12929=CARTESIAN_POINT('',(0.3075,0.235,0.02));
#12930=CARTESIAN_POINT('',(0.2925,0.32,0.02));
#12931=CARTESIAN_POINT('',(0.,0.,-0.02));
#12932=CARTESIAN_POINT('',(0.2925,0.32,-0.02));
#12933=CARTESIAN_POINT('',(0.3075,0.235,-0.02));
#12934=CARTESIAN_POINT('',(0.3075,0.235,0.02));
#12935=CARTESIAN_POINT('',(0.2925,0.32,0.02));
#12936=CARTESIAN_POINT('',(0.1925,0.235,0.02));
#12937=CARTESIAN_POINT('',(0.1925,0.235,-0.02));
#12938=CARTESIAN_POINT('',(0.1925,0.235,-0.02));
#12939=CARTESIAN_POINT('',(0.2075,0.235,-0.02));
#12940=CARTESIAN_POINT('',(0.1925,0.235,0.02));
#12941=CARTESIAN_POINT('',(0.1925,0.235,0.02));
#12942=CARTESIAN_POINT('',(0.1925,0.235,0.02));
#12943=CARTESIAN_POINT('',(0.2075,0.235,0.02));
#12944=CARTESIAN_POINT('',(0.2075,0.235,0.02));
#12945=CARTESIAN_POINT('',(0.,0.,0.02));
#12946=CARTESIAN_POINT('',(0.2075,0.235,0.02));
#12947=CARTESIAN_POINT('',(0.1925,0.32,0.02));
#12948=CARTESIAN_POINT('',(0.,0.,-0.02));
#12949=CARTESIAN_POINT('',(0.1925,0.32,-0.02));
#12950=CARTESIAN_POINT('',(0.2075,0.235,-0.02));
#12951=CARTESIAN_POINT('',(0.2075,0.235,0.02));
#12952=CARTESIAN_POINT('',(0.1925,0.32,0.02));
#12953=CARTESIAN_POINT('',(0.0925,0.235,0.02));
#12954=CARTESIAN_POINT('',(0.0925,0.235,-0.02));
#12955=CARTESIAN_POINT('',(0.0925,0.235,-0.02));
#12956=CARTESIAN_POINT('',(0.1075,0.235,-0.02));
#12957=CARTESIAN_POINT('',(0.0925,0.235,0.02));
#12958=CARTESIAN_POINT('',(0.0925,0.235,0.02));
#12959=CARTESIAN_POINT('',(0.0925,0.235,0.02));
#12960=CARTESIAN_POINT('',(0.1075,0.235,0.02));
#12961=CARTESIAN_POINT('',(0.1075,0.235,0.02));
#12962=CARTESIAN_POINT('',(0.,0.,0.02));
#12963=CARTESIAN_POINT('',(0.1075,0.235,0.02));
#12964=CARTESIAN_POINT('',(0.0925,0.32,0.02));
#12965=CARTESIAN_POINT('',(0.,0.,-0.02));
#12966=CARTESIAN_POINT('',(0.0925,0.32,-0.02));
#12967=CARTESIAN_POINT('',(0.1075,0.235,-0.02));
#12968=CARTESIAN_POINT('',(0.1075,0.235,0.02));
#12969=CARTESIAN_POINT('',(0.0925,0.32,0.02));
#12970=CARTESIAN_POINT('',(-0.00749999999999998,0.235,0.02));
#12971=CARTESIAN_POINT('',(-0.00749999999999998,0.235,-0.02));
#12972=CARTESIAN_POINT('',(-0.00749999999999998,0.235,-0.02));
#12973=CARTESIAN_POINT('',(0.00750000000000003,0.235,-0.02));
#12974=CARTESIAN_POINT('',(-0.00749999999999998,0.235,0.02));
#12975=CARTESIAN_POINT('',(-0.00749999999999998,0.235,0.02));
#12976=CARTESIAN_POINT('',(-0.00749999999999998,0.235,0.02));
#12977=CARTESIAN_POINT('',(0.00750000000000003,0.235,0.02));
#12978=CARTESIAN_POINT('',(0.00750000000000003,0.235,0.02));
#12979=CARTESIAN_POINT('',(0.,0.,0.02));
#12980=CARTESIAN_POINT('',(0.00750000000000003,0.235,0.02));
#12981=CARTESIAN_POINT('',(-0.00749999999999998,0.32,0.02));
#12982=CARTESIAN_POINT('',(0.,0.,-0.02));
#12983=CARTESIAN_POINT('',(-0.00749999999999998,0.32,-0.02));
#12984=CARTESIAN_POINT('',(0.00750000000000003,0.235,-0.02));
#12985=CARTESIAN_POINT('',(0.00750000000000003,0.235,0.02));
#12986=CARTESIAN_POINT('',(-0.00749999999999998,0.32,0.02));
#12987=CARTESIAN_POINT('',(-0.1075,0.235,0.02));
#12988=CARTESIAN_POINT('',(-0.1075,0.235,-0.02));
#12989=CARTESIAN_POINT('',(-0.1075,0.235,-0.02));
#12990=CARTESIAN_POINT('',(-0.0925,0.235,-0.02));
#12991=CARTESIAN_POINT('',(-0.1075,0.235,0.02));
#12992=CARTESIAN_POINT('',(-0.1075,0.235,0.02));
#12993=CARTESIAN_POINT('',(-0.1075,0.235,0.02));
#12994=CARTESIAN_POINT('',(-0.0925,0.235,0.02));
#12995=CARTESIAN_POINT('',(-0.0925,0.235,0.02));
#12996=CARTESIAN_POINT('',(0.,0.,0.02));
#12997=CARTESIAN_POINT('',(-0.0925,0.235,0.02));
#12998=CARTESIAN_POINT('',(-0.1075,0.32,0.02));
#12999=CARTESIAN_POINT('',(0.,0.,-0.02));
#13000=CARTESIAN_POINT('',(-0.1075,0.32,-0.02));
#13001=CARTESIAN_POINT('',(-0.0925,0.235,-0.02));
#13002=CARTESIAN_POINT('',(-0.0925,0.235,0.02));
#13003=CARTESIAN_POINT('',(-0.1075,0.32,0.02));
#13004=CARTESIAN_POINT('',(-0.2075,0.235,0.02));
#13005=CARTESIAN_POINT('',(-0.2075,0.235,-0.02));
#13006=CARTESIAN_POINT('',(-0.2075,0.235,-0.02));
#13007=CARTESIAN_POINT('',(-0.1925,0.235,-0.02));
#13008=CARTESIAN_POINT('',(-0.2075,0.235,0.02));
#13009=CARTESIAN_POINT('',(-0.2075,0.235,0.02));
#13010=CARTESIAN_POINT('',(-0.2075,0.235,0.02));
#13011=CARTESIAN_POINT('',(-0.1925,0.235,0.02));
#13012=CARTESIAN_POINT('',(-0.1925,0.235,0.02));
#13013=CARTESIAN_POINT('',(0.,0.,0.02));
#13014=CARTESIAN_POINT('',(-0.1925,0.235,0.02));
#13015=CARTESIAN_POINT('',(-0.2075,0.32,0.02));
#13016=CARTESIAN_POINT('',(0.,0.,-0.02));
#13017=CARTESIAN_POINT('',(-0.2075,0.32,-0.02));
#13018=CARTESIAN_POINT('',(-0.1925,0.235,-0.02));
#13019=CARTESIAN_POINT('',(-0.1925,0.235,0.02));
#13020=CARTESIAN_POINT('',(-0.2075,0.32,0.02));
#13021=CARTESIAN_POINT('',(0.,0.,0.02));
#13022=CARTESIAN_POINT('',(-0.2925,0.235,0.02));
#13023=CARTESIAN_POINT('',(-0.2925,0.235,0.02));
#13024=CARTESIAN_POINT('',(-0.3075,0.235,0.02));
#13025=CARTESIAN_POINT('',(-0.3075,0.235,0.02));
#13026=CARTESIAN_POINT('',(-0.3075,0.335,0.02));
#13027=CARTESIAN_POINT('',(0.,0.,-0.02));
#13028=CARTESIAN_POINT('',(-0.3075,0.335,-0.02));
#13029=CARTESIAN_POINT('',(-0.3075,0.235,-0.02));
#13030=CARTESIAN_POINT('',(-0.3075,0.235,-0.02));
#13031=CARTESIAN_POINT('',(-0.2925,0.235,-0.02));
#13032=CARTESIAN_POINT('',(-0.2925,0.235,-0.02));
#13033=CARTESIAN_POINT('',(-0.3075,0.335,0.02));
#13034=CARTESIAN_POINT('',(-0.3075,0.235,0.02));
#13035=CARTESIAN_POINT('',(-0.3075,0.235,0.02));
#13036=CARTESIAN_POINT('',(-0.2925,0.235,0.02));
#13037=CARTESIAN_POINT('',(-0.2925,0.235,0.02));
#13038=CARTESIAN_POINT('',(-0.35,0.0799999999999999,0.055));
#13039=CARTESIAN_POINT('',(-0.35,0.24,0.055));
#13040=CARTESIAN_POINT('',(-0.25,0.0799999999999999,0.055));
#13041=CARTESIAN_POINT('',(-0.25,0.24,0.055));
#13042=CARTESIAN_POINT('',(-0.15,0.0799999999999999,0.055));
#13043=CARTESIAN_POINT('',(-0.15,0.24,0.055));
#13044=CARTESIAN_POINT('',(-0.05,0.0799999999999999,0.055));
#13045=CARTESIAN_POINT('',(-0.05,0.24,0.055));
#13046=CARTESIAN_POINT('',(0.0499999999999999,0.0799999999999999,0.055));
#13047=CARTESIAN_POINT('',(0.0499999999999999,0.24,0.055));
#13048=CARTESIAN_POINT('',(0.15,0.0799999999999999,0.055));
#13049=CARTESIAN_POINT('',(0.15,0.24,0.055));
#13050=CARTESIAN_POINT('',(0.25,0.0799999999999999,0.055));
#13051=CARTESIAN_POINT('',(0.25,0.24,0.055));
#13052=CARTESIAN_POINT('',(0.35,0.0799999999999999,0.055));
#13053=CARTESIAN_POINT('',(0.35,0.24,0.055));
#13054=CARTESIAN_POINT('',(0.,0.,0.));
#13055=CARTESIAN_POINT('',(0.36,0.0425,0.145));
#13056=CARTESIAN_POINT('',(-0.34,0.0425,0.145));
#13057=CARTESIAN_POINT('',(-0.34,0.0425,-0.01));
#13058=CARTESIAN_POINT('',(-0.34,0.0425,-0.135));
#13059=CARTESIAN_POINT('',(0.36,0.0425,-0.01));
#13060=CARTESIAN_POINT('',(-0.26,0.0425,-0.01));
#13061=CARTESIAN_POINT('',(-0.26,0.0425,0.145));
#13062=CARTESIAN_POINT('',(-0.26,0.0425,-0.135));
#13063=CARTESIAN_POINT('',(0.36,0.0425,-0.135));
#13064=CARTESIAN_POINT('',(-0.24,0.0425,-0.135));
#13065=CARTESIAN_POINT('',(-0.24,0.0425,0.145));
#13066=CARTESIAN_POINT('',(-0.24,0.0425,-0.01));
#13067=CARTESIAN_POINT('',(0.36,0.0425,-0.01));
#13068=CARTESIAN_POINT('',(-0.16,0.0425,-0.01));
#13069=CARTESIAN_POINT('',(-0.16,0.0425,0.145));
#13070=CARTESIAN_POINT('',(-0.16,0.0425,-0.135));
#13071=CARTESIAN_POINT('',(0.36,0.0425,-0.135));
#13072=CARTESIAN_POINT('',(-0.14,0.0425,-0.135));
#13073=CARTESIAN_POINT('',(-0.14,0.0425,0.145));
#13074=CARTESIAN_POINT('',(-0.14,0.0425,-0.01));
#13075=CARTESIAN_POINT('',(0.36,0.0425,-0.01));
#13076=CARTESIAN_POINT('',(-0.06,0.0425,-0.01));
#13077=CARTESIAN_POINT('',(-0.06,0.0425,0.145));
#13078=CARTESIAN_POINT('',(-0.06,0.0425,-0.135));
#13079=CARTESIAN_POINT('',(0.36,0.0425,-0.135));
#13080=CARTESIAN_POINT('',(-0.04,0.0425,-0.135));
#13081=CARTESIAN_POINT('',(-0.04,0.0425,0.145));
#13082=CARTESIAN_POINT('',(-0.04,0.0425,-0.01));
#13083=CARTESIAN_POINT('',(0.36,0.0425,-0.01));
#13084=CARTESIAN_POINT('',(0.04,0.0425,-0.01));
#13085=CARTESIAN_POINT('',(0.0399999999999999,0.0425,0.145));
#13086=CARTESIAN_POINT('',(0.0399999999999999,0.0425,-0.135));
#13087=CARTESIAN_POINT('',(0.36,0.0425,-0.135));
#13088=CARTESIAN_POINT('',(0.0599999999999999,0.0425,-0.135));
#13089=CARTESIAN_POINT('',(0.0599999999999999,0.0425,0.145));
#13090=CARTESIAN_POINT('',(0.0599999999999999,0.0425,-0.01));
#13091=CARTESIAN_POINT('',(0.36,0.0425,-0.01));
#13092=CARTESIAN_POINT('',(0.14,0.0425,-0.01));
#13093=CARTESIAN_POINT('',(0.14,0.0425,0.145));
#13094=CARTESIAN_POINT('',(0.14,0.0425,-0.135));
#13095=CARTESIAN_POINT('',(0.36,0.0425,-0.135));
#13096=CARTESIAN_POINT('',(0.16,0.0425,-0.135));
#13097=CARTESIAN_POINT('',(0.16,0.0425,0.145));
#13098=CARTESIAN_POINT('',(0.16,0.0425,-0.01));
#13099=CARTESIAN_POINT('',(0.36,0.0425,-0.01));
#13100=CARTESIAN_POINT('',(0.24,0.0425,-0.01));
#13101=CARTESIAN_POINT('',(0.24,0.0425,0.145));
#13102=CARTESIAN_POINT('',(0.24,0.0425,-0.135));
#13103=CARTESIAN_POINT('',(0.36,0.0425,-0.135));
#13104=CARTESIAN_POINT('',(0.26,0.0425,-0.135));
#13105=CARTESIAN_POINT('',(0.26,0.0425,0.145));
#13106=CARTESIAN_POINT('',(0.26,0.0425,-0.01));
#13107=CARTESIAN_POINT('',(0.36,0.0425,-0.01));
#13108=CARTESIAN_POINT('',(0.34,0.0425,-0.01));
#13109=CARTESIAN_POINT('',(0.34,0.0425,0.145));
#13110=CARTESIAN_POINT('',(0.34,0.0425,-0.135));
#13111=CARTESIAN_POINT('',(0.36,0.0425,-0.135));
#13112=CARTESIAN_POINT('',(0.36,0.0425,-0.135));
#13113=CARTESIAN_POINT('',(0.36,0.0425,0.145));
#13114=CARTESIAN_POINT('',(0.36,0.0425,0.145));
#13115=CARTESIAN_POINT('',(0.36,0.0425,0.145));
#13116=CARTESIAN_POINT('',(0.34,0.0425,0.145));
#13117=CARTESIAN_POINT('',(0.34,0.0425,0.145));
#13118=CARTESIAN_POINT('',(0.34,0.0425,0.01));
#13119=CARTESIAN_POINT('',(0.36,0.0425,0.01));
#13120=CARTESIAN_POINT('',(0.26,0.0425,0.01));
#13121=CARTESIAN_POINT('',(0.26,0.0425,0.145));
#13122=CARTESIAN_POINT('',(0.26,0.0425,0.145));
#13123=CARTESIAN_POINT('',(0.36,0.0425,0.145));
#13124=CARTESIAN_POINT('',(0.24,0.0425,0.145));
#13125=CARTESIAN_POINT('',(0.24,0.0425,0.145));
#13126=CARTESIAN_POINT('',(0.24,0.0425,0.01));
#13127=CARTESIAN_POINT('',(0.36,0.0425,0.01));
#13128=CARTESIAN_POINT('',(0.16,0.0425,0.01));
#13129=CARTESIAN_POINT('',(0.16,0.0425,0.145));
#13130=CARTESIAN_POINT('',(0.16,0.0425,0.145));
#13131=CARTESIAN_POINT('',(0.36,0.0425,0.145));
#13132=CARTESIAN_POINT('',(0.14,0.0425,0.145));
#13133=CARTESIAN_POINT('',(0.14,0.0425,0.145));
#13134=CARTESIAN_POINT('',(0.14,0.0425,0.01));
#13135=CARTESIAN_POINT('',(0.36,0.0425,0.01));
#13136=CARTESIAN_POINT('',(0.06,0.0425,0.01));
#13137=CARTESIAN_POINT('',(0.06,0.0425,0.145));
#13138=CARTESIAN_POINT('',(0.06,0.0425,0.145));
#13139=CARTESIAN_POINT('',(0.36,0.0425,0.145));
#13140=CARTESIAN_POINT('',(0.04,0.0425,0.145));
#13141=CARTESIAN_POINT('',(0.04,0.0425,0.145));
#13142=CARTESIAN_POINT('',(0.04,0.0425,0.01));
#13143=CARTESIAN_POINT('',(0.36,0.0425,0.01));
#13144=CARTESIAN_POINT('',(-0.04,0.0425,0.01));
#13145=CARTESIAN_POINT('',(-0.04,0.0425,0.145));
#13146=CARTESIAN_POINT('',(-0.04,0.0425,0.145));
#13147=CARTESIAN_POINT('',(0.36,0.0425,0.145));
#13148=CARTESIAN_POINT('',(-0.06,0.0425,0.145));
#13149=CARTESIAN_POINT('',(-0.06,0.0425,0.145));
#13150=CARTESIAN_POINT('',(-0.06,0.0425,0.01));
#13151=CARTESIAN_POINT('',(0.36,0.0425,0.01));
#13152=CARTESIAN_POINT('',(-0.14,0.0425,0.01));
#13153=CARTESIAN_POINT('',(-0.14,0.0425,0.145));
#13154=CARTESIAN_POINT('',(-0.14,0.0425,0.145));
#13155=CARTESIAN_POINT('',(0.36,0.0425,0.145));
#13156=CARTESIAN_POINT('',(-0.16,0.0425,0.145));
#13157=CARTESIAN_POINT('',(-0.16,0.0425,0.145));
#13158=CARTESIAN_POINT('',(-0.16,0.0425,0.01));
#13159=CARTESIAN_POINT('',(0.36,0.0425,0.01));
#13160=CARTESIAN_POINT('',(-0.24,0.0425,0.01));
#13161=CARTESIAN_POINT('',(-0.24,0.0425,0.145));
#13162=CARTESIAN_POINT('',(-0.24,0.0425,0.145));
#13163=CARTESIAN_POINT('',(0.36,0.0425,0.145));
#13164=CARTESIAN_POINT('',(-0.26,0.0425,0.145));
#13165=CARTESIAN_POINT('',(-0.26,0.0425,0.145));
#13166=CARTESIAN_POINT('',(-0.26,0.0425,0.01));
#13167=CARTESIAN_POINT('',(0.36,0.0425,0.01));
#13168=CARTESIAN_POINT('',(-0.34,0.0425,0.01));
#13169=CARTESIAN_POINT('',(-0.34,0.0425,0.145));
#13170=CARTESIAN_POINT('',(-0.34,0.0425,0.145));
#13171=CARTESIAN_POINT('',(0.36,0.0425,0.145));
#13172=CARTESIAN_POINT('',(-0.36,0.0425,0.145));
#13173=CARTESIAN_POINT('',(-0.36,0.0425,0.145));
#13174=CARTESIAN_POINT('',(-0.36,0.0425,-0.135));
#13175=CARTESIAN_POINT('',(0.36,0.0425,-0.135));
#13176=CARTESIAN_POINT('',(0.36,0.0525,-0.13));
#13177=CARTESIAN_POINT('',(-0.34,0.0525,-0.13));
#13178=CARTESIAN_POINT('',(-0.34,0.0525,-0.13));
#13179=CARTESIAN_POINT('',(-0.34,0.0525,-0.01));
#13180=CARTESIAN_POINT('',(0.36,0.0525,-0.13));
#13181=CARTESIAN_POINT('',(-0.36,0.0525,-0.13));
#13182=CARTESIAN_POINT('',(-0.36,0.0525,-0.13));
#13183=CARTESIAN_POINT('',(-0.36,0.0525,0.145));
#13184=CARTESIAN_POINT('',(0.36,0.0525,0.145));
#13185=CARTESIAN_POINT('',(-0.34,0.0525,0.145));
#13186=CARTESIAN_POINT('',(-0.34,0.0525,-0.13));
#13187=CARTESIAN_POINT('',(-0.34,0.0525,0.01));
#13188=CARTESIAN_POINT('',(0.36,0.0525,0.01));
#13189=CARTESIAN_POINT('',(-0.26,0.0525,0.01));
#13190=CARTESIAN_POINT('',(-0.26,0.0525,-0.13));
#13191=CARTESIAN_POINT('',(-0.26,0.0525,0.145));
#13192=CARTESIAN_POINT('',(0.36,0.0525,0.145));
#13193=CARTESIAN_POINT('',(-0.24,0.0525,0.145));
#13194=CARTESIAN_POINT('',(-0.24,0.0525,-0.13));
#13195=CARTESIAN_POINT('',(-0.24,0.0525,0.01));
#13196=CARTESIAN_POINT('',(0.36,0.0525,0.01));
#13197=CARTESIAN_POINT('',(-0.16,0.0525,0.01));
#13198=CARTESIAN_POINT('',(-0.16,0.0525,-0.13));
#13199=CARTESIAN_POINT('',(-0.16,0.0525,0.145));
#13200=CARTESIAN_POINT('',(0.36,0.0525,0.145));
#13201=CARTESIAN_POINT('',(-0.14,0.0525,0.145));
#13202=CARTESIAN_POINT('',(-0.14,0.0525,-0.13));
#13203=CARTESIAN_POINT('',(-0.14,0.0525,0.01));
#13204=CARTESIAN_POINT('',(0.36,0.0525,0.01));
#13205=CARTESIAN_POINT('',(-0.06,0.0525,0.01));
#13206=CARTESIAN_POINT('',(-0.06,0.0525,-0.13));
#13207=CARTESIAN_POINT('',(-0.06,0.0525,0.145));
#13208=CARTESIAN_POINT('',(0.36,0.0525,0.145));
#13209=CARTESIAN_POINT('',(-0.04,0.0525,0.145));
#13210=CARTESIAN_POINT('',(-0.04,0.0525,-0.13));
#13211=CARTESIAN_POINT('',(-0.04,0.0525,0.01));
#13212=CARTESIAN_POINT('',(0.36,0.0525,0.01));
#13213=CARTESIAN_POINT('',(0.04,0.0525,0.01));
#13214=CARTESIAN_POINT('',(0.04,0.0525,-0.13));
#13215=CARTESIAN_POINT('',(0.04,0.0525,0.145));
#13216=CARTESIAN_POINT('',(0.36,0.0525,0.145));
#13217=CARTESIAN_POINT('',(0.06,0.0525,0.145));
#13218=CARTESIAN_POINT('',(0.06,0.0525,-0.13));
#13219=CARTESIAN_POINT('',(0.06,0.0525,0.01));
#13220=CARTESIAN_POINT('',(0.36,0.0525,0.01));
#13221=CARTESIAN_POINT('',(0.14,0.0525,0.01));
#13222=CARTESIAN_POINT('',(0.14,0.0525,-0.13));
#13223=CARTESIAN_POINT('',(0.14,0.0525,0.145));
#13224=CARTESIAN_POINT('',(0.36,0.0525,0.145));
#13225=CARTESIAN_POINT('',(0.16,0.0525,0.145));
#13226=CARTESIAN_POINT('',(0.16,0.0525,-0.13));
#13227=CARTESIAN_POINT('',(0.16,0.0525,0.01));
#13228=CARTESIAN_POINT('',(0.36,0.0525,0.01));
#13229=CARTESIAN_POINT('',(0.24,0.0525,0.01));
#13230=CARTESIAN_POINT('',(0.24,0.0525,-0.13));
#13231=CARTESIAN_POINT('',(0.24,0.0525,0.145));
#13232=CARTESIAN_POINT('',(0.36,0.0525,0.145));
#13233=CARTESIAN_POINT('',(0.26,0.0525,0.145));
#13234=CARTESIAN_POINT('',(0.26,0.0525,-0.13));
#13235=CARTESIAN_POINT('',(0.26,0.0525,0.01));
#13236=CARTESIAN_POINT('',(0.36,0.0525,0.01));
#13237=CARTESIAN_POINT('',(0.34,0.0525,0.01));
#13238=CARTESIAN_POINT('',(0.34,0.0525,-0.13));
#13239=CARTESIAN_POINT('',(0.34,0.0525,0.145));
#13240=CARTESIAN_POINT('',(0.36,0.0525,0.145));
#13241=CARTESIAN_POINT('',(0.36,0.0525,0.145));
#13242=CARTESIAN_POINT('',(0.36,0.0525,-0.13));
#13243=CARTESIAN_POINT('',(0.36,0.0525,-0.13));
#13244=CARTESIAN_POINT('',(0.36,0.0525,-0.13));
#13245=CARTESIAN_POINT('',(0.34,0.0525,-0.13));
#13246=CARTESIAN_POINT('',(0.34,0.0525,-0.13));
#13247=CARTESIAN_POINT('',(0.34,0.0525,-0.01));
#13248=CARTESIAN_POINT('',(0.36,0.0525,-0.01));
#13249=CARTESIAN_POINT('',(0.26,0.0525,-0.01));
#13250=CARTESIAN_POINT('',(0.26,0.0525,-0.13));
#13251=CARTESIAN_POINT('',(0.26,0.0525,-0.13));
#13252=CARTESIAN_POINT('',(0.36,0.0525,-0.13));
#13253=CARTESIAN_POINT('',(0.24,0.0525,-0.13));
#13254=CARTESIAN_POINT('',(0.24,0.0525,-0.13));
#13255=CARTESIAN_POINT('',(0.24,0.0525,-0.01));
#13256=CARTESIAN_POINT('',(0.36,0.0525,-0.01));
#13257=CARTESIAN_POINT('',(0.16,0.0525,-0.01));
#13258=CARTESIAN_POINT('',(0.16,0.0525,-0.13));
#13259=CARTESIAN_POINT('',(0.16,0.0525,-0.13));
#13260=CARTESIAN_POINT('',(0.36,0.0525,-0.13));
#13261=CARTESIAN_POINT('',(0.14,0.0525,-0.13));
#13262=CARTESIAN_POINT('',(0.14,0.0525,-0.13));
#13263=CARTESIAN_POINT('',(0.14,0.0525,-0.01));
#13264=CARTESIAN_POINT('',(0.36,0.0525,-0.01));
#13265=CARTESIAN_POINT('',(0.0599999999999999,0.0525,-0.01));
#13266=CARTESIAN_POINT('',(0.0599999999999999,0.0525,-0.13));
#13267=CARTESIAN_POINT('',(0.0599999999999999,0.0525,-0.13));
#13268=CARTESIAN_POINT('',(0.36,0.0525,-0.13));
#13269=CARTESIAN_POINT('',(0.0399999999999999,0.0525,-0.13));
#13270=CARTESIAN_POINT('',(0.0399999999999999,0.0525,-0.13));
#13271=CARTESIAN_POINT('',(0.04,0.0525,-0.01));
#13272=CARTESIAN_POINT('',(0.36,0.0525,-0.01));
#13273=CARTESIAN_POINT('',(-0.04,0.0525,-0.01));
#13274=CARTESIAN_POINT('',(-0.04,0.0525,-0.13));
#13275=CARTESIAN_POINT('',(-0.04,0.0525,-0.13));
#13276=CARTESIAN_POINT('',(0.36,0.0525,-0.13));
#13277=CARTESIAN_POINT('',(-0.06,0.0525,-0.13));
#13278=CARTESIAN_POINT('',(-0.06,0.0525,-0.13));
#13279=CARTESIAN_POINT('',(-0.06,0.0525,-0.01));
#13280=CARTESIAN_POINT('',(0.36,0.0525,-0.01));
#13281=CARTESIAN_POINT('',(-0.14,0.0525,-0.01));
#13282=CARTESIAN_POINT('',(-0.14,0.0525,-0.13));
#13283=CARTESIAN_POINT('',(-0.14,0.0525,-0.13));
#13284=CARTESIAN_POINT('',(0.36,0.0525,-0.13));
#13285=CARTESIAN_POINT('',(-0.16,0.0525,-0.13));
#13286=CARTESIAN_POINT('',(-0.16,0.0525,-0.13));
#13287=CARTESIAN_POINT('',(-0.16,0.0525,-0.01));
#13288=CARTESIAN_POINT('',(0.36,0.0525,-0.01));
#13289=CARTESIAN_POINT('',(-0.24,0.0525,-0.01));
#13290=CARTESIAN_POINT('',(-0.24,0.0525,-0.13));
#13291=CARTESIAN_POINT('',(-0.24,0.0525,-0.13));
#13292=CARTESIAN_POINT('',(0.36,0.0525,-0.13));
#13293=CARTESIAN_POINT('',(-0.26,0.0525,-0.13));
#13294=CARTESIAN_POINT('',(-0.26,0.0525,-0.13));
#13295=CARTESIAN_POINT('',(-0.26,0.0525,-0.01));
#13296=CARTESIAN_POINT('',(0.36,0.0525,-0.01));
#13297=CARTESIAN_POINT('',(0.36,0.015,0.165));
#13298=CARTESIAN_POINT('',(0.36,0.0275,-0.135));
#13299=CARTESIAN_POINT('',(0.36,0.0275,-0.15));
#13300=CARTESIAN_POINT('',(0.36,0.0275,-0.15));
#13301=CARTESIAN_POINT('',(0.36,0.015,-0.15));
#13302=CARTESIAN_POINT('',(0.36,0.015,-0.165));
#13303=CARTESIAN_POINT('',(0.36,1.70740499604016E-17,-0.165));
#13304=CARTESIAN_POINT('',(0.36,0.,-0.165));
#13305=CARTESIAN_POINT('',(0.36,0.,-0.2105));
#13306=CARTESIAN_POINT('',(0.36,0.1,-0.2105));
#13307=CARTESIAN_POINT('',(0.36,0.00999999999999998,-0.2105));
#13308=CARTESIAN_POINT('',(0.36,0.00999999999999999,-0.2165));
#13309=CARTESIAN_POINT('',(0.36,0.00999999999999996,-0.165));
#13310=CARTESIAN_POINT('',(0.36,0.0149999999999999,-0.165));
#13311=CARTESIAN_POINT('',(0.36,0.015,-0.16));
#13312=CARTESIAN_POINT('',(0.36,0.015,-0.16));
#13313=CARTESIAN_POINT('',(0.36,0.0225,-0.16));
#13314=CARTESIAN_POINT('',(0.36,0.0225,-0.13));
#13315=CARTESIAN_POINT('',(0.36,0.0375,0.145));
#13316=CARTESIAN_POINT('',(0.36,0.0375,0.16));
#13317=CARTESIAN_POINT('',(0.36,0.0375,0.16));
#13318=CARTESIAN_POINT('',(0.36,0.015,0.16));
#13319=CARTESIAN_POINT('',(0.36,0.015,0.165));
#13320=CARTESIAN_POINT('',(0.36,0.01,0.165));
#13321=CARTESIAN_POINT('',(0.36,0.01,0.165));
#13322=CARTESIAN_POINT('',(0.36,0.01,0.2105));
#13323=CARTESIAN_POINT('',(0.36,0.015,0.2105));
#13324=CARTESIAN_POINT('',(0.36,0.,0.2105));
#13325=CARTESIAN_POINT('',(0.36,0.,0.2165));
#13326=CARTESIAN_POINT('',(0.36,0.,0.165));
#13327=CARTESIAN_POINT('',(0.36,0.015,0.165));
#13328=CARTESIAN_POINT('',(0.36,0.015,0.15));
#13329=CARTESIAN_POINT('',(0.36,0.015,0.15));
#13330=CARTESIAN_POINT('',(0.36,0.0375,0.15));
#13331=CARTESIAN_POINT('',(0.36,0.0375,0.145));
#13332=CARTESIAN_POINT('',(-0.36,0.015,0.165));
#13333=CARTESIAN_POINT('',(-0.36,0.1,-0.2105));
#13334=CARTESIAN_POINT('',(-0.36,0.00999999999999998,-0.2105));
#13335=CARTESIAN_POINT('',(-0.36,0.,-0.2105));
#13336=CARTESIAN_POINT('',(-0.36,0.,-0.165));
#13337=CARTESIAN_POINT('',(-0.36,1.70740499604016E-17,-0.165));
#13338=CARTESIAN_POINT('',(-0.36,0.015,-0.165));
#13339=CARTESIAN_POINT('',(-0.36,0.015,-0.15));
#13340=CARTESIAN_POINT('',(-0.36,0.0275,-0.15));
#13341=CARTESIAN_POINT('',(-0.36,0.0275,-0.15));
#13342=CARTESIAN_POINT('',(-0.36,0.0275,-0.135));
#13343=CARTESIAN_POINT('',(-0.36,0.0375,0.145));
#13344=CARTESIAN_POINT('',(-0.36,0.0375,0.15));
#13345=CARTESIAN_POINT('',(-0.36,0.015,0.15));
#13346=CARTESIAN_POINT('',(-0.36,0.015,0.15));
#13347=CARTESIAN_POINT('',(-0.36,0.015,0.165));
#13348=CARTESIAN_POINT('',(-0.36,0.,0.165));
#13349=CARTESIAN_POINT('',(-0.36,0.,0.2165));
#13350=CARTESIAN_POINT('',(-0.36,0.,0.2105));
#13351=CARTESIAN_POINT('',(-0.36,0.015,0.2105));
#13352=CARTESIAN_POINT('',(-0.36,0.01,0.2105));
#13353=CARTESIAN_POINT('',(-0.36,0.01,0.165));
#13354=CARTESIAN_POINT('',(-0.36,0.01,0.165));
#13355=CARTESIAN_POINT('',(-0.36,0.015,0.165));
#13356=CARTESIAN_POINT('',(-0.36,0.015,0.16));
#13357=CARTESIAN_POINT('',(-0.36,0.0375,0.16));
#13358=CARTESIAN_POINT('',(-0.36,0.0375,0.16));
#13359=CARTESIAN_POINT('',(-0.36,0.0375,0.145));
#13360=CARTESIAN_POINT('',(-0.36,0.0225,-0.13));
#13361=CARTESIAN_POINT('',(-0.36,0.0225,-0.16));
#13362=CARTESIAN_POINT('',(-0.36,0.015,-0.16));
#13363=CARTESIAN_POINT('',(-0.36,0.015,-0.16));
#13364=CARTESIAN_POINT('',(-0.36,0.0149999999999999,-0.165));
#13365=CARTESIAN_POINT('',(-0.36,0.00999999999999996,-0.165));
#13366=CARTESIAN_POINT('',(-0.36,0.00999999999999999,-0.2165));
#13367=CARTESIAN_POINT('',(0.36,0.0275,-0.135));
#13368=CARTESIAN_POINT('',(0.36,0.0275,-0.15));
#13369=CARTESIAN_POINT('',(-0.34,0.0275,-0.15));
#13370=CARTESIAN_POINT('',(-0.34,0.0275,-0.135));
#13371=CARTESIAN_POINT('',(0.36,0.0275,-0.135));
#13372=CARTESIAN_POINT('',(-0.26,0.0275,-0.135));
#13373=CARTESIAN_POINT('',(-0.26,0.0275,-0.15));
#13374=CARTESIAN_POINT('',(0.36,0.0275,-0.15));
#13375=CARTESIAN_POINT('',(-0.24,0.0275,-0.15));
#13376=CARTESIAN_POINT('',(-0.24,0.0275,-0.135));
#13377=CARTESIAN_POINT('',(0.36,0.0275,-0.135));
#13378=CARTESIAN_POINT('',(-0.16,0.0275,-0.135));
#13379=CARTESIAN_POINT('',(-0.16,0.0275,-0.15));
#13380=CARTESIAN_POINT('',(0.36,0.0275,-0.15));
#13381=CARTESIAN_POINT('',(-0.14,0.0275,-0.15));
#13382=CARTESIAN_POINT('',(-0.14,0.0275,-0.135));
#13383=CARTESIAN_POINT('',(0.36,0.0275,-0.135));
#13384=CARTESIAN_POINT('',(-0.06,0.0275,-0.135));
#13385=CARTESIAN_POINT('',(-0.06,0.0275,-0.15));
#13386=CARTESIAN_POINT('',(0.36,0.0275,-0.15));
#13387=CARTESIAN_POINT('',(-0.04,0.0275,-0.15));
#13388=CARTESIAN_POINT('',(-0.04,0.0275,-0.135));
#13389=CARTESIAN_POINT('',(0.36,0.0275,-0.135));
#13390=CARTESIAN_POINT('',(0.0399999999999999,0.0275,-0.135));
#13391=CARTESIAN_POINT('',(0.0399999999999999,0.0275,-0.15));
#13392=CARTESIAN_POINT('',(0.36,0.0275,-0.15));
#13393=CARTESIAN_POINT('',(0.0599999999999999,0.0275,-0.15));
#13394=CARTESIAN_POINT('',(0.0599999999999999,0.0275,-0.135));
#13395=CARTESIAN_POINT('',(0.36,0.0275,-0.135));
#13396=CARTESIAN_POINT('',(0.14,0.0275,-0.135));
#13397=CARTESIAN_POINT('',(0.14,0.0275,-0.15));
#13398=CARTESIAN_POINT('',(0.36,0.0275,-0.15));
#13399=CARTESIAN_POINT('',(0.16,0.0275,-0.15));
#13400=CARTESIAN_POINT('',(0.16,0.0275,-0.135));
#13401=CARTESIAN_POINT('',(0.36,0.0275,-0.135));
#13402=CARTESIAN_POINT('',(0.24,0.0275,-0.135));
#13403=CARTESIAN_POINT('',(0.24,0.0275,-0.15));
#13404=CARTESIAN_POINT('',(0.36,0.0275,-0.15));
#13405=CARTESIAN_POINT('',(0.26,0.0275,-0.15));
#13406=CARTESIAN_POINT('',(0.26,0.0275,-0.135));
#13407=CARTESIAN_POINT('',(0.36,0.0275,-0.135));
#13408=CARTESIAN_POINT('',(0.34,0.0275,-0.135));
#13409=CARTESIAN_POINT('',(0.34,0.0275,-0.15));
#13410=CARTESIAN_POINT('',(0.36,0.0275,-0.15));
#13411=CARTESIAN_POINT('',(0.36,0.0275,-0.15));
#13412=CARTESIAN_POINT('',(-0.34,0.0275,-0.15));
#13413=CARTESIAN_POINT('',(-0.34,0.015,-0.15));
#13414=CARTESIAN_POINT('',(0.36,0.015,-0.15));
#13415=CARTESIAN_POINT('',(0.36,0.0275,-0.15));
#13416=CARTESIAN_POINT('',(-0.26,0.0275,-0.15));
#13417=CARTESIAN_POINT('',(-0.26,0.015,-0.15));
#13418=CARTESIAN_POINT('',(0.36,0.015,-0.15));
#13419=CARTESIAN_POINT('',(-0.24,0.015,-0.15));
#13420=CARTESIAN_POINT('',(-0.24,0.0275,-0.15));
#13421=CARTESIAN_POINT('',(0.36,0.0275,-0.15));
#13422=CARTESIAN_POINT('',(-0.16,0.0275,-0.15));
#13423=CARTESIAN_POINT('',(-0.16,0.015,-0.15));
#13424=CARTESIAN_POINT('',(0.36,0.015,-0.15));
#13425=CARTESIAN_POINT('',(-0.14,0.015,-0.15));
#13426=CARTESIAN_POINT('',(-0.14,0.0275,-0.15));
#13427=CARTESIAN_POINT('',(0.36,0.0275,-0.15));
#13428=CARTESIAN_POINT('',(-0.06,0.0275,-0.15));
#13429=CARTESIAN_POINT('',(-0.06,0.015,-0.15));
#13430=CARTESIAN_POINT('',(0.36,0.015,-0.15));
#13431=CARTESIAN_POINT('',(-0.04,0.015,-0.15));
#13432=CARTESIAN_POINT('',(-0.04,0.0275,-0.15));
#13433=CARTESIAN_POINT('',(0.36,0.0275,-0.15));
#13434=CARTESIAN_POINT('',(0.0399999999999999,0.0275,-0.15));
#13435=CARTESIAN_POINT('',(0.0399999999999999,0.015,-0.15));
#13436=CARTESIAN_POINT('',(0.36,0.015,-0.15));
#13437=CARTESIAN_POINT('',(0.0599999999999999,0.015,-0.15));
#13438=CARTESIAN_POINT('',(0.0599999999999999,0.0275,-0.15));
#13439=CARTESIAN_POINT('',(0.36,0.0275,-0.15));
#13440=CARTESIAN_POINT('',(0.14,0.0275,-0.15));
#13441=CARTESIAN_POINT('',(0.14,0.015,-0.15));
#13442=CARTESIAN_POINT('',(0.36,0.015,-0.15));
#13443=CARTESIAN_POINT('',(0.16,0.015,-0.15));
#13444=CARTESIAN_POINT('',(0.16,0.0275,-0.15));
#13445=CARTESIAN_POINT('',(0.36,0.0275,-0.15));
#13446=CARTESIAN_POINT('',(0.24,0.0275,-0.15));
#13447=CARTESIAN_POINT('',(0.24,0.015,-0.15));
#13448=CARTESIAN_POINT('',(0.36,0.015,-0.15));
#13449=CARTESIAN_POINT('',(0.26,0.015,-0.15));
#13450=CARTESIAN_POINT('',(0.26,0.0275,-0.15));
#13451=CARTESIAN_POINT('',(0.36,0.0275,-0.15));
#13452=CARTESIAN_POINT('',(0.34,0.0275,-0.15));
#13453=CARTESIAN_POINT('',(0.34,0.015,-0.15));
#13454=CARTESIAN_POINT('',(0.36,0.015,-0.15));
#13455=CARTESIAN_POINT('',(0.36,0.015,-0.165));
#13456=CARTESIAN_POINT('',(-0.34,0.015,-0.165));
#13457=CARTESIAN_POINT('',(-0.34,0.,-0.165));
#13458=CARTESIAN_POINT('',(0.36,1.70740499604016E-17,-0.165));
#13459=CARTESIAN_POINT('',(0.36,0.015,-0.165));
#13460=CARTESIAN_POINT('',(-0.26,0.015,-0.165));
#13461=CARTESIAN_POINT('',(-0.26,0.,-0.165));
#13462=CARTESIAN_POINT('',(0.36,1.70740499604016E-17,-0.165));
#13463=CARTESIAN_POINT('',(-0.24,0.,-0.165));
#13464=CARTESIAN_POINT('',(-0.24,0.015,-0.165));
#13465=CARTESIAN_POINT('',(0.36,0.015,-0.165));
#13466=CARTESIAN_POINT('',(-0.16,0.015,-0.165));
#13467=CARTESIAN_POINT('',(-0.16,0.,-0.165));
#13468=CARTESIAN_POINT('',(0.36,1.70740499604016E-17,-0.165));
#13469=CARTESIAN_POINT('',(-0.14,0.,-0.165));
#13470=CARTESIAN_POINT('',(-0.14,0.015,-0.165));
#13471=CARTESIAN_POINT('',(0.36,0.015,-0.165));
#13472=CARTESIAN_POINT('',(-0.06,0.015,-0.165));
#13473=CARTESIAN_POINT('',(-0.06,0.,-0.165));
#13474=CARTESIAN_POINT('',(0.36,1.70740499604016E-17,-0.165));
#13475=CARTESIAN_POINT('',(-0.04,0.,-0.165));
#13476=CARTESIAN_POINT('',(-0.04,0.015,-0.165));
#13477=CARTESIAN_POINT('',(0.36,0.015,-0.165));
#13478=CARTESIAN_POINT('',(0.0399999999999999,0.015,-0.165));
#13479=CARTESIAN_POINT('',(0.0399999999999999,0.,-0.165));
#13480=CARTESIAN_POINT('',(0.36,1.70740499604016E-17,-0.165));
#13481=CARTESIAN_POINT('',(0.0599999999999999,0.,-0.165));
#13482=CARTESIAN_POINT('',(0.0599999999999999,0.015,-0.165));
#13483=CARTESIAN_POINT('',(0.36,0.015,-0.165));
#13484=CARTESIAN_POINT('',(0.14,0.015,-0.165));
#13485=CARTESIAN_POINT('',(0.14,0.,-0.165));
#13486=CARTESIAN_POINT('',(0.36,1.70740499604016E-17,-0.165));
#13487=CARTESIAN_POINT('',(0.16,0.,-0.165));
#13488=CARTESIAN_POINT('',(0.16,0.015,-0.165));
#13489=CARTESIAN_POINT('',(0.36,0.015,-0.165));
#13490=CARTESIAN_POINT('',(0.24,0.015,-0.165));
#13491=CARTESIAN_POINT('',(0.24,0.,-0.165));
#13492=CARTESIAN_POINT('',(0.36,1.70740499604016E-17,-0.165));
#13493=CARTESIAN_POINT('',(0.26,0.,-0.165));
#13494=CARTESIAN_POINT('',(0.26,0.015,-0.165));
#13495=CARTESIAN_POINT('',(0.36,0.015,-0.165));
#13496=CARTESIAN_POINT('',(0.34,0.015,-0.165));
#13497=CARTESIAN_POINT('',(0.34,0.,-0.165));
#13498=CARTESIAN_POINT('',(0.36,1.70740499604016E-17,-0.165));
#13499=CARTESIAN_POINT('',(0.36,0.,-0.165));
#13500=CARTESIAN_POINT('',(-0.0227499999999998,0.,-0.54775));
#13501=CARTESIAN_POINT('',(-0.354,0.,-0.2165));
#13502=CARTESIAN_POINT('',(0.36,0.,-0.2165));
#13503=CARTESIAN_POINT('',(-0.346,0.,-0.2165));
#13504=CARTESIAN_POINT('',(0.0327499999999961,0.,0.16225));
#13505=CARTESIAN_POINT('',(-0.34,0.,-0.2105));
#13506=CARTESIAN_POINT('',(-0.34,0.,-0.165));
#13507=CARTESIAN_POINT('',(0.36,0.,-0.165));
#13508=CARTESIAN_POINT('',(-0.26,0.,-0.165));
#13509=CARTESIAN_POINT('',(-0.26,0.,-0.2105));
#13510=CARTESIAN_POINT('',(0.0272499999999982,0.,-0.49775));
#13511=CARTESIAN_POINT('',(-0.254,0.,-0.2165));
#13512=CARTESIAN_POINT('',(0.36,0.,-0.2165));
#13513=CARTESIAN_POINT('',(-0.246,0.,-0.2165));
#13514=CARTESIAN_POINT('',(0.0827500000000018,0.,0.11225));
#13515=CARTESIAN_POINT('',(-0.24,0.,-0.2105));
#13516=CARTESIAN_POINT('',(-0.24,0.,-0.165));
#13517=CARTESIAN_POINT('',(0.36,0.,-0.165));
#13518=CARTESIAN_POINT('',(-0.16,0.,-0.165));
#13519=CARTESIAN_POINT('',(-0.16,0.,-0.2105));
#13520=CARTESIAN_POINT('',(0.07725,0.,-0.44775));
#13521=CARTESIAN_POINT('',(-0.154,0.,-0.2165));
#13522=CARTESIAN_POINT('',(0.36,0.,-0.2165));
#13523=CARTESIAN_POINT('',(-0.146,0.,-0.2165));
#13524=CARTESIAN_POINT('',(0.132749999999999,0.,0.0622500000000001));
#13525=CARTESIAN_POINT('',(-0.14,0.,-0.2105));
#13526=CARTESIAN_POINT('',(-0.14,0.,-0.165));
#13527=CARTESIAN_POINT('',(0.36,0.,-0.165));
#13528=CARTESIAN_POINT('',(-0.06,0.,-0.165));
#13529=CARTESIAN_POINT('',(-0.06,0.,-0.2105));
#13530=CARTESIAN_POINT('',(0.127249999999999,0.,-0.39775));
#13531=CARTESIAN_POINT('',(-0.054,0.,-0.2165));
#13532=CARTESIAN_POINT('',(0.36,0.,-0.2165));
#13533=CARTESIAN_POINT('',(-0.046,0.,-0.2165));
#13534=CARTESIAN_POINT('',(0.182749999999999,0.,0.0122500000000002));
#13535=CARTESIAN_POINT('',(-0.04,0.,-0.2105));
#13536=CARTESIAN_POINT('',(-0.04,0.,-0.165));
#13537=CARTESIAN_POINT('',(0.36,0.,-0.165));
#13538=CARTESIAN_POINT('',(0.0399999999999999,0.,-0.165));
#13539=CARTESIAN_POINT('',(0.04,0.,-0.2105));
#13540=CARTESIAN_POINT('',(0.177250000000001,0.,-0.34775));
#13541=CARTESIAN_POINT('',(0.046,0.,-0.2165));
#13542=CARTESIAN_POINT('',(0.36,0.,-0.2165));
#13543=CARTESIAN_POINT('',(0.0539999999999999,0.,-0.2165));
#13544=CARTESIAN_POINT('',(0.23275,0.,-0.0377499999999999));
#13545=CARTESIAN_POINT('',(0.0599999999999999,0.,-0.2105));
#13546=CARTESIAN_POINT('',(0.0599999999999999,0.,-0.165));
#13547=CARTESIAN_POINT('',(0.36,0.,-0.165));
#13548=CARTESIAN_POINT('',(0.14,0.,-0.165));
#13549=CARTESIAN_POINT('',(0.14,0.,-0.2105));
#13550=CARTESIAN_POINT('',(0.227249999999999,0.,-0.29775));
#13551=CARTESIAN_POINT('',(0.146,0.,-0.2165));
#13552=CARTESIAN_POINT('',(0.36,0.,-0.2165));
#13553=CARTESIAN_POINT('',(0.154,0.,-0.2165));
#13554=CARTESIAN_POINT('',(0.282749999999998,0.,-0.0877499999999995));
#13555=CARTESIAN_POINT('',(0.16,0.,-0.2105));
#13556=CARTESIAN_POINT('',(0.16,0.,-0.165));
#13557=CARTESIAN_POINT('',(0.36,0.,-0.165));
#13558=CARTESIAN_POINT('',(0.24,0.,-0.165));
#13559=CARTESIAN_POINT('',(0.24,0.,-0.2105));
#13560=CARTESIAN_POINT('',(0.277250000000001,0.,-0.24775));
#13561=CARTESIAN_POINT('',(0.246,0.,-0.2165));
#13562=CARTESIAN_POINT('',(0.36,0.,-0.2165));
#13563=CARTESIAN_POINT('',(0.254,0.,-0.2165));
#13564=CARTESIAN_POINT('',(0.33275,0.,-0.13775));
#13565=CARTESIAN_POINT('',(0.26,0.,-0.2105));
#13566=CARTESIAN_POINT('',(0.26,0.,-0.165));
#13567=CARTESIAN_POINT('',(0.36,0.,-0.165));
#13568=CARTESIAN_POINT('',(0.34,0.,-0.165));
#13569=CARTESIAN_POINT('',(0.34,0.,-0.2105));
#13570=CARTESIAN_POINT('',(0.32725,0.,-0.197750000000001));
#13571=CARTESIAN_POINT('',(0.346,0.,-0.2165));
#13572=CARTESIAN_POINT('',(0.36,0.,-0.2165));
#13573=CARTESIAN_POINT('',(0.354,0.,-0.2165));
#13574=CARTESIAN_POINT('',(0.38275,0.,-0.18775));
#13575=CARTESIAN_POINT('',(0.36,0.,-0.2165));
#13576=CARTESIAN_POINT('',(-0.354,0.1,-0.2165));
#13577=CARTESIAN_POINT('',(-0.354,0.00999999999999998,-0.2165));
#13578=CARTESIAN_POINT('',(0.36,0.00999999999999999,-0.2165));
#13579=CARTESIAN_POINT('',(-0.346,0.00999999999999998,-0.2165));
#13580=CARTESIAN_POINT('',(-0.346,0.1,-0.2165));
#13581=CARTESIAN_POINT('',(0.36,0.,-0.2165));
#13582=CARTESIAN_POINT('',(-0.254,0.1,-0.2165));
#13583=CARTESIAN_POINT('',(-0.254,0.00999999999999998,-0.2165));
#13584=CARTESIAN_POINT('',(0.36,0.00999999999999999,-0.2165));
#13585=CARTESIAN_POINT('',(-0.246,0.00999999999999998,-0.2165));
#13586=CARTESIAN_POINT('',(-0.246,0.1,-0.2165));
#13587=CARTESIAN_POINT('',(0.36,0.,-0.2165));
#13588=CARTESIAN_POINT('',(-0.154,0.1,-0.2165));
#13589=CARTESIAN_POINT('',(-0.154,0.00999999999999998,-0.2165));
#13590=CARTESIAN_POINT('',(0.36,0.00999999999999999,-0.2165));
#13591=CARTESIAN_POINT('',(-0.146,0.00999999999999998,-0.2165));
#13592=CARTESIAN_POINT('',(-0.146,0.1,-0.2165));
#13593=CARTESIAN_POINT('',(0.36,0.,-0.2165));
#13594=CARTESIAN_POINT('',(-0.054,0.1,-0.2165));
#13595=CARTESIAN_POINT('',(-0.054,0.00999999999999998,-0.2165));
#13596=CARTESIAN_POINT('',(0.36,0.00999999999999999,-0.2165));
#13597=CARTESIAN_POINT('',(-0.046,0.00999999999999998,-0.2165));
#13598=CARTESIAN_POINT('',(-0.046,0.1,-0.2165));
#13599=CARTESIAN_POINT('',(0.36,0.,-0.2165));
#13600=CARTESIAN_POINT('',(0.046,0.1,-0.2165));
#13601=CARTESIAN_POINT('',(0.046,0.00999999999999998,-0.2165));
#13602=CARTESIAN_POINT('',(0.36,0.00999999999999999,-0.2165));
#13603=CARTESIAN_POINT('',(0.0539999999999999,0.00999999999999998,-0.2165));
#13604=CARTESIAN_POINT('',(0.0539999999999999,0.1,-0.2165));
#13605=CARTESIAN_POINT('',(0.36,0.,-0.2165));
#13606=CARTESIAN_POINT('',(0.146,0.1,-0.2165));
#13607=CARTESIAN_POINT('',(0.146,0.00999999999999998,-0.2165));
#13608=CARTESIAN_POINT('',(0.36,0.00999999999999999,-0.2165));
#13609=CARTESIAN_POINT('',(0.154,0.00999999999999998,-0.2165));
#13610=CARTESIAN_POINT('',(0.154,0.1,-0.2165));
#13611=CARTESIAN_POINT('',(0.36,0.,-0.2165));
#13612=CARTESIAN_POINT('',(0.246,0.1,-0.2165));
#13613=CARTESIAN_POINT('',(0.246,0.00999999999999998,-0.2165));
#13614=CARTESIAN_POINT('',(0.36,0.00999999999999999,-0.2165));
#13615=CARTESIAN_POINT('',(0.254,0.00999999999999998,-0.2165));
#13616=CARTESIAN_POINT('',(0.254,0.1,-0.2165));
#13617=CARTESIAN_POINT('',(0.36,0.,-0.2165));
#13618=CARTESIAN_POINT('',(0.346,0.1,-0.2165));
#13619=CARTESIAN_POINT('',(0.346,0.00999999999999998,-0.2165));
#13620=CARTESIAN_POINT('',(0.36,0.00999999999999999,-0.2165));
#13621=CARTESIAN_POINT('',(0.354,0.00999999999999999,-0.2165));
#13622=CARTESIAN_POINT('',(0.354,0.1,-0.2165));
#13623=CARTESIAN_POINT('',(0.36,0.00999999999999999,-0.2165));
#13624=CARTESIAN_POINT('',(0.00300000000000015,0.0100000000000002,-0.5735));
#13625=CARTESIAN_POINT('',(0.36,0.00999999999999996,-0.165));
#13626=CARTESIAN_POINT('',(-0.34,0.00999999999999996,-0.165));
#13627=CARTESIAN_POINT('',(-0.34,0.00999999999999999,-0.2165));
#13628=CARTESIAN_POINT('',(-0.34,0.00999999999999998,-0.2105));
#13629=CARTESIAN_POINT('',(0.00699999999999599,0.00999999999999981,0.1365));
#13630=CARTESIAN_POINT('',(0.36,0.00999999999999999,-0.2165));
#13631=CARTESIAN_POINT('',(-0.26,0.00999999999999999,-0.2165));
#13632=CARTESIAN_POINT('',(-0.26,0.00999999999999996,-0.165));
#13633=CARTESIAN_POINT('',(-0.26,0.00999999999999998,-0.2105));
#13634=CARTESIAN_POINT('',(0.36,0.00999999999999996,-0.165));
#13635=CARTESIAN_POINT('',(-0.24,0.00999999999999996,-0.165));
#13636=CARTESIAN_POINT('',(-0.24,0.00999999999999999,-0.2165));
#13637=CARTESIAN_POINT('',(-0.24,0.00999999999999998,-0.2105));
#13638=CARTESIAN_POINT('',(0.0570000000000018,0.00999999999999984,0.0865));
#13639=CARTESIAN_POINT('',(0.0529999999999982,0.0100000000000001,-0.5235));
#13640=CARTESIAN_POINT('',(0.36,0.00999999999999999,-0.2165));
#13641=CARTESIAN_POINT('',(-0.16,0.00999999999999999,-0.2165));
#13642=CARTESIAN_POINT('',(-0.16,0.00999999999999996,-0.165));
#13643=CARTESIAN_POINT('',(-0.16,0.00999999999999998,-0.2105));
#13644=CARTESIAN_POINT('',(0.36,0.00999999999999996,-0.165));
#13645=CARTESIAN_POINT('',(-0.14,0.00999999999999996,-0.165));
#13646=CARTESIAN_POINT('',(-0.14,0.00999999999999999,-0.2165));
#13647=CARTESIAN_POINT('',(-0.14,0.00999999999999998,-0.2105));
#13648=CARTESIAN_POINT('',(0.106999999999999,0.00999999999999986,0.0365));
#13649=CARTESIAN_POINT('',(0.103,0.0100000000000001,-0.4735));
#13650=CARTESIAN_POINT('',(0.36,0.00999999999999999,-0.2165));
#13651=CARTESIAN_POINT('',(-0.06,0.00999999999999999,-0.2165));
#13652=CARTESIAN_POINT('',(-0.06,0.00999999999999996,-0.165));
#13653=CARTESIAN_POINT('',(-0.06,0.00999999999999998,-0.2105));
#13654=CARTESIAN_POINT('',(0.36,0.00999999999999996,-0.165));
#13655=CARTESIAN_POINT('',(-0.04,0.00999999999999996,-0.165));
#13656=CARTESIAN_POINT('',(-0.04,0.00999999999999999,-0.2165));
#13657=CARTESIAN_POINT('',(-0.04,0.00999999999999998,-0.2105));
#13658=CARTESIAN_POINT('',(0.156999999999999,0.00999999999999989,-0.0134999999999999));
#13659=CARTESIAN_POINT('',(0.152999999999999,0.0100000000000001,-0.4235));
#13660=CARTESIAN_POINT('',(0.36,0.00999999999999999,-0.2165));
#13661=CARTESIAN_POINT('',(0.0399999999999999,0.00999999999999999,-0.2165));
#13662=CARTESIAN_POINT('',(0.0399999999999999,0.00999999999999996,-0.165));
#13663=CARTESIAN_POINT('',(0.04,0.00999999999999998,-0.2105));
#13664=CARTESIAN_POINT('',(0.36,0.00999999999999996,-0.165));
#13665=CARTESIAN_POINT('',(0.0599999999999999,0.00999999999999996,-0.165));
#13666=CARTESIAN_POINT('',(0.0599999999999999,0.00999999999999999,-0.2165));
#13667=CARTESIAN_POINT('',(0.0599999999999999,0.00999999999999998,-0.2105));
#13668=CARTESIAN_POINT('',(0.207,0.00999999999999991,-0.0635));
#13669=CARTESIAN_POINT('',(0.203000000000001,0.0100000000000001,-0.3735));
#13670=CARTESIAN_POINT('',(0.36,0.00999999999999999,-0.2165));
#13671=CARTESIAN_POINT('',(0.14,0.00999999999999999,-0.2165));
#13672=CARTESIAN_POINT('',(0.14,0.00999999999999996,-0.165));
#13673=CARTESIAN_POINT('',(0.14,0.00999999999999998,-0.2105));
#13674=CARTESIAN_POINT('',(0.36,0.00999999999999996,-0.165));
#13675=CARTESIAN_POINT('',(0.16,0.00999999999999996,-0.165));
#13676=CARTESIAN_POINT('',(0.16,0.00999999999999999,-0.2165));
#13677=CARTESIAN_POINT('',(0.16,0.00999999999999998,-0.2105));
#13678=CARTESIAN_POINT('',(0.256999999999998,0.00999999999999994,-0.1135));
#13679=CARTESIAN_POINT('',(0.252999999999999,0.01,-0.3235));
#13680=CARTESIAN_POINT('',(0.36,0.00999999999999999,-0.2165));
#13681=CARTESIAN_POINT('',(0.24,0.00999999999999999,-0.2165));
#13682=CARTESIAN_POINT('',(0.24,0.00999999999999996,-0.165));
#13683=CARTESIAN_POINT('',(0.24,0.00999999999999998,-0.2105));
#13684=CARTESIAN_POINT('',(0.36,0.00999999999999996,-0.165));
#13685=CARTESIAN_POINT('',(0.26,0.00999999999999996,-0.165));
#13686=CARTESIAN_POINT('',(0.26,0.00999999999999999,-0.2165));
#13687=CARTESIAN_POINT('',(0.26,0.00999999999999998,-0.2105));
#13688=CARTESIAN_POINT('',(0.307,0.00999999999999996,-0.1635));
#13689=CARTESIAN_POINT('',(0.303000000000001,0.01,-0.2735));
#13690=CARTESIAN_POINT('',(0.36,0.00999999999999999,-0.2165));
#13691=CARTESIAN_POINT('',(0.34,0.00999999999999999,-0.2165));
#13692=CARTESIAN_POINT('',(0.34,0.00999999999999996,-0.165));
#13693=CARTESIAN_POINT('',(0.34,0.00999999999999998,-0.2105));
#13694=CARTESIAN_POINT('',(0.36,0.00999999999999996,-0.165));
#13695=CARTESIAN_POINT('',(0.357,0.00999999999999998,-0.2135));
#13696=CARTESIAN_POINT('',(0.353,0.00999999999999999,-0.2235));
#13697=CARTESIAN_POINT('',(0.36,0.0149999999999999,-0.165));
#13698=CARTESIAN_POINT('',(0.36,0.015,-0.16));
#13699=CARTESIAN_POINT('',(-0.34,0.015,-0.16));
#13700=CARTESIAN_POINT('',(-0.34,0.0149999999999999,-0.165));
#13701=CARTESIAN_POINT('',(0.36,0.0149999999999999,-0.165));
#13702=CARTESIAN_POINT('',(-0.26,0.0149999999999999,-0.165));
#13703=CARTESIAN_POINT('',(-0.26,0.015,-0.16));
#13704=CARTESIAN_POINT('',(0.36,0.015,-0.16));
#13705=CARTESIAN_POINT('',(-0.24,0.015,-0.16));
#13706=CARTESIAN_POINT('',(-0.24,0.0149999999999999,-0.165));
#13707=CARTESIAN_POINT('',(0.36,0.0149999999999999,-0.165));
#13708=CARTESIAN_POINT('',(-0.16,0.0149999999999999,-0.165));
#13709=CARTESIAN_POINT('',(-0.16,0.015,-0.16));
#13710=CARTESIAN_POINT('',(0.36,0.015,-0.16));
#13711=CARTESIAN_POINT('',(-0.14,0.015,-0.16));
#13712=CARTESIAN_POINT('',(-0.14,0.0149999999999999,-0.165));
#13713=CARTESIAN_POINT('',(0.36,0.0149999999999999,-0.165));
#13714=CARTESIAN_POINT('',(-0.06,0.0149999999999999,-0.165));
#13715=CARTESIAN_POINT('',(-0.06,0.015,-0.16));
#13716=CARTESIAN_POINT('',(0.36,0.015,-0.16));
#13717=CARTESIAN_POINT('',(-0.04,0.015,-0.16));
#13718=CARTESIAN_POINT('',(-0.04,0.0149999999999999,-0.165));
#13719=CARTESIAN_POINT('',(0.36,0.0149999999999999,-0.165));
#13720=CARTESIAN_POINT('',(0.0399999999999999,0.0149999999999999,-0.165));
#13721=CARTESIAN_POINT('',(0.0399999999999999,0.015,-0.16));
#13722=CARTESIAN_POINT('',(0.36,0.015,-0.16));
#13723=CARTESIAN_POINT('',(0.0599999999999999,0.015,-0.16));
#13724=CARTESIAN_POINT('',(0.0599999999999999,0.0149999999999999,-0.165));
#13725=CARTESIAN_POINT('',(0.36,0.0149999999999999,-0.165));
#13726=CARTESIAN_POINT('',(0.14,0.0149999999999999,-0.165));
#13727=CARTESIAN_POINT('',(0.14,0.015,-0.16));
#13728=CARTESIAN_POINT('',(0.36,0.015,-0.16));
#13729=CARTESIAN_POINT('',(0.16,0.015,-0.16));
#13730=CARTESIAN_POINT('',(0.16,0.0149999999999999,-0.165));
#13731=CARTESIAN_POINT('',(0.36,0.0149999999999999,-0.165));
#13732=CARTESIAN_POINT('',(0.24,0.0149999999999999,-0.165));
#13733=CARTESIAN_POINT('',(0.24,0.015,-0.16));
#13734=CARTESIAN_POINT('',(0.36,0.015,-0.16));
#13735=CARTESIAN_POINT('',(0.26,0.015,-0.16));
#13736=CARTESIAN_POINT('',(0.26,0.0149999999999999,-0.165));
#13737=CARTESIAN_POINT('',(0.36,0.0149999999999999,-0.165));
#13738=CARTESIAN_POINT('',(0.34,0.0149999999999999,-0.165));
#13739=CARTESIAN_POINT('',(0.34,0.015,-0.16));
#13740=CARTESIAN_POINT('',(0.36,0.015,-0.16));
#13741=CARTESIAN_POINT('',(0.36,0.015,-0.16));
#13742=CARTESIAN_POINT('',(-0.34,0.015,-0.16));
#13743=CARTESIAN_POINT('',(-0.34,0.0225,-0.16));
#13744=CARTESIAN_POINT('',(0.36,0.0225,-0.16));
#13745=CARTESIAN_POINT('',(0.36,0.015,-0.16));
#13746=CARTESIAN_POINT('',(-0.26,0.015,-0.16));
#13747=CARTESIAN_POINT('',(-0.26,0.0225,-0.16));
#13748=CARTESIAN_POINT('',(0.36,0.0225,-0.16));
#13749=CARTESIAN_POINT('',(-0.24,0.0225,-0.16));
#13750=CARTESIAN_POINT('',(-0.24,0.015,-0.16));
#13751=CARTESIAN_POINT('',(0.36,0.015,-0.16));
#13752=CARTESIAN_POINT('',(-0.16,0.015,-0.16));
#13753=CARTESIAN_POINT('',(-0.16,0.0225,-0.16));
#13754=CARTESIAN_POINT('',(0.36,0.0225,-0.16));
#13755=CARTESIAN_POINT('',(-0.14,0.0225,-0.16));
#13756=CARTESIAN_POINT('',(-0.14,0.015,-0.16));
#13757=CARTESIAN_POINT('',(0.36,0.015,-0.16));
#13758=CARTESIAN_POINT('',(-0.06,0.015,-0.16));
#13759=CARTESIAN_POINT('',(-0.06,0.0225,-0.16));
#13760=CARTESIAN_POINT('',(0.36,0.0225,-0.16));
#13761=CARTESIAN_POINT('',(-0.04,0.0225,-0.16));
#13762=CARTESIAN_POINT('',(-0.04,0.015,-0.16));
#13763=CARTESIAN_POINT('',(0.36,0.015,-0.16));
#13764=CARTESIAN_POINT('',(0.0399999999999999,0.015,-0.16));
#13765=CARTESIAN_POINT('',(0.0399999999999999,0.0225,-0.16));
#13766=CARTESIAN_POINT('',(0.36,0.0225,-0.16));
#13767=CARTESIAN_POINT('',(0.0599999999999999,0.0225,-0.16));
#13768=CARTESIAN_POINT('',(0.0599999999999999,0.015,-0.16));
#13769=CARTESIAN_POINT('',(0.36,0.015,-0.16));
#13770=CARTESIAN_POINT('',(0.14,0.015,-0.16));
#13771=CARTESIAN_POINT('',(0.14,0.0225,-0.16));
#13772=CARTESIAN_POINT('',(0.36,0.0225,-0.16));
#13773=CARTESIAN_POINT('',(0.16,0.0225,-0.16));
#13774=CARTESIAN_POINT('',(0.16,0.015,-0.16));
#13775=CARTESIAN_POINT('',(0.36,0.015,-0.16));
#13776=CARTESIAN_POINT('',(0.24,0.015,-0.16));
#13777=CARTESIAN_POINT('',(0.24,0.0225,-0.16));
#13778=CARTESIAN_POINT('',(0.36,0.0225,-0.16));
#13779=CARTESIAN_POINT('',(0.26,0.0225,-0.16));
#13780=CARTESIAN_POINT('',(0.26,0.015,-0.16));
#13781=CARTESIAN_POINT('',(0.36,0.015,-0.16));
#13782=CARTESIAN_POINT('',(0.34,0.015,-0.16));
#13783=CARTESIAN_POINT('',(0.34,0.0225,-0.16));
#13784=CARTESIAN_POINT('',(0.36,0.0225,-0.16));
#13785=CARTESIAN_POINT('',(0.36,0.0225,-0.13));
#13786=CARTESIAN_POINT('',(-0.34,0.0225,-0.13));
#13787=CARTESIAN_POINT('',(0.36,0.0225,-0.13));
#13788=CARTESIAN_POINT('',(-0.26,0.0225,-0.13));
#13789=CARTESIAN_POINT('',(-0.24,0.0225,-0.13));
#13790=CARTESIAN_POINT('',(0.36,0.0225,-0.13));
#13791=CARTESIAN_POINT('',(-0.16,0.0225,-0.13));
#13792=CARTESIAN_POINT('',(-0.14,0.0225,-0.13));
#13793=CARTESIAN_POINT('',(0.36,0.0225,-0.13));
#13794=CARTESIAN_POINT('',(-0.06,0.0225,-0.13));
#13795=CARTESIAN_POINT('',(-0.04,0.0225,-0.13));
#13796=CARTESIAN_POINT('',(0.36,0.0225,-0.13));
#13797=CARTESIAN_POINT('',(0.0399999999999999,0.0225,-0.13));
#13798=CARTESIAN_POINT('',(0.0599999999999999,0.0225,-0.13));
#13799=CARTESIAN_POINT('',(0.36,0.0225,-0.13));
#13800=CARTESIAN_POINT('',(0.14,0.0225,-0.13));
#13801=CARTESIAN_POINT('',(0.16,0.0225,-0.13));
#13802=CARTESIAN_POINT('',(0.36,0.0225,-0.13));
#13803=CARTESIAN_POINT('',(0.24,0.0225,-0.13));
#13804=CARTESIAN_POINT('',(0.26,0.0225,-0.13));
#13805=CARTESIAN_POINT('',(0.36,0.0225,-0.13));
#13806=CARTESIAN_POINT('',(0.34,0.0225,-0.13));
#13807=CARTESIAN_POINT('',(0.36,0.01,0.165));
#13808=CARTESIAN_POINT('',(-0.0227499999999999,0.01,0.54775));
#13809=CARTESIAN_POINT('',(-0.354,0.01,0.2165));
#13810=CARTESIAN_POINT('',(0.36,0.01,0.2165));
#13811=CARTESIAN_POINT('',(-0.346,0.01,0.2165));
#13812=CARTESIAN_POINT('',(0.0327500000000001,0.00999999999999999,-0.16225));
#13813=CARTESIAN_POINT('',(-0.34,0.01,0.2105));
#13814=CARTESIAN_POINT('',(-0.34,0.01,0.165));
#13815=CARTESIAN_POINT('',(-0.34,0.01,0.165));
#13816=CARTESIAN_POINT('',(0.36,0.01,0.165));
#13817=CARTESIAN_POINT('',(0.36,0.01,0.165));
#13818=CARTESIAN_POINT('',(0.38275,0.01,0.18775));
#13819=CARTESIAN_POINT('',(0.354,0.01,0.2165));
#13820=CARTESIAN_POINT('',(0.36,0.01,0.165));
#13821=CARTESIAN_POINT('',(0.34,0.01,0.165));
#13822=CARTESIAN_POINT('',(0.34,0.01,0.165));
#13823=CARTESIAN_POINT('',(0.34,0.01,0.2105));
#13824=CARTESIAN_POINT('',(0.32725,0.01,0.19775));
#13825=CARTESIAN_POINT('',(0.346,0.01,0.2165));
#13826=CARTESIAN_POINT('',(0.36,0.01,0.2165));
#13827=CARTESIAN_POINT('',(0.36,0.01,0.165));
#13828=CARTESIAN_POINT('',(0.26,0.01,0.165));
#13829=CARTESIAN_POINT('',(0.26,0.01,0.165));
#13830=CARTESIAN_POINT('',(0.26,0.01,0.2105));
#13831=CARTESIAN_POINT('',(0.36,0.01,0.165));
#13832=CARTESIAN_POINT('',(0.24,0.01,0.165));
#13833=CARTESIAN_POINT('',(0.24,0.01,0.165));
#13834=CARTESIAN_POINT('',(0.24,0.01,0.2105));
#13835=CARTESIAN_POINT('',(0.27725,0.01,0.24775));
#13836=CARTESIAN_POINT('',(0.246,0.01,0.2165));
#13837=CARTESIAN_POINT('',(0.36,0.01,0.2165));
#13838=CARTESIAN_POINT('',(0.254,0.01,0.2165));
#13839=CARTESIAN_POINT('',(0.33275,0.01,0.13775));
#13840=CARTESIAN_POINT('',(0.36,0.01,0.165));
#13841=CARTESIAN_POINT('',(0.16,0.01,0.165));
#13842=CARTESIAN_POINT('',(0.16,0.01,0.165));
#13843=CARTESIAN_POINT('',(0.16,0.01,0.2105));
#13844=CARTESIAN_POINT('',(0.36,0.01,0.165));
#13845=CARTESIAN_POINT('',(0.14,0.01,0.165));
#13846=CARTESIAN_POINT('',(0.14,0.01,0.165));
#13847=CARTESIAN_POINT('',(0.14,0.01,0.2105));
#13848=CARTESIAN_POINT('',(0.22725,0.01,0.29775));
#13849=CARTESIAN_POINT('',(0.146,0.01,0.2165));
#13850=CARTESIAN_POINT('',(0.36,0.01,0.2165));
#13851=CARTESIAN_POINT('',(0.154,0.01,0.2165));
#13852=CARTESIAN_POINT('',(0.28275,0.01,0.08775));
#13853=CARTESIAN_POINT('',(0.36,0.01,0.165));
#13854=CARTESIAN_POINT('',(0.06,0.01,0.165));
#13855=CARTESIAN_POINT('',(0.06,0.01,0.165));
#13856=CARTESIAN_POINT('',(0.06,0.01,0.2105));
#13857=CARTESIAN_POINT('',(0.36,0.01,0.165));
#13858=CARTESIAN_POINT('',(0.04,0.01,0.165));
#13859=CARTESIAN_POINT('',(0.04,0.01,0.165));
#13860=CARTESIAN_POINT('',(0.04,0.01,0.2105));
#13861=CARTESIAN_POINT('',(0.17725,0.01,0.34775));
#13862=CARTESIAN_POINT('',(0.046,0.01,0.2165));
#13863=CARTESIAN_POINT('',(0.36,0.01,0.2165));
#13864=CARTESIAN_POINT('',(0.054,0.01,0.2165));
#13865=CARTESIAN_POINT('',(0.23275,0.01,0.0377499999999999));
#13866=CARTESIAN_POINT('',(0.36,0.01,0.165));
#13867=CARTESIAN_POINT('',(-0.04,0.01,0.165));
#13868=CARTESIAN_POINT('',(-0.04,0.01,0.165));
#13869=CARTESIAN_POINT('',(-0.04,0.01,0.2105));
#13870=CARTESIAN_POINT('',(0.36,0.01,0.165));
#13871=CARTESIAN_POINT('',(-0.06,0.01,0.165));
#13872=CARTESIAN_POINT('',(-0.06,0.01,0.165));
#13873=CARTESIAN_POINT('',(-0.06,0.01,0.2105));
#13874=CARTESIAN_POINT('',(0.12725,0.01,0.39775));
#13875=CARTESIAN_POINT('',(-0.054,0.01,0.2165));
#13876=CARTESIAN_POINT('',(0.36,0.01,0.2165));
#13877=CARTESIAN_POINT('',(-0.046,0.01,0.2165));
#13878=CARTESIAN_POINT('',(0.182749999999999,0.00999999999999999,-0.0122500000000001));
#13879=CARTESIAN_POINT('',(0.36,0.01,0.165));
#13880=CARTESIAN_POINT('',(-0.14,0.01,0.165));
#13881=CARTESIAN_POINT('',(-0.14,0.01,0.165));
#13882=CARTESIAN_POINT('',(-0.14,0.01,0.2105));
#13883=CARTESIAN_POINT('',(0.36,0.01,0.165));
#13884=CARTESIAN_POINT('',(-0.16,0.01,0.165));
#13885=CARTESIAN_POINT('',(-0.16,0.01,0.165));
#13886=CARTESIAN_POINT('',(-0.16,0.01,0.2105));
#13887=CARTESIAN_POINT('',(0.0772500000000001,0.01,0.44775));
#13888=CARTESIAN_POINT('',(-0.154,0.01,0.2165));
#13889=CARTESIAN_POINT('',(0.36,0.01,0.2165));
#13890=CARTESIAN_POINT('',(-0.146,0.01,0.2165));
#13891=CARTESIAN_POINT('',(0.132749999999999,0.00999999999999999,-0.0622500000000001));
#13892=CARTESIAN_POINT('',(0.36,0.01,0.165));
#13893=CARTESIAN_POINT('',(-0.24,0.01,0.165));
#13894=CARTESIAN_POINT('',(-0.24,0.01,0.165));
#13895=CARTESIAN_POINT('',(-0.24,0.01,0.2105));
#13896=CARTESIAN_POINT('',(0.36,0.01,0.165));
#13897=CARTESIAN_POINT('',(-0.26,0.01,0.165));
#13898=CARTESIAN_POINT('',(-0.26,0.01,0.165));
#13899=CARTESIAN_POINT('',(-0.26,0.01,0.2105));
#13900=CARTESIAN_POINT('',(0.0272499999999983,0.01,0.49775));
#13901=CARTESIAN_POINT('',(-0.254,0.01,0.2165));
#13902=CARTESIAN_POINT('',(0.36,0.01,0.2165));
#13903=CARTESIAN_POINT('',(-0.246,0.01,0.2165));
#13904=CARTESIAN_POINT('',(0.08275,0.00999999999999999,-0.11225));
#13905=CARTESIAN_POINT('',(0.36,0.01,0.2165));
#13906=CARTESIAN_POINT('',(-0.354,0.1,0.2165));
#13907=CARTESIAN_POINT('',(-0.354,0.,0.2165));
#13908=CARTESIAN_POINT('',(0.36,0.,0.2165));
#13909=CARTESIAN_POINT('',(-0.346,0.,0.2165));
#13910=CARTESIAN_POINT('',(-0.346,0.1,0.2165));
#13911=CARTESIAN_POINT('',(0.36,0.01,0.2165));
#13912=CARTESIAN_POINT('',(0.354,0.1,0.2165));
#13913=CARTESIAN_POINT('',(0.354,0.,0.2165));
#13914=CARTESIAN_POINT('',(0.346,0.1,0.2165));
#13915=CARTESIAN_POINT('',(0.346,0.,0.2165));
#13916=CARTESIAN_POINT('',(0.36,0.,0.2165));
#13917=CARTESIAN_POINT('',(0.36,0.01,0.2165));
#13918=CARTESIAN_POINT('',(0.254,0.1,0.2165));
#13919=CARTESIAN_POINT('',(0.254,0.,0.2165));
#13920=CARTESIAN_POINT('',(0.246,0.1,0.2165));
#13921=CARTESIAN_POINT('',(0.246,0.,0.2165));
#13922=CARTESIAN_POINT('',(0.36,0.,0.2165));
#13923=CARTESIAN_POINT('',(0.36,0.01,0.2165));
#13924=CARTESIAN_POINT('',(0.154,0.1,0.2165));
#13925=CARTESIAN_POINT('',(0.154,0.,0.2165));
#13926=CARTESIAN_POINT('',(0.146,0.1,0.2165));
#13927=CARTESIAN_POINT('',(0.146,0.,0.2165));
#13928=CARTESIAN_POINT('',(0.36,0.,0.2165));
#13929=CARTESIAN_POINT('',(0.36,0.01,0.2165));
#13930=CARTESIAN_POINT('',(0.054,0.1,0.2165));
#13931=CARTESIAN_POINT('',(0.054,0.,0.2165));
#13932=CARTESIAN_POINT('',(0.046,0.1,0.2165));
#13933=CARTESIAN_POINT('',(0.046,0.,0.2165));
#13934=CARTESIAN_POINT('',(0.36,0.,0.2165));
#13935=CARTESIAN_POINT('',(0.36,0.01,0.2165));
#13936=CARTESIAN_POINT('',(-0.046,0.1,0.2165));
#13937=CARTESIAN_POINT('',(-0.046,0.,0.2165));
#13938=CARTESIAN_POINT('',(-0.054,0.1,0.2165));
#13939=CARTESIAN_POINT('',(-0.054,0.,0.2165));
#13940=CARTESIAN_POINT('',(0.36,0.,0.2165));
#13941=CARTESIAN_POINT('',(0.36,0.01,0.2165));
#13942=CARTESIAN_POINT('',(-0.146,0.1,0.2165));
#13943=CARTESIAN_POINT('',(-0.146,0.,0.2165));
#13944=CARTESIAN_POINT('',(-0.154,0.1,0.2165));
#13945=CARTESIAN_POINT('',(-0.154,0.,0.2165));
#13946=CARTESIAN_POINT('',(0.36,0.,0.2165));
#13947=CARTESIAN_POINT('',(0.36,0.01,0.2165));
#13948=CARTESIAN_POINT('',(-0.246,0.1,0.2165));
#13949=CARTESIAN_POINT('',(-0.246,0.,0.2165));
#13950=CARTESIAN_POINT('',(-0.254,0.1,0.2165));
#13951=CARTESIAN_POINT('',(-0.254,0.,0.2165));
#13952=CARTESIAN_POINT('',(0.36,0.,0.2165));
#13953=CARTESIAN_POINT('',(0.36,0.,0.2165));
#13954=CARTESIAN_POINT('',(0.00300000000000008,0.,0.5735));
#13955=CARTESIAN_POINT('',(0.36,0.,0.165));
#13956=CARTESIAN_POINT('',(-0.34,0.,0.165));
#13957=CARTESIAN_POINT('',(-0.34,0.,0.2165));
#13958=CARTESIAN_POINT('',(-0.34,0.,0.2105));
#13959=CARTESIAN_POINT('',(0.00700000000000002,0.,-0.1365));
#13960=CARTESIAN_POINT('',(0.36,0.,0.2165));
#13961=CARTESIAN_POINT('',(0.357,0.,0.2135));
#13962=CARTESIAN_POINT('',(0.353,0.,0.2235));
#13963=CARTESIAN_POINT('',(0.34,0.,0.2105));
#13964=CARTESIAN_POINT('',(0.34,0.,0.2165));
#13965=CARTESIAN_POINT('',(0.34,0.,0.165));
#13966=CARTESIAN_POINT('',(0.36,0.,0.165));
#13967=CARTESIAN_POINT('',(0.36,0.,0.2165));
#13968=CARTESIAN_POINT('',(0.26,0.,0.2165));
#13969=CARTESIAN_POINT('',(0.26,0.,0.2105));
#13970=CARTESIAN_POINT('',(0.26,0.,0.165));
#13971=CARTESIAN_POINT('',(0.307,0.,0.1635));
#13972=CARTESIAN_POINT('',(0.303,0.,0.2735));
#13973=CARTESIAN_POINT('',(0.24,0.,0.2105));
#13974=CARTESIAN_POINT('',(0.24,0.,0.2165));
#13975=CARTESIAN_POINT('',(0.24,0.,0.165));
#13976=CARTESIAN_POINT('',(0.36,0.,0.165));
#13977=CARTESIAN_POINT('',(0.36,0.,0.2165));
#13978=CARTESIAN_POINT('',(0.16,0.,0.2165));
#13979=CARTESIAN_POINT('',(0.16,0.,0.2105));
#13980=CARTESIAN_POINT('',(0.16,0.,0.165));
#13981=CARTESIAN_POINT('',(0.257,0.,0.1135));
#13982=CARTESIAN_POINT('',(0.253,0.,0.3235));
#13983=CARTESIAN_POINT('',(0.14,0.,0.2105));
#13984=CARTESIAN_POINT('',(0.14,0.,0.2165));
#13985=CARTESIAN_POINT('',(0.14,0.,0.165));
#13986=CARTESIAN_POINT('',(0.36,0.,0.165));
#13987=CARTESIAN_POINT('',(0.36,0.,0.2165));
#13988=CARTESIAN_POINT('',(0.06,0.,0.2165));
#13989=CARTESIAN_POINT('',(0.06,0.,0.2105));
#13990=CARTESIAN_POINT('',(0.06,0.,0.165));
#13991=CARTESIAN_POINT('',(0.207,0.,0.0635));
#13992=CARTESIAN_POINT('',(0.203,0.,0.3735));
#13993=CARTESIAN_POINT('',(0.04,0.,0.2105));
#13994=CARTESIAN_POINT('',(0.04,0.,0.2165));
#13995=CARTESIAN_POINT('',(0.04,0.,0.165));
#13996=CARTESIAN_POINT('',(0.36,0.,0.165));
#13997=CARTESIAN_POINT('',(0.36,0.,0.2165));
#13998=CARTESIAN_POINT('',(-0.04,0.,0.2165));
#13999=CARTESIAN_POINT('',(-0.04,0.,0.2105));
#14000=CARTESIAN_POINT('',(-0.04,0.,0.165));
#14001=CARTESIAN_POINT('',(0.157,0.,0.0135));
#14002=CARTESIAN_POINT('',(0.153,0.,0.4235));
#14003=CARTESIAN_POINT('',(-0.06,0.,0.2105));
#14004=CARTESIAN_POINT('',(-0.06,0.,0.2165));
#14005=CARTESIAN_POINT('',(-0.06,0.,0.165));
#14006=CARTESIAN_POINT('',(0.36,0.,0.165));
#14007=CARTESIAN_POINT('',(0.36,0.,0.2165));
#14008=CARTESIAN_POINT('',(-0.14,0.,0.2165));
#14009=CARTESIAN_POINT('',(-0.14,0.,0.2105));
#14010=CARTESIAN_POINT('',(-0.14,0.,0.165));
#14011=CARTESIAN_POINT('',(0.106999999999999,0.,-0.0365));
#14012=CARTESIAN_POINT('',(0.103,0.,0.4735));
#14013=CARTESIAN_POINT('',(-0.16,0.,0.2105));
#14014=CARTESIAN_POINT('',(-0.16,0.,0.2165));
#14015=CARTESIAN_POINT('',(-0.16,0.,0.165));
#14016=CARTESIAN_POINT('',(0.36,0.,0.165));
#14017=CARTESIAN_POINT('',(0.36,0.,0.2165));
#14018=CARTESIAN_POINT('',(-0.24,0.,0.2165));
#14019=CARTESIAN_POINT('',(-0.24,0.,0.2105));
#14020=CARTESIAN_POINT('',(-0.24,0.,0.165));
#14021=CARTESIAN_POINT('',(0.057,0.,-0.0865));
#14022=CARTESIAN_POINT('',(0.0529999999999982,0.,0.5235));
#14023=CARTESIAN_POINT('',(-0.26,0.,0.2105));
#14024=CARTESIAN_POINT('',(-0.26,0.,0.2165));
#14025=CARTESIAN_POINT('',(-0.26,0.,0.165));
#14026=CARTESIAN_POINT('',(0.36,0.,0.165));
#14027=CARTESIAN_POINT('',(0.36,0.015,0.165));
#14028=CARTESIAN_POINT('',(0.34,0.015,0.165));
#14029=CARTESIAN_POINT('',(0.34,0.015,0.15));
#14030=CARTESIAN_POINT('',(0.36,0.015,0.15));
#14031=CARTESIAN_POINT('',(0.36,0.015,0.165));
#14032=CARTESIAN_POINT('',(0.26,0.015,0.165));
#14033=CARTESIAN_POINT('',(0.26,0.015,0.15));
#14034=CARTESIAN_POINT('',(0.24,0.015,0.165));
#14035=CARTESIAN_POINT('',(0.24,0.015,0.15));
#14036=CARTESIAN_POINT('',(0.36,0.015,0.15));
#14037=CARTESIAN_POINT('',(0.36,0.015,0.165));
#14038=CARTESIAN_POINT('',(0.16,0.015,0.165));
#14039=CARTESIAN_POINT('',(0.16,0.015,0.15));
#14040=CARTESIAN_POINT('',(0.14,0.015,0.165));
#14041=CARTESIAN_POINT('',(0.14,0.015,0.15));
#14042=CARTESIAN_POINT('',(0.36,0.015,0.15));
#14043=CARTESIAN_POINT('',(0.36,0.015,0.165));
#14044=CARTESIAN_POINT('',(0.06,0.015,0.165));
#14045=CARTESIAN_POINT('',(0.06,0.015,0.15));
#14046=CARTESIAN_POINT('',(0.04,0.015,0.165));
#14047=CARTESIAN_POINT('',(0.04,0.015,0.15));
#14048=CARTESIAN_POINT('',(0.36,0.015,0.15));
#14049=CARTESIAN_POINT('',(0.36,0.015,0.165));
#14050=CARTESIAN_POINT('',(-0.04,0.015,0.165));
#14051=CARTESIAN_POINT('',(-0.04,0.015,0.15));
#14052=CARTESIAN_POINT('',(-0.06,0.015,0.165));
#14053=CARTESIAN_POINT('',(-0.06,0.015,0.15));
#14054=CARTESIAN_POINT('',(0.36,0.015,0.15));
#14055=CARTESIAN_POINT('',(0.36,0.015,0.165));
#14056=CARTESIAN_POINT('',(-0.14,0.015,0.165));
#14057=CARTESIAN_POINT('',(-0.14,0.015,0.15));
#14058=CARTESIAN_POINT('',(-0.16,0.015,0.165));
#14059=CARTESIAN_POINT('',(-0.16,0.015,0.15));
#14060=CARTESIAN_POINT('',(0.36,0.015,0.15));
#14061=CARTESIAN_POINT('',(0.36,0.015,0.165));
#14062=CARTESIAN_POINT('',(-0.24,0.015,0.165));
#14063=CARTESIAN_POINT('',(-0.24,0.015,0.15));
#14064=CARTESIAN_POINT('',(-0.26,0.015,0.165));
#14065=CARTESIAN_POINT('',(-0.26,0.015,0.15));
#14066=CARTESIAN_POINT('',(0.36,0.015,0.15));
#14067=CARTESIAN_POINT('',(0.36,0.015,0.165));
#14068=CARTESIAN_POINT('',(-0.34,0.015,0.165));
#14069=CARTESIAN_POINT('',(-0.34,0.015,0.15));
#14070=CARTESIAN_POINT('',(0.36,0.015,0.15));
#14071=CARTESIAN_POINT('',(0.36,0.015,0.15));
#14072=CARTESIAN_POINT('',(0.34,0.015,0.15));
#14073=CARTESIAN_POINT('',(0.34,0.0375,0.15));
#14074=CARTESIAN_POINT('',(0.36,0.0375,0.15));
#14075=CARTESIAN_POINT('',(0.36,0.015,0.15));
#14076=CARTESIAN_POINT('',(0.26,0.015,0.15));
#14077=CARTESIAN_POINT('',(0.26,0.0375,0.15));
#14078=CARTESIAN_POINT('',(0.24,0.015,0.15));
#14079=CARTESIAN_POINT('',(0.24,0.0375,0.15));
#14080=CARTESIAN_POINT('',(0.36,0.0375,0.15));
#14081=CARTESIAN_POINT('',(0.36,0.015,0.15));
#14082=CARTESIAN_POINT('',(0.16,0.015,0.15));
#14083=CARTESIAN_POINT('',(0.16,0.0375,0.15));
#14084=CARTESIAN_POINT('',(0.14,0.015,0.15));
#14085=CARTESIAN_POINT('',(0.14,0.0375,0.15));
#14086=CARTESIAN_POINT('',(0.36,0.0375,0.15));
#14087=CARTESIAN_POINT('',(0.36,0.015,0.15));
#14088=CARTESIAN_POINT('',(0.06,0.015,0.15));
#14089=CARTESIAN_POINT('',(0.06,0.0375,0.15));
#14090=CARTESIAN_POINT('',(0.04,0.015,0.15));
#14091=CARTESIAN_POINT('',(0.04,0.0375,0.15));
#14092=CARTESIAN_POINT('',(0.36,0.0375,0.15));
#14093=CARTESIAN_POINT('',(0.36,0.015,0.15));
#14094=CARTESIAN_POINT('',(-0.04,0.015,0.15));
#14095=CARTESIAN_POINT('',(-0.04,0.0375,0.15));
#14096=CARTESIAN_POINT('',(-0.06,0.015,0.15));
#14097=CARTESIAN_POINT('',(-0.06,0.0375,0.15));
#14098=CARTESIAN_POINT('',(0.36,0.0375,0.15));
#14099=CARTESIAN_POINT('',(0.36,0.015,0.15));
#14100=CARTESIAN_POINT('',(-0.14,0.015,0.15));
#14101=CARTESIAN_POINT('',(-0.14,0.0375,0.15));
#14102=CARTESIAN_POINT('',(-0.16,0.015,0.15));
#14103=CARTESIAN_POINT('',(-0.16,0.0375,0.15));
#14104=CARTESIAN_POINT('',(0.36,0.0375,0.15));
#14105=CARTESIAN_POINT('',(0.36,0.015,0.15));
#14106=CARTESIAN_POINT('',(-0.24,0.015,0.15));
#14107=CARTESIAN_POINT('',(-0.24,0.0375,0.15));
#14108=CARTESIAN_POINT('',(-0.26,0.015,0.15));
#14109=CARTESIAN_POINT('',(-0.26,0.0375,0.15));
#14110=CARTESIAN_POINT('',(0.36,0.0375,0.15));
#14111=CARTESIAN_POINT('',(0.36,0.015,0.15));
#14112=CARTESIAN_POINT('',(-0.34,0.015,0.15));
#14113=CARTESIAN_POINT('',(-0.34,0.0375,0.15));
#14114=CARTESIAN_POINT('',(0.36,0.0375,0.15));
#14115=CARTESIAN_POINT('',(0.36,0.0375,0.145));
#14116=CARTESIAN_POINT('',(0.34,0.0375,0.145));
#14117=CARTESIAN_POINT('',(0.36,0.0375,0.145));
#14118=CARTESIAN_POINT('',(0.26,0.0375,0.145));
#14119=CARTESIAN_POINT('',(0.24,0.0375,0.145));
#14120=CARTESIAN_POINT('',(0.36,0.0375,0.145));
#14121=CARTESIAN_POINT('',(0.16,0.0375,0.145));
#14122=CARTESIAN_POINT('',(0.14,0.0375,0.145));
#14123=CARTESIAN_POINT('',(0.36,0.0375,0.145));
#14124=CARTESIAN_POINT('',(0.06,0.0375,0.145));
#14125=CARTESIAN_POINT('',(0.04,0.0375,0.145));
#14126=CARTESIAN_POINT('',(0.36,0.0375,0.145));
#14127=CARTESIAN_POINT('',(-0.04,0.0375,0.145));
#14128=CARTESIAN_POINT('',(-0.06,0.0375,0.145));
#14129=CARTESIAN_POINT('',(0.36,0.0375,0.145));
#14130=CARTESIAN_POINT('',(-0.14,0.0375,0.145));
#14131=CARTESIAN_POINT('',(-0.16,0.0375,0.145));
#14132=CARTESIAN_POINT('',(0.36,0.0375,0.145));
#14133=CARTESIAN_POINT('',(-0.24,0.0375,0.145));
#14134=CARTESIAN_POINT('',(-0.26,0.0375,0.145));
#14135=CARTESIAN_POINT('',(0.36,0.0375,0.145));
#14136=CARTESIAN_POINT('',(-0.34,0.0375,0.145));
#14137=CARTESIAN_POINT('',(0.36,0.0375,0.145));
#14138=CARTESIAN_POINT('',(0.34,0.0375,0.145));
#14139=CARTESIAN_POINT('',(0.34,0.0375,0.16));
#14140=CARTESIAN_POINT('',(0.36,0.0375,0.16));
#14141=CARTESIAN_POINT('',(0.36,0.0375,0.145));
#14142=CARTESIAN_POINT('',(0.26,0.0375,0.145));
#14143=CARTESIAN_POINT('',(0.26,0.0375,0.16));
#14144=CARTESIAN_POINT('',(0.24,0.0375,0.145));
#14145=CARTESIAN_POINT('',(0.24,0.0375,0.16));
#14146=CARTESIAN_POINT('',(0.36,0.0375,0.16));
#14147=CARTESIAN_POINT('',(0.36,0.0375,0.145));
#14148=CARTESIAN_POINT('',(0.16,0.0375,0.145));
#14149=CARTESIAN_POINT('',(0.16,0.0375,0.16));
#14150=CARTESIAN_POINT('',(0.14,0.0375,0.145));
#14151=CARTESIAN_POINT('',(0.14,0.0375,0.16));
#14152=CARTESIAN_POINT('',(0.36,0.0375,0.16));
#14153=CARTESIAN_POINT('',(0.36,0.0375,0.145));
#14154=CARTESIAN_POINT('',(0.06,0.0375,0.145));
#14155=CARTESIAN_POINT('',(0.06,0.0375,0.16));
#14156=CARTESIAN_POINT('',(0.04,0.0375,0.145));
#14157=CARTESIAN_POINT('',(0.04,0.0375,0.16));
#14158=CARTESIAN_POINT('',(0.36,0.0375,0.16));
#14159=CARTESIAN_POINT('',(0.36,0.0375,0.145));
#14160=CARTESIAN_POINT('',(-0.04,0.0375,0.145));
#14161=CARTESIAN_POINT('',(-0.04,0.0375,0.16));
#14162=CARTESIAN_POINT('',(-0.06,0.0375,0.145));
#14163=CARTESIAN_POINT('',(-0.06,0.0375,0.16));
#14164=CARTESIAN_POINT('',(0.36,0.0375,0.16));
#14165=CARTESIAN_POINT('',(0.36,0.0375,0.145));
#14166=CARTESIAN_POINT('',(-0.14,0.0375,0.145));
#14167=CARTESIAN_POINT('',(-0.14,0.0375,0.16));
#14168=CARTESIAN_POINT('',(-0.16,0.0375,0.145));
#14169=CARTESIAN_POINT('',(-0.16,0.0375,0.16));
#14170=CARTESIAN_POINT('',(0.36,0.0375,0.16));
#14171=CARTESIAN_POINT('',(0.36,0.0375,0.145));
#14172=CARTESIAN_POINT('',(-0.24,0.0375,0.145));
#14173=CARTESIAN_POINT('',(-0.24,0.0375,0.16));
#14174=CARTESIAN_POINT('',(-0.26,0.0375,0.145));
#14175=CARTESIAN_POINT('',(-0.26,0.0375,0.16));
#14176=CARTESIAN_POINT('',(0.36,0.0375,0.16));
#14177=CARTESIAN_POINT('',(0.36,0.0375,0.145));
#14178=CARTESIAN_POINT('',(-0.34,0.0375,0.145));
#14179=CARTESIAN_POINT('',(-0.34,0.0375,0.16));
#14180=CARTESIAN_POINT('',(0.36,0.0375,0.16));
#14181=CARTESIAN_POINT('',(0.36,0.0375,0.16));
#14182=CARTESIAN_POINT('',(0.34,0.0375,0.16));
#14183=CARTESIAN_POINT('',(0.34,0.015,0.16));
#14184=CARTESIAN_POINT('',(0.36,0.015,0.16));
#14185=CARTESIAN_POINT('',(0.36,0.0375,0.16));
#14186=CARTESIAN_POINT('',(0.26,0.0375,0.16));
#14187=CARTESIAN_POINT('',(0.26,0.015,0.16));
#14188=CARTESIAN_POINT('',(0.24,0.0375,0.16));
#14189=CARTESIAN_POINT('',(0.24,0.015,0.16));
#14190=CARTESIAN_POINT('',(0.36,0.015,0.16));
#14191=CARTESIAN_POINT('',(0.36,0.0375,0.16));
#14192=CARTESIAN_POINT('',(0.16,0.0375,0.16));
#14193=CARTESIAN_POINT('',(0.16,0.015,0.16));
#14194=CARTESIAN_POINT('',(0.14,0.0375,0.16));
#14195=CARTESIAN_POINT('',(0.14,0.015,0.16));
#14196=CARTESIAN_POINT('',(0.36,0.015,0.16));
#14197=CARTESIAN_POINT('',(0.36,0.0375,0.16));
#14198=CARTESIAN_POINT('',(0.06,0.0375,0.16));
#14199=CARTESIAN_POINT('',(0.06,0.015,0.16));
#14200=CARTESIAN_POINT('',(0.04,0.0375,0.16));
#14201=CARTESIAN_POINT('',(0.04,0.015,0.16));
#14202=CARTESIAN_POINT('',(0.36,0.015,0.16));
#14203=CARTESIAN_POINT('',(0.36,0.0375,0.16));
#14204=CARTESIAN_POINT('',(-0.04,0.0375,0.16));
#14205=CARTESIAN_POINT('',(-0.04,0.015,0.16));
#14206=CARTESIAN_POINT('',(-0.06,0.0375,0.16));
#14207=CARTESIAN_POINT('',(-0.06,0.015,0.16));
#14208=CARTESIAN_POINT('',(0.36,0.015,0.16));
#14209=CARTESIAN_POINT('',(0.36,0.0375,0.16));
#14210=CARTESIAN_POINT('',(-0.14,0.0375,0.16));
#14211=CARTESIAN_POINT('',(-0.14,0.015,0.16));
#14212=CARTESIAN_POINT('',(-0.16,0.0375,0.16));
#14213=CARTESIAN_POINT('',(-0.16,0.015,0.16));
#14214=CARTESIAN_POINT('',(0.36,0.015,0.16));
#14215=CARTESIAN_POINT('',(0.36,0.0375,0.16));
#14216=CARTESIAN_POINT('',(-0.24,0.0375,0.16));
#14217=CARTESIAN_POINT('',(-0.24,0.015,0.16));
#14218=CARTESIAN_POINT('',(-0.26,0.0375,0.16));
#14219=CARTESIAN_POINT('',(-0.26,0.015,0.16));
#14220=CARTESIAN_POINT('',(0.36,0.015,0.16));
#14221=CARTESIAN_POINT('',(0.36,0.0375,0.16));
#14222=CARTESIAN_POINT('',(-0.34,0.0375,0.16));
#14223=CARTESIAN_POINT('',(-0.34,0.015,0.16));
#14224=CARTESIAN_POINT('',(0.36,0.015,0.16));
#14225=CARTESIAN_POINT('',(0.36,0.015,0.165));
#14226=CARTESIAN_POINT('',(0.34,0.015,0.165));
#14227=CARTESIAN_POINT('',(0.36,0.015,0.165));
#14228=CARTESIAN_POINT('',(0.26,0.015,0.165));
#14229=CARTESIAN_POINT('',(0.24,0.015,0.165));
#14230=CARTESIAN_POINT('',(0.36,0.015,0.165));
#14231=CARTESIAN_POINT('',(0.16,0.015,0.165));
#14232=CARTESIAN_POINT('',(0.14,0.015,0.165));
#14233=CARTESIAN_POINT('',(0.36,0.015,0.165));
#14234=CARTESIAN_POINT('',(0.06,0.015,0.165));
#14235=CARTESIAN_POINT('',(0.04,0.015,0.165));
#14236=CARTESIAN_POINT('',(0.36,0.015,0.165));
#14237=CARTESIAN_POINT('',(-0.04,0.015,0.165));
#14238=CARTESIAN_POINT('',(-0.06,0.015,0.165));
#14239=CARTESIAN_POINT('',(0.36,0.015,0.165));
#14240=CARTESIAN_POINT('',(-0.14,0.015,0.165));
#14241=CARTESIAN_POINT('',(-0.16,0.015,0.165));
#14242=CARTESIAN_POINT('',(0.36,0.015,0.165));
#14243=CARTESIAN_POINT('',(-0.24,0.015,0.165));
#14244=CARTESIAN_POINT('',(-0.26,0.015,0.165));
#14245=CARTESIAN_POINT('',(0.36,0.015,0.165));
#14246=CARTESIAN_POINT('',(-0.34,0.015,0.165));
#14247=CARTESIAN_POINT('',(-0.354,0.1,0.2165));
#14248=CARTESIAN_POINT('',(0.36,0.1,0.2105));
#14249=CARTESIAN_POINT('',(-0.26,0.1,0.2105));
#14250=CARTESIAN_POINT('',(-0.26,0.1,0.2105));
#14251=CARTESIAN_POINT('',(-0.26,0.1,0.01));
#14252=CARTESIAN_POINT('',(-0.34,0.1,0.01));
#14253=CARTESIAN_POINT('',(-0.34,0.1,0.01));
#14254=CARTESIAN_POINT('',(-0.34,0.1,0.2105));
#14255=CARTESIAN_POINT('',(-0.26,0.1,0.01));
#14256=CARTESIAN_POINT('',(-0.34,0.1,0.2105));
#14257=CARTESIAN_POINT('',(-0.254,0.1,0.2165));
#14258=CARTESIAN_POINT('',(-0.16,0.1,0.2105));
#14259=CARTESIAN_POINT('',(-0.16,0.1,0.2105));
#14260=CARTESIAN_POINT('',(-0.16,0.1,0.01));
#14261=CARTESIAN_POINT('',(-0.24,0.1,0.01));
#14262=CARTESIAN_POINT('',(-0.24,0.1,0.01));
#14263=CARTESIAN_POINT('',(-0.24,0.1,0.2105));
#14264=CARTESIAN_POINT('',(-0.16,0.1,0.01));
#14265=CARTESIAN_POINT('',(-0.24,0.1,0.2105));
#14266=CARTESIAN_POINT('',(-0.154,0.1,0.2165));
#14267=CARTESIAN_POINT('',(-0.06,0.1,0.2105));
#14268=CARTESIAN_POINT('',(-0.06,0.1,0.2105));
#14269=CARTESIAN_POINT('',(-0.06,0.1,0.01));
#14270=CARTESIAN_POINT('',(-0.14,0.1,0.01));
#14271=CARTESIAN_POINT('',(-0.14,0.1,0.01));
#14272=CARTESIAN_POINT('',(-0.14,0.1,0.2105));
#14273=CARTESIAN_POINT('',(-0.06,0.1,0.01));
#14274=CARTESIAN_POINT('',(-0.14,0.1,0.2105));
#14275=CARTESIAN_POINT('',(-0.054,0.1,0.2165));
#14276=CARTESIAN_POINT('',(0.04,0.1,0.2105));
#14277=CARTESIAN_POINT('',(0.04,0.1,0.2105));
#14278=CARTESIAN_POINT('',(0.04,0.1,0.01));
#14279=CARTESIAN_POINT('',(-0.04,0.1,0.01));
#14280=CARTESIAN_POINT('',(-0.04,0.1,0.01));
#14281=CARTESIAN_POINT('',(-0.04,0.1,0.2105));
#14282=CARTESIAN_POINT('',(0.04,0.1,0.01));
#14283=CARTESIAN_POINT('',(-0.04,0.1,0.2105));
#14284=CARTESIAN_POINT('',(0.046,0.1,0.2165));
#14285=CARTESIAN_POINT('',(0.14,0.1,0.2105));
#14286=CARTESIAN_POINT('',(0.14,0.1,0.2105));
#14287=CARTESIAN_POINT('',(0.14,0.1,0.01));
#14288=CARTESIAN_POINT('',(0.06,0.1,0.01));
#14289=CARTESIAN_POINT('',(0.06,0.1,0.01));
#14290=CARTESIAN_POINT('',(0.06,0.1,0.2105));
#14291=CARTESIAN_POINT('',(0.14,0.1,0.01));
#14292=CARTESIAN_POINT('',(0.06,0.1,0.2105));
#14293=CARTESIAN_POINT('',(0.146,0.1,0.2165));
#14294=CARTESIAN_POINT('',(0.24,0.1,0.2105));
#14295=CARTESIAN_POINT('',(0.24,0.1,0.2105));
#14296=CARTESIAN_POINT('',(0.24,0.1,0.01));
#14297=CARTESIAN_POINT('',(0.16,0.1,0.01));
#14298=CARTESIAN_POINT('',(0.16,0.1,0.01));
#14299=CARTESIAN_POINT('',(0.16,0.1,0.2105));
#14300=CARTESIAN_POINT('',(0.24,0.1,0.01));
#14301=CARTESIAN_POINT('',(0.16,0.1,0.2105));
#14302=CARTESIAN_POINT('',(0.246,0.1,0.2165));
#14303=CARTESIAN_POINT('',(0.346,0.1,0.2165));
#14304=CARTESIAN_POINT('',(0.34,0.1,0.2105));
#14305=CARTESIAN_POINT('',(0.26,0.1,0.2105));
#14306=CARTESIAN_POINT('',(0.26,0.1,0.2105));
#14307=CARTESIAN_POINT('',(0.34,0.1,0.01));
#14308=CARTESIAN_POINT('',(0.34,0.1,0.01));
#14309=CARTESIAN_POINT('',(0.26,0.1,0.01));
#14310=CARTESIAN_POINT('',(0.34,0.1,0.2105));
#14311=CARTESIAN_POINT('',(0.26,0.1,0.01));
#14312=CARTESIAN_POINT('',(0.26,0.1,-0.2105));
#14313=CARTESIAN_POINT('',(0.26,0.1,-0.2105));
#14314=CARTESIAN_POINT('',(0.26,0.1,-0.01));
#14315=CARTESIAN_POINT('',(0.254,0.1,-0.2165));
#14316=CARTESIAN_POINT('',(0.34,0.1,-0.01));
#14317=CARTESIAN_POINT('',(0.34,0.1,-0.01));
#14318=CARTESIAN_POINT('',(0.34,0.1,-0.2105));
#14319=CARTESIAN_POINT('',(0.34,0.1,-0.2105));
#14320=CARTESIAN_POINT('',(0.26,0.1,-0.01));
#14321=CARTESIAN_POINT('',(0.16,0.1,-0.2105));
#14322=CARTESIAN_POINT('',(0.16,0.1,-0.2105));
#14323=CARTESIAN_POINT('',(0.16,0.1,-0.01));
#14324=CARTESIAN_POINT('',(0.154,0.1,-0.2165));
#14325=CARTESIAN_POINT('',(0.24,0.1,-0.01));
#14326=CARTESIAN_POINT('',(0.24,0.1,-0.01));
#14327=CARTESIAN_POINT('',(0.24,0.1,-0.2105));
#14328=CARTESIAN_POINT('',(0.24,0.1,-0.2105));
#14329=CARTESIAN_POINT('',(0.16,0.1,-0.01));
#14330=CARTESIAN_POINT('',(0.0599999999999999,0.1,-0.2105));
#14331=CARTESIAN_POINT('',(0.0599999999999999,0.1,-0.2105));
#14332=CARTESIAN_POINT('',(0.0599999999999999,0.1,-0.01));
#14333=CARTESIAN_POINT('',(0.0539999999999999,0.1,-0.2165));
#14334=CARTESIAN_POINT('',(0.14,0.1,-0.01));
#14335=CARTESIAN_POINT('',(0.14,0.1,-0.01));
#14336=CARTESIAN_POINT('',(0.14,0.1,-0.2105));
#14337=CARTESIAN_POINT('',(0.14,0.1,-0.2105));
#14338=CARTESIAN_POINT('',(0.0599999999999999,0.1,-0.01));
#14339=CARTESIAN_POINT('',(-0.04,0.1,-0.2105));
#14340=CARTESIAN_POINT('',(-0.04,0.1,-0.2105));
#14341=CARTESIAN_POINT('',(-0.04,0.1,-0.01));
#14342=CARTESIAN_POINT('',(-0.046,0.1,-0.2165));
#14343=CARTESIAN_POINT('',(0.04,0.1,-0.01));
#14344=CARTESIAN_POINT('',(0.04,0.1,-0.01));
#14345=CARTESIAN_POINT('',(0.04,0.1,-0.2105));
#14346=CARTESIAN_POINT('',(0.04,0.1,-0.2105));
#14347=CARTESIAN_POINT('',(-0.04,0.1,-0.01));
#14348=CARTESIAN_POINT('',(-0.14,0.1,-0.2105));
#14349=CARTESIAN_POINT('',(-0.14,0.1,-0.2105));
#14350=CARTESIAN_POINT('',(-0.14,0.1,-0.01));
#14351=CARTESIAN_POINT('',(-0.146,0.1,-0.2165));
#14352=CARTESIAN_POINT('',(-0.06,0.1,-0.01));
#14353=CARTESIAN_POINT('',(-0.06,0.1,-0.01));
#14354=CARTESIAN_POINT('',(-0.06,0.1,-0.2105));
#14355=CARTESIAN_POINT('',(-0.06,0.1,-0.2105));
#14356=CARTESIAN_POINT('',(-0.14,0.1,-0.01));
#14357=CARTESIAN_POINT('',(-0.24,0.1,-0.2105));
#14358=CARTESIAN_POINT('',(-0.24,0.1,-0.2105));
#14359=CARTESIAN_POINT('',(-0.24,0.1,-0.01));
#14360=CARTESIAN_POINT('',(-0.246,0.1,-0.2165));
#14361=CARTESIAN_POINT('',(-0.16,0.1,-0.01));
#14362=CARTESIAN_POINT('',(-0.16,0.1,-0.01));
#14363=CARTESIAN_POINT('',(-0.16,0.1,-0.2105));
#14364=CARTESIAN_POINT('',(-0.16,0.1,-0.2105));
#14365=CARTESIAN_POINT('',(-0.24,0.1,-0.01));
#14366=CARTESIAN_POINT('',(-0.34,0.1,-0.2105));
#14367=CARTESIAN_POINT('',(-0.34,0.1,-0.2105));
#14368=CARTESIAN_POINT('',(-0.34,0.1,-0.01));
#14369=CARTESIAN_POINT('',(-0.346,0.1,-0.2165));
#14370=CARTESIAN_POINT('',(-0.26,0.1,-0.01));
#14371=CARTESIAN_POINT('',(-0.26,0.1,-0.01));
#14372=CARTESIAN_POINT('',(-0.26,0.1,-0.2105));
#14373=CARTESIAN_POINT('',(-0.26,0.1,-0.2105));
#14374=CARTESIAN_POINT('',(-0.34,0.1,-0.01));
#14375=CARTESIAN_POINT('',(0.354,0.1,-0.2165));
#14376=CARTESIAN_POINT('',(-0.36,0.1,-0.2105));
#14377=CARTESIAN_POINT('',(0.,0.156,0.07));
#14378=MECHANICAL_DESIGN_GEOMETRIC_PRESENTATION_REPRESENTATION('',(#8906,
#8907),#14379);
#14379=(
GEOMETRIC_REPRESENTATION_CONTEXT(3)
GLOBAL_UNCERTAINTY_ASSIGNED_CONTEXT((#14382))
GLOBAL_UNIT_ASSIGNED_CONTEXT((#14387,#14386,#14385))
REPRESENTATION_CONTEXT('SSM-108-F-SH-TR','TOP_LEVEL_ASSEMBLY_PART')
);
#14380=(
GEOMETRIC_REPRESENTATION_CONTEXT(3)
GLOBAL_UNCERTAINTY_ASSIGNED_CONTEXT((#14383))
GLOBAL_UNIT_ASSIGNED_CONTEXT((#14387,#14386,#14385))
REPRESENTATION_CONTEXT('SSM-108-F-SH-TR_body','COMPONENT_PART')
);
#14381=(
GEOMETRIC_REPRESENTATION_CONTEXT(3)
GLOBAL_UNCERTAINTY_ASSIGNED_CONTEXT((#14384))
GLOBAL_UNIT_ASSIGNED_CONTEXT((#14387,#14386,#14385))
REPRESENTATION_CONTEXT('C-58-06-F8','COMPONENT_PART')
);
#14382=UNCERTAINTY_MEASURE_WITH_UNIT(LENGTH_MEASURE(0.000196850393700787),
#14387,'DISTANCE_ACCURACY_VALUE','Maximum Tolerance applied to model');
#14383=UNCERTAINTY_MEASURE_WITH_UNIT(LENGTH_MEASURE(0.000196850393700787),
#14387,'DISTANCE_ACCURACY_VALUE','Maximum Tolerance applied to model');
#14384=UNCERTAINTY_MEASURE_WITH_UNIT(LENGTH_MEASURE(0.000196850393700787),
#14387,'DISTANCE_ACCURACY_VALUE','Maximum Tolerance applied to model');
#14385=(
NAMED_UNIT(*)
SI_UNIT($,.STERADIAN.)
SOLID_ANGLE_UNIT()
);
#14386=(
NAMED_UNIT(*)
PLANE_ANGLE_UNIT()
SI_UNIT($,.RADIAN.)
);
#14387=(
CONVERSION_BASED_UNIT('INCH',#14389)
LENGTH_UNIT()
NAMED_UNIT(#14388)
);
#14388=DIMENSIONAL_EXPONENTS(1.,0.,0.,0.,0.,0.,0.);
#14389=LENGTH_MEASURE_WITH_UNIT(LENGTH_MEASURE(25.4),#14390);
#14390=(
LENGTH_UNIT()
NAMED_UNIT(*)
SI_UNIT(.MILLI.,.METRE.)
);
#14391=PRODUCT_DEFINITION_SHAPE('','',#14396);
#14392=PRODUCT_DEFINITION_SHAPE('','',#14397);
#14393=PRODUCT_DEFINITION_SHAPE(' ','NAUO PRDDFN',#84);
#14394=PRODUCT_DEFINITION_SHAPE('','',#14398);
#14395=PRODUCT_DEFINITION_SHAPE(' ','NAUO PRDDFN',#85);
#14396=PRODUCT_DEFINITION('','',#14402,#14399);
#14397=PRODUCT_DEFINITION('','',#14403,#14400);
#14398=PRODUCT_DEFINITION('','',#14404,#14401);
#14399=PRODUCT_DEFINITION_CONTEXT('',#14418,'design');
#14400=PRODUCT_DEFINITION_CONTEXT('',#14418,'design');
#14401=PRODUCT_DEFINITION_CONTEXT('',#14418,'design');
#14402=PRODUCT_DEFINITION_FORMATION_WITH_SPECIFIED_SOURCE('','',#14408,
 .NOT_KNOWN.);
#14403=PRODUCT_DEFINITION_FORMATION_WITH_SPECIFIED_SOURCE('','',#14409,
 .NOT_KNOWN.);
#14404=PRODUCT_DEFINITION_FORMATION_WITH_SPECIFIED_SOURCE('','',#14410,
 .NOT_KNOWN.);
#14405=PRODUCT_RELATED_PRODUCT_CATEGORY('','',(#14408));
#14406=PRODUCT_RELATED_PRODUCT_CATEGORY('','',(#14409));
#14407=PRODUCT_RELATED_PRODUCT_CATEGORY('','',(#14410));
#14408=PRODUCT('SSM-108-F-SH-TR','SSM-108-F-SH-TR','SSM-108-F-SH-TR',(#14414));
#14409=PRODUCT('SSM-108-F-SH-TR_body','SSM-108-F-SH-TR_body',
'SSM-108-F-SH-TR_body',(#14415));
#14410=PRODUCT('C-58-06-F8','C-58-06-F8','C-58-06-F8',(#14416));
#14411=PRODUCT_CATEGORY('','');
#14412=PRODUCT_CATEGORY('','');
#14413=PRODUCT_CATEGORY('','');
#14414=PRODUCT_CONTEXT('',#14418,'mechanical');
#14415=PRODUCT_CONTEXT('',#14418,'mechanical');
#14416=PRODUCT_CONTEXT('',#14418,'mechanical');
#14417=APPLICATION_PROTOCOL_DEFINITION('international standard',
'automotive_design',2010,#14418);
#14418=APPLICATION_CONTEXT(
'core data for automotive mechanical design processes');
ENDSEC;
END-ISO-10303-21;
