ISO-10303-21;
HEADER;
FILE_DESCRIPTION (( 'STEP AP214' ),
    '1' );
FILE_NAME ('LZ4_00UBH0_20220928_geometry.STEP',
    '2024-04-18T06:24:53',
    ( '' ),
    ( '' ),
    'SwSTEP 2.0',
    'SolidWorks 2020',
    '' );
FILE_SCHEMA (( 'AUTOMOTIVE_DESIGN' ));
ENDSEC;

DATA;
#1 = CARTESIAN_POINT ( 'NONE',  ( 0.2256748370000000170, -0.2253451821999999938, 0.05614168759999999675 ) ) ;
#2 = CARTESIAN_POINT ( 'NONE',  ( -0.2920925900445111023, -0.09831197731109451998, 0.06000159666515234719 ) ) ;
#3 = CARTESIAN_POINT ( 'NONE',  ( -0.6386473780000008205, -0.3187353858999998901, 0.04000000000000000083 ) ) ;
#4 = CARTESIAN_POINT ( 'NONE',  ( -0.2886042500000000066, 0.1276081836999999886, 0.05809689739999999991 ) ) ;
#5 = CARTESIAN_POINT ( 'NONE',  ( 0.3392005060642585557, 0.3353128213633669308, -0.1051000000000000129 ) ) ;
#6 = SURFACE_SIDE_STYLE ('',( #1247 ) ) ;
#7 = ORIENTED_EDGE ( 'NONE', *, *, #1847, .F. ) ;
#8 = CARTESIAN_POINT ( 'NONE',  ( 0.09095262200000001074, 0.3084646140999999786, 0.05000000000000000278 ) ) ;
#9 = ORIENTED_EDGE ( 'NONE', *, *, #5189, .F. ) ;
#10 = CARTESIAN_POINT ( 'NONE',  ( -0.2827153946763885650, 0.1250422192746188377, 0.06000067408997947910 ) ) ;
#11 = ORIENTED_EDGE ( 'NONE', *, *, #180, .F. ) ;
#12 = CARTESIAN_POINT ( 'NONE',  ( 0.1926266160000000005, 0.2562966059999999824, 0.05495180240000000632 ) ) ;
#13 = CARTESIAN_POINT ( 'NONE',  ( 0.3161853108000000079, -0.01185341460000000069, 0.05885548650000001214 ) ) ;
#14 = COLOUR_RGB ( '',0.2980392156862745057, 0.2980392156862745057, 0.2980392156862745057 ) ;
#15 = EDGE_CURVE ( 'NONE', #390, #4640, #2528, .T. ) ;
#16 = DIRECTION ( 'NONE',  ( -0.000000000000000000, -0.000000000000000000, 1.000000000000000000 ) ) ;
#17 = CARTESIAN_POINT ( 'NONE',  ( -0.1010854172915336413, -0.2910384548667969140, 0.06000143353988593442 ) ) ;
#18 = CARTESIAN_POINT ( 'NONE',  ( 0.1204624673999999951, 0.2879733451000000555, 0.05999996820000000342 ) ) ;
#19 = CARTESIAN_POINT ( 'NONE',  ( -0.2077140446000000362, -0.2419353858999999940, 0.05000000000000000278 ) ) ;
#20 = CARTESIAN_POINT ( 'NONE',  ( -0.3068759340999999696, -0.07701565410000001111, 0.05614168759999999675 ) ) ;
#21 = CARTESIAN_POINT ( 'NONE',  ( -0.2321411495999999852, 0.2050409967000000333, 0.05999996820000000342 ) ) ;
#22 = CARTESIAN_POINT ( 'NONE',  ( 0.2944500081951966775, 0.1018104043304242506, 0.06000067408997947910 ) ) ;
#23 = CARTESIAN_POINT ( 'NONE',  ( -0.3386473781199999533, 0.3112646141699998981, -0.1050500000000000184 ) ) ;
#24 = CARTESIAN_POINT ( 'NONE',  ( 0.3513526220000000033, -0.1287353859316266169, -4.999999999999858616E-05 ) ) ;
#25 = CARTESIAN_POINT ( 'NONE',  ( 0.2562289669000000214, -0.1903352417999999990, 0.05614168759999999675 ) ) ;
#26 = DIRECTION ( 'NONE',  ( 0.000000000000000000, 0.000000000000000000, 1.000000000000000000 ) ) ;
#27 = CARTESIAN_POINT ( 'NONE',  ( -0.08680053079999999754, -0.3009747670999999847, 0.05885548650000001214 ) ) ;
#28 = CARTESIAN_POINT ( 'NONE',  ( 0.3113526220966667535, -0.3487353859000000278, -0.1050499999987500044 ) ) ;
#29 = PLANE ( 'NONE',  #1196 ) ;
#31 = ORIENTED_EDGE ( 'NONE', *, *, #2251, .T. ) ;
#30 = CARTESIAN_POINT ( 'NONE',  ( 0.001352622000000000156, -0.3123247309000000138, 0.05933362749999999269 ) ) ;
#32 = CARTESIAN_POINT ( 'NONE',  ( -0.3326052429115690656, -0.3365112785668605833, -0.1051000000000000129 ) ) ;
#33 = STYLED_ITEM ( 'NONE', ( #2306 ), #3585 ) ;
#34 = CARTESIAN_POINT ( 'NONE',  ( -0.3486473780000000078, -0.3154020526088889276, -0.1051000000000000267 ) ) ;
#35 =( NAMED_UNIT ( * ) SI_UNIT ( $, .STERADIAN. ) SOLID_ANGLE_UNIT ( ) );
#36 = VERTEX_POINT ( 'NONE', #1401 ) ;
#37 = CARTESIAN_POINT ( 'NONE',  ( -0.1679024954091350719, -0.2588103225386140793, 0.06000067408997947910 ) ) ;
#38 = CARTESIAN_POINT ( 'NONE',  ( 0.3085556593019365690, -0.03940142130592032277, 0.06000159328489246963 ) ) ;
#39 = COLOUR_RGB ( '',1.000000000000000000, 1.000000000000000000, 1.000000000000000000 ) ;
#40 = ORIENTED_EDGE ( 'NONE', *, *, #755, .F. ) ;
#41 = CARTESIAN_POINT ( 'NONE',  ( 0.04380149550000000253, -0.3156869744000000422, 0.05247108570000000305 ) ) ;
#42 = EDGE_CURVE ( 'NONE', #3611, #3033, #3131, .T. ) ;
#43 = CARTESIAN_POINT ( 'NONE',  ( 0.01452059850000000235, -0.3147668200999999555, 0.05809689739999999991 ) ) ;
#44 = CARTESIAN_POINT ( 'NONE',  ( -0.06941375293276758063, -0.3002760236937109251, 0.06000143353988593442 ) ) ;
#45 = CARTESIAN_POINT ( 'NONE',  ( 0.2366888245000000057, -0.2041197080999999913, 0.05980818360000000194 ) ) ;
#46 = EDGE_CURVE ( 'NONE', #1745, #5232, #1007, .T. ) ;
#47 = CARTESIAN_POINT ( 'NONE',  ( -0.2869057401000000285, 0.1407801850000000021, 0.05000000000000000278 ) ) ;
#48 = CARTESIAN_POINT ( 'NONE',  ( -0.2235172545000000122, 0.2284276568999999979, 0.05495180240000000632 ) ) ;
#49 = CARTESIAN_POINT ( 'NONE',  ( -0.03978586230000000223, -0.3059027353000000615, 0.05999996820000000342 ) ) ;
#50 = CARTESIAN_POINT ( 'NONE',  ( 0.2197491956875561314, 0.2218883409120164796, 0.06000067408997947910 ) ) ;
#51 = UNCERTAINTY_MEASURE_WITH_UNIT (LENGTH_MEASURE( 1.000000000000000082E-05 ), #5309, 'distance_accuracy_value', 'NONE');
#52 = CARTESIAN_POINT ( 'NONE',  ( -0.3486473780000000078, 0.1679312808533334478, -0.1050000000000000100 ) ) ;
#53 =( GEOMETRIC_REPRESENTATION_CONTEXT ( 3 ) GLOBAL_UNCERTAINTY_ASSIGNED_CONTEXT ( ( #2260 ) ) GLOBAL_UNIT_ASSIGNED_CONTEXT ( ( #3226, #5002, #4123 ) ) REPRESENTATION_CONTEXT ( 'NONE', 'WORKASPACE' ) );
#54 = CARTESIAN_POINT ( 'NONE',  ( 0.3118220848999999628, 0.06669505920000000365, 0.05711929249999999486 ) ) ;
#55 = CARTESIAN_POINT ( 'NONE',  ( 0.3152479415999999701, -0.05142870029999999787, 0.05614168759999999675 ) ) ;
#56 = ADVANCED_FACE ( 'NONE', ( #2751 ), #2932, .T. ) ;
#57 = CARTESIAN_POINT ( 'NONE',  ( -0.1874676222066775089, -0.2444520486630513689, 0.06000159568580206576 ) ) ;
#58 = CARTESIAN_POINT ( 'NONE',  ( -0.2764409267999999864, -0.1468919453000000208, 0.05885548650000001214 ) ) ;
#59 = ORIENTED_EDGE ( 'NONE', *, *, #5053, .F. ) ;
#60 = CARTESIAN_POINT ( 'NONE',  ( 0.1868329536592946150, -0.2460424945361747440, 0.06000181326502192908 ) ) ;
#62 = ORIENTED_EDGE ( 'NONE', *, *, #4990, .T. ) ;
#61 = CARTESIAN_POINT ( 'NONE',  ( 0.3113526220700000291, 0.3412646142199999844, -0.1050500000000000184 ) ) ;
#63 = CARTESIAN_POINT ( 'NONE',  ( 0.3313526220000003186, 0.3395488852999997698, -9.999999999999999124E-05 ) ) ;
#64 = CARTESIAN_POINT ( 'NONE',  ( -0.08864737814999996968, 0.3412646141737130101, -0.1050500000000000184 ) ) ;
#65 = B_SPLINE_CURVE_WITH_KNOTS ( 'NONE', 3,
 ( #942, #2184, #4214, #2123 ),
 .UNSPECIFIED., .F., .F.,
 ( 4, 4 ),
 ( 0.000000000000000000, 1.000000000000000000 ),
 .UNSPECIFIED. ) ;
#66 = CARTESIAN_POINT ( 'NONE',  ( -0.2564882026682926974, -0.1073510465547228288, -0.1051000000000000545 ) ) ;
#67 = CARTESIAN_POINT ( 'NONE',  ( -0.3386473781200000088, 0.2312646142500000002, -0.1050500000000000184 ) ) ;
#68 = VERTEX_POINT ( 'NONE', #2282 ) ;
#69 = AXIS2_PLACEMENT_3D ( 'NONE', #3209, #1126, #2794 ) ;
#70 = CARTESIAN_POINT ( 'NONE',  ( -0.3082603977864313283, 0.001264614099999999876, 0.06000067408997947910 ) ) ;
#71 = CARTESIAN_POINT ( 'NONE',  ( 0.04220816725873514225, -0.3059160973574504006, 0.06000159676670194231 ) ) ;
#72 = CARTESIAN_POINT ( 'NONE',  ( 0.2746279027771911241, 0.1470114305712275915, 0.06000043879331965618 ) ) ;
#73 = VERTEX_POINT ( 'NONE', #2662 ) ;
#74 = CARTESIAN_POINT ( 'NONE',  ( 0.01467685179999999971, -0.3185168992999999893, 0.05247108570000000305 ) ) ;
#75 = CARTESIAN_POINT ( 'NONE',  ( 0.1398383066999999980, -0.2828085851999999623, 0.05809689739999999991 ) ) ;
#76 = CARTESIAN_POINT ( 'NONE',  ( -0.1509192937047204031, 0.2712988608747916586, 0.06000105381493271023 ) ) ;
#77 = CARTESIAN_POINT ( 'NONE',  ( 0.2506803870000000045, 0.1886933999000000028, 0.05999716119999999597 ) ) ;
#78 = CARTESIAN_POINT ( 'NONE',  ( -0.3186473779999999811, 0.001264614099999999876, 0.05000000000000000278 ) ) ;
#79 = STYLED_ITEM ( 'NONE', ( #2601 ), #1994 ) ;
#80 = CARTESIAN_POINT ( 'NONE',  ( -0.2675100783000000093, -0.1703967006999999867, 0.05614168759999999675 ) ) ;
#81 = CARTESIAN_POINT ( 'NONE',  ( -0.2720973030000000126, -0.1445753459000000130, 0.05999996820000000342 ) ) ;
#82 = CARTESIAN_POINT ( 'NONE',  ( 0.04245169553391358458, 0.3081376956456501892, 0.06000067408997947910 ) ) ;
#83 = CARTESIAN_POINT ( 'NONE',  ( -0.1319807113544177180, -0.3487353858999999723, -9.999999999999999124E-05 ) ) ;
#84 = B_SPLINE_CURVE_WITH_KNOTS ( 'NONE', 3,
 ( #3669, #3314, #4891, #1978 ),
 .UNSPECIFIED., .F., .F.,
 ( 4, 4 ),
 ( 0.000000000000000000, 1.000000000000000000 ),
 .UNSPECIFIED. ) ;
#85 = CARTESIAN_POINT ( 'NONE',  ( 0.2968415294000000260, 0.1161105051999999915, 0.05711929249999999486 ) ) ;
#86 = CARTESIAN_POINT ( 'NONE',  ( 0.3127926764000000248, 0.06689960820000000197, 0.05614168759999999675 ) ) ;
#87 = CARTESIAN_POINT ( 'NONE',  ( -0.2519350972000000133, 0.1916702421000000267, 0.05809689739999999991 ) ) ;
#88 = ORIENTED_EDGE ( 'NONE', *, *, #1032, .T. ) ;
#89 = CARTESIAN_POINT ( 'NONE',  ( 0.3104865079445167098, 0.01414519261625064861, 0.06000181326502192908 ) ) ;
#91 = ORIENTED_EDGE ( 'NONE', *, *, #4933, .F. ) ;
#90 = CARTESIAN_POINT ( 'NONE',  ( 0.001352622000000000156, -0.3187353859000000011, 0.05118824680000000349 ) ) ;
#92 = CARTESIAN_POINT ( 'NONE',  ( -0.3310339818625841479, -0.3388588994830898926, -0.1051000000000000267 ) ) ;
#93 = PRESENTATION_STYLE_ASSIGNMENT (( #4215 ) ) ;
#94 = VERTEX_POINT ( 'NONE', #2232 ) ;
#95 = CARTESIAN_POINT ( 'NONE',  ( -0.2988297633424631949, -0.07497218222086841910, 0.06000043879331965618 ) ) ;
#96 = B_SPLINE_CURVE_WITH_KNOTS ( 'NONE', 3,
 ( #3261, #1241, #2012, #5407 ),
 .UNSPECIFIED., .F., .F.,
 ( 4, 4 ),
 ( 0.000000000000000000, 1.000000000000000000 ),
 .UNSPECIFIED. ) ;
#97 = CARTESIAN_POINT ( 'NONE',  ( 0.3513526220000000033, -0.3087353859633334419, -0.1050499999987500044 ) ) ;
#98 = CARTESIAN_POINT ( 'NONE',  ( 0.3046626708027866393, -0.06265700737979597312, 0.06000043879331965618 ) ) ;
#99 = EDGE_LOOP ( 'NONE', ( #4857, #3782, #4496, #1671, #4237, #2347, #3751, #174 ) ) ;
#100 = CARTESIAN_POINT ( 'NONE',  ( 0.3040760855999999901, 0.1051125885999999870, 0.05247108570000000305 ) ) ;
#101 = CARTESIAN_POINT ( 'NONE',  ( 0.3173840562999999948, 0.01443259049999999835, 0.05809689739999999991 ) ) ;
#102 =( NAMED_UNIT ( * ) PLANE_ANGLE_UNIT ( ) SI_UNIT ( $, .RADIAN. ) );
#103 = CARTESIAN_POINT ( 'NONE',  ( -0.2602728394506714782, -0.1657759260377810184, 0.06000105381493271023 ) ) ;
#104 = CARTESIAN_POINT ( 'NONE',  ( 0.3060127220000000148, 0.06547075460000000013, 0.05999716119999999597 ) ) ;
#105 = CARTESIAN_POINT ( 'NONE',  ( -0.08804738840000000955, 0.3077789356999999781, 0.05371144409999999841 ) ) ;
#106 = CARTESIAN_POINT ( 'NONE',  ( -0.02528828820000000518, 0.3103736029999999979, 0.05999996820000000342 ) ) ;
#107 =( BOUNDED_SURFACE ( )  B_SPLINE_SURFACE ( 3, 3, ( 
 ( #1009, #5183, #2625, #157 ),
 ( #1403, #1033, #2681, #1899 ),
 ( #1850, #1480, #3041, #131 ),
 ( #4317, #3507, #616, #1458 ),
 ( #1426, #1876, #4740, #3938 ),
 ( #954, #2707, #4342, #5213 ),
 ( #4392, #204, #1822, #182 ) ),
 .UNSPECIFIED., .F., .F., .F. ) 
 B_SPLINE_SURFACE_WITH_KNOTS ( ( 4, 3, 4 ),
 ( 4, 4 ),
 ( 0.1483091836400000085, 0.1552050819999999942, 0.8447949179999999503 ),
 ( 0.000000000000000000, 1.000000000000000000 ),
 .UNSPECIFIED. ) 
 GEOMETRIC_REPRESENTATION_ITEM ( )  RATIONAL_B_SPLINE_SURFACE ( (
 ( 0.9862292747462950704, 0.3287430915820979682, 0.3287430915820979682, 0.9862292747462950704),
 ( 0.9862292747462950704, 0.3287430915820979682, 0.3287430915820979682, 0.9862292747462950704),
 ( 0.9862292747462950704, 0.3287430915820979682, 0.3287430915820979682, 0.9862292747462950704),
 ( 0.9862292747462950704, 0.3287430915820979682, 0.3287430915820979682, 0.9862292747462950704),
 ( 0.9695813527608919680, 0.3231937842536309891, 0.3231937842536309891, 0.9695813527608919680),
 ( 0.9695813527608919680, 0.3231937842536309891, 0.3231937842536309891, 0.9695813527608919680),
 ( 0.9862292747462950704, 0.3287430915820979682, 0.3287430915820979682, 0.9862292747462950704) ) ) 
 REPRESENTATION_ITEM ( '' )  SURFACE ( )  );
#108 = CARTESIAN_POINT ( 'NONE',  ( -0.3286473780000001010, 0.3395488852999998253, -9.999999999999999124E-05 ) ) ;
#109 = CARTESIAN_POINT ( 'NONE',  ( 0.2899353234357925357, -0.1108970836776689978, 0.06000067408997947910 ) ) ;
#110 = FILL_AREA_STYLE_COLOUR ( '', #1946 ) ;
#111 = CARTESIAN_POINT ( 'NONE',  ( 0.2869288409999999900, -0.1369528131999999954, 0.05711929249999999486 ) ) ;
#112 = CARTESIAN_POINT ( 'NONE',  ( 0.1235770092999999986, -0.2929411156000000238, 0.05614168759999999675 ) ) ;
#113 = CARTESIAN_POINT ( 'NONE',  ( -0.2317592728738824825, 0.2054564355475200499, 0.06000159593854176299 ) ) ;
#114 = EDGE_CURVE ( 'NONE', #1614, #392, #1438, .T. ) ;
#115 = CARTESIAN_POINT ( 'NONE',  ( -0.1707559144999999945, -0.2631948443999999609, 0.05885548650000001214 ) ) ;
#116 = CARTESIAN_POINT ( 'NONE',  ( 0.1037377649901727455, -0.2908875170201882798, 0.06000181326502192908 ) ) ;
#117 = CARTESIAN_POINT ( 'NONE',  ( -0.1163303137443588708, -0.2527056580490970594, -0.1051000000000000545 ) ) ;
#118 = CARTESIAN_POINT ( 'NONE',  ( -0.3401186221967510415, -0.3306076978635963948, -0.1051000000000000129 ) ) ;
#119 = CARTESIAN_POINT ( 'NONE',  ( 0.3513526219999999478, -0.1787353858973333987, -0.1051000000000000267 ) ) ;
#120 = ORIENTED_EDGE ( 'NONE', *, *, #3031, .F. ) ;
#121 = CARTESIAN_POINT ( 'NONE',  ( -0.03975958837251074296, -0.3057065566637669485, 0.06000043879331965618 ) ) ;
#122 = CARTESIAN_POINT ( 'NONE',  ( -0.3286473779999999900, -0.3487353858999999723, -0.05255000000000001337 ) ) ;
#123 = CARTESIAN_POINT ( 'NONE',  ( 0.2036977854828976309, 0.2366457226263720126, 0.06000043879331965618 ) ) ;
#124 = ORIENTED_EDGE ( 'NONE', *, *, #509, .F. ) ;
#125 = CARTESIAN_POINT ( 'NONE',  ( 0.3169929707000000429, 0.05425086500000000228, 0.05247108570000000305 ) ) ;
#126 = CARTESIAN_POINT ( 'NONE',  ( 0.2993912452999999974, 0.1035054743999999916, 0.05885548650000001214 ) ) ;
#127 = EDGE_CURVE ( 'NONE', #3378, #4279, #3521, .T. ) ;
#128 = CARTESIAN_POINT ( 'NONE',  ( 0.3513526220000000033, -0.3254020525477843151, -9.999999999999999124E-05 ) ) ;
#129 = CARTESIAN_POINT ( 'NONE',  ( -0.3056924894440975482, 0.03979576536475621512, 0.06000105381493271023 ) ) ;
#130 = B_SPLINE_CURVE_WITH_KNOTS ( 'NONE', 3,
 ( #1204, #4120, #4199, #1651 ),
 .UNSPECIFIED., .F., .F.,
 ( 4, 4 ),
 ( 0.000000000000000000, 1.000000000000000000 ),
 .UNSPECIFIED. ) ;
#131 = CARTESIAN_POINT ( 'NONE',  ( 0.001352621999999998638, 0.3413594069688947186, -0.0001150501381899546283 ) ) ;
#132 = CARTESIAN_POINT ( 'NONE',  ( 0.05720062859999999749, 0.3076530957999999982, 0.05999716119999999597 ) ) ;
#133 = CARTESIAN_POINT ( 'NONE',  ( -0.1902188288999999977, 0.2566932154000000077, 0.05371144409999999841 ) ) ;
#134 = CARTESIAN_POINT ( 'NONE',  ( -0.3097379093000000028, 0.001264614099999999876, 0.05999716119999999597 ) ) ;
#135 = CARTESIAN_POINT ( 'NONE',  ( -0.3330542348575976641, -0.3219051164178742264, -0.000000000000000000 ) ) ;
#136 = CARTESIAN_POINT ( 'NONE',  ( 0.04245169553391358458, -0.3056084673456503920, 0.06000067408997947910 ) ) ;
#137 =( LENGTH_UNIT ( ) NAMED_UNIT ( * ) SI_UNIT ( .CENTI., .METRE. ) );
#138 = FACE_OUTER_BOUND ( 'NONE', #2427, .T. ) ;
#139 = CARTESIAN_POINT ( 'NONE',  ( 0.3246859552847864983, -0.3487353858999999723, -9.999999999999999124E-05 ) ) ;
#140 = CARTESIAN_POINT ( 'NONE',  ( 0.1909714825999999921, 0.2540897615000000109, 0.05809689739999999991 ) ) ;
#141 = CARTESIAN_POINT ( 'NONE',  ( 0.3193092245000000440, -0.02530081619999999948, 0.05495180240000000632 ) ) ;
#142 =( BOUNDED_CURVE ( )  B_SPLINE_CURVE ( 3, ( #3559, #3100, #4814, #2324 ),
 .UNSPECIFIED., .F., .F. ) 
 B_SPLINE_CURVE_WITH_KNOTS ( ( 4, 4 ),
 ( 0.000000000000000000, 1.000000000000000000 ),
 .UNSPECIFIED. ) 
 CURVE ( )  GEOMETRIC_REPRESENTATION_ITEM ( )  RATIONAL_B_SPLINE_CURVE ( ( 1.000000000000000000, 0.8047378543117239547, 0.8047378543117239547, 1.000000000000000000 ) ) 
 REPRESENTATION_ITEM ( '' )  );
#143 = STYLED_ITEM ( 'NONE', ( #1866 ), #2566 ) ;
#144 = CARTESIAN_POINT ( 'NONE',  ( -0.2367532531000000051, -0.2065368768999999993, 0.05809689739999999991 ) ) ;
#145 = CARTESIAN_POINT ( 'NONE',  ( 0.1868329536592946150, 0.2485717229019055174, 0.06000181326502192908 ) ) ;
#146 = CARTESIAN_POINT ( 'NONE',  ( 0.001352622000000000156, -0.3157578978999999730, 0.05711929249999999486 ) ) ;
#147 = CARTESIAN_POINT ( 'NONE',  ( -0.1703631068000000526, -0.3287353859000000655, -0.0001000000000000000048 ) ) ;
#148 =( GEOMETRIC_REPRESENTATION_CONTEXT ( 3 ) GLOBAL_UNCERTAINTY_ASSIGNED_CONTEXT ( ( #1433 ) ) GLOBAL_UNIT_ASSIGNED_CONTEXT ( ( #1621, #1206, #1677 ) ) REPRESENTATION_CONTEXT ( 'NONE', 'WORKASPACE' ) );
#149 = CARTESIAN_POINT ( 'NONE',  ( 0.001352622100000000624, -0.3641038155000002052, 0.04906661600000000734 ) ) ;
#150 = EDGE_LOOP ( 'NONE', ( #3277, #4563, #2100, #1528 ) ) ;
#151 = CARTESIAN_POINT ( 'NONE',  ( -0.3019574267027866354, 0.06518623567979597855, 0.06000043879331965618 ) ) ;
#152 = CARTESIAN_POINT ( 'NONE',  ( 0.08809968807375129218, -0.2961538978956343993, 0.06000020349665982633 ) ) ;
#153 = CARTESIAN_POINT ( 'NONE',  ( 0.2422838992000000136, -0.2090026824000000283, 0.05247108570000000305 ) ) ;
#154 = CARTESIAN_POINT ( 'NONE',  ( 0.3044685310000000422, 0.09162342419999999765, 0.05809689739999999991 ) ) ;
#155 = VERTEX_POINT ( 'NONE', #5293 ) ;
#156 = CARTESIAN_POINT ( 'NONE',  ( -0.3081006865533266192, 0.01415850190466136534, 0.06000105381493271023 ) ) ;
#157 = CARTESIAN_POINT ( 'NONE',  ( 0.001352621999999998638, 0.3415489927066838183, -0.0003451504145698639663 ) ) ;
#158 = CARTESIAN_POINT ( 'NONE',  ( 0.2643622639000000052, 0.1691889146999999982, 0.05999716119999999597 ) ) ;
#159 = CARTESIAN_POINT ( 'NONE',  ( -0.3081089525999999856, 0.07985802990000000212, 0.05371144409999999841 ) ) ;
#160 = CARTESIAN_POINT ( 'NONE',  ( -0.1182109777999999917, 0.2890655752999999883, 0.05999716119999999597 ) ) ;
#161 = CARTESIAN_POINT ( 'NONE',  ( 0.3112801240024782867, -0.1987353858999999778, -0.1050000000000000100 ) ) ;
#162 = CARTESIAN_POINT ( 'NONE',  ( 0.08807197784750257774, -0.2960588913912688414, 0.06000043879331965618 ) ) ;
#163 = CARTESIAN_POINT ( 'NONE',  ( -0.3286473779990453092, 0.3512646140999999833, -0.1051000000000000267 ) ) ;
#164 = UNCERTAINTY_MEASURE_WITH_UNIT (LENGTH_MEASURE( 1.000000000000000082E-05 ), #4833, 'distance_accuracy_value', 'NONE');
#165 = CARTESIAN_POINT ( 'NONE',  ( 0.2590801101780263460, 0.2264073292406123261, -0.000000000000000000 ) ) ;
#166 = DIRECTION ( 'NONE',  ( 0.000000000000000000, -1.000000000000000000, 0.000000000000000000 ) ) ;
#167 = CARTESIAN_POINT ( 'NONE',  ( 0.05826555740000000788, -0.3109661879000000240, 0.05711929249999999486 ) ) ;
#168 = CARTESIAN_POINT ( 'NONE',  ( -0.2987590130000000177, 0.1042166120999999945, 0.05711929249999999486 ) ) ;
#169 = CARTESIAN_POINT ( 'NONE',  ( 0.3064832297687821727, -0.04995737632933928279, 0.06000181326502192908 ) ) ;
#170 =( NAMED_UNIT ( * ) PLANE_ANGLE_UNIT ( ) SI_UNIT ( $, .RADIAN. ) );
#171 = SURFACE_STYLE_FILL_AREA ( #3185 ) ;
#172 = CARTESIAN_POINT ( 'NONE',  ( 0.2513526218880000607, 0.001264614099999981662, -0.1050500000000000184 ) ) ;
#173 = B_SPLINE_CURVE_WITH_KNOTS ( 'NONE', 3,
 ( #5302, #1521, #1637, #3681 ),
 .UNSPECIFIED., .F., .F.,
 ( 4, 4 ),
 ( 0.000000000000000000, 1.000000000000000000 ),
 .UNSPECIFIED. ) ;
#174 = ORIENTED_EDGE ( 'NONE', *, *, #2727, .F. ) ;
#175 = CARTESIAN_POINT ( 'NONE',  ( 0.001352622000000000156, 0.3109765989741892778, 0.06000043879331965618 ) ) ;
#176 = CARTESIAN_POINT ( 'NONE',  ( -0.1786473780000000788, -0.3370196571999999335, -0.1050999999999999851 ) ) ;
#177 = CARTESIAN_POINT ( 'NONE',  ( 0.1204244314476555777, -0.2853525607483005100, 0.06000020349665982633 ) ) ;
#178 = CARTESIAN_POINT ( 'NONE',  ( 0.3172086278999999842, 0.05428706710000000268, 0.05118824680000000349 ) ) ;
#179 = ORIENTED_EDGE ( 'NONE', *, *, #5053, .T. ) ;
#180 = EDGE_CURVE ( 'NONE', #3748, #2828, #1908, .T. ) ;
#181 = ADVANCED_FACE ( 'NONE', ( #138 ), #2368, .T. ) ;
#182 = CARTESIAN_POINT ( 'NONE',  ( 0.001352621999999998638, 0.3212646141000000122, 0.03999999999999998695 ) ) ;
#183 = CARTESIAN_POINT ( 'NONE',  ( 0.3112771645000000365, 0.04015710570000000090, 0.05980818360000000194 ) ) ;
#184 = ADVANCED_FACE ( 'NONE', ( #4188 ), #29, .F. ) ;
#185 = CARTESIAN_POINT ( 'NONE',  ( -0.2858157540999999857, -0.1377234090999999994, 0.05495180240000000632 ) ) ;
#186 = CARTESIAN_POINT ( 'NONE',  ( -0.3097379093000000028, -0.01169749140000000097, 0.05999716119999999597 ) ) ;
#187 = CARTESIAN_POINT ( 'NONE',  ( 0.2311351280074349646, -0.1987353858999999778, -0.1050500000000000184 ) ) ;
#188 = CARTESIAN_POINT ( 'NONE',  ( -0.3369316492000000163, -0.1387353859000000356, -9.999999999999999124E-05 ) ) ;
#189 = CARTESIAN_POINT ( 'NONE',  ( 0.3513526220000000033, 0.3245979473847868668, -9.999999999999158867E-05 ) ) ;
#190 = CARTESIAN_POINT ( 'NONE',  ( 0.02798502492167925099, 0.3102748936538094471, 0.06000020349665982633 ) ) ;
#191 = CARTESIAN_POINT ( 'NONE',  ( -0.3059153511000000103, 0.07930092480000000554, 0.05711929249999999486 ) ) ;
#192 = CARTESIAN_POINT ( 'NONE',  ( 0.02792682218953975587, 0.3095995794242797916, 0.06000181326502192908 ) ) ;
#193 = SURFACE_STYLE_USAGE ( .BOTH. , #3135 ) ;
#194 = CARTESIAN_POINT ( 'NONE',  ( -0.1919807113666666676, -0.3487353858999999723, -0.1051000000000000267 ) ) ;
#195 = B_SPLINE_CURVE_WITH_KNOTS ( 'NONE', 3,
 ( #2222, #4253, #3450, #1373 ),
 .UNSPECIFIED., .F., .F.,
 ( 4, 4 ),
 ( 0.000000000000000000, 1.000000000000000000 ),
 .UNSPECIFIED. ) ;
#196 = FILL_AREA_STYLE_COLOUR ( '', #3550 ) ;
#197 = CARTESIAN_POINT ( 'NONE',  ( -0.2319920240926849619, 0.2049108508231297365, 0.06000043879331965618 ) ) ;
#198 = CARTESIAN_POINT ( 'NONE',  ( -0.2869057401000000285, 0.1407801850000000021, 0.05000000000000000278 ) ) ;
#199 = PRESENTATION_LAYER_ASSIGNMENT (  '', '', ( #4603 ) ) ;
#200 = CARTESIAN_POINT ( 'NONE',  ( 0.04380149550000000253, 0.3182162025999999977, 0.05247108570000000305 ) ) ;
#201 = CARTESIAN_POINT ( 'NONE',  ( -0.3286473779999999900, -0.1587353859000000256, -0.1051000000000000267 ) ) ;
#202 = ORIENTED_EDGE ( 'NONE', *, *, #2454, .F. ) ;
#203 = EDGE_CURVE ( 'NONE', #2345, #2591, #2761, .T. ) ;
#204 = CARTESIAN_POINT ( 'NONE',  ( 0.6413526221000001026, -0.3187353858999998901, 0.04000000000000000083 ) ) ;
#205 = CARTESIAN_POINT ( 'NONE',  ( 0.1218766083999999889, -0.2888480889000000218, 0.05933362749999999269 ) ) ;
#206 = CARTESIAN_POINT ( 'NONE',  ( -0.3170984460999999865, 0.02787135719999999858, 0.05371144409999999841 ) ) ;
#207 = CARTESIAN_POINT ( 'NONE',  ( -0.1517249179999999864, -0.2701983012999999989, 0.05999716119999999597 ) ) ;
#208 = CARTESIAN_POINT ( 'NONE',  ( 0.09095262200000001074, 0.3084646140999999786, 0.05000000000000003053 ) ) ;
#209 = CARTESIAN_POINT ( 'NONE',  ( 0.001352622000000000156, 0.3160973028999999879, 0.05885548650000001214 ) ) ;
#210 = AXIS2_PLACEMENT_3D ( 'NONE', #4519, #325, #3187 ) ;
#211 = CARTESIAN_POINT ( 'NONE',  ( -0.1676405689554588407, 0.2609370784344367533, 0.06000181326483916555 ) ) ;
#212 = AXIS2_PLACEMENT_3D ( 'NONE', #3162, #3138, #1047 ) ;
#213 = CARTESIAN_POINT ( 'NONE',  ( 0.3513526220000000033, 0.3512646140999999833, -0.1051000000000000267 ) ) ;
#214 = EDGE_CURVE ( 'NONE', #3609, #472, #1663, .T. ) ;
#215 = CARTESIAN_POINT ( 'NONE',  ( 0.2985022645826873600, 0.08984488097258794270, 0.06000020349665982633 ) ) ;
#216 = CARTESIAN_POINT ( 'NONE',  ( -0.07095537009999999811, -0.3068449655000000109, 0.05809689739999999991 ) ) ;
#217 = PRESENTATION_LAYER_ASSIGNMENT (  '', '', ( #4262 ) ) ;
#218 = CARTESIAN_POINT ( 'NONE',  ( 0.1202255936477529125, -0.2848739392691630457, 0.06000143354000778140 ) ) ;
#219 = CARTESIAN_POINT ( 'NONE',  ( 0.3480192886912378269, -0.1187353858866665723, -0.1050000000000000100 ) ) ;
#220 = CARTESIAN_POINT ( 'NONE',  ( 0.3357564850821367353, -0.3219021226424528814, -0.000000000000000000 ) ) ;
#221 = EDGE_CURVE ( 'NONE', #4106, #3497, #1094, .T. ) ;
#222 = CARTESIAN_POINT ( 'NONE',  ( 0.3446859554133333003, 0.3112646142233334579, -0.1051000000000000267 ) ) ;
#223 = CARTESIAN_POINT ( 'NONE',  ( -0.2469496049634996027, 0.1879224654522608784, 0.06000020349665982633 ) ) ;
#224 = CARTESIAN_POINT ( 'NONE',  ( -0.3286473779980905729, -0.1587353858999999978, -0.0001000000000000004791 ) ) ;
#225 = CARTESIAN_POINT ( 'NONE',  ( -0.07186337800000000553, -0.3107140526000000680, 0.05118824680000000349 ) ) ;
#226 = COLOUR_RGB ( '',0.2980392156862745057, 0.2980392156862745057, 0.2980392156862745057 ) ;
#227 = FILL_AREA_STYLE ('',( #3242 ) ) ;
#228 = CARTESIAN_POINT ( 'NONE',  ( 0.1588142220000000326, -0.2779728558999999821, 0.05118824680000000349 ) ) ;
#229 = ORIENTED_EDGE ( 'NONE', *, *, #3373, .T. ) ;
#230 = CARTESIAN_POINT ( 'NONE',  ( -0.2637696270000000065, -0.1680085272000000074, 0.05933362749999999269 ) ) ;
#231 = VERTEX_POINT ( 'NONE', #4554 ) ;
#232 = CARTESIAN_POINT ( 'NONE',  ( -0.1886473779117064931, 0.3512646140999999833, -5.000000124996760686E-05 ) ) ;
#233 = CARTESIAN_POINT ( 'NONE',  ( 0.2708717253999999852, -0.1708157955999999866, 0.05495180240000000632 ) ) ;
#234 = CARTESIAN_POINT ( 'NONE',  ( 0.2664748711000000103, -0.1680085272000000074, 0.05933362749999999269 ) ) ;
#235 = CARTESIAN_POINT ( 'NONE',  ( -0.3013708414999999863, 0.1051125885999999870, 0.05247108570000000305 ) ) ;
#236 = CARTESIAN_POINT ( 'NONE',  ( -0.08575272670000000375, -0.2973822959999999904, 0.05999716119999999597 ) ) ;
#237 = CARTESIAN_POINT ( 'NONE',  ( 0.3213526219999999767, 0.01459794740000000014, 0.05000000000000003053 ) ) ;
#238 = CARTESIAN_POINT ( 'NONE',  ( -0.3286473780000003786, -0.1470196571000000618, -9.999999999999999124E-05 ) ) ;
#239 = FILL_AREA_STYLE ('',( #3950 ) ) ;
#240 = CARTESIAN_POINT ( 'NONE',  ( 0.3078978696763552958, 0.2538696726649977142, -0.000000000000000000 ) ) ;
#241 = CARTESIAN_POINT ( 'NONE',  ( 0.2632804494363301107, 0.1684982064930786727, 0.06000020349665982633 ) ) ;
#242 = CARTESIAN_POINT ( 'NONE',  ( -0.2978208022000000121, 0.1038947630000000011, 0.05809689739999999991 ) ) ;
#243 = CARTESIAN_POINT ( 'NONE',  ( 0.1535459490536387472, 0.2711594940614005522, 0.06000143354000778140 ) ) ;
#244 = CARTESIAN_POINT ( 'NONE',  ( 0.1888042821000001648, -0.3187353859000003342, 0.05000000000000000278 ) ) ;
#245 = CARTESIAN_POINT ( 'NONE',  ( -0.1854556478412281439, -0.3331275155408945920, 0.000000000000000000 ) ) ;
#246 = SURFACE_STYLE_USAGE ( .BOTH. , #3163 ) ;
#247 = CARTESIAN_POINT ( 'NONE',  ( 0.3513526220000000033, -0.3187353858529000661, -5.000000124998981945E-05 ) ) ;
#248 = CARTESIAN_POINT ( 'NONE',  ( -0.1388720971000000082, -0.2863758352999999923, 0.05118824680000000349 ) ) ;
#249 = CARTESIAN_POINT ( 'NONE',  ( 0.2446859554599999931, -0.2554020526699999905, -0.1050000000000000100 ) ) ;
#250 = CARTESIAN_POINT ( 'NONE',  ( 0.2718947211999999669, 0.1739981780999999839, 0.05118824680000000349 ) ) ;
#251 = CARTESIAN_POINT ( 'NONE',  ( 0.02468595538333340916, -0.3487353858999999723, -0.1050000000000000100 ) ) ;
#252 = CARTESIAN_POINT ( 'NONE',  ( -0.2499778514000000063, 0.1901989089999999993, 0.05933362749999999269 ) ) ;
#253 = ORIENTED_EDGE ( 'NONE', *, *, #275, .F. ) ;
#254 = CARTESIAN_POINT ( 'NONE',  ( -0.1586473780000000056, -0.3287353859000000100, -0.1051000000000000267 ) ) ;
#255 = CARTESIAN_POINT ( 'NONE',  ( 0.2984889522000000461, 0.1167507991000000106, 0.05495180240000000632 ) ) ;
#256 = CARTESIAN_POINT ( 'NONE',  ( 0.2516940716999999661, 0.1894554237000000141, 0.05980818360000000194 ) ) ;
#257 = CARTESIAN_POINT ( 'NONE',  ( -0.04103044229999999737, -0.3151955999000000119, 0.05371144409999999841 ) ) ;
#258 = CARTESIAN_POINT ( 'NONE',  ( -0.02549850380000000249, -0.3102834630000000371, 0.05980818360000000194 ) ) ;
#259 = CARTESIAN_POINT ( 'NONE',  ( 0.2104192886999999845, -0.2419353858999999940, 0.05000000000000003053 ) ) ;
#260 = FACE_OUTER_BOUND ( 'NONE', #940, .T. ) ;
#261 = CARTESIAN_POINT ( 'NONE',  ( -0.01153461116205745270, 0.3105582113680188661, 0.06000143353988593442 ) ) ;
#262 =( LENGTH_UNIT ( ) NAMED_UNIT ( * ) SI_UNIT ( .CENTI., .METRE. ) );
#263 = CARTESIAN_POINT ( 'NONE',  ( 0.3016309273628490772, -0.07499654286043420937, 0.06000020349665982633 ) ) ;
#264 = CARTESIAN_POINT ( 'NONE',  ( -0.08741368130000000403, -0.3030769973999999922, 0.05711929249999999486 ) ) ;
#265 = CARTESIAN_POINT ( 'NONE',  ( 0.2492402096453524840, -0.1850815376071643925, 0.06000143354000778140 ) ) ;
#266 = CARTESIAN_POINT ( 'NONE',  ( 0.001352621899999999905, 0.3212646141000000122, 0.04000000000000000083 ) ) ;
#267 = CARTESIAN_POINT ( 'NONE',  ( 0.001352621957142856324, 0.3212646141000000122, 0.04000000000000000083 ) ) ;
#268 = CARTESIAN_POINT ( 'NONE',  ( 0.001352622000000000156, -0.09347275080000000402, 0.2708821915999999885 ) ) ;
#269 = SURFACE_SIDE_STYLE ('',( #4051 ) ) ;
#270 =( GEOMETRIC_REPRESENTATION_CONTEXT ( 3 ) GLOBAL_UNCERTAINTY_ASSIGNED_CONTEXT ( ( #2204 ) ) GLOBAL_UNIT_ASSIGNED_CONTEXT ( ( #885, #2993, #5142 ) ) REPRESENTATION_CONTEXT ( 'NONE', 'WORKASPACE' ) );
#271 = CARTESIAN_POINT ( 'NONE',  ( -0.2922453844000000300, 0.1291947435000000421, 0.05118824680000000349 ) ) ;
#272 = FACE_OUTER_BOUND ( 'NONE', #1945, .T. ) ;
#273 = CARTESIAN_POINT ( 'NONE',  ( 0.001352622000000000156, 0.3212646141000000122, 0.05000000000000000278 ) ) ;
#274 = PRESENTATION_STYLE_ASSIGNMENT (( #636 ) ) ;
#275 = EDGE_CURVE ( 'NONE', #4528, #5421, #5443, .T. ) ;
#276 = CARTESIAN_POINT ( 'NONE',  ( 0.001352622000000000156, -0.3187353859000000011, 0.05118824680000000349 ) ) ;
#277 = B_SPLINE_CURVE_WITH_KNOTS ( 'NONE', 3,
 ( #1182, #322, #2413, #2064 ),
 .UNSPECIFIED., .F., .F.,
 ( 4, 4 ),
 ( 0.000000000000000000, 1.000000000000000000 ),
 .UNSPECIFIED. ) ;
#278 = ORIENTED_EDGE ( 'NONE', *, *, #3139, .F. ) ;
#279 = CARTESIAN_POINT ( 'NONE',  ( -0.2648208045000000066, 0.1712089029000000151, 0.05885548650000001214 ) ) ;
#280 = ORIENTED_EDGE ( 'NONE', *, *, #4117, .F. ) ;
#281 = ADVANCED_FACE ( 'NONE', ( #4632 ), #3599, .T. ) ;
#282 = CARTESIAN_POINT ( 'NONE',  ( 0.2826379072000000381, 0.1512834328999999867, 0.05495180240000000632 ) ) ;
#283 = CARTESIAN_POINT ( 'NONE',  ( 0.3096629496999999676, 0.05302038120000000104, 0.05980818360000000194 ) ) ;
#284 = CARTESIAN_POINT ( 'NONE',  ( -0.3184288912999999610, 0.001264614099999999876, 0.05247108570000000305 ) ) ;
#285 = CARTESIAN_POINT ( 'NONE',  ( -0.04011047389999999879, -0.3083265028000000130, 0.05980818360000000194 ) ) ;
#286 = CARTESIAN_POINT ( 'NONE',  ( 0.2270760223000000133, -0.2267606564000000380, 0.05000000000000003053 ) ) ;
#288 = FACE_OUTER_BOUND ( 'NONE', #363, .T. ) ;
#287 = CARTESIAN_POINT ( 'NONE',  ( 0.000000000000000000, 0.000000000000000000, 0.000000000000000000 ) ) ;
#289 = CARTESIAN_POINT ( 'NONE',  ( -0.1841277096054163287, -0.2460424945976703304, 0.06000181326483916555 ) ) ;
#290 = COLOUR_RGB ( '',0.2980392156862745057, 0.2980392156862745057, 0.2980392156862745057 ) ;
#291 = CARTESIAN_POINT ( 'NONE',  ( 0.1371124764580674560, 0.2797463669980609913, 0.06000020349665982633 ) ) ;
#292 = CARTESIAN_POINT ( 'NONE',  ( -0.3156698899000000003, 0.001264614099999999876, 0.05711929249999999486 ) ) ;
#293 = CARTESIAN_POINT ( 'NONE',  ( 0.2195238796073366860, 0.2216607271099194643, 0.06000143354000778140 ) ) ;
#294 =( NAMED_UNIT ( * ) SI_UNIT ( $, .STERADIAN. ) SOLID_ANGLE_UNIT ( ) );
#295 = DIRECTION ( 'NONE',  ( -0.000000000000000000, -0.000000000000000000, 1.000000000000000000 ) ) ;
#296 = CARTESIAN_POINT ( 'NONE',  ( 0.001352622000000000156, -0.09347275080000000402, 0.2708821915999999885 ) ) ;
#297 = CARTESIAN_POINT ( 'NONE',  ( -0.3088012240999999936, -0.07750461670000000081, 0.05118824680000000349 ) ) ;
#298 = CARTESIAN_POINT ( 'NONE',  ( -0.08824737800000000132, 0.3084646140999999786, 0.05000000000000000278 ) ) ;
#299 = CARTESIAN_POINT ( 'NONE',  ( -0.1906473780000000062, -0.2547353858999999998, 0.05000000000000000278 ) ) ;
#300 = ORIENTED_EDGE ( 'NONE', *, *, #786, .T. ) ;
#301 = CARTESIAN_POINT ( 'NONE',  ( -0.3486473780000000078, -0.1320687192288888534, -0.1051000000000000267 ) ) ;
#302 = CARTESIAN_POINT ( 'NONE',  ( 0.05880008600000000141, 0.3164279002000000007, 0.05000000000000000278 ) ) ;
#303 = ORIENTED_EDGE ( 'NONE', *, *, #2641, .F. ) ;
#304 =( BOUNDED_SURFACE ( )  B_SPLINE_SURFACE ( 1, 3, ( 
 ( #2916, #4618, #4724, #525 ),
 ( #3593, #63, #4358, #498 ) ),
 .UNSPECIFIED., .F., .F., .F. ) 
 B_SPLINE_SURFACE_WITH_KNOTS ( ( 2, 2 ),
 ( 4, 4 ),
 ( 0.000000000000000000, 1.000000000000000000 ),
 ( 0.000000000000000000, 1.000000000000000000 ),
 .UNSPECIFIED. ) 
 GEOMETRIC_REPRESENTATION_ITEM ( )  RATIONAL_B_SPLINE_SURFACE ( (
 ( 1.000000000000000000, 0.8047378543117239547, 0.8047378543117239547, 1.000000000000000000),
 ( 1.000000000000000000, 0.8047378543117239547, 0.8047378543117239547, 1.000000000000000000) ) ) 
 REPRESENTATION_ITEM ( '' )  SURFACE ( )  );
#305 = CARTESIAN_POINT ( 'NONE',  ( -0.01171360070000000003, -0.3123247309000000138, 0.05933362749999999269 ) ) ;
#306 = ORIENTED_EDGE ( 'NONE', *, *, #4281, .T. ) ;
#307 = COLOUR_RGB ( '',0.2980392156862745057, 0.2980392156862745057, 0.2980392156862745057 ) ;
#308 = CARTESIAN_POINT ( 'NONE',  ( -0.08864737814999996968, 0.2983852640836487380, -0.1051000000000000267 ) ) ;
#309 = CARTESIAN_POINT ( 'NONE',  ( 0.04366987730000000678, -0.3147042253999999817, 0.05495180240000000632 ) ) ;
#310 = CARTESIAN_POINT ( 'NONE',  ( 0.08950577490000000136, -0.3009747670999999847, 0.05885548650000001214 ) ) ;
#311 = CARTESIAN_POINT ( 'NONE',  ( -0.1215512436999999918, 0.2971059132000000158, 0.05247108570000000305 ) ) ;
#312 = CARTESIAN_POINT ( 'NONE',  ( -0.1355221825999999852, -0.2795042158000000110, 0.05980818360000000194 ) ) ;
#313 = CARTESIAN_POINT ( 'NONE',  ( 0.3513526219999999478, -0.1787353858986773791, -0.0001000000029999979735 ) ) ;
#314 = CARTESIAN_POINT ( 'NONE',  ( -0.3486473780000000078, 0.3312646140946665652, -0.1051000000000000267 ) ) ;
#315 = CARTESIAN_POINT ( 'NONE',  ( -0.2006148501239121418, -0.2336771393580967249, 0.06000181326483916555 ) ) ;
#316 =( LENGTH_UNIT ( ) NAMED_UNIT ( * ) SI_UNIT ( .CENTI., .METRE. ) );
#317 = CARTESIAN_POINT ( 'NONE',  ( 0.1376731919999999998, -0.2783673241999999881, 0.05999716119999999597 ) ) ;
#318 = COLOUR_RGB ( '',0.2980392156862745057, 0.2980392156862745057, 0.2980392156862745057 ) ;
#319 = CARTESIAN_POINT ( 'NONE',  ( -0.2229695929000000132, 0.2278744104000000603, 0.05614168759999999675 ) ) ;
#320 = CARTESIAN_POINT ( 'NONE',  ( -0.1845339479389627446, 0.2491133741130286960, 0.06000020349665982633 ) ) ;
#321 = CARTESIAN_POINT ( 'NONE',  ( 0.1536245377921120758, -0.2687696326911075961, 0.06000105381499362678 ) ) ;
#322 = CARTESIAN_POINT ( 'NONE',  ( -0.2553140447699999704, -0.2420687193600000175, -0.1051000000000000267 ) ) ;
#323 = PLANE ( 'NONE',  #69 ) ;
#324 = FILL_AREA_STYLE_COLOUR ( '', #1630 ) ;
#325 = DIRECTION ( 'NONE',  ( 0.000000000000000000, -1.000000000000000000, 0.000000000000000000 ) ) ;
#326 = CARTESIAN_POINT ( 'NONE',  ( -0.1560014678000000155, -0.2777822006999999815, 0.05247108570000000305 ) ) ;
#327 = CARTESIAN_POINT ( 'NONE',  ( -0.05609484190000001147, -0.3138986719999999897, 0.05000000000000000278 ) ) ;
#329 = ORIENTED_EDGE ( 'NONE', *, *, #444, .T. ) ;
#328 = CARTESIAN_POINT ( 'NONE',  ( -0.2486473778879999819, 0.001264614100000014188, -0.1050500000000000184 ) ) ;
#330 = CARTESIAN_POINT ( 'NONE',  ( 0.2270760223000000133, 0.2292898845999999935, 0.05000000000000000278 ) ) ;
#331 = ORIENTED_EDGE ( 'NONE', *, *, #4659, .F. ) ;
#332 = MECHANICAL_DESIGN_GEOMETRIC_PRESENTATION_REPRESENTATION (  '', ( #1310 ), #4568 ) ;
#333 = CARTESIAN_POINT ( 'NONE',  ( -0.2043380679000000033, 0.2405374576000000042, 0.05885548650000001214 ) ) ;
#334 = VERTEX_POINT ( 'NONE', #2613 ) ;
#335 = VERTEX_POINT ( 'NONE', #470 ) ;
#336 = EDGE_CURVE ( 'NONE', #1642, #3194, #896, .T. ) ;
#337 = CARTESIAN_POINT ( 'NONE',  ( 0.3036067692000000151, 0.1049515916000000049, 0.05371144409999999841 ) ) ;
#338 = CARTESIAN_POINT ( 'NONE',  ( 0.1734611586000000261, -0.2631948443999999609, 0.05885548650000001214 ) ) ;
#339 = EDGE_CURVE ( 'NONE', #4696, #5078, #1632, .T. ) ;
#340 = CARTESIAN_POINT ( 'NONE',  ( -0.3053601083999999966, 0.09269563620000000059, 0.05247108570000000305 ) ) ;
#341 = CARTESIAN_POINT ( 'NONE',  ( -0.3110027012000000091, -0.01175019100000000011, 0.05980818360000000194 ) ) ;
#342 =( NAMED_UNIT ( * ) SI_UNIT ( $, .STERADIAN. ) SOLID_ANGLE_UNIT ( ) );
#343 = CARTESIAN_POINT ( 'NONE',  ( 0.3313526220000003186, -0.3370196571999999335, -0.1050999999999999851 ) ) ;
#344 = CARTESIAN_POINT ( 'NONE',  ( -0.2007191948073902554, 0.2363277480414299192, 0.06000143353988593442 ) ) ;
#345 = CARTESIAN_POINT ( 'NONE',  ( 0.01431472760000000038, -0.3098259173000000311, 0.05999716119999999597 ) ) ;
#346 = CARTESIAN_POINT ( 'NONE',  ( -0.3132027887000000121, 0.04073823430000000911, 0.05711929249999999486 ) ) ;
#347 = STYLED_ITEM ( 'NONE', ( #2872 ), #4705 ) ;
#348 = CARTESIAN_POINT ( 'NONE',  ( -0.01155616754908842317, 0.3110755640870946359, 0.06000020349665982633 ) ) ;
#349 = CARTESIAN_POINT ( 'NONE',  ( 0.2981592391389075725, -0.08721339691890789281, 0.06000105381499362678 ) ) ;
#350 = FACE_OUTER_BOUND ( 'NONE', #3068, .T. ) ;
#351 =( LENGTH_UNIT ( ) NAMED_UNIT ( * ) SI_UNIT ( .CENTI., .METRE. ) );
#352 = CARTESIAN_POINT ( 'NONE',  ( 0.2313526221500000479, -0.2687353859799999634, -0.1050500000000000184 ) ) ;
#353 = CARTESIAN_POINT ( 'NONE',  ( 0.001352622000000000156, 0.3212646141000000122, 0.05118824680000000349 ) ) ;
#354 = CARTESIAN_POINT ( 'NONE',  ( -0.1561089779000000011, 0.2805020840999999931, 0.05000000000000000278 ) ) ;
#355 = DIRECTION ( 'NONE',  ( -0.000000000000000000, -0.000000000000000000, -1.000000000000000000 ) ) ;
#357 = ORIENTED_EDGE ( 'NONE', *, *, #2697, .T. ) ;
#356 = SURFACE_STYLE_USAGE ( .BOTH. , #3712 ) ;
#358 = CARTESIAN_POINT ( 'NONE',  ( -0.1162212652326744394, 0.2552814358459291055, -0.1051000000000000545 ) ) ;
#359 = B_SPLINE_CURVE_WITH_KNOTS ( 'NONE', 3,
 ( #1510, #4865, #2658, #4799 ),
 .UNSPECIFIED., .F., .F.,
 ( 4, 4 ),
 ( 0.000000000000000000, 1.000000000000000000 ),
 .UNSPECIFIED. ) ;
#360 = CARTESIAN_POINT ( 'NONE',  ( 0.001352622000000000156, -0.3187353859000000011, 0.05000000000000000278 ) ) ;
#361 = ORIENTED_EDGE ( 'NONE', *, *, #1198, .F. ) ;
#362 = CARTESIAN_POINT ( 'NONE',  ( -0.03974645140876611332, 0.3081376956456501892, 0.06000067408997947910 ) ) ;
#363 = EDGE_LOOP ( 'NONE', ( #2126, #837, #3983, #464 ) ) ;
#364 = CARTESIAN_POINT ( 'NONE',  ( -0.2286473781499999969, 0.3412646142199999844, -0.1050500000000000184 ) ) ;
#365 = VERTEX_POINT ( 'NONE', #856 ) ;
#366 = CARTESIAN_POINT ( 'NONE',  ( 0.2942953099999999766, 0.1289092000999999821, 0.05371144409999999841 ) ) ;
#367 = CARTESIAN_POINT ( 'NONE',  ( 0.3084598836000000399, 0.06598648600000001085, 0.05933362749999999269 ) ) ;
#368 = CARTESIAN_POINT ( 'NONE',  ( -0.2027195224999999712, 0.2386546598000000019, 0.05980818360000000194 ) ) ;
#369 = CARTESIAN_POINT ( 'NONE',  ( 0.3113526220700000846, -0.3420687193133333248, -0.1050000000000000100 ) ) ;
#370 = B_SPLINE_CURVE_WITH_KNOTS ( 'NONE', 3,
 ( #3953, #3186, #1417, #1445 ),
 .UNSPECIFIED., .F., .F.,
 ( 4, 4 ),
 ( 0.000000000000000000, 1.000000000000000000 ),
 .UNSPECIFIED. ) ;
#371 = CARTESIAN_POINT ( 'NONE',  ( 0.001352621950000000139, 0.3212646141000000122, 0.05000000000000000278 ) ) ;
#372 = CARTESIAN_POINT ( 'NONE',  ( -0.1175203495674488063, 0.2874031675165732436, 0.06000143353988593442 ) ) ;
#373 = CARTESIAN_POINT ( 'NONE',  ( -0.1786473779999999956, 0.3512646140999999833, -9.999999999999999124E-05 ) ) ;
#374 = CARTESIAN_POINT ( 'NONE',  ( 0.1209162218999999955, -0.2865363470999999773, 0.05999716119999999597 ) ) ;
#375 = CARTESIAN_POINT ( 'NONE',  ( -0.2792476040999999909, -0.1483888398999999858, 0.05614168759999999675 ) ) ;
#376 = CARTESIAN_POINT ( 'NONE',  ( -0.2171835687291854000, -0.2195001536373388240, 0.06000020349665982633 ) ) ;
#377 = CARTESIAN_POINT ( 'NONE',  ( 0.1705204306772356571, 0.2612053932823648061, 0.06000105381499362678 ) ) ;
#378 = EDGE_CURVE ( 'NONE', #2423, #2248, #4386, .T. ) ;
#379 = SURFACE_STYLE_USAGE ( .BOTH. , #3676 ) ;
#380 = CARTESIAN_POINT ( 'NONE',  ( 0.2313526221500000479, -0.3387353860199999733, -0.1050500000000000184 ) ) ;
#381 = CARTESIAN_POINT ( 'NONE',  ( -0.6458010118999993887, -0.3223122027999995032, 0.02526482689999999184 ) ) ;
#382 = CARTESIAN_POINT ( 'NONE',  ( -0.08824737800000000132, 0.3084646140999999786, 0.05118824680000000349 ) ) ;
#383 = FILL_AREA_STYLE ('',( #3238 ) ) ;
#384 = CARTESIAN_POINT ( 'NONE',  ( -0.6786473779999994127, -0.3387353859000000189, -5.556838532266037326E-18 ) ) ;
#386 = ORIENTED_EDGE ( 'NONE', *, *, #3997, .F. ) ;
#385 = FILL_AREA_STYLE_COLOUR ( '', #1523 ) ;
#387 = CARTESIAN_POINT ( 'NONE',  ( -0.3453140447066666563, -0.3087353859633334974, -0.1051000000000000267 ) ) ;
#388 = FACE_OUTER_BOUND ( 'NONE', #4243, .T. ) ;
#389 = CARTESIAN_POINT ( 'NONE',  ( 0.05880008600000000141, -0.3138986719999999897, 0.05000000000000000278 ) ) ;
#390 = VERTEX_POINT ( 'NONE', #4305 ) ;
#391 = CARTESIAN_POINT ( 'NONE',  ( -0.2718353365157866186, 0.1469648587568413711, 0.06000067408997947910 ) ) ;
#392 = VERTEX_POINT ( 'NONE', #3383 ) ;
#393 = CARTESIAN_POINT ( 'NONE',  ( 0.1758954996000000048, -0.2669354171999999692, 0.05371144409999999841 ) ) ;
#394 = CARTESIAN_POINT ( 'NONE',  ( 0.3033187757000000428, -0.08875145410000000179, 0.05885548650000001214 ) ) ;
#395 = AXIS2_PLACEMENT_3D ( 'NONE', #739, #4516, #1631 ) ;
#396 = CARTESIAN_POINT ( 'NONE',  ( -0.2198487943999999916, 0.2247217868000000451, 0.05933362749999999269 ) ) ;
#397 = CARTESIAN_POINT ( 'NONE',  ( -0.2753140446058355284, 0.3512646140999999278, 0.000000000000000000 ) ) ;
#398 = CARTESIAN_POINT ( 'NONE',  ( -0.2007191948073902554, -0.2337985198936329834, 0.06000143353988593442 ) ) ;
#399 = DIRECTION ( 'NONE',  ( 0.000000000000000000, 0.000000000000000000, -1.000000000000000000 ) ) ;
#400 = CARTESIAN_POINT ( 'NONE',  ( 0.3104523641999999972, 0.02709004939999999986, 0.05999996820000000342 ) ) ;
#401 = CARTESIAN_POINT ( 'NONE',  ( -0.3174373677999999810, 0.001264614099999999876, 0.05495180240000000632 ) ) ;
#402 = CARTESIAN_POINT ( 'NONE',  ( -0.2469496049634996027, -0.1853932372522608674, 0.06000020349665982633 ) ) ;
#403 = CARTESIAN_POINT ( 'NONE',  ( 0.3012842902017915936, -0.07490850804319011680, 0.06000105381499362678 ) ) ;
#404 = SURFACE_SIDE_STYLE ('',( #1214 ) ) ;
#405 = B_SPLINE_CURVE_WITH_KNOTS ( 'NONE', 3,
 ( #3621, #2331, #5219, #5239, #2281, #991 ),
 .UNSPECIFIED., .F., .F.,
 ( 4, 2, 4 ),
 ( 0.000000000000000000, 0.4999999999999991118, 1.000000000000000000 ),
 .UNSPECIFIED. ) ;
#406 = CARTESIAN_POINT ( 'NONE',  ( 0.2869288409999999900, 0.1394820415000000147, 0.05711929249999999486 ) ) ;
#407 = CARTESIAN_POINT ( 'NONE',  ( -0.1986473780249999876, -0.3487353859000000278, -0.1050499999987500044 ) ) ;
#408 = CARTESIAN_POINT ( 'NONE',  ( -0.6386473780000008205, 0.3212646140999998456, 0.04000000000000000083 ) ) ;
#409 = CARTESIAN_POINT ( 'NONE',  ( 0.001352622000000000156, 0.3172960484000000303, 0.05809689739999999991 ) ) ;
#410 = FILL_AREA_STYLE ('',( #5381 ) ) ;
#411 = CARTESIAN_POINT ( 'NONE',  ( 0.2196357609534577982, 0.1275447816533724910, -0.1051000000000000267 ) ) ;
#412 = CARTESIAN_POINT ( 'NONE',  ( 0.1588142220000000326, -0.2779728558999999821, 0.05000000000000000278 ) ) ;
#413 = CARTESIAN_POINT ( 'NONE',  ( -0.2284298839632470102, -0.1987353859999999861, -0.1050500000000000184 ) ) ;
#414 = ORIENTED_EDGE ( 'NONE', *, *, #1494, .F. ) ;
#415 = CARTESIAN_POINT ( 'NONE',  ( -0.3074510009133439858, 0.02706530849689034804, 0.06000067408997947910 ) ) ;
#416 = AXIS2_PLACEMENT_3D ( 'NONE', #1004, #5277, #2272 ) ;
#417 = EDGE_LOOP ( 'NONE', ( #1303, #3844, #2398, #331, #179, #1249, #5138, #3754 ) ) ;
#418 = CARTESIAN_POINT ( 'NONE',  ( 0.3140385419999999761, -0.06463294220000000145, 0.05371144409999999841 ) ) ;
#419 = CARTESIAN_POINT ( 'NONE',  ( 0.2780491029999999641, 0.1488360706000000089, 0.05933362749999999269 ) ) ;
#420 = MECHANICAL_DESIGN_GEOMETRIC_PRESENTATION_REPRESENTATION (  '', ( #4910 ), #2787 ) ;
#421 = CARTESIAN_POINT ( 'NONE',  ( 0.3113526220700000846, -0.3454020526066666763, -0.1050000000000000100 ) ) ;
#422 = CARTESIAN_POINT ( 'NONE',  ( -0.2869323534632819972, -0.1107813683759957951, 0.06000143353988593442 ) ) ;
#423 = PRESENTATION_STYLE_ASSIGNMENT (( #926 ) ) ;
#424 = CARTESIAN_POINT ( 'NONE',  ( 0.2497341660000000074, 0.1879820909000000095, 0.05999996820000000342 ) ) ;
#425 = B_SPLINE_CURVE_WITH_KNOTS ( 'NONE', 3,
 ( #4384, #2698, #2291, #3091 ),
 .UNSPECIFIED., .F., .F.,
 ( 4, 4 ),
 ( 0.000000000000000000, 1.000000000000000000 ),
 .UNSPECIFIED. ) ;
#426 = CARTESIAN_POINT ( 'NONE',  ( 0.001352622000000000156, 0.3200546040000000758, 0.05495180240000000632 ) ) ;
#427 = CARTESIAN_POINT ( 'NONE',  ( -0.1177572233000000190, 0.2879733451000000555, 0.05999996820000000342 ) ) ;
#428 = CARTESIAN_POINT ( 'NONE',  ( 0.2196365376474463948, -0.2192453058109679331, 0.06000105381499362678 ) ) ;
#429 = CARTESIAN_POINT ( 'NONE',  ( -0.3486473780000000078, -0.3187353858529000661, -4.999999999999999562E-05 ) ) ;
#430 = UNCERTAINTY_MEASURE_WITH_UNIT (LENGTH_MEASURE( 1.000000000000000082E-05 ), #1275, 'distance_accuracy_value', 'NONE');
#431 = CARTESIAN_POINT ( 'NONE',  ( -0.1186473779258332972, -0.3487353859000000278, -0.1050499999987499627 ) ) ;
#432 = CARTESIAN_POINT ( 'NONE',  ( 0.01456189340000000124, 0.3182871261000000396, 0.05711929249999999486 ) ) ;
#433 = PRESENTATION_LAYER_ASSIGNMENT (  '', '', ( #2801 ) ) ;
#434 = CARTESIAN_POINT ( 'NONE',  ( -0.2029556873288146379, 0.2342744245885955701, 0.06000158810505306500 ) ) ;
#435 = CARTESIAN_POINT ( 'NONE',  ( -0.3069722825000000821, -0.06371387220000000740, 0.05885548650000001214 ) ) ;
#436 = CARTESIAN_POINT ( 'NONE',  ( 0.3246859553744445015, -0.3487353858999999723, -0.1051000000000000267 ) ) ;
#438 = ORIENTED_EDGE ( 'NONE', *, *, #1095, .F. ) ;
#437 =( NAMED_UNIT ( * ) SI_UNIT ( $, .STERADIAN. ) SOLID_ANGLE_UNIT ( ) );
#439 = B_SPLINE_CURVE_WITH_KNOTS ( 'NONE', 3,
 ( #4807, #2718, #1495, #4408, #5272, #3998, #4850, #5300 ),
 .UNSPECIFIED., .F., .F.,
 ( 4, 2, 2, 4 ),
 ( 0.000000000000000000, 0.2500000000000005551, 0.5000000000000011102, 1.000000000000000000 ),
 .UNSPECIFIED. ) ;
#440 = CARTESIAN_POINT ( 'NONE',  ( 0.3513526220000000033, -0.1787353859000000156, -0.1051000000000000267 ) ) ;
#441 = CARTESIAN_POINT ( 'NONE',  ( -0.3186473779000303375, -0.1666874281459626572, 0.000000000000000000 ) ) ;
#442 = ORIENTED_EDGE ( 'NONE', *, *, #3714, .F. ) ;
#443 = CARTESIAN_POINT ( 'NONE',  ( -0.3018605072541798995, 0.06516581021969396204, 0.06000067408997947910 ) ) ;
#444 = EDGE_CURVE ( 'NONE', #2248, #2958, #2152, .T. ) ;
#445 = ORIENTED_EDGE ( 'NONE', *, *, #203, .F. ) ;
#446 = CARTESIAN_POINT ( 'NONE',  ( 0.07429177169999999497, 0.3120636016000000179, 0.05495180240000000632 ) ) ;
#447 = CARTESIAN_POINT ( 'NONE',  ( 0.3137352509999999928, 0.04046557149999999853, 0.05885548650000001214 ) ) ;
#448 = FILL_AREA_STYLE_COLOUR ( '', #3668 ) ;
#449 =( BOUNDED_SURFACE ( )  B_SPLINE_SURFACE ( 1, 3, ( 
 ( #4511, #1561, #2006, #4153 ),
 ( #373, #4978, #3316, #3701 ) ),
 .UNSPECIFIED., .F., .F., .F. ) 
 B_SPLINE_SURFACE_WITH_KNOTS ( ( 2, 2 ),
 ( 4, 4 ),
 ( 0.000000000000000000, 1.000000000000000000 ),
 ( 0.000000000000000000, 1.000000000000000000 ),
 .UNSPECIFIED. ) 
 GEOMETRIC_REPRESENTATION_ITEM ( )  RATIONAL_B_SPLINE_SURFACE ( (
 ( 1.000000000000000000, 0.3333333334700689932, 0.3333333334700689932, 1.000000000000000000),
 ( 1.000000000000000000, 0.3333333334700689932, 0.3333333334700689932, 1.000000000000000000) ) ) 
 REPRESENTATION_ITEM ( '' )  SURFACE ( )  );
#450 = EDGE_CURVE ( 'NONE', #2994, #2078, #2677, .T. ) ;
#451 = CARTESIAN_POINT ( 'NONE',  ( -0.2602728394506714782, 0.1683051543764562674, 0.06000105381493271023 ) ) ;
#452 = B_SPLINE_CURVE_WITH_KNOTS ( 'NONE', 3,
 ( #2768, #4461, #999, #3090 ),
 .UNSPECIFIED., .F., .F.,
 ( 4, 4 ),
 ( 0.000000000000000000, 1.000000000000000000 ),
 .UNSPECIFIED. ) ;
#453 = CARTESIAN_POINT ( 'NONE',  ( 0.3513526219999999478, 0.1712646140425024832, 0.000000000000000000 ) ) ;
#454 = CARTESIAN_POINT ( 'NONE',  ( 0.2958487052000000062, 0.1022902212999999977, 0.05999716119999999597 ) ) ;
#455 = CARTESIAN_POINT ( 'NONE',  ( -0.05609484190000001147, -0.3138986719999999897, 0.05000000000000000278 ) ) ;
#456 = CARTESIAN_POINT ( 'NONE',  ( -0.1729192391000000106, 0.2690482055999999789, 0.05495180240000000632 ) ) ;
#457 = CARTESIAN_POINT ( 'NONE',  ( -0.1012895418000000075, -0.2916209163000000326, 0.05999996820000000342 ) ) ;
#458 = PRESENTATION_LAYER_ASSIGNMENT (  '', '', ( #2048 ) ) ;
#459 = CARTESIAN_POINT ( 'NONE',  ( 0.2854206387763885133, -0.1225129910997662941, 0.06000067408997947910 ) ) ;
#460 = DIRECTION ( 'NONE',  ( 0.000000000000000000, -1.000000000000000000, 0.000000000000000000 ) ) ;
#461 =( LENGTH_UNIT ( ) NAMED_UNIT ( * ) SI_UNIT ( .CENTI., .METRE. ) );
#462 = CARTESIAN_POINT ( 'NONE',  ( 0.1921607758999999971, -0.2531462576000000353, 0.05614168759999999675 ) ) ;
#463 = CARTESIAN_POINT ( 'NONE',  ( -0.2358500886999999879, -0.2057486607000000023, 0.05885548650000001214 ) ) ;
#464 = ORIENTED_EDGE ( 'NONE', *, *, #3848, .T. ) ;
#465 = CARTESIAN_POINT ( 'NONE',  ( 0.05684936504186697409, 0.3057260245179032609, 0.06000181326502192908 ) ) ;
#467 = ORIENTED_EDGE ( 'NONE', *, *, #2854, .T. ) ;
#466 = DIRECTION ( 'NONE',  ( -0.000000000000000000, -0.000000000000000000, -1.000000000000000000 ) ) ;
#468 = FACE_BOUND ( 'NONE', #2449, .T. ) ;
#469 = CARTESIAN_POINT ( 'NONE',  ( 0.1713526219425021979, -0.3487353858999999723, 0.000000000000000000 ) ) ;
#470 = CARTESIAN_POINT ( 'NONE',  ( 0.3413526221200000044, 0.3112646142233334023, -0.1050500000000000184 ) ) ;
#471 = CARTESIAN_POINT ( 'NONE',  ( -0.3486473780000000078, -0.1387353859000000078, -0.1051000000000000267 ) ) ;
#472 = VERTEX_POINT ( 'NONE', #2585 ) ;
#473 = ADVANCED_FACE ( 'NONE', ( #2962 ), #3121, .F. ) ;
#474 = CARTESIAN_POINT ( 'NONE',  ( -0.01154792044726526794, 0.3108776338612838641, 0.06000067408997947910 ) ) ;
#475 = CARTESIAN_POINT ( 'NONE',  ( 0.001352622020833327840, 0.3107024750298396643, 0.05994361441813524788 ) ) ;
#476 = ORIENTED_EDGE ( 'NONE', *, *, #3851, .F. ) ;
#477 = CARTESIAN_POINT ( 'NONE',  ( 0.2717100029999999777, -0.1713510125000000106, 0.05247108570000000305 ) ) ;
#478 = CARTESIAN_POINT ( 'NONE',  ( 0.3108514933000000036, -0.06396128189999999991, 0.05809689739999999991 ) ) ;
#479 = CARTESIAN_POINT ( 'NONE',  ( -0.2719807113922223518, 0.3512646140999999278, -0.1050000000000000100 ) ) ;
#480 = CARTESIAN_POINT ( 'NONE',  ( -0.1842235363425736294, -0.2461702636030930758, 0.06000143353988593442 ) ) ;
#481 =( NAMED_UNIT ( * ) PLANE_ANGLE_UNIT ( ) SI_UNIT ( $, .RADIAN. ) );
#482 = CARTESIAN_POINT ( 'NONE',  ( 0.2997295522000000823, 0.09021073529999999729, 0.05999716119999999597 ) ) ;
#483 = CARTESIAN_POINT ( 'NONE',  ( -0.3166609675999999540, 0.01451518040000000093, 0.05614168759999999675 ) ) ;
#484 = CARTESIAN_POINT ( 'NONE',  ( -0.01156029109999999992, 0.3111745291999999941, 0.05999996820000000342 ) ) ;
#485 = CARTESIAN_POINT ( 'NONE',  ( 0.3101562450133439341, 0.02706530849689034804, 0.06000067408997947910 ) ) ;
#486 = CARTESIAN_POINT ( 'NONE',  ( -0.3386473780700374192, -0.1187353858866665168, -0.1050500000000000184 ) ) ;
#487 = UNCERTAINTY_MEASURE_WITH_UNIT (LENGTH_MEASURE( 1.000000000000000082E-05 ), #1885, 'distance_accuracy_value', 'NONE');
#488 =( GEOMETRIC_REPRESENTATION_CONTEXT ( 3 ) GLOBAL_UNCERTAINTY_ASSIGNED_CONTEXT ( ( #3739 ) ) GLOBAL_UNIT_ASSIGNED_CONTEXT ( ( #3746, #3682, #3379 ) ) REPRESENTATION_CONTEXT ( 'NONE', 'WORKASPACE' ) );
#489 = CARTESIAN_POINT ( 'NONE',  ( -0.1742405984750000081, 0.2193632635337985082, -0.1050500000000000184 ) ) ;
#490 = CARTESIAN_POINT ( 'NONE',  ( 0.1402725992000000144, -0.2836994415999999908, 0.05711929249999999486 ) ) ;
#491 = CARTESIAN_POINT ( 'NONE',  ( 0.3185348540000000339, 0.02776534540000000217, 0.05614168759999999675 ) ) ;
#492 = CARTESIAN_POINT ( 'NONE',  ( -0.07915143950175375365, 0.3005107679488255301, 0.06000159953039357202 ) ) ;
#493 = CARTESIAN_POINT ( 'NONE',  ( -0.3094029892000000337, -0.05090164039999999640, 0.05885548650000001214 ) ) ;
#494 = ORIENTED_EDGE ( 'NONE', *, *, #2296, .T. ) ;
#495 = CARTESIAN_POINT ( 'NONE',  ( 0.3080807967322956031, -0.03722676470676711952, 0.06000181326502192908 ) ) ;
#497 = ORIENTED_EDGE ( 'NONE', *, *, #1552, .T. ) ;
#496 = CARTESIAN_POINT ( 'NONE',  ( -0.3486473779999999523, 0.3212646140295665198, -5.000000124999707683E-05 ) ) ;
#498 = CARTESIAN_POINT ( 'NONE',  ( 0.3513526220000000033, 0.3312646141000000211, -9.999999999999999124E-05 ) ) ;
#499 = SURFACE_STYLE_FILL_AREA ( #4694 ) ;
#500 = CARTESIAN_POINT ( 'NONE',  ( 0.2580192887700000215, 0.2445979475600000008, -0.1051000000000000267 ) ) ;
#501 = B_SPLINE_CURVE_WITH_KNOTS ( 'NONE', 3,
 ( #1131, #3188, #4876, #2798 ),
 .UNSPECIFIED., .F., .F.,
 ( 4, 4 ),
 ( 0.000000000000000000, 1.000000000000000000 ),
 .UNSPECIFIED. ) ;
#502 = ORIENTED_EDGE ( 'NONE', *, *, #5056, .T. ) ;
#503 = CARTESIAN_POINT ( 'NONE',  ( -0.1176811513953111843, 0.2877902327966011531, 0.06000043879331965618 ) ) ;
#504 = CARTESIAN_POINT ( 'NONE',  ( 0.1706618404394233957, 0.2614226814257427645, 0.06000043879331965618 ) ) ;
#505 = ORIENTED_EDGE ( 'NONE', *, *, #1261, .T. ) ;
#506 = CARTESIAN_POINT ( 'NONE',  ( 0.09075263249999999948, 0.3077789356999999781, 0.05371144409999999841 ) ) ;
#507 = CARTESIAN_POINT ( 'NONE',  ( 0.04314457189999999775, 0.3133111729000000456, 0.05885548650000001214 ) ) ;
#508 = CARTESIAN_POINT ( 'NONE',  ( -0.3486473779999999523, -0.1287353859316266169, -4.999999999999999562E-05 ) ) ;
#509 = EDGE_CURVE ( 'NONE', #1504, #4391, #4454, .T. ) ;
#510 = CARTESIAN_POINT ( 'NONE',  ( -0.2601378125175000666, -0.1656897151214735131, 0.06000143353988593442 ) ) ;
#511 = FILL_AREA_STYLE ('',( #4286 ) ) ;
#512 = CARTESIAN_POINT ( 'NONE',  ( 0.1382274266999999890, -0.2795042158000000110, 0.05980818360000000194 ) ) ;
#513 = CARTESIAN_POINT ( 'NONE',  ( -0.3108477837999999993, -0.06453062169999999875, 0.05495180240000000632 ) ) ;
#514 = CARTESIAN_POINT ( 'NONE',  ( -0.1845933270000000015, -0.2466633178999999843, 0.05999996820000000342 ) ) ;
#515 = CARTESIAN_POINT ( 'NONE',  ( -0.3406953353413794128, -0.3187353858000294693, 0.000000000000000000 ) ) ;
#516 = CARTESIAN_POINT ( 'NONE',  ( 0.3045657513541799033, -0.06263658191969395661, 0.06000067408997947910 ) ) ;
#517 = CARTESIAN_POINT ( 'NONE',  ( -0.1186473778649999866, -0.3454020525912376849, -0.1051000000000000267 ) ) ;
#518 = CARTESIAN_POINT ( 'NONE',  ( -0.3486473779999999523, -0.1187353858866665862, -0.1050499999987499627 ) ) ;
#519 = CARTESIAN_POINT ( 'NONE',  ( 0.3005260463000000160, 0.1038947630000000011, 0.05809689739999999991 ) ) ;
#520 = CARTESIAN_POINT ( 'NONE',  ( 0.3185348540000000339, -0.02523611710000000022, 0.05614168759999999675 ) ) ;
#521 = CARTESIAN_POINT ( 'NONE',  ( -0.1538412840653689828, -0.2669603188740359845, 0.06000159485128961356 ) ) ;
#522 = CARTESIAN_POINT ( 'NONE',  ( -0.02571146659999999987, -0.3127544261000000381, 0.05885548650000001214 ) ) ;
#523 = CARTESIAN_POINT ( 'NONE',  ( 0.3040965215016934176, 0.06506692154700322028, 0.06000181326502192908 ) ) ;
#524 = CARTESIAN_POINT ( 'NONE',  ( -0.1295567106726921436, -0.2464401750881738129, -0.1051000000000000129 ) ) ;
#525 = CARTESIAN_POINT ( 'NONE',  ( 0.3513526220000000033, 0.3312646141000000211, -0.1051000000000000267 ) ) ;
#526 = CARTESIAN_POINT ( 'NONE',  ( -0.3387553425419294051, -0.3312990497012273661, -0.1051000000000000545 ) ) ;
#527 = CARTESIAN_POINT ( 'NONE',  ( -0.3406853579457253534, -0.1887353855998529784, 0.000000000000000000 ) ) ;
#528 = FILL_AREA_STYLE_COLOUR ( '', #39 ) ;
#529 = ORIENTED_EDGE ( 'NONE', *, *, #4416, .T. ) ;
#530 = CARTESIAN_POINT ( 'NONE',  ( -0.2988297633424631949, 0.07750141042086843013, 0.06000043879331965618 ) ) ;
#531 = CARTESIAN_POINT ( 'NONE',  ( 0.2696663519868446879, -0.1537621860689458442, 0.06000158890487343466 ) ) ;
#532 = AXIS2_PLACEMENT_3D ( 'NONE', #5413, #1639, #3299 ) ;
#533 = CARTESIAN_POINT ( 'NONE',  ( 0.2803434643046041064, 0.1362947528553801746, 0.06000043879331965618 ) ) ;
#534 = ORIENTED_EDGE ( 'NONE', *, *, #5242, .T. ) ;
#535 = CARTESIAN_POINT ( 'NONE',  ( 0.3080653525000000004, 0.09269563620000000059, 0.05247108570000000305 ) ) ;
#536 = CARTESIAN_POINT ( 'NONE',  ( 0.01447065069999999877, 0.3160973028999999879, 0.05885548650000001214 ) ) ;
#537 = CARTESIAN_POINT ( 'NONE',  ( -0.3486473780000000078, -0.1320687192555199396, -9.999999999999999124E-05 ) ) ;
#538 = CARTESIAN_POINT ( 'NONE',  ( -0.2825688606026056648, -0.1224491414784511512, 0.06000105381493271023 ) ) ;
#539 = CARTESIAN_POINT ( 'NONE',  ( 0.3028711371000000208, -0.07531151669999999743, 0.05999716119999999597 ) ) ;
#540 = COLOUR_RGB ( '',0.2980392156862745057, 0.2980392156862745057, 0.2980392156862745057 ) ;
#541 = CARTESIAN_POINT ( 'NONE',  ( -0.2810003191000000067, 0.1518528494000000173, 0.05000000000000000278 ) ) ;
#542 = CARTESIAN_POINT ( 'NONE',  ( -0.04103044229999999737, 0.3177248280999999674, 0.05371144409999999841 ) ) ;
#543 = CARTESIAN_POINT ( 'NONE',  ( 0.001352622000000000156, 0.3136199373999999929, 0.05980818360000000194 ) ) ;
#544 = CARTESIAN_POINT ( 'NONE',  ( -0.3486473780000000078, -0.2320687191587710307, 0.000000000000000000 ) ) ;
#545 = CARTESIAN_POINT ( 'NONE',  ( 0.05695314730166298189, -0.3037661574534447628, 0.06000043879331965618 ) ) ;
#546 = CARTESIAN_POINT ( 'NONE',  ( -0.3453140446900124227, -0.1187353858866665723, -0.1051000000000000267 ) ) ;
#547 = UNCERTAINTY_MEASURE_WITH_UNIT (LENGTH_MEASURE( 1.000000000000000082E-05 ), #3292, 'distance_accuracy_value', 'NONE');
#548 = CARTESIAN_POINT ( 'NONE',  ( -0.06937721098728728830, 0.3026495440735971765, 0.06000181326483916555 ) ) ;
#549 = CARTESIAN_POINT ( 'NONE',  ( 0.3014642571000000215, -0.1016873839000000113, 0.05711929249999999486 ) ) ;
#550 = CARTESIAN_POINT ( 'NONE',  ( 0.3103336890999999764, -0.07720676799999999507, 0.05495180240000000632 ) ) ;
#551 = B_SPLINE_CURVE_WITH_KNOTS ( 'NONE', 3,
 ( #496, #1719, #4783, #2238 ),
 .UNSPECIFIED., .F., .F.,
 ( 4, 4 ),
 ( 0.000000000000000000, 1.000000000000000000 ),
 .UNSPECIFIED. ) ;
#552 =( NAMED_UNIT ( * ) PLANE_ANGLE_UNIT ( ) SI_UNIT ( $, .RADIAN. ) );
#554 = CARTESIAN_POINT ( 'NONE',  ( -0.1375673551000000105, 0.2862286698000000018, 0.05711929249999999486 ) ) ;
#553 = SURFACE_STYLE_FILL_AREA ( #511 ) ;
#555 = CARTESIAN_POINT ( 'NONE',  ( 0.05684936504186697409, -0.3031967963836341706, 0.06000181326502192908 ) ) ;
#556 = SURFACE_STYLE_USAGE ( .BOTH. , #2638 ) ;
#557 = CARTESIAN_POINT ( 'NONE',  ( -0.1786473779973334064, 0.3512646140999999833, -0.1051000000000000267 ) ) ;
#558 = COLOUR_RGB ( '',0.2980392156862745057, 0.2980392156862745057, 0.2980392156862745057 ) ;
#559 = CARTESIAN_POINT ( 'NONE',  ( 0.001352622099999999973, 0.3114094590999999523, 0.05711276650000000205 ) ) ;
#560 = ORIENTED_EDGE ( 'NONE', *, *, #4858, .F. ) ;
#561 = CARTESIAN_POINT ( 'NONE',  ( -0.1510465799537236142, -0.2689953581124078230, 0.06000043879331965618 ) ) ;
#562 = CARTESIAN_POINT ( 'NONE',  ( 0.2746279027771911241, -0.1444822022712275722, 0.06000043879331965618 ) ) ;
#563 = VERTEX_POINT ( 'NONE', #3604 ) ;
#564 = CARTESIAN_POINT ( 'NONE',  ( 0.1932215301000000107, 0.2570898248000000330, 0.05247108570000000305 ) ) ;
#565 = CARTESIAN_POINT ( 'NONE',  ( 0.2385553326999999835, 0.2082778889000000411, 0.05885548650000001214 ) ) ;
#566 =( NAMED_UNIT ( * ) PLANE_ANGLE_UNIT ( ) SI_UNIT ( $, .RADIAN. ) );
#567 = CARTESIAN_POINT ( 'NONE',  ( -0.2954539950634837986, 0.08974262512623400190, 0.06000105381493271023 ) ) ;
#568 = CARTESIAN_POINT ( 'NONE',  ( -0.1430292405335197026, 0.3244460782905134733, -0.000000000000000000 ) ) ;
#569 = CARTESIAN_POINT ( 'NONE',  ( 0.2913124758000000258, 0.1139615613000000000, 0.05999716119999999597 ) ) ;
#570 = CARTESIAN_POINT ( 'NONE',  ( -0.2911352076000000011, -0.1261817754000000014, 0.05495180240000000632 ) ) ;
#571 = CARTESIAN_POINT ( 'NONE',  ( -0.1853016966999999904, -0.2476078110000000110, 0.05999716119999999597 ) ) ;
#572 = CARTESIAN_POINT ( 'NONE',  ( -0.3218141147424022908, -0.3331392489821256575, -0.000000000000000000 ) ) ;
#573 = CARTESIAN_POINT ( 'NONE',  ( 0.3109656417612838841, 0.01416515654726527122, 0.06000067408997947910 ) ) ;
#574 = CARTESIAN_POINT ( 'NONE',  ( 0.001352622000000000156, 0.3136199373999999929, 0.05980818360000000194 ) ) ;
#575 = CARTESIAN_POINT ( 'NONE',  ( 0.2378499713574425412, 0.2762961275336914269, -0.000000000000000000 ) ) ;
#576 = CARTESIAN_POINT ( 'NONE',  ( 0.2959177702000000409, 0.1157514733000000046, 0.05809689739999999991 ) ) ;
#577 = PRESENTATION_LAYER_ASSIGNMENT (  '', '', ( #2933 ) ) ;
#578 = CARTESIAN_POINT ( 'NONE',  ( -0.3081462491999999997, 0.06649051010000001094, 0.05809689739999999991 ) ) ;
#579 =( NAMED_UNIT ( * ) SI_UNIT ( $, .STERADIAN. ) SOLID_ANGLE_UNIT ( ) );
#580 = CARTESIAN_POINT ( 'NONE',  ( -0.1386473780013226242, -0.3487353859000000278, -0.0001000000022499994944 ) ) ;
#581 = CARTESIAN_POINT ( 'NONE',  ( 0.001352621999999999939, 0.3412646141222223095, 0.000000000000000000 ) ) ;
#582 = ADVANCED_FACE ( 'NONE', ( #2696 ), #3523, .F. ) ;
#583 = EDGE_CURVE ( 'NONE', #3497, #854, #439, .T. ) ;
#584 = SURFACE_STYLE_FILL_AREA ( #2269 ) ;
#585 = ORIENTED_EDGE ( 'NONE', *, *, #5112, .F. ) ;
#586 = CARTESIAN_POINT ( 'NONE',  ( -0.2873223222905283425, -0.1109329351851126577, 0.06000043879331965618 ) ) ;
#587 =( LENGTH_UNIT ( ) NAMED_UNIT ( * ) SI_UNIT ( .CENTI., .METRE. ) );
#588 = CARTESIAN_POINT ( 'NONE',  ( 0.1538005215768618039, -0.2690817167562039036, 0.06000020349665982633 ) ) ;
#589 = B_SPLINE_CURVE_WITH_KNOTS ( 'NONE', 3,
 ( #719, #3167, #249, #2020 ),
 .UNSPECIFIED., .F., .F.,
 ( 4, 4 ),
 ( 0.000000000000000000, 1.000000000000000000 ),
 .UNSPECIFIED. ) ;
#590 = EDGE_CURVE ( 'NONE', #2183, #335, #1701, .T. ) ;
#591 = CARTESIAN_POINT ( 'NONE',  ( 0.1073366220000000065, 0.3036859473999999892, 0.05118824680000000349 ) ) ;
#592 = PRESENTATION_STYLE_ASSIGNMENT (( #3098 ) ) ;
#593 = CARTESIAN_POINT ( 'NONE',  ( -0.1664679912485490798, 0.3220361697809112078, 0.000000000000000000 ) ) ;
#594 = CARTESIAN_POINT ( 'NONE',  ( 0.3072513698000000071, 0.06573179560000000365, 0.05980818360000000194 ) ) ;
#595 = CARTESIAN_POINT ( 'NONE',  ( -0.3170984460999999865, -0.02534212900000000143, 0.05371144409999999841 ) ) ;
#596 = CARTESIAN_POINT ( 'NONE',  ( -0.2886072317000000220, 0.1139615613000000000, 0.05999716119999999597 ) ) ;
#597 = CARTESIAN_POINT ( 'NONE',  ( 0.3513526220000000033, -0.1987353859250000354, -0.1050499999987500044 ) ) ;
#598 = CARTESIAN_POINT ( 'NONE',  ( -0.08864737800087561792, 0.2709004613316051135, -0.1051000000000000267 ) ) ;
#599 = CARTESIAN_POINT ( 'NONE',  ( -0.6386473776999993524, -0.3187353858999998901, 0.04000000000000000083 ) ) ;
#600 = UNCERTAINTY_MEASURE_WITH_UNIT (LENGTH_MEASURE( 1.000000000000000082E-05 ), #913, 'distance_accuracy_value', 'NONE');
#601 = CARTESIAN_POINT ( 'NONE',  ( 0.3111635719870946559, 0.001264614099999999876, 0.06000020349665982633 ) ) ;
#602 = PRESENTATION_LAYER_ASSIGNMENT (  '', '', ( #1310 ) ) ;
#603 = CARTESIAN_POINT ( 'NONE',  ( -0.2895135575999999711, 0.1280043983999999968, 0.05711929249999999486 ) ) ;
#604 = CARTESIAN_POINT ( 'NONE',  ( 0.001352622000000000156, -0.3080289831167724035, 0.06000143354000778140 ) ) ;
#605 = DIRECTION ( 'NONE',  ( 1.000000000000000000, 0.000000000000000000, 0.000000000000000000 ) ) ;
#606 = CARTESIAN_POINT ( 'NONE',  ( -0.09262703963540262764, -0.2625625706855715946, -0.1051000000000000267 ) ) ;
#607 = CARTESIAN_POINT ( 'NONE',  ( -0.1012239872955580655, -0.2914338590431471143, 0.06000043879331965618 ) ) ;
#608 = FILL_AREA_STYLE ('',( #2246 ) ) ;
#609 = CARTESIAN_POINT ( 'NONE',  ( -0.1561089779000000011, -0.2779728558999999821, 0.05118824680000000349 ) ) ;
#610 = EDGE_CURVE ( 'NONE', #1054, #2183, #370, .T. ) ;
#611 = CARTESIAN_POINT ( 'NONE',  ( 0.3188623496999999918, 0.04110897210000000190, 0.05118824680000000349 ) ) ;
#612 = FILL_AREA_STYLE_COLOUR ( '', #3481 ) ;
#613 = PRESENTATION_LAYER_ASSIGNMENT (  '', '', ( #3969 ) ) ;
#614 = ORIENTED_EDGE ( 'NONE', *, *, #5064, .F. ) ;
#615 = EDGE_CURVE ( 'NONE', #1694, #831, #4121, .T. ) ;
#616 = CARTESIAN_POINT ( 'NONE',  ( 0.6813526221000003602, 0.3412646140999999744, 0.000000000000000000 ) ) ;
#617 = CARTESIAN_POINT ( 'NONE',  ( 0.05742768820000000024, 0.3088987706999999916, 0.05980818360000000194 ) ) ;
#618 = CARTESIAN_POINT ( 'NONE',  ( -0.01195095089999999999, 0.3205503657000000062, 0.05371144409999999841 ) ) ;
#619 = CARTESIAN_POINT ( 'NONE',  ( -0.2180861671000000057, -0.2204119565000000058, 0.05999716119999999597 ) ) ;
#620 = EDGE_CURVE ( 'NONE', #1224, #3833, #1898, .T. ) ;
#621 = CARTESIAN_POINT ( 'NONE',  ( 0.001352622000000000156, 0.3109765989741892778, 0.06000043879331965618 ) ) ;
#622 = CARTESIAN_POINT ( 'NONE',  ( -0.1341105415242054844, 0.2791377701949276369, 0.06000181326483916555 ) ) ;
#623 = PRODUCT_DEFINITION ( 'UNKNOWN', '', #2664, #1979 ) ;
#624 = B_SPLINE_CURVE_WITH_KNOTS ( 'NONE', 3,
 ( #3566, #598, #676, #3104 ),
 .UNSPECIFIED., .F., .F.,
 ( 4, 4 ),
 ( 0.000000000000000000, 1.000000000000000000 ),
 .UNSPECIFIED. ) ;
#625 = CARTESIAN_POINT ( 'NONE',  ( 0.3213526219295664843, -0.3487353859000000278, -4.999999999999999562E-05 ) ) ;
#626 = CARTESIAN_POINT ( 'NONE',  ( 0.1204624673999999951, -0.2854441168999999889, 0.05999996820000000342 ) ) ;
#627 = CARTESIAN_POINT ( 'NONE',  ( -0.05556031330000000407, 0.3134954160999999795, 0.05711929249999999486 ) ) ;
#628 = CARTESIAN_POINT ( 'NONE',  ( 0.1704331218453362384, -0.2585420076261155109, 0.06000143354000778140 ) ) ;
#629 = CARTESIAN_POINT ( 'NONE',  ( 0.2153238228999999893, -0.1987353858999999778, -0.1051000000000000267 ) ) ;
#630 = SURFACE_STYLE_USAGE ( .BOTH. , #657 ) ;
#631 = CARTESIAN_POINT ( 'NONE',  ( -0.1546874392320980451, -0.3187317560479756007, -0.000000000000000000 ) ) ;
#632 = CARTESIAN_POINT ( 'NONE',  ( -0.3236297847000000338, -0.1815608143000000674, -0.09311608500000005673 ) ) ;
#633 = CARTESIAN_POINT ( 'NONE',  ( 0.001352622000000000156, -0.3084473707741892112, 0.06000043879331965618 ) ) ;
#634 = CARTESIAN_POINT ( 'NONE',  ( -0.3286473780000001010, -0.1704511147000001836, -9.999999999999999124E-05 ) ) ;
#635 = CARTESIAN_POINT ( 'NONE',  ( -0.3186473779999999811, 0.001264614099999999876, 0.05000000000000000278 ) ) ;
#636 = SURFACE_STYLE_USAGE ( .BOTH. , #691 ) ;
#637 = CARTESIAN_POINT ( 'NONE',  ( 0.1933526220000000018, -0.2547353858999999998, 0.05118824680000000349 ) ) ;
#638 = CARTESIAN_POINT ( 'NONE',  ( -0.1319807113555199196, 0.3512646140999999833, -9.999999999999999124E-05 ) ) ;
#639 = CARTESIAN_POINT ( 'NONE',  ( -0.3057546395000000361, -0.06345725779999999983, 0.05933362749999999269 ) ) ;
#640 = VERTEX_POINT ( 'NONE', #407 ) ;
#641 = CARTESIAN_POINT ( 'NONE',  ( -0.2486473778879999819, 0.001264614100000014188, -0.1050500000000000184 ) ) ;
#642 = CARTESIAN_POINT ( 'NONE',  ( 0.1235770092999999986, 0.2954703438000000348, 0.05614168759999999675 ) ) ;
#643 = CARTESIAN_POINT ( 'NONE',  ( 0.001352622000000000156, -0.3123247309000000138, 0.05933362749999999269 ) ) ;
#644 = CARTESIAN_POINT ( 'NONE',  ( -0.3085894600999999904, 0.07998006359999999815, 0.05247108570000000305 ) ) ;
#645 = CARTESIAN_POINT ( 'NONE',  ( -0.2931434611000000023, 0.1022902212999999977, 0.05999716119999999597 ) ) ;
#646 = CARTESIAN_POINT ( 'NONE',  ( 0.1243404603000000247, 0.2973080429999999663, 0.05000000000000003053 ) ) ;
#647 = CARTESIAN_POINT ( 'NONE',  ( -0.3219807113544445043, -0.3487353858999999723, -0.1051000000000000267 ) ) ;
#648 = CARTESIAN_POINT ( 'NONE',  ( 0.001352622000000000156, 0.3192782037999999933, 0.05614168759999999675 ) ) ;
#649 = UNCERTAINTY_MEASURE_WITH_UNIT (LENGTH_MEASURE( 1.000000000000000082E-05 ), #763, 'distance_accuracy_value', 'NONE');
#650 = CARTESIAN_POINT ( 'NONE',  ( 0.3036329024675907817, 0.2798405313815821582, -0.000000000000000000 ) ) ;
#651 = PRESENTATION_LAYER_ASSIGNMENT (  '', '', ( #3280 ) ) ;
#652 =( NAMED_UNIT ( * ) PLANE_ANGLE_UNIT ( ) SI_UNIT ( $, .RADIAN. ) );
#653 = CARTESIAN_POINT ( 'NONE',  ( 0.001352622000000000156, 0.3110755640870946359, 0.06000020349665982633 ) ) ;
#654 = CARTESIAN_POINT ( 'NONE',  ( -0.3081462491999999997, -0.06396128189999999991, 0.05809689739999999991 ) ) ;
#655 = CARTESIAN_POINT ( 'NONE',  ( 0.2851275705818044903, -0.1223852918366486742, 0.06000143354000778140 ) ) ;
#656 = CARTESIAN_POINT ( 'NONE',  ( 0.1888042819000002315, 0.3212646141999999094, 0.04000000000000002859 ) ) ;
#657 = SURFACE_SIDE_STYLE ('',( #171 ) ) ;
#658 = CARTESIAN_POINT ( 'NONE',  ( 0.3513526220000000033, 0.3112646142233334579, -0.1050499999987500044 ) ) ;
#659 = CARTESIAN_POINT ( 'NONE',  ( 0.3413526221200000044, 0.2845979475655554536, -0.1051000000000000267 ) ) ;
#660 = CARTESIAN_POINT ( 'NONE',  ( -0.2957970204826874117, 0.08984488097258794270, 0.06000020349665982633 ) ) ;
#661 = CARTESIAN_POINT ( 'NONE',  ( 0.2513526218880000607, 0.001264614099999981662, -0.1050500000000000184 ) ) ;
#662 =( GEOMETRIC_REPRESENTATION_CONTEXT ( 3 ) GLOBAL_UNCERTAINTY_ASSIGNED_CONTEXT ( ( #4401 ) ) GLOBAL_UNIT_ASSIGNED_CONTEXT ( ( #4784, #1782, #2670 ) ) REPRESENTATION_CONTEXT ( 'NONE', 'WORKASPACE' ) );
#663 =( BOUNDED_SURFACE ( )  B_SPLINE_SURFACE ( 1, 3, ( 
 ( #782, #4086, #1529, #254, #3195, #1226, #3721 ),
 ( #5420, #4996, #1646, #3307, #147, #1161, #1572 ) ),
 .UNSPECIFIED., .F., .F., .T. ) 
 B_SPLINE_SURFACE_WITH_KNOTS ( ( 2, 2 ),
 ( 4, 3, 4 ),
 ( 0.000000000000000000, 1.000000000000000000 ),
 ( 0.000000000000000000, 0.5000000000000000000, 1.000000000000000000 ),
 .UNSPECIFIED. ) 
 GEOMETRIC_REPRESENTATION_ITEM ( )  RATIONAL_B_SPLINE_SURFACE ( (
 ( 1.000000000000000000, 0.8047378540760219412, 0.8047378540760219412, 1.000000000000000000, 0.8047378540760219412, 0.8047378540760219412, 1.000000000000000000),
 ( 1.000000000000000000, 0.8047378540760219412, 0.8047378540760219412, 1.000000000000000000, 0.8047378540760219412, 0.8047378540760219412, 1.000000000000000000) ) ) 
 REPRESENTATION_ITEM ( '' )  SURFACE ( )  );
#664 = CARTESIAN_POINT ( 'NONE',  ( -0.3186473779999999811, -0.01206871919999999952, 0.05000000000000000278 ) ) ;
#665 = PRESENTATION_LAYER_ASSIGNMENT (  '', '', ( #933 ) ) ;
#666 = CARTESIAN_POINT ( 'NONE',  ( -0.3486473780000000078, -0.1387353859000000078, -0.1051000000000000267 ) ) ;
#667 = CARTESIAN_POINT ( 'NONE',  ( 0.2996167730000000029, 0.1171891424000000015, 0.05118824680000000349 ) ) ;
#668 = ORIENTED_EDGE ( 'NONE', *, *, #1045, .F. ) ;
#669 = CARTESIAN_POINT ( 'NONE',  ( -0.2811309748000000441, 0.1379852282000000041, 0.05933362749999999269 ) ) ;
#670 = VERTEX_POINT ( 'NONE', #352 ) ;
#671 = CARTESIAN_POINT ( 'NONE',  ( 0.1752000511000000316, 0.2683960294000000135, 0.05614168759999999675 ) ) ;
#672 = CARTESIAN_POINT ( 'NONE',  ( 0.2924913573000000322, 0.1144197501000000228, 0.05980818360000000194 ) ) ;
#673 = CARTESIAN_POINT ( 'NONE',  ( -0.1385591117999999955, -0.2857338142999999997, 0.05371144409999999841 ) ) ;
#674 = CARTESIAN_POINT ( 'NONE',  ( -0.2189783330999999778, -0.2213132205999999991, 0.05980818360000000194 ) ) ;
#675 = CARTESIAN_POINT ( 'NONE',  ( 0.3188623496999999918, -0.03857974389999999781, 0.05000000000000003053 ) ) ;
#676 = CARTESIAN_POINT ( 'NONE',  ( -0.09259311099274636359, 0.2651047214588798662, -0.1051000000000000267 ) ) ;
#677 = ADVANCED_FACE ( 'NONE', ( #4133 ), #2795, .F. ) ;
#678 = CARTESIAN_POINT ( 'NONE',  ( -0.1341105415242054844, -0.2766085418949276731, 0.06000181326483916555 ) ) ;
#679 = CARTESIAN_POINT ( 'NONE',  ( 0.1538492191000000175, -0.2691680754000000397, 0.05999996820000000342 ) ) ;
#680 = CARTESIAN_POINT ( 'NONE',  ( -0.3156698899000000003, 0.01447388540000000071, 0.05711929249999999486 ) ) ;
#681 = CARTESIAN_POINT ( 'NONE',  ( 0.3066408727910312493, 0.05251306786103641239, 0.06000143354000778140 ) ) ;
#682 = CARTESIAN_POINT ( 'NONE',  ( 0.1888042819000002315, 0.3212646141999999094, 0.05000000000000000278 ) ) ;
#683 =( NAMED_UNIT ( * ) PLANE_ANGLE_UNIT ( ) SI_UNIT ( $, .RADIAN. ) );
#684 = STYLED_ITEM ( 'NONE', ( #3978 ), #1597 ) ;
#685 = SURFACE_STYLE_FILL_AREA ( #4874 ) ;
#686 = CARTESIAN_POINT ( 'NONE',  ( 0.3113526221055556986, 0.3512646140999999833, -0.1050499999987499627 ) ) ;
#687 = CARTESIAN_POINT ( 'NONE',  ( -0.2243707782000000095, 0.2292898845999999935, 0.05118824680000000349 ) ) ;
#688 = CARTESIAN_POINT ( 'NONE',  ( -0.04112525409999999437, 0.3184327556999999587, 0.05000000000000000278 ) ) ;
#689 = CARTESIAN_POINT ( 'NONE',  ( -0.01198071130000000033, -0.3187353859000000011, 0.05118824680000000349 ) ) ;
#690 = EDGE_CURVE ( 'NONE', #2826, #472, #2856, .T. ) ;
#691 = SURFACE_SIDE_STYLE ('',( #2802 ) ) ;
#692 = B_SPLINE_CURVE_WITH_KNOTS ( 'NONE', 3,
 ( #4136, #2419, #2390, #688, #3745, #2366, #298, #1988, #3654, #4103, #354, #1188, #2851, #3710, #1061, #4345, #3008, #2598, #541, #47, #2538, #4743, #4257, #5185, #4288, #2627, #3075, #3396, #1318, #2975, #78, #1765, #3881, #5123, #4709, #1347, #4772, #1291, #5154, #1378, #956, #3044, #2137, #986, #2110, #3817, #3791, #19, #1709, #3366, #1734, #4227, #5058, #2946, #4648, #869, #455, #2760, #5237, #1465, #4398 ),
 .UNSPECIFIED., .F., .F.,
 ( 4, 3, 3, 3, 3, 3, 3, 3, 3, 3, 3, 3, 3, 3, 3, 3, 3, 3, 3, 3, 4 ),
 ( 0.000000000000000000, 0.06250000000000000000, 0.1250000000000000000, 0.1875000000000000000, 0.2500000000000000000, 0.3125000000000000000, 0.3750000000000000000, 0.4062500000000000000, 0.4375000000000000000, 0.4687500000000000000, 0.5000000000000000000, 0.5312500000000000000, 0.5625000000000000000, 0.5937500000000000000, 0.6250000000000000000, 0.6875000000000000000, 0.7500000000000000000, 0.8125000000000000000, 0.8750000000000000000, 0.9375000000000000000, 1.000000000000000000 ),
 .UNSPECIFIED. ) ;
#693 = CARTESIAN_POINT ( 'NONE',  ( 0.2104192886999999845, -0.2419353858999999940, 0.05118824680000000349 ) ) ;
#694 = VERTEX_POINT ( 'NONE', #1216 ) ;
#695 =( BOUNDED_CURVE ( )  B_SPLINE_CURVE ( 3, ( #3499, #1449, #1050, #4002 ),
 .UNSPECIFIED., .F., .T. ) 
 B_SPLINE_CURVE_WITH_KNOTS ( ( 4, 4 ),
 ( 0.000000000000000000, 0.6101497005927235540 ),
 .UNSPECIFIED. ) 
 CURVE ( )  GEOMETRIC_REPRESENTATION_ITEM ( )  RATIONAL_B_SPLINE_CURVE ( ( 1.000000000000000000, 0.8819565547803103200, 0.8359372823183478518, 0.8619421826141125953 ) ) 
 REPRESENTATION_ITEM ( '' )  );
#696 = CARTESIAN_POINT ( 'NONE',  ( -0.04043932780000000088, 0.3133111729000000456, 0.05885548650000001214 ) ) ;
#697 = ORIENTED_EDGE ( 'NONE', *, *, #2889, .F. ) ;
#698 = CARTESIAN_POINT ( 'NONE',  ( -0.08864737814999996968, 0.3412646141737130101, -0.1050500000000000184 ) ) ;
#699 = CARTESIAN_POINT ( 'NONE',  ( 0.09061381920000000090, -0.3047737761000000045, 0.05495180240000000632 ) ) ;
#700 = CARTESIAN_POINT ( 'NONE',  ( 0.2827246030000000188, 0.1374472118000000243, 0.05980818360000000194 ) ) ;
#701 = CARTESIAN_POINT ( 'NONE',  ( -0.2967078829000000528, 0.1171099925000000097, 0.05247108570000000305 ) ) ;
#702 = CARTESIAN_POINT ( 'NONE',  ( 0.001352622000000000156, 0.3148539592000000331, 0.05933362749999999269 ) ) ;
#703 = CARTESIAN_POINT ( 'NONE',  ( 0.05880008600000000141, 0.3164279002000000007, 0.05000000000000003053 ) ) ;
#704 = DIRECTION ( 'NONE',  ( 1.000000000000000000, 0.000000000000000000, 0.000000000000000000 ) ) ;
#705 = CARTESIAN_POINT ( 'NONE',  ( -0.2464069628343874552, 0.1875145414786684450, 0.06000181326483916555 ) ) ;
#706 = CARTESIAN_POINT ( 'NONE',  ( 0.3513526220000000033, -0.2720687192922223163, -0.1050000000000000100 ) ) ;
#707 = CARTESIAN_POINT ( 'NONE',  ( 0.1538005215768618039, 0.2716109449478214533, 0.06000020349665982633 ) ) ;
#708 =( GEOMETRIC_REPRESENTATION_CONTEXT ( 3 ) GLOBAL_UNCERTAINTY_ASSIGNED_CONTEXT ( ( #1771 ) ) GLOBAL_UNIT_ASSIGNED_CONTEXT ( ( #2388, #552, #3769 ) ) REPRESENTATION_CONTEXT ( 'NONE', 'WORKASPACE' ) );
#709 = CARTESIAN_POINT ( 'NONE',  ( -0.2783731238000000108, -0.1479224503000000079, 0.05711929249999999486 ) ) ;
#710 = CARTESIAN_POINT ( 'NONE',  ( 0.2851275705818044903, 0.1249145199844456378, 0.06000143354000778140 ) ) ;
#711 = SURFACE_STYLE_FILL_AREA ( #2873 ) ;
#712 = CARTESIAN_POINT ( 'NONE',  ( -0.1986473779999999856, -0.2285178919074350168, -0.1050500000000000184 ) ) ;
#713 = CARTESIAN_POINT ( 'NONE',  ( 0.001352622000000000156, -0.09347275080000000402, 0.2708821915999999885 ) ) ;
#714 = PRESENTATION_LAYER_ASSIGNMENT (  '', '', ( #1695 ) ) ;
#715 = CARTESIAN_POINT ( 'NONE',  ( -0.3088012240999999936, 0.08003384489999999796, 0.05118824680000000349 ) ) ;
#716 = CARTESIAN_POINT ( 'NONE',  ( 0.3213526219295669839, 0.3512646140999999833, -5.000000124999707683E-05 ) ) ;
#717 = CARTESIAN_POINT ( 'NONE',  ( -0.2397432683999999870, -0.2091463447999999947, 0.05000000000000000278 ) ) ;
#718 = B_SPLINE_CURVE_WITH_KNOTS ( 'NONE', 3,
 ( #5149, #2565, #537, #508 ),
 .UNSPECIFIED., .F., .F.,
 ( 4, 4 ),
 ( 0.000000000000000000, 1.000000000000000000 ),
 .UNSPECIFIED. ) ;
#719 = CARTESIAN_POINT ( 'NONE',  ( 0.2713526220799999944, -0.2287353860499999891, -0.1050500000000000184 ) ) ;
#720 = CARTESIAN_POINT ( 'NONE',  ( 0.04383049819999999819, -0.3159035275000000031, 0.05000000000000000278 ) ) ;
#721 = VERTEX_POINT ( 'NONE', #712 ) ;
#722 = CARTESIAN_POINT ( 'NONE',  ( -0.2198487943999999916, -0.2221925584999999981, 0.05933362749999999269 ) ) ;
#723 = EDGE_LOOP ( 'NONE', ( #3475, #4964, #2724, #4145 ) ) ;
#724 = DIRECTION ( 'NONE',  ( 0.000000000000000000, 0.000000000000000000, -1.000000000000000000 ) ) ;
#725 = CARTESIAN_POINT ( 'NONE',  ( 0.2562289669000000214, 0.1928644700000000101, 0.05614168759999999675 ) ) ;
#726 = CARTESIAN_POINT ( 'NONE',  ( 0.1393130137000000157, -0.2817310612000000214, 0.05885548650000001214 ) ) ;
#727 = CARTESIAN_POINT ( 'NONE',  ( -0.3184288912999999610, -0.01205961560000000030, 0.05247108570000000305 ) ) ;
#728 = CARTESIAN_POINT ( 'NONE',  ( -0.1186970841000000026, 0.2902356795000000100, 0.05980818360000000194 ) ) ;
#729 = CARTESIAN_POINT ( 'NONE',  ( 0.2578210026000000155, 0.1940612613999999903, 0.05000000000000003053 ) ) ;
#730 = CARTESIAN_POINT ( 'NONE',  ( -0.3286473780000001010, 0.3395488852999998808, -0.1050999999999999435 ) ) ;
#731 = CARTESIAN_POINT ( 'NONE',  ( -0.2982694521685158029, 0.07735910918588680130, 0.06000181326483916555 ) ) ;
#732 = PRESENTATION_LAYER_ASSIGNMENT (  '', '', ( #33 ) ) ;
#733 = PLANE ( 'NONE',  #2659 ) ;
#734 = CARTESIAN_POINT ( 'NONE',  ( 0.2348463936999999890, 0.2050409967000000333, 0.05999996820000000342 ) ) ;
#735 = CARTESIAN_POINT ( 'NONE',  ( -0.3156698899000000003, -0.01194465720000000009, 0.05711929249999999486 ) ) ;
#736 = MECHANICAL_DESIGN_GEOMETRIC_PRESENTATION_REPRESENTATION (  '', ( #684 ), #4960 ) ;
#737 = CARTESIAN_POINT ( 'NONE',  ( 0.08799954847368005040, -0.2958105620720310469, 0.06000105381499362678 ) ) ;
#738 = CARTESIAN_POINT ( 'NONE',  ( -0.3486473780000000078, -0.3287353858952264396, -0.05255000000000001337 ) ) ;
#739 = CARTESIAN_POINT ( 'NONE',  ( 0.3513526220000000033, -0.1283753858999999997, -9.999999999999999124E-05 ) ) ;
#740 = B_SPLINE_CURVE_WITH_KNOTS ( 'NONE', 3,
 ( #3683, #1220, #4164, #746, #2908, #3352 ),
 .UNSPECIFIED., .F., .F.,
 ( 4, 2, 4 ),
 ( 0.000000000000000000, 0.4999999999999990008, 1.000000000000000000 ),
 .UNSPECIFIED. ) ;
#741 = CARTESIAN_POINT ( 'NONE',  ( -0.3184673780000000232, -0.1283753858999999997, -9.999999999999999124E-05 ) ) ;
#742 =( LENGTH_UNIT ( ) NAMED_UNIT ( * ) SI_UNIT ( .CENTI., .METRE. ) );
#743 = CARTESIAN_POINT ( 'NONE',  ( -0.3015776734000000237, -0.1026543130999999914, 0.05118824680000000349 ) ) ;
#744 =( GEOMETRIC_REPRESENTATION_CONTEXT ( 3 ) GLOBAL_UNCERTAINTY_ASSIGNED_CONTEXT ( ( #4231 ) ) GLOBAL_UNIT_ASSIGNED_CONTEXT ( ( #1385, #1067, #5244 ) ) REPRESENTATION_CONTEXT ( 'NONE', 'WORKASPACE' ) );
#745 = CARTESIAN_POINT ( 'NONE',  ( -0.3436192069790671710, -0.1392034638908991040, -0.1051000000000000129 ) ) ;
#747 = ORIENTED_EDGE ( 'NONE', *, *, #3981, .T. ) ;
#746 = CARTESIAN_POINT ( 'NONE',  ( -0.2207282043308015640, -0.1972709197819435267, -0.1051000000000000129 ) ) ;
#748 = EDGE_CURVE ( 'NONE', #670, #4109, #4377, .T. ) ;
#749 = SURFACE_STYLE_FILL_AREA ( #5356 ) ;
#750 = ADVANCED_FACE ( 'NONE', ( #2065 ), #4549, .T. ) ;
#751 = CARTESIAN_POINT ( 'NONE',  ( 0.2424485124999999908, 0.2116755729999999780, 0.05000000000000000278 ) ) ;
#752 = ORIENTED_EDGE ( 'NONE', *, *, #4588, .F. ) ;
#753 = CARTESIAN_POINT ( 'NONE',  ( -0.3081757467999999833, -0.05069562440000000003, 0.05933362749999999269 ) ) ;
#754 = ORIENTED_EDGE ( 'NONE', *, *, #1261, .F. ) ;
#755 = EDGE_CURVE ( 'NONE', #36, #1874, #3247, .T. ) ;
#756 = STYLED_ITEM ( 'NONE', ( #4540 ), #1060 ) ;
#757 = ORIENTED_EDGE ( 'NONE', *, *, #3997, .T. ) ;
#758 = CARTESIAN_POINT ( 'NONE',  ( 0.2419103800999999887, -0.2086767020000000472, 0.05371144409999999841 ) ) ;
#759 = CARTESIAN_POINT ( 'NONE',  ( 0.05764922389999999758, 0.3101141406000000322, 0.05933362749999999269 ) ) ;
#760 = CARTESIAN_POINT ( 'NONE',  ( -0.3085894600999999904, -0.07745083530000000660, 0.05247108570000000305 ) ) ;
#761 = CARTESIAN_POINT ( 'NONE',  ( -0.2742550161000000264, -0.1457261263000000084, 0.05980818360000000194 ) ) ;
#762 = CARTESIAN_POINT ( 'NONE',  ( 0.3513526220000000033, 0.3112646142233334579, -0.1050499999987500044 ) ) ;
#763 =( LENGTH_UNIT ( ) NAMED_UNIT ( * ) SI_UNIT ( .CENTI., .METRE. ) );
#764 = CARTESIAN_POINT ( 'NONE',  ( -0.2464069628343874552, -0.1849853132786684340, 0.06000181326483916555 ) ) ;
#765 = CARTESIAN_POINT ( 'NONE',  ( 0.2758442674000000094, -0.1451309299999999913, 0.05999716119999999597 ) ) ;
#766 = CARTESIAN_POINT ( 'NONE',  ( -0.2792476040999999909, 0.1509180681000000246, 0.05614168759999999675 ) ) ;
#767 = CARTESIAN_POINT ( 'NONE',  ( 0.001352622000000000156, 0.3110755640870946359, 0.06000020349665982633 ) ) ;
#768 = CARTESIAN_POINT ( 'NONE',  ( 0.2743996589001982400, 0.1468897005166442116, 0.06000105381499362678 ) ) ;
#769 = UNCERTAINTY_MEASURE_WITH_UNIT (LENGTH_MEASURE( 1.000000000000000082E-05 ), #262, 'distance_accuracy_value', 'NONE');
#770 = SURFACE_STYLE_FILL_AREA ( #3263 ) ;
#771 = CARTESIAN_POINT ( 'NONE',  ( -0.3218171085214145966, 0.3356714709540941088, -0.000000000000000000 ) ) ;
#772 = CARTESIAN_POINT ( 'NONE',  ( -0.07186337800000000553, 0.3132432807999999680, 0.05118824680000000349 ) ) ;
#773 = DIRECTION ( 'NONE',  ( -8.470329472542813879E-18, -0.000000000000000000, -1.000000000000000000 ) ) ;
#774 = PRESENTATION_STYLE_ASSIGNMENT (( #852 ) ) ;
#775 = SURFACE_SIDE_STYLE ('',( #4557 ) ) ;
#776 = CARTESIAN_POINT ( 'NONE',  ( 0.3172086278999999842, -0.05175783889999999166, 0.05000000000000000278 ) ) ;
#777 = ORIENTED_EDGE ( 'NONE', *, *, #2418, .T. ) ;
#778 = EDGE_CURVE ( 'NONE', #3692, #2022, #4440, .T. ) ;
#779 = CARTESIAN_POINT ( 'NONE',  ( -0.3058509578118628891, -0.03728642338896510922, 0.06000067408997947910 ) ) ;
#780 = B_SPLINE_CURVE_WITH_KNOTS ( 'NONE', 3,
 ( #5075, #4758, #3439, #92, #32, #1783, #4304, #526, #118, #1809, #3469, #1721 ),
 .UNSPECIFIED., .F., .F.,
 ( 4, 2, 2, 2, 2, 4 ),
 ( 0.000000000000000000, 0.2499999999999985567, 0.4999999999999971134, 0.6249999999999977796, 0.7499999999999985567, 1.000000000000000000 ),
 .UNSPECIFIED. ) ;
#781 = ORIENTED_EDGE ( 'NONE', *, *, #5112, .T. ) ;
#782 = CARTESIAN_POINT ( 'NONE',  ( -0.1386473779999999878, -0.3487353858999999723, -0.1051000000000000267 ) ) ;
#783 = ORIENTED_EDGE ( 'NONE', *, *, #4019, .F. ) ;
#784 = CARTESIAN_POINT ( 'NONE',  ( 0.01465619499999999860, -0.3180211374999999951, 0.05371144409999999841 ) ) ;
#785 = CARTESIAN_POINT ( 'NONE',  ( 0.2982142249999999994, 0.1031017027000000058, 0.05933362749999999269 ) ) ;
#786 = EDGE_CURVE ( 'NONE', #978, #1054, #5181, .T. ) ;
#787 = CARTESIAN_POINT ( 'NONE',  ( -0.2967078829000000528, -0.1145807642999999987, 0.05247108570000000305 ) ) ;
#788 = CARTESIAN_POINT ( 'NONE',  ( -0.2339835804000000019, -0.2041197080999999913, 0.05980818360000000194 ) ) ;
#789 = FACE_OUTER_BOUND ( 'NONE', #1394, .T. ) ;
#790 = CARTESIAN_POINT ( 'NONE',  ( -0.1676405689554588407, -0.2584078502344366868, 0.06000181326483916555 ) ) ;
#791 = DIRECTION ( 'NONE',  ( 0.000000000000000000, -1.000000000000000000, 0.000000000000000000 ) ) ;
#792 = CARTESIAN_POINT ( 'NONE',  ( 0.2902120522999999674, 0.1135338664000000025, 0.05999996820000000342 ) ) ;
#793 = CARTESIAN_POINT ( 'NONE',  ( -0.1894555317999999933, 0.2556754858999999991, 0.05614168759999999675 ) ) ;
#794 = CARTESIAN_POINT ( 'NONE',  ( -0.3084583279954771218, 0.001264614099999999876, 0.06000020349665982633 ) ) ;
#795 = CARTESIAN_POINT ( 'NONE',  ( 0.05690670884895197845, 0.3060406190759809020, 0.06000105381499362678 ) ) ;
#796 = DIRECTION ( 'NONE',  ( 1.000000000000000000, 0.000000000000000000, 0.000000000000000000 ) ) ;
#797 = CARTESIAN_POINT ( 'NONE',  ( 0.001352621999999999072, 0.3248414310000001248, 0.02526482689999998144 ) ) ;
#798 = CARTESIAN_POINT ( 'NONE',  ( -0.3120327823000000333, 0.06730958449999999149, 0.05118824680000000349 ) ) ;
#799 = B_SPLINE_CURVE_WITH_KNOTS ( 'NONE', 3,
 ( #1383, #4748, #2631, #2231 ),
 .UNSPECIFIED., .F., .F.,
 ( 4, 4 ),
 ( 0.000000000000000000, 1.000000000000000000 ),
 .UNSPECIFIED. ) ;
#800 = CARTESIAN_POINT ( 'NONE',  ( -0.3386473781199999533, 0.3112646141699998981, -0.1050500000000000184 ) ) ;
#801 = PRESENTATION_STYLE_ASSIGNMENT (( #3268 ) ) ;
#803 = ORIENTED_EDGE ( 'NONE', *, *, #610, .F. ) ;
#802 = CARTESIAN_POINT ( 'NONE',  ( -0.1249097870843496327, 0.2195551134662076520, -0.1051000000000000267 ) ) ;
#804 = CARTESIAN_POINT ( 'NONE',  ( -0.2686473780799999433, 0.2312646142500000834, -0.1050500000000000184 ) ) ;
#805 = CARTESIAN_POINT ( 'NONE',  ( 0.1588142220000000326, 0.2805020840999999931, 0.05000000000000000278 ) ) ;
#806 = SURFACE_STYLE_FILL_AREA ( #1697 ) ;
#807 = ORIENTED_EDGE ( 'NONE', *, *, #4369, .T. ) ;
#808 = CARTESIAN_POINT ( 'NONE',  ( -0.1011383136674353783, -0.2911893926407587707, 0.06000105381493271023 ) ) ;
#809 = B_SPLINE_CURVE_WITH_KNOTS ( 'NONE', 3,
 ( #4012, #3587, #3532, #4770 ),
 .UNSPECIFIED., .F., .F.,
 ( 4, 4 ),
 ( 0.000000000000000000, 1.000000000000000000 ),
 .UNSPECIFIED. ) ;
#810 = ORIENTED_EDGE ( 'NONE', *, *, #1460, .T. ) ;
#811 = CARTESIAN_POINT ( 'NONE',  ( 0.3165036291000000723, 0.05416871960000001207, 0.05371144409999999841 ) ) ;
#812 = CARTESIAN_POINT ( 'NONE',  ( 0.1902522352999999888, -0.2506015369000000326, 0.05885548650000001214 ) ) ;
#813 = CARTESIAN_POINT ( 'NONE',  ( -0.1529545030000000194, 0.2749080369999999940, 0.05933362749999999269 ) ) ;
#814 = SURFACE_STYLE_USAGE ( .BOTH. , #5425 ) ;
#815 = SURFACE_SIDE_STYLE ('',( #1145 ) ) ;
#816 = COLOUR_RGB ( '',0.2980392156862745057, 0.2980392156862745057, 0.2980392156862745057 ) ;
#817 = CARTESIAN_POINT ( 'NONE',  ( -0.3039356288938170336, 0.05251306786952768951, 0.06000143353988593442 ) ) ;
#818 = CARTESIAN_POINT ( 'NONE',  ( 0.05720062859999999749, -0.3051238674999999789, 0.05999716119999999597 ) ) ;
#819 = CARTESIAN_POINT ( 'NONE',  ( -0.1211701644999999966, 0.2961886194000000194, 0.05495180240000000632 ) ) ;
#820 = CARTESIAN_POINT ( 'NONE',  ( -0.02527978082167925758, -0.3077456654538093805, 0.06000020349665982633 ) ) ;
#821 = CARTESIAN_POINT ( 'NONE',  ( 0.02795428083987175003, 0.3099181764490454571, 0.06000105381499362678 ) ) ;
#822 = CARTESIAN_POINT ( 'NONE',  ( 0.3413526221200000044, -0.2287353860499999891, -0.1050500000000000184 ) ) ;
#823 =( NAMED_UNIT ( * ) SI_UNIT ( $, .STERADIAN. ) SOLID_ANGLE_UNIT ( ) );
#824 = CARTESIAN_POINT ( 'NONE',  ( 0.02869015179999999735, -0.3159271063000000379, 0.05614168759999999675 ) ) ;
#825 = PRESENTATION_STYLE_ASSIGNMENT (( #4604 ) ) ;
#826 = PRESENTATION_STYLE_ASSIGNMENT (( #5038 ) ) ;
#827 = CARTESIAN_POINT ( 'NONE',  ( -0.3006135315999999835, -0.08875145410000000179, 0.05885548650000001214 ) ) ;
#828 = CARTESIAN_POINT ( 'NONE',  ( 0.3381604860830915715, 0.3361634643056694571, -0.1051000000000000545 ) ) ;
#829 = SURFACE_STYLE_FILL_AREA ( #4606 ) ;
#831 = VERTEX_POINT ( 'NONE', #2928 ) ;
#830 = CARTESIAN_POINT ( 'NONE',  ( -0.1520133554013548827, 0.2014624134115102772, -0.1051000000000000545 ) ) ;
#832 = CARTESIAN_POINT ( 'NONE',  ( 0.01468595540000000067, 0.3212646141000000122, 0.05118824680000000349 ) ) ;
#833 = CARTESIAN_POINT ( 'NONE',  ( -0.1386473779999999878, 0.3512646140999999833, -0.1051000000000000267 ) ) ;
#834 = ORIENTED_EDGE ( 'NONE', *, *, #4110, .T. ) ;
#835 = CARTESIAN_POINT ( 'NONE',  ( -0.2170439515875561554, 0.2218883409120164796, 0.06000067408997947910 ) ) ;
#836 = CARTESIAN_POINT ( 'NONE',  ( -0.1786473779986773869, -0.3487353859000000278, -0.0001000000030000006840 ) ) ;
#837 = ORIENTED_EDGE ( 'NONE', *, *, #786, .F. ) ;
#838 = CARTESIAN_POINT ( 'NONE',  ( 0.3165036291000000723, -0.05163949140000000104, 0.05371144409999999841 ) ) ;
#839 = CARTESIAN_POINT ( 'NONE',  ( 0.3137352509999999928, -0.03793634320000000004, 0.05885548650000001214 ) ) ;
#840 = CARTESIAN_POINT ( 'NONE',  ( 0.3413526220737135297, -0.1187353858866665723, -0.1050500000000000184 ) ) ;
#841 = COLOUR_RGB ( '',0.2980392156862745057, 0.2980392156862745057, 0.2980392156862745057 ) ;
#842 = CARTESIAN_POINT ( 'NONE',  ( -0.3015476874027093745, 0.06509988444847689126, 0.06000143353988593442 ) ) ;
#843 = FILL_AREA_STYLE ('',( #2596 ) ) ;
#844 = CARTESIAN_POINT ( 'NONE',  ( 0.001352622000000000156, -0.3098259173000000311, 0.05999716119999999597 ) ) ;
#845 = CARTESIAN_POINT ( 'NONE',  ( -0.02605164970000000552, 0.3192307281999999802, 0.05495180240000000632 ) ) ;
#846 = CARTESIAN_POINT ( 'NONE',  ( -0.2958919410999999999, -0.08734394859999999872, 0.05999996820000000342 ) ) ;
#847 = CARTESIAN_POINT ( 'NONE',  ( 0.2196365376474463948, 0.2217745340109679719, 0.06000105381499362678 ) ) ;
#848 = CARTESIAN_POINT ( 'NONE',  ( -0.3486473780000000078, -0.3220687192003421906, -0.0001000000000000000183 ) ) ;
#849 = CARTESIAN_POINT ( 'NONE',  ( 0.001352622000000000156, -0.3167489755999999823, 0.05614168759999999675 ) ) ;
#850 = CARTESIAN_POINT ( 'NONE',  ( -0.3134800667000000041, 0.01438264279999999957, 0.05885548650000001214 ) ) ;
#851 = EDGE_CURVE ( 'NONE', #4765, #390, #1760, .T. ) ;
#852 = SURFACE_STYLE_USAGE ( .BOTH. , #3351 ) ;
#854 = VERTEX_POINT ( 'NONE', #2906 ) ;
#853 = CARTESIAN_POINT ( 'NONE',  ( -0.03176247643128489451, 0.2512572699531295251, -0.1051000000000000545 ) ) ;
#855 = CARTESIAN_POINT ( 'NONE',  ( 0.3513526220000000033, -0.1287353859316266169, -4.999999999999858616E-05 ) ) ;
#856 = CARTESIAN_POINT ( 'NONE',  ( 0.3413526221200000044, -0.2287353860499999891, -0.1050500000000000184 ) ) ;
#857 = CARTESIAN_POINT ( 'NONE',  ( 0.3513526220000000033, -0.1320687192288888534, -0.1051000000000000267 ) ) ;
#858 = VERTEX_POINT ( 'NONE', #4187 ) ;
#859 = CARTESIAN_POINT ( 'NONE',  ( -0.1176431154429667808, 0.2876986766449016741, 0.06000067408997947910 ) ) ;
#860 = EDGE_CURVE ( 'NONE', #4701, #3063, #4639, .T. ) ;
#861 = CARTESIAN_POINT ( 'NONE',  ( 0.02176836910035290229, 0.3104901383095680090, 0.06000159538846557006 ) ) ;
#862 = ORIENTED_EDGE ( 'NONE', *, *, #1678, .F. ) ;
#863 = CARTESIAN_POINT ( 'NONE',  ( 0.1240659482000000119, -0.2941180380999999788, 0.05371144409999999841 ) ) ;
#864 = CARTESIAN_POINT ( 'NONE',  ( 0.2685395208999999950, -0.1693267482999999962, 0.05809689739999999991 ) ) ;
#865 = AXIS2_PLACEMENT_3D ( 'NONE', #4929, #773, #3212 ) ;
#866 = CARTESIAN_POINT ( 'NONE',  ( -0.2914423804977416266, 0.1017066729426525928, 0.06000143353988593442 ) ) ;
#867 = CARTESIAN_POINT ( 'NONE',  ( -0.1886473779117064931, 0.3512646140999999833, -5.000000124996760686E-05 ) ) ;
#868 = CARTESIAN_POINT ( 'NONE',  ( 0.001352622000000000156, -0.3110907091999999818, 0.05980818360000000194 ) ) ;
#869 = CARTESIAN_POINT ( 'NONE',  ( -0.07186337800000000553, -0.3107140526000000680, 0.05000000000000000278 ) ) ;
#870 = CARTESIAN_POINT ( 'NONE',  ( -0.1383418678999999984, 0.2878174139999999936, 0.05495180240000000632 ) ) ;
#871 = CARTESIAN_POINT ( 'NONE',  ( -0.2829877943000000395, 0.1251609126000000072, 0.05999996820000000342 ) ) ;
#872 = CARTESIAN_POINT ( 'NONE',  ( 0.1537031265305854044, -0.2689089994686117424, 0.06000067408997947910 ) ) ;
#873 = CARTESIAN_POINT ( 'NONE',  ( 0.3280192886400066787, 0.3512646140999999833, -9.999999999999999124E-05 ) ) ;
#874 = CARTESIAN_POINT ( 'NONE',  ( 0.2249757451000000130, 0.2271681893000000174, 0.05711929249999999486 ) ) ;
#875 = B_SPLINE_CURVE_WITH_KNOTS ( 'NONE', 3,
 ( #2069, #5438, #5042, #2522 ),
 .UNSPECIFIED., .F., .F.,
 ( 4, 4 ),
 ( 0.000000000000000000, 1.000000000000000000 ),
 .UNSPECIFIED. ) ;
#876 = MECHANICAL_DESIGN_GEOMETRIC_PRESENTATION_REPRESENTATION (  '', ( #2229 ), #4670 ) ;
#877 = CARTESIAN_POINT ( 'NONE',  ( -0.2669611079631731831, 0.1562914143116797827, 0.06000158890476785245 ) ) ;
#878 = CARTESIAN_POINT ( 'NONE',  ( -0.08713617950000000778, 0.3046547910000000359, 0.05809689739999999991 ) ) ;
#879 = VERTEX_POINT ( 'NONE', #97 ) ;
#880 = CARTESIAN_POINT ( 'NONE',  ( 0.2491122068727793237, 0.1875145414323552973, 0.06000181326502192908 ) ) ;
#882 = VERTEX_POINT ( 'NONE', #836 ) ;
#881 = CARTESIAN_POINT ( 'NONE',  ( 0.001352622000000000156, -0.3084473707741892112, 0.06000043879331965618 ) ) ;
#883 = DIRECTION ( 'NONE',  ( 0.000000000000000000, 0.000000000000000000, 1.000000000000000000 ) ) ;
#884 = CARTESIAN_POINT ( 'NONE',  ( 0.3213598814041158658, -0.1666552643355082020, 0.000000000000000000 ) ) ;
#885 =( LENGTH_UNIT ( ) NAMED_UNIT ( * ) SI_UNIT ( .CENTI., .METRE. ) );
#886 = ORIENTED_EDGE ( 'NONE', *, *, #610, .T. ) ;
#887 = CARTESIAN_POINT ( 'NONE',  ( -0.08533902352125387336, -0.2959638848869032279, 0.06000067408997947910 ) ) ;
#888 = CARTESIAN_POINT ( 'NONE',  ( 0.08182294657514517511, 0.3005220371911663246, 0.06000159955540736861 ) ) ;
#889 = ORIENTED_EDGE ( 'NONE', *, *, #1095, .T. ) ;
#890 = CARTESIAN_POINT ( 'NONE',  ( 0.2717100029999999777, 0.1738802406999999939, 0.05247108570000000305 ) ) ;
#891 = CARTESIAN_POINT ( 'NONE',  ( 0.1223544713999999978, 0.2925275788000000210, 0.05885548650000001214 ) ) ;
#892 = CARTESIAN_POINT ( 'NONE',  ( 0.3113526220966667535, -0.3487353859000000278, -0.1050499999987500044 ) ) ;
#893 = CARTESIAN_POINT ( 'NONE',  ( -0.2984242492169087990, -0.07486919451769208367, 0.06000143353988593442 ) ) ;
#894 = CARTESIAN_POINT ( 'NONE',  ( -0.1819807113039021707, 0.3512646140999999833, -9.999999999999999124E-05 ) ) ;
#895 = CARTESIAN_POINT ( 'NONE',  ( 0.3060127220000000148, -0.06294152629999999471, 0.05999716119999999597 ) ) ;
#896 = B_SPLINE_CURVE_WITH_KNOTS ( 'NONE', 3,
 ( #1306, #4241, #34, #4635 ),
 .UNSPECIFIED., .F., .F.,
 ( 4, 4 ),
 ( 0.000000000000000000, 1.000000000000000000 ),
 .UNSPECIFIED. ) ;
#897 = CARTESIAN_POINT ( 'NONE',  ( -0.3158296099000000301, 0.02776534540000000217, 0.05614168759999999675 ) ) ;
#898 = CARTESIAN_POINT ( 'NONE',  ( -0.2606588747999999955, -0.1660223987999999984, 0.05999996820000000342 ) ) ;
#899 = MECHANICAL_DESIGN_GEOMETRIC_PRESENTATION_REPRESENTATION (  '', ( #1798 ), #3904 ) ;
#900 = CARTESIAN_POINT ( 'NONE',  ( 0.2854206387763885133, 0.1250422192746188377, 0.06000067408997947910 ) ) ;
#901 = CARTESIAN_POINT ( 'NONE',  ( 0.5212088767601863459, -0.06197451158946195443, 5.834680458879357704E-16 ) ) ;
#902 = CARTESIAN_POINT ( 'NONE',  ( 0.2409663359512567160, 0.2424298684698674711, 4.947954361189391479E-05 ) ) ;
#903 = CARTESIAN_POINT ( 'NONE',  ( 0.09011892540000000784, -0.3030769973999999922, 0.05711929249999999486 ) ) ;
#904 = CARTESIAN_POINT ( 'NONE',  ( 0.2931281094000000031, -0.1258713847999999857, 0.05614168759999999675 ) ) ;
#905 = CARTESIAN_POINT ( 'NONE',  ( -0.2766109334414927901, 0.1382619713430069119, 0.06000159341259782286 ) ) ;
#906 = CARTESIAN_POINT ( 'NONE',  ( -0.1541561757000000088, 0.2770390457999999945, 0.05809689739999999991 ) ) ;
#907 = ORIENTED_EDGE ( 'NONE', *, *, #221, .F. ) ;
#908 = CARTESIAN_POINT ( 'NONE',  ( 0.2033200941736906242, 0.2362063674339449915, 0.06000181326502192908 ) ) ;
#910 = VERTEX_POINT ( 'NONE', #1787 ) ;
#909 = CARTESIAN_POINT ( 'NONE',  ( -0.1786473779999999956, -0.3487353858999999723, -0.05255000000000001337 ) ) ;
#911 = CARTESIAN_POINT ( 'NONE',  ( 0.2313526221499999647, 0.3412646142200000954, -0.1050500000000000184 ) ) ;
#912 = CARTESIAN_POINT ( 'NONE',  ( 0.3213526219295664843, -0.3487353859000000278, -4.999999999999999562E-05 ) ) ;
#913 =( LENGTH_UNIT ( ) NAMED_UNIT ( * ) SI_UNIT ( .CENTI., .METRE. ) );
#914 = CARTESIAN_POINT ( 'NONE',  ( 0.2713526220799999944, -0.2287353860499999891, -0.1050500000000000184 ) ) ;
#915 = ORIENTED_EDGE ( 'NONE', *, *, #4246, .F. ) ;
#916 = CARTESIAN_POINT ( 'NONE',  ( -0.2171137601583707777, 0.2219588613746776573, 0.06000043879331965618 ) ) ;
#917 = EDGE_CURVE ( 'NONE', #2022, #3692, #1084, .T. ) ;
#918 = CARTESIAN_POINT ( 'NONE',  ( 0.001352622000000000156, 0.3109765989741892778, 0.06000043879331965618 ) ) ;
#919 = STYLED_ITEM ( 'NONE', ( #1916 ), #582 ) ;
#920 = ORIENTED_EDGE ( 'NONE', *, *, #3303, .F. ) ;
#921 = CARTESIAN_POINT ( 'NONE',  ( 0.07451863229999999838, -0.3105010427000000628, 0.05247108570000000305 ) ) ;
#922 = CARTESIAN_POINT ( 'NONE',  ( 0.3096775265999999749, 0.06624310040000000455, 0.05885548650000001214 ) ) ;
#923 = CARTESIAN_POINT ( 'NONE',  ( 0.3513526220000000033, -0.3187353858529000661, -5.000000124998981945E-05 ) ) ;
#924 = COLOUR_RGB ( '',0.2980392156862745057, 0.2980392156862745057, 0.2980392156862745057 ) ;
#925 = CARTESIAN_POINT ( 'NONE',  ( -0.2601378125175000666, 0.1682189434736764966, 0.06000143353988593442 ) ) ;
#926 = SURFACE_STYLE_USAGE ( .BOTH. , #5088 ) ;
#927 = CARTESIAN_POINT ( 'NONE',  ( 0.2045984359000000141, 0.2376934179999999897, 0.05999716119999999597 ) ) ;
#928 = CARTESIAN_POINT ( 'NONE',  ( -0.2541459792999999912, 0.1933322429999999870, 0.05495180240000000632 ) ) ;
#929 = CARTESIAN_POINT ( 'NONE',  ( -0.03994258130000000184, 0.3096021320000000299, 0.05999716119999999597 ) ) ;
#930 = CARTESIAN_POINT ( 'NONE',  ( 0.07456862200000000107, -0.3107140526000000680, 0.05000000000000003053 ) ) ;
#931 = CARTESIAN_POINT ( 'NONE',  ( 0.2494962151904988046, -0.1852739863567826051, 0.06000067408997947910 ) ) ;
#932 = UNCERTAINTY_MEASURE_WITH_UNIT (LENGTH_MEASURE( 1.000000000000000082E-05 ), #461, 'distance_accuracy_value', 'NONE');
#933 = STYLED_ITEM ( 'NONE', ( #3106 ), #181 ) ;
#934 = CARTESIAN_POINT ( 'NONE',  ( 0.2242766531000000285, 0.2264619682000000023, 0.05809689739999999991 ) ) ;
#935 = CARTESIAN_POINT ( 'NONE',  ( 0.2878216110999999855, 0.1399141376000000159, 0.05614168759999999675 ) ) ;
#936 = CARTESIAN_POINT ( 'NONE',  ( -0.1361022006299797971, -0.2764675993700633216, 0.06000159546062715232 ) ) ;
#937 = CARTESIAN_POINT ( 'NONE',  ( -0.2932125261000000371, 0.1157514733000000046, 0.05809689739999999991 ) ) ;
#938 = CARTESIAN_POINT ( 'NONE',  ( 0.3080807967322956031, 0.03975599290676713055, 0.06000181326502192908 ) ) ;
#940 = EDGE_LOOP ( 'NONE', ( #1254, #1645, #4613, #4307 ) ) ;
#939 = CARTESIAN_POINT ( 'NONE',  ( 0.3113526220700000846, 0.3445979475133332803, -0.1051000000000000267 ) ) ;
#941 =( LENGTH_UNIT ( ) NAMED_UNIT ( * ) SI_UNIT ( .CENTI., .METRE. ) );
#942 = CARTESIAN_POINT ( 'NONE',  ( -0.3286473779990453092, 0.3512646140999999833, -0.1051000000000000267 ) ) ;
#943 =( NAMED_UNIT ( * ) SI_UNIT ( $, .STERADIAN. ) SOLID_ANGLE_UNIT ( ) );
#944 = CARTESIAN_POINT ( 'NONE',  ( 0.2409663359512567160, 0.2424298684698674711, 4.947954361189391479E-05 ) ) ;
#945 = VERTEX_POINT ( 'NONE', #1367 ) ;
#946 = CARTESIAN_POINT ( 'NONE',  ( -0.1679565963394233918, -0.2588934532257426979, 0.06000043879331965618 ) ) ;
#947 = CARTESIAN_POINT ( 'NONE',  ( 0.2698947282309387408, 0.1559283108010534324, 0.06000158910306921389 ) ) ;
#948 = CARTESIAN_POINT ( 'NONE',  ( 0.1039292313955580971, 0.2939630872431470698, 0.06000043879331965618 ) ) ;
#949 = ORIENTED_EDGE ( 'NONE', *, *, #4117, .T. ) ;
#950 = CARTESIAN_POINT ( 'NONE',  ( 0.2102765440999999902, 0.2442985642999999929, 0.05247108570000000305 ) ) ;
#951 = CARTESIAN_POINT ( 'NONE',  ( 0.1228151936999999916, -0.2911073527999999966, 0.05809689739999999991 ) ) ;
#952 = CARTESIAN_POINT ( 'NONE',  ( -0.3369316492000000163, -0.3287353859000000655, -0.1050999999999999851 ) ) ;
#953 = CARTESIAN_POINT ( 'NONE',  ( -0.2870812163995372646, -0.1108392260268323964, 0.06000105381493271023 ) ) ;
#954 = CARTESIAN_POINT ( 'NONE',  ( 0.001352621999999999072, -0.3223122028000000583, 0.02526482689999998144 ) ) ;
#955 = CARTESIAN_POINT ( 'NONE',  ( 0.1550525249999999966, -0.2713019802999999674, 0.05980818360000000194 ) ) ;
#956 = CARTESIAN_POINT ( 'NONE',  ( -0.2922453844000000300, -0.1266655151999999951, 0.05000000000000000278 ) ) ;
#957 = CARTESIAN_POINT ( 'NONE',  ( -0.2541459792999999912, -0.1908030146999999954, 0.05495180240000000632 ) ) ;
#958 = CARTESIAN_POINT ( 'NONE',  ( -0.01156029109999999992, -0.3086453009999999830, 0.05999996820000000342 ) ) ;
#959 =( NAMED_UNIT ( * ) PLANE_ANGLE_UNIT ( ) SI_UNIT ( $, .RADIAN. ) );
#960 = CARTESIAN_POINT ( 'NONE',  ( 0.1203483595429667569, 0.2876986766449016741, 0.06000067408997947910 ) ) ;
#961 = SURFACE_STYLE_USAGE ( .BOTH. , #3795 ) ;
#962 = CARTESIAN_POINT ( 'NONE',  ( 0.2409663359512567160, 0.2424298684698674711, 4.947954361189391479E-05 ) ) ;
#963 = CARTESIAN_POINT ( 'NONE',  ( 0.01456189340000000124, -0.3157578978999999730, 0.05711929249999999486 ) ) ;
#964 = CARTESIAN_POINT ( 'NONE',  ( 0.1926266160000000005, -0.2537673777999999714, 0.05495180240000000632 ) ) ;
#965 = CARTESIAN_POINT ( 'NONE',  ( -0.2671894841609600002, -0.1533990827111291755, 0.06000158910263385381 ) ) ;
#966 = CARTESIAN_POINT ( 'NONE',  ( -0.3049547680999999955, -0.07652773890000001689, 0.05809689739999999991 ) ) ;
#967 = CARTESIAN_POINT ( 'NONE',  ( 0.3096783637615397322, 0.02702538128419494298, 0.06000181326502192908 ) ) ;
#968 = SURFACE_STYLE_FILL_AREA ( #4756 ) ;
#969 = FACE_OUTER_BOUND ( 'NONE', #5441, .T. ) ;
#970 = CARTESIAN_POINT ( 'NONE',  ( -0.3386473780700374747, -0.08873538605000004520, -0.1050500000000000184 ) ) ;
#971 = CARTESIAN_POINT ( 'NONE',  ( -0.2467451121149221716, -0.1283613646250008622, -0.1051000000000000545 ) ) ;
#972 =( NAMED_UNIT ( * ) PLANE_ANGLE_UNIT ( ) SI_UNIT ( $, .RADIAN. ) );
#973 = ORIENTED_EDGE ( 'NONE', *, *, #1906, .F. ) ;
#974 = CARTESIAN_POINT ( 'NONE',  ( -0.1012239872955580655, 0.2939630872431470698, 0.06000043879331965618 ) ) ;
#975 = PRESENTATION_STYLE_ASSIGNMENT (( #2342 ) ) ;
#976 = CARTESIAN_POINT ( 'NONE',  ( 0.1537518240537236180, 0.2715245862956428557, 0.06000043879331965618 ) ) ;
#977 = DIRECTION ( 'NONE',  ( 0.000000000000000000, 0.000000000000000000, 1.000000000000000000 ) ) ;
#978 = VERTEX_POINT ( 'NONE', #1754 ) ;
#979 = CARTESIAN_POINT ( 'NONE',  ( 0.2835127808999999832, 0.1517500322000000235, 0.05247108570000000305 ) ) ;
#980 = CARTESIAN_POINT ( 'NONE',  ( 0.2959177702000000409, -0.1132222450999999935, 0.05809689739999999991 ) ) ;
#981 = MECHANICAL_DESIGN_GEOMETRIC_PRESENTATION_REPRESENTATION (  '', ( #1424 ), #708 ) ;
#982 = CARTESIAN_POINT ( 'NONE',  ( -0.3040932718772469401, 0.05253953126271003471, 0.06000105381493271023 ) ) ;
#983 = CARTESIAN_POINT ( 'NONE',  ( 0.3313526219946666407, 0.3512646140999999833, -0.1051000000000000267 ) ) ;
#984 = CARTESIAN_POINT ( 'NONE',  ( 0.2879366851999999866, -0.1236093137000000008, 0.05980818360000000194 ) ) ;
#985 = COLOUR_RGB ( '',0.7921568627450980005, 0.8196078431372548767, 0.9333333333333333481 ) ;
#986 = CARTESIAN_POINT ( 'NONE',  ( -0.2691894771000000186, -0.1714689499000000006, 0.05000000000000000278 ) ) ;
#987 = CARTESIAN_POINT ( 'NONE',  ( -0.2545433143999999981, 0.1936309341999999933, 0.05371144409999999841 ) ) ;
#988 = CARTESIAN_POINT ( 'NONE',  ( -0.2840710024000000500, -0.1231036730999999912, 0.05999716119999999597 ) ) ;
#989 = CARTESIAN_POINT ( 'NONE',  ( 0.3357594788539995934, 0.3244343446216432780, -0.000000000000000000 ) ) ;
#990 = CARTESIAN_POINT ( 'NONE',  ( 0.001352622000000000156, 0.3108776338612838641, 0.06000067408997947910 ) ) ;
#991 = CARTESIAN_POINT ( 'NONE',  ( -0.1742405984750000358, -0.2168340353337984694, -0.1050500000000000184 ) ) ;
#992 = UNCERTAINTY_MEASURE_WITH_UNIT (LENGTH_MEASURE( 1.000000000000000082E-05 ), #4802, 'distance_accuracy_value', 'NONE');
#993 = CARTESIAN_POINT ( 'NONE',  ( 0.3048087010881153636, 0.2448513943161817474, 0.000000000000000000 ) ) ;
#994 = CARTESIAN_POINT ( 'NONE',  ( 0.3183751340000000041, 0.001264614099999999876, 0.05711929249999999486 ) ) ;
#995 = CARTESIAN_POINT ( 'NONE',  ( -0.2666721776000000044, 0.1723909527999999969, 0.05711929249999999486 ) ) ;
#996 = CARTESIAN_POINT ( 'NONE',  ( 0.3009746960282804196, 0.07735910916696508988, 0.06000181326502192908 ) ) ;
#997 = CARTESIAN_POINT ( 'NONE',  ( 0.001352622000000000156, -0.3147668200999999555, 0.05809689739999999991 ) ) ;
#998 = PLANE ( 'NONE',  #2502 ) ;
#999 = CARTESIAN_POINT ( 'NONE',  ( -0.3219807113003421706, -0.3487353859000000278, -9.999999999999999124E-05 ) ) ;
#1000 = CARTESIAN_POINT ( 'NONE',  ( -0.1403631064350227553, -0.3245986151703140199, 0.000000000000000000 ) ) ;
#1001 = CARTESIAN_POINT ( 'NONE',  ( -0.3221853575999996666, 0.1266753866000000506, 0.1986277554999998363 ) ) ;
#1002 = ORIENTED_EDGE ( 'NONE', *, *, #1607, .T. ) ;
#1003 = CARTESIAN_POINT ( 'NONE',  ( -0.3075497073088960254, 0.02707355546459356416, 0.06000043879331965618 ) ) ;
#1004 = CARTESIAN_POINT ( 'NONE',  ( -0.2126185787999999854, -0.08873538590000000503, -0.1051000000000000267 ) ) ;
#1005 = CARTESIAN_POINT ( 'NONE',  ( 0.05697091385083148662, -0.3038636267267224023, 0.06000020349665982633 ) ) ;
#1006 = CARTESIAN_POINT ( 'NONE',  ( 0.1071000629999999954, 0.3030109351000000451, 0.05371144409999999841 ) ) ;
#1007 = LINE ( 'NONE', #1423, #4967 ) ;
#1008 = B_SPLINE_CURVE_WITH_KNOTS ( 'NONE', 3,
 ( #4680, #5062, #3050, #1295 ),
 .UNSPECIFIED., .F., .F.,
 ( 4, 4 ),
 ( 0.000000000000000000, 1.000000000000000000 ),
 .UNSPECIFIED. ) ;
#1009 = CARTESIAN_POINT ( 'NONE',  ( 0.001352621999999998638, -0.3390197645066836962, -0.0003451504145698639663 ) ) ;
#1010 = CARTESIAN_POINT ( 'NONE',  ( 0.2982142249999999994, -0.1005724744000000281, 0.05933362749999999269 ) ) ;
#1011 = CARTESIAN_POINT ( 'NONE',  ( -0.3137983850000000130, 0.05416871960000001207, 0.05371144409999999841 ) ) ;
#1012 = CARTESIAN_POINT ( 'NONE',  ( -0.2788800249999999759, -0.1343665518000000114, 0.05999716119999999597 ) ) ;
#1013 = CARTESIAN_POINT ( 'NONE',  ( -0.3486473780000000078, -0.3187353858529000661, -4.999999999999999562E-05 ) ) ;
#1014 = CARTESIAN_POINT ( 'NONE',  ( -0.3286473780000003786, -0.3370196571000003138, -9.999999999999999124E-05 ) ) ;
#1015 = CARTESIAN_POINT ( 'NONE',  ( 0.3159080327999999604, 0.04073823430000000911, 0.05711929249999999486 ) ) ;
#1016 = EDGE_CURVE ( 'NONE', #1993, #2130, #5113, .T. ) ;
#1017 = CARTESIAN_POINT ( 'NONE',  ( -0.1036452338999999945, 0.3008720228000000274, 0.05711929249999999486 ) ) ;
#1018 = CARTESIAN_POINT ( 'NONE',  ( 0.08795482932610622362, 0.2981864674049559127, 0.06000143354000778140 ) ) ;
#1019 = DIRECTION ( 'NONE',  ( 0.000000000000000000, 0.000000000000000000, 1.000000000000000000 ) ) ;
#1020 = CARTESIAN_POINT ( 'NONE',  ( 0.001352621950000000139, 0.3212646141000000122, 0.05000000000000000278 ) ) ;
#1021 = STYLED_ITEM ( 'NONE', ( #2838 ), #5298 ) ;
#1022 =( BOUNDED_CURVE ( )  B_SPLINE_CURVE ( 3, ( #580, #1333, #5200, #4236, #1747, #2669, #4357 ),
 .UNSPECIFIED., .F., .T. ) 
 B_SPLINE_CURVE_WITH_KNOTS ( ( 4, 3, 4 ),
 ( 0.000000000000000000, 0.5000000000000000000, 1.000000000000000000 ),
 .UNSPECIFIED. ) 
 CURVE ( )  GEOMETRIC_REPRESENTATION_ITEM ( )  RATIONAL_B_SPLINE_CURVE ( ( 1.000000000000000000, 0.8047378540760219412, 0.8047378540760219412, 1.000000000000000000, 0.8047378540760219412, 0.8047378540760219412, 1.000000000000000000 ) ) 
 REPRESENTATION_ITEM ( '' )  );
#1023 = CARTESIAN_POINT ( 'NONE',  ( 0.001352622100000000624, 0.08753452139999998161, 0.3260427481000001126 ) ) ;
#1024 = PRESENTATION_STYLE_ASSIGNMENT (( #2214 ) ) ;
#1025 = EDGE_CURVE ( 'NONE', #1280, #4761, #3184, .T. ) ;
#1026 = CARTESIAN_POINT ( 'NONE',  ( -0.2171137601583707777, -0.2194296331746776463, 0.06000043879331965618 ) ) ;
#1027 = CARTESIAN_POINT ( 'NONE',  ( -0.3253140446477843506, 0.3512646140999999833, -9.999999999999999124E-05 ) ) ;
#1028 = CARTESIAN_POINT ( 'NONE',  ( 0.2346972681926849658, 0.2049108508231297365, 0.06000043879331965618 ) ) ;
#1029 = PRESENTATION_LAYER_ASSIGNMENT (  '', '', ( #2860 ) ) ;
#1030 = CARTESIAN_POINT ( 'NONE',  ( 0.3188623496999999918, -0.03857974389999999781, 0.05118824680000000349 ) ) ;
#1031 = CARTESIAN_POINT ( 'NONE',  ( -0.1286473780316265692, 0.3512646140999998723, -4.999999999999999562E-05 ) ) ;
#1032 = EDGE_CURVE ( 'NONE', #2828, #4362, #3329, .T. ) ;
#1033 = CARTESIAN_POINT ( 'NONE',  ( 0.6817317935755785596, -0.3389249716377891186, -0.0002301002763799096904 ) ) ;
#1034 = CARTESIAN_POINT ( 'NONE',  ( 0.3128913795000000109, 0.02729383030000000210, 0.05980818360000000194 ) ) ;
#1035 = CARTESIAN_POINT ( 'NONE',  ( -0.2862623398999999957, 0.1404687825999999806, 0.05371144409999999841 ) ) ;
#1036 = CARTESIAN_POINT ( 'NONE',  ( -0.2886072317000000220, -0.1114323331000000167, 0.05999716119999999597 ) ) ;
#1037 = SURFACE_STYLE_USAGE ( .BOTH. , #1430 ) ;
#1038 = CARTESIAN_POINT ( 'NONE',  ( -0.2286473781500000801, -0.2920687193266666704, -0.1051000000000000267 ) ) ;
#1039 =( NAMED_UNIT ( * ) PLANE_ANGLE_UNIT ( ) SI_UNIT ( $, .RADIAN. ) );
#1040 =( NAMED_UNIT ( * ) PLANE_ANGLE_UNIT ( ) SI_UNIT ( $, .RADIAN. ) );
#1041 = CARTESIAN_POINT ( 'NONE',  ( 0.2901198093452641569, 0.1134980148925563287, 0.06000020349665982633 ) ) ;
#1042 = MECHANICAL_DESIGN_GEOMETRIC_PRESENTATION_REPRESENTATION (  '', ( #2874 ), #1823 ) ;
#1043 = CARTESIAN_POINT ( 'NONE',  ( -0.01181535440000000027, -0.3147668200999999555, 0.05809689739999999991 ) ) ;
#1044 = CARTESIAN_POINT ( 'NONE',  ( 0.3106462192167724345, 0.01415184725992219006, 0.06000143354000778140 ) ) ;
#1045 = EDGE_CURVE ( 'NONE', #68, #1454, #1450, .T. ) ;
#1046 = FACE_OUTER_BOUND ( 'NONE', #2049, .T. ) ;
#1047 = DIRECTION ( 'NONE',  ( 0.000000000000000000, -1.000000000000000000, 0.000000000000000000 ) ) ;
#1048 = CARTESIAN_POINT ( 'NONE',  ( 0.3513526219999999478, 0.3312646140961811869, -0.0001000000029999979735 ) ) ;
#1049 = CARTESIAN_POINT ( 'NONE',  ( -0.3060473477372876450, -0.03731106839632170047, 0.06000020349665982633 ) ) ;
#1050 = CARTESIAN_POINT ( 'NONE',  ( 0.001352622035918781126, -0.2737625403708018879, 0.1658900229050447039 ) ) ;
#1051 = CARTESIAN_POINT ( 'NONE',  ( -0.3178108272999999873, 0.02793087699999999979, 0.05000000000000000278 ) ) ;
#1052 = SURFACE_STYLE_USAGE ( .BOTH. , #4879 ) ;
#1053 = CARTESIAN_POINT ( 'NONE',  ( 0.2949506284999999783, 0.1291947435000000421, 0.05118824680000000349 ) ) ;
#1054 = VERTEX_POINT ( 'NONE', #3094 ) ;
#1055 = VECTOR ( 'NONE', #2490, 100.0000000000000000 ) ;
#1056 = VERTEX_POINT ( 'NONE', #5229 ) ;
#1057 = CARTESIAN_POINT ( 'NONE',  ( -0.1737877705514509208, 0.3250602866190887008, -0.000000000000000000 ) ) ;
#1058 = CARTESIAN_POINT ( 'NONE',  ( 0.2096287487999999866, -0.2410157782000000026, 0.05495180240000000632 ) ) ;
#1059 = CARTESIAN_POINT ( 'NONE',  ( 0.02830982860000000323, -0.3115142955999999907, 0.05933362749999999269 ) ) ;
#1060 = ADVANCED_BREP_SHAPE_REPRESENTATION ( 'LZ4_00UBH0_20220928_geometry', ( #1842, #3452 ), #662 ) ;
#1061 = CARTESIAN_POINT ( 'NONE',  ( -0.2243707782000000095, 0.2292898845999999935, 0.05000000000000000278 ) ) ;
#1062 = CARTESIAN_POINT ( 'NONE',  ( -0.1729192391000000106, -0.2665189774000000233, 0.05495180240000000632 ) ) ;
#1063 = CARTESIAN_POINT ( 'NONE',  ( -0.3057092927000000238, 0.05281081129999999624, 0.05999716119999999597 ) ) ;
#1064 = CARTESIAN_POINT ( 'NONE',  ( 0.3205160714000000466, -0.02540164879999999917, 0.05000000000000003053 ) ) ;
#1065 = CARTESIAN_POINT ( 'NONE',  ( 0.001352622000000000156, 0.3182871261000000396, 0.05711929249999999486 ) ) ;
#1066 = DIRECTION ( 'NONE',  ( 0.000000000000000000, 0.000000000000000000, 1.000000000000000000 ) ) ;
#1067 =( NAMED_UNIT ( * ) PLANE_ANGLE_UNIT ( ) SI_UNIT ( $, .RADIAN. ) );
#1068 = CARTESIAN_POINT ( 'NONE',  ( 0.2747152249385955702, -0.1445287740856137926, 0.06000020349665982633 ) ) ;
#1069 = CARTESIAN_POINT ( 'NONE',  ( -0.3146788121999999910, 0.01443259049999999835, 0.05809689739999999991 ) ) ;
#1070 = CARTESIAN_POINT ( 'NONE',  ( 0.2941476245492288810, -0.09917744477821351101, 0.06000143354000778140 ) ) ;
#1071 = PRESENTATION_STYLE_ASSIGNMENT (( #556 ) ) ;
#1072 = B_SPLINE_CURVE_WITH_KNOTS ( 'NONE', 3,
 ( #4050, #1125, #3112, #4806 ),
 .UNSPECIFIED., .F., .F.,
 ( 4, 4 ),
 ( 0.000000000000000000, 1.000000000000000000 ),
 .UNSPECIFIED. ) ;
#1073 = CARTESIAN_POINT ( 'NONE',  ( 0.001352621999999999939, -0.2744800230000003505, 0.2157216350999998922 ) ) ;
#1074 = CARTESIAN_POINT ( 'NONE',  ( -0.05426566975083149669, 0.3063928549183398964, 0.06000020349665982633 ) ) ;
#1075 = CARTESIAN_POINT ( 'NONE',  ( -0.1286473780316265692, 0.3512646140999998723, -4.999999999999999562E-05 ) ) ;
#1076 = CARTESIAN_POINT ( 'NONE',  ( -0.3145033837999999804, -0.05175783889999999166, 0.05000000000000000278 ) ) ;
#1077 = STYLED_ITEM ( 'NONE', ( #3879 ), #3699 ) ;
#1078 =( NAMED_UNIT ( * ) PLANE_ANGLE_UNIT ( ) SI_UNIT ( $, .RADIAN. ) );
#1079 = CARTESIAN_POINT ( 'NONE',  ( 0.2270760223000000133, -0.2267606564000000380, 0.05118824680000000349 ) ) ;
#1080 = ORIENTED_EDGE ( 'NONE', *, *, #2889, .T. ) ;
#1081 = EDGE_CURVE ( 'NONE', #1334, #3033, #1358, .T. ) ;
#1082 = CARTESIAN_POINT ( 'NONE',  ( -0.3025878201000000156, -0.07592660930000000308, 0.05933362749999999269 ) ) ;
#1083 = VERTEX_POINT ( 'NONE', #4763 ) ;
#1084 = B_SPLINE_CURVE_WITH_KNOTS ( 'NONE', 3,
 ( #475, #861, #4218, #888, #2589, #3808, #1340, #3417, #2996, #3030, #5081, #947, #2504, #5048, #1309, #2967, #2617, #4195, #38, #2189, #1726, #2531, #531, #4698, #2559, #3358, #3388, #4277, #3444, #4245, #3842, #71, #2102, #4732 ),
 .UNSPECIFIED., .F., .F.,
 ( 4, 2, 2, 2, 2, 2, 2, 2, 2, 2, 2, 2, 2, 2, 2, 2, 4 ),
 ( 1.694065894508600678E-21, 0.0006121664318369343010, 0.001224332863673868385, 0.001836499295510802361, 0.002448665727347736337, 0.003060832159184670529, 0.003672998591021604722, 0.004285165022858539348, 0.004897331454695473540, 0.005509497886532407733, 0.006121664318369341926, 0.006733830750206276118, 0.007345997182043210311, 0.007958163613880145371, 0.008570330045717080431, 0.009182496477554013756, 0.009794662909390947081 ),
 .UNSPECIFIED. ) ;
#1085 = FACE_OUTER_BOUND ( 'NONE', #150, .T. ) ;
#1086 = CARTESIAN_POINT ( 'NONE',  ( 0.3135530279000000031, 0.06705984990000000978, 0.05495180240000000632 ) ) ;
#1087 = CARTESIAN_POINT ( 'NONE',  ( 0.2654315747000000059, 0.1698716398000000016, 0.05980818360000000194 ) ) ;
#1088 = CARTESIAN_POINT ( 'NONE',  ( -0.2862623398999999957, -0.1379395543999999973, 0.05371144409999999841 ) ) ;
#1089 = CARTESIAN_POINT ( 'NONE',  ( -0.05449538450000000062, -0.3051238674999999789, 0.05999716119999999597 ) ) ;
#1090 = CARTESIAN_POINT ( 'NONE',  ( 0.3115064681999999974, 0.08003384489999999796, 0.05000000000000003053 ) ) ;
#1091 = FILL_AREA_STYLE ('',( #3620 ) ) ;
#1092 = CARTESIAN_POINT ( 'NONE',  ( -0.1508407049788554055, 0.2711594941061190034, 0.06000143353988593442 ) ) ;
#1093 = CARTESIAN_POINT ( 'NONE',  ( 0.07226001060000000753, -0.3008768924999999927, 0.05999996820000000342 ) ) ;
#1094 = B_SPLINE_CURVE_WITH_KNOTS ( 'NONE', 3,
 ( #2041, #3711, #1603, #2852 ),
 .UNSPECIFIED., .F., .F.,
 ( 4, 4 ),
 ( 0.000000000000000000, 1.000000000000000000 ),
 .UNSPECIFIED. ) ;
#1095 = EDGE_CURVE ( 'NONE', #3092, #3692, #695, .T. ) ;
#1096 = CARTESIAN_POINT ( 'NONE',  ( -0.2064162565000000060, 0.2429549423000000041, 0.05614168759999999675 ) ) ;
#1097 = CARTESIAN_POINT ( 'NONE',  ( 0.08795482932610622362, -0.2956572392571588659, 0.06000143354000778140 ) ) ;
#1098 = CARTESIAN_POINT ( 'NONE',  ( -0.2686473780799999433, 0.2312646142500000834, -0.1050500000000000184 ) ) ;
#1099 = LINE ( 'NONE', #3740, #3736 ) ;
#1100 = PRESENTATION_LAYER_ASSIGNMENT (  '', '', ( #143 ) ) ;
#1101 =( NAMED_UNIT ( * ) PLANE_ANGLE_UNIT ( ) SI_UNIT ( $, .RADIAN. ) );
#1102 = CARTESIAN_POINT ( 'NONE',  ( 0.001352621999999999072, -0.09347275080000004566, 0.2708821916000002106 ) ) ;
#1103 = CARTESIAN_POINT ( 'NONE',  ( -0.2549406493999999967, -0.1914003972999999970, 0.05247108570000000305 ) ) ;
#1104 = PRESENTATION_STYLE_ASSIGNMENT (( #5411 ) ) ;
#1105 = CARTESIAN_POINT ( 'NONE',  ( -0.08824737800000000132, -0.3059353858999999676, 0.05118824680000000349 ) ) ;
#1106 = CARTESIAN_POINT ( 'NONE',  ( 0.3213526219999999767, 0.001264614099999999876, 0.05118824680000000349 ) ) ;
#1107 = ORIENTED_EDGE ( 'NONE', *, *, #1271, .T. ) ;
#1108 = CLOSED_SHELL ( 'NONE', ( #1666, #473, #181, #281, #5102, #4526, #1778, #3786, #1588, #2735, #2800, #4785, #3699, #3293, #4705, #1802, #3585, #677, #2393, #184, #4080, #582, #1730, #3160, #5344, #750, #2953, #4178, #4493, #5298, #4085, #1597, #5405, #3664, #2399, #3206, #1158, #56, #1330, #1994, #3602, #2566, #3505, #5337, #3509 ) ) ;
#1109 = CARTESIAN_POINT ( 'NONE',  ( -0.1875469912000000128, 0.2531307650999999881, 0.05885548650000001214 ) ) ;
#1110 = B_SPLINE_CURVE_WITH_KNOTS ( 'NONE', 3,
 ( #3512, #1797, #4746, #3966 ),
 .UNSPECIFIED., .F., .F.,
 ( 4, 4 ),
 ( 0.000000000000000000, 1.000000000000000000 ),
 .UNSPECIFIED. ) ;
#1111 = EDGE_LOOP ( 'NONE', ( #2968, #4993, #4939, #5210 ) ) ;
#1112 = CARTESIAN_POINT ( 'NONE',  ( 0.001352622000000000156, -0.09347275080000000402, 0.2708821915999999885 ) ) ;
#1113 = CARTESIAN_POINT ( 'NONE',  ( 0.2091215006000000098, 0.2429549423000000041, 0.05614168759999999675 ) ) ;
#1114 = CARTESIAN_POINT ( 'NONE',  ( 0.1895062291000000343, -0.2496068618999999766, 0.05933362749999999269 ) ) ;
#1115 = CARTESIAN_POINT ( 'NONE',  ( -0.2072474022999999943, -0.2413925570999999881, 0.05371144409999999841 ) ) ;
#1116 = CARTESIAN_POINT ( 'NONE',  ( -0.2800193589000000149, 0.1374472118000000243, 0.05980818360000000194 ) ) ;
#1117 = CARTESIAN_POINT ( 'NONE',  ( 0.1415773411000000037, 0.2889050636000000116, 0.05000000000000003053 ) ) ;
#1118 = CARTESIAN_POINT ( 'NONE',  ( 0.3396368931999999008, -0.3287353859000000655, -0.1050999999999999851 ) ) ;
#1119 = CARTESIAN_POINT ( 'NONE',  ( -0.2867834905270267853, 0.1132527389251592048, 0.06000181326483916555 ) ) ;
#1120 =( NAMED_UNIT ( * ) SI_UNIT ( $, .STERADIAN. ) SOLID_ANGLE_UNIT ( ) );
#1121 = CARTESIAN_POINT ( 'NONE',  ( 0.2199586213999999984, -0.2195706741000000017, 0.05999996820000000342 ) ) ;
#1122 = CARTESIAN_POINT ( 'NONE',  ( -0.2842235968999999862, -0.1369528131999999954, 0.05711929249999999486 ) ) ;
#1123 = CARTESIAN_POINT ( 'NONE',  ( 0.2034244388739092357, 0.2363277480024826849, 0.06000143354000778140 ) ) ;
#1124 =( GEOMETRIC_REPRESENTATION_CONTEXT ( 3 ) GLOBAL_UNCERTAINTY_ASSIGNED_CONTEXT ( ( #5129 ) ) GLOBAL_UNIT_ASSIGNED_CONTEXT ( ( #587, #4334, #1420 ) ) REPRESENTATION_CONTEXT ( 'NONE', 'WORKASPACE' ) );
#1125 = CARTESIAN_POINT ( 'NONE',  ( -0.3486473780000000078, -0.1920687192666666876, -0.1051000000000000267 ) ) ;
#1126 = DIRECTION ( 'NONE',  ( -1.000000000000000000, 0.000000000000000000, 0.000000000000000000 ) ) ;
#1127 = AXIS2_PLACEMENT_3D ( 'NONE', #5217, #977, #5069 ) ;
#1128 = CARTESIAN_POINT ( 'NONE',  ( 0.3513526220000000033, -0.1354020525794132623, -9.999999999999158867E-05 ) ) ;
#1129 = CARTESIAN_POINT ( 'NONE',  ( -0.1878729565000001878, -0.09347275080000003178, 0.2708821916000002661 ) ) ;
#1130 = CARTESIAN_POINT ( 'NONE',  ( -0.1734612718999999914, -0.2673518571000000343, 0.05247108570000000305 ) ) ;
#1131 = CARTESIAN_POINT ( 'NONE',  ( 0.2313526221500000479, -0.3387353860199999733, -0.1050500000000000184 ) ) ;
#1132 = CARTESIAN_POINT ( 'NONE',  ( -0.2691894771000000186, -0.1714689499000000006, 0.05000000000000000278 ) ) ;
#1133 = CARTESIAN_POINT ( 'NONE',  ( -0.3369316493000001356, -0.1787353858999999878, -9.999999999999999124E-05 ) ) ;
#1134 = CARTESIAN_POINT ( 'NONE',  ( 0.1243404603000000247, 0.2973080429999999663, 0.05118824680000000349 ) ) ;
#1135 = EDGE_LOOP ( 'NONE', ( #1342, #949, #4836, #1724, #4660, #4835, #3410, #5419, #2043, #2804, #329, #2935 ) ) ;
#1136 = CARTESIAN_POINT ( 'NONE',  ( 0.001352622000000000156, -0.3123247309000000138, 0.05933362749999999269 ) ) ;
#1137 = ORIENTED_EDGE ( 'NONE', *, *, #1192, .T. ) ;
#1138 = COLOUR_RGB ( '',0.2980392156862745057, 0.2980392156862745057, 0.2980392156862745057 ) ;
#1139 = CARTESIAN_POINT ( 'NONE',  ( 0.3103336890999999764, 0.07973599620000000610, 0.05495180240000000632 ) ) ;
#1140 = CARTESIAN_POINT ( 'NONE',  ( 0.3149419670999999976, 0.001264614099999999876, 0.05933362749999999269 ) ) ;
#1141 = CARTESIAN_POINT ( 'NONE',  ( -0.02613688439999999752, 0.3202196891999999906, 0.05247108570000000305 ) ) ;
#1142 = CARTESIAN_POINT ( 'NONE',  ( -0.3013917682000000209, -0.07562285009999999974, 0.05980818360000000194 ) ) ;
#1143 = CARTESIAN_POINT ( 'NONE',  ( 0.001352621950000000139, 0.3212646141000000122, 0.05000000000000000278 ) ) ;
#1145 = SURFACE_STYLE_FILL_AREA ( #1559 ) ;
#1144 = PRODUCT_CONTEXT ( 'NONE', #4023, 'mechanical' ) ;
#1146 = CARTESIAN_POINT ( 'NONE',  ( -0.3053755527085669219, -0.03722676471633842160, 0.06000181326483916555 ) ) ;
#1147 = SURFACE_SIDE_STYLE ('',( #1654 ) ) ;
#1148 = CARTESIAN_POINT ( 'NONE',  ( 0.05698868039999999829, -0.3039610959999999862, 0.05999996820000000342 ) ) ;
#1149 = CARTESIAN_POINT ( 'NONE',  ( -0.2987590130000000177, -0.1016873839000000113, 0.05711929249999999486 ) ) ;
#1150 = EDGE_CURVE ( 'NONE', #2610, #4196, #3311, .T. ) ;
#1151 = CARTESIAN_POINT ( 'NONE',  ( 0.3067985158132802703, 0.05253953125846439615, 0.06000105381499362678 ) ) ;
#1152 = CARTESIAN_POINT ( 'NONE',  ( -0.2819807114255556413, 0.3412646142200001509, -0.1051000000000000267 ) ) ;
#1153 = EDGE_CURVE ( 'NONE', #1454, #945, #5254, .T. ) ;
#1154 = CARTESIAN_POINT ( 'NONE',  ( -0.3369316493000001356, -0.1787353858999999878, -0.1050999999999999435 ) ) ;
#1155 = CARTESIAN_POINT ( 'NONE',  ( 0.3513526220000000033, -0.1287353859316266169, -4.999999999999858616E-05 ) ) ;
#1156 = PLANE ( 'NONE',  #210 ) ;
#1157 = CARTESIAN_POINT ( 'NONE',  ( -0.3186473779999999811, 0.01459794740000000014, 0.05118824680000000349 ) ) ;
#1158 = ADVANCED_FACE ( 'NONE', ( #4030 ), #4387, .T. ) ;
#1159 = CARTESIAN_POINT ( 'NONE',  ( -0.3326052429115697318, -0.1465112785668590267, -0.1051000000000000267 ) ) ;
#1160 = CARTESIAN_POINT ( 'NONE',  ( -0.2691894771000000186, 0.1739981780999999839, 0.05000000000000000278 ) ) ;
#1162 = ORIENTED_EDGE ( 'NONE', *, *, #3433, .T. ) ;
#1161 = CARTESIAN_POINT ( 'NONE',  ( -0.1786473780000000788, -0.3370196571999999335, -0.0001000000000000000048 ) ) ;
#1163 = CARTESIAN_POINT ( 'NONE',  ( -0.3486473780000000078, -0.1254020525577777545, -0.1051000000000000267 ) ) ;
#1164 = CARTESIAN_POINT ( 'NONE',  ( 0.2896109842000000323, 0.1407801850000000021, 0.05000000000000000278 ) ) ;
#1165 = ORIENTED_EDGE ( 'NONE', *, *, #2560, .T. ) ;
#1166 = CARTESIAN_POINT ( 'NONE',  ( -0.1191713643000000128, -0.2888480889000000218, 0.05933362749999999269 ) ) ;
#1167 = AXIS2_PLACEMENT_3D ( 'NONE', #3172, #4037, #724 ) ;
#1168 = ORIENTED_EDGE ( 'NONE', *, *, #1081, .T. ) ;
#1169 = EDGE_LOOP ( 'NONE', ( #1251, #4881, #3901, #445 ) ) ;
#1170 = CARTESIAN_POINT ( 'NONE',  ( 0.2099526463999999981, 0.2439217852999999991, 0.05371144409999999841 ) ) ;
#1171 = CARTESIAN_POINT ( 'NONE',  ( 0.3125015830999999800, 0.04031075820000000476, 0.05933362749999999269 ) ) ;
#1172 = CARTESIAN_POINT ( 'NONE',  ( -0.2545433143999999981, -0.1911017060000000101, 0.05371144409999999841 ) ) ;
#1173 = CARTESIAN_POINT ( 'NONE',  ( -0.3045461257000000033, -0.06320256729999999823, 0.05980818360000000194 ) ) ;
#1174 = CARTESIAN_POINT ( 'NONE',  ( 0.3042829175000000275, -0.1026543130999999914, 0.05000000000000003053 ) ) ;
#1175 = CARTESIAN_POINT ( 'NONE',  ( 0.001352621999999996253, -0.3387353859111111309, 0.000000000000000000 ) ) ;
#1176 = CARTESIAN_POINT ( 'NONE',  ( -0.2167059775214496553, -0.2190176920636464908, 0.06000181326483916555 ) ) ;
#1177 =( NAMED_UNIT ( * ) SI_UNIT ( $, .STERADIAN. ) SOLID_ANGLE_UNIT ( ) );
#1178 = CARTESIAN_POINT ( 'NONE',  ( 0.02809502210000000208, -0.3090219398999999867, 0.05999716119999999597 ) ) ;
#1179 = CARTESIAN_POINT ( 'NONE',  ( -0.3148411231000000088, 0.02768275679999999961, 0.05711929249999999486 ) ) ;
#1180 = CARTESIAN_POINT ( 'NONE',  ( -0.3076484137044480094, -0.02455257424067927574, 0.06000020349665982633 ) ) ;
#1181 = CARTESIAN_POINT ( 'NONE',  ( 0.1038435577589490039, -0.2911893926165431967, 0.06000105381499362678 ) ) ;
#1182 = CARTESIAN_POINT ( 'NONE',  ( -0.2686473780799999433, -0.2287353860499999614, -0.1050500000000000184 ) ) ;
#1183 = MECHANICAL_DESIGN_GEOMETRIC_PRESENTATION_REPRESENTATION (  '', ( #3280 ), #3787 ) ;
#1184 = CARTESIAN_POINT ( 'NONE',  ( -0.2486473778758754860, -0.03190664843316580457, -0.1051000000000000267 ) ) ;
#1185 = CARTESIAN_POINT ( 'NONE',  ( -0.3486473779999999523, 0.3212646140295665198, -5.000000124999707683E-05 ) ) ;
#1186 = CARTESIAN_POINT ( 'NONE',  ( -0.2551157585000000116, -0.1915320332000000070, 0.05118824680000000349 ) ) ;
#1187 = PRESENTATION_LAYER_ASSIGNMENT (  '', '', ( #4283 ) ) ;
#1188 = CARTESIAN_POINT ( 'NONE',  ( -0.1735807112999999957, 0.2700646140999999889, 0.05000000000000000278 ) ) ;
#1189 = CARTESIAN_POINT ( 'NONE',  ( -0.1046313779999999971, -0.3011567191999999782, 0.05000000000000000278 ) ) ;
#1190 =( NAMED_UNIT ( * ) PLANE_ANGLE_UNIT ( ) SI_UNIT ( $, .RADIAN. ) );
#1191 = PRESENTATION_STYLE_ASSIGNMENT (( #2205 ) ) ;
#1192 = EDGE_CURVE ( 'NONE', #5232, #94, #2185, .T. ) ;
#1193 = CARTESIAN_POINT ( 'NONE',  ( 0.02886091030000000057, -0.3179083829999999611, 0.05000000000000000278 ) ) ;
#1194 = EDGE_LOOP ( 'NONE', ( #3300, #5177, #2529, #120 ) ) ;
#1195 = CARTESIAN_POINT ( 'NONE',  ( -0.08533902352125387336, 0.2984931130617557993, 0.06000067408997947910 ) ) ;
#1196 = AXIS2_PLACEMENT_3D ( 'NONE', #2445, #355, #4104 ) ;
#1197 = ORIENTED_EDGE ( 'NONE', *, *, #917, .F. ) ;
#1198 = EDGE_CURVE ( 'NONE', #5421, #4332, #2980, .T. ) ;
#1199 = VERTEX_POINT ( 'NONE', #4437 ) ;
#1200 = CARTESIAN_POINT ( 'NONE',  ( 0.04366987730000000678, 0.3172334535999999927, 0.05495180240000000632 ) ) ;
#1201 = CARTESIAN_POINT ( 'NONE',  ( 0.3125015830999999800, -0.03778153000000000067, 0.05933362749999999269 ) ) ;
#1202 = CARTESIAN_POINT ( 'NONE',  ( -0.3013708414999999863, -0.1025833603000000233, 0.05247108570000000305 ) ) ;
#1203 = CARTESIAN_POINT ( 'NONE',  ( -0.2897861132000000284, -0.1118905218999999840, 0.05980818360000000194 ) ) ;
#1204 = CARTESIAN_POINT ( 'NONE',  ( -0.3486473780000000078, 0.3312646140971359232, -0.0001000000030000007111 ) ) ;
#1206 =( NAMED_UNIT ( * ) PLANE_ANGLE_UNIT ( ) SI_UNIT ( $, .RADIAN. ) );
#1205 = SHAPE_DEFINITION_REPRESENTATION ( #4945, #1060 ) ;
#1207 = CARTESIAN_POINT ( 'NONE',  ( 0.001352622000000000156, 0.3105582113680188661, 0.06000143353988593442 ) ) ;
#1208 = CARTESIAN_POINT ( 'NONE',  ( -0.3086473780633335329, 0.3512646140999999833, -0.1050499999987500044 ) ) ;
#1209 = CARTESIAN_POINT ( 'NONE',  ( 0.08845797080000000756, -0.2973822959999999904, 0.05999716119999999597 ) ) ;
#1210 = MECHANICAL_DESIGN_GEOMETRIC_PRESENTATION_REPRESENTATION (  '', ( #2860 ), #1297 ) ;
#1211 = CARTESIAN_POINT ( 'NONE',  ( -0.1551315300000000175, 0.2787687085000000176, 0.05614168759999999675 ) ) ;
#1212 = CARTESIAN_POINT ( 'NONE',  ( -0.1177191873476556017, 0.2878817889483005765, 0.06000020349665982633 ) ) ;
#1213 = CARTESIAN_POINT ( 'NONE',  ( 0.3108059304890281593, 0.01415850190359372977, 0.06000105381499362678 ) ) ;
#1214 = SURFACE_STYLE_FILL_AREA ( #2923 ) ;
#1215 = UNCERTAINTY_MEASURE_WITH_UNIT (LENGTH_MEASURE( 1.000000000000000082E-05 ), #3656, 'distance_accuracy_value', 'NONE');
#1216 = CARTESIAN_POINT ( 'NONE',  ( 0.3413526220737135297, -0.08873538605000003132, -0.1050500000000000184 ) ) ;
#1217 = CARTESIAN_POINT ( 'NONE',  ( 0.001352621999999999072, 0.3316225658000001020, 0.01170255740000001286 ) ) ;
#1218 = CARTESIAN_POINT ( 'NONE',  ( -0.1388720971000000082, 0.2889050636000000116, 0.05118824680000000349 ) ) ;
#1219 = DIRECTION ( 'NONE',  ( 1.694065894243902407E-17, -0.000000000000000000, -1.000000000000000000 ) ) ;
#1221 = ORIENTED_EDGE ( 'NONE', *, *, #4486, .F. ) ;
#1220 = CARTESIAN_POINT ( 'NONE',  ( -0.2134298838064571935, -0.1878533131821026603, -0.1051000000000000545 ) ) ;
#1222 = CARTESIAN_POINT ( 'NONE',  ( -0.3386473781200000088, -0.3087353859633334419, -0.1050500000000000184 ) ) ;
#1223 = CARTESIAN_POINT ( 'NONE',  ( 0.2837055632000000105, 0.1518528494000000173, 0.05000000000000000278 ) ) ;
#1224 = VERTEX_POINT ( 'NONE', #661 ) ;
#1225 = CARTESIAN_POINT ( 'NONE',  ( -0.2775490717069060698, -0.1337223772582177284, 0.06000067408997947910 ) ) ;
#1226 = CARTESIAN_POINT ( 'NONE',  ( -0.1786473780000000788, -0.3370196571999999335, -0.1050999999999999851 ) ) ;
#1227 = ORIENTED_EDGE ( 'NONE', *, *, #4194, .T. ) ;
#1228 = CARTESIAN_POINT ( 'NONE',  ( 0.3108141966999999894, 0.07985802990000000212, 0.05371144409999999841 ) ) ;
#1229 = CARTESIAN_POINT ( 'NONE',  ( 0.07310186420000000518, 0.3069933195999999809, 0.05933362749999999269 ) ) ;
#1230 = CARTESIAN_POINT ( 'NONE',  ( -0.3101861354000000071, -0.02476460200000000014, 0.05980818360000000194 ) ) ;
#1231 =( LENGTH_UNIT ( ) NAMED_UNIT ( * ) SI_UNIT ( .CENTI., .METRE. ) );
#1232 = CARTESIAN_POINT ( 'NONE',  ( 0.3313526220000000411, -0.3487353858999999723, -0.1051000000000000267 ) ) ;
#1233 = CARTESIAN_POINT ( 'NONE',  ( -0.1342505131743016999, 0.2794248915277645073, 0.06000105381493271023 ) ) ;
#1234 = PRESENTATION_STYLE_ASSIGNMENT (( #4125 ) ) ;
#1235 = CARTESIAN_POINT ( 'NONE',  ( 0.3112625371000000141, -0.01164829900000000085, 0.05999996820000000342 ) ) ;
#1236 =( LENGTH_UNIT ( ) NAMED_UNIT ( * ) SI_UNIT ( .CENTI., .METRE. ) );
#1237 = CARTESIAN_POINT ( 'NONE',  ( -0.3166609675999999540, 0.001264614099999999876, 0.05614168759999999675 ) ) ;
#1238 =( GEOMETRIC_REPRESENTATION_CONTEXT ( 3 ) GLOBAL_UNCERTAINTY_ASSIGNED_CONTEXT ( ( #487 ) ) GLOBAL_UNIT_ASSIGNED_CONTEXT ( ( #1885, #4896, #2716 ) ) REPRESENTATION_CONTEXT ( 'NONE', 'WORKASPACE' ) );
#1239 = CARTESIAN_POINT ( 'NONE',  ( -0.03977272533625537260, -0.3058046459818835050, 0.06000020349665982633 ) ) ;
#1240 = CARTESIAN_POINT ( 'NONE',  ( 0.2345023750326860057, -0.2022115340738212808, 0.06000105381499362678 ) ) ;
#1241 = CARTESIAN_POINT ( 'NONE',  ( -0.2753140446058355284, -0.3487353858999999723, 0.000000000000000000 ) ) ;
#1242 = PRESENTATION_STYLE_ASSIGNMENT (( #5011 ) ) ;
#1243 = CARTESIAN_POINT ( 'NONE',  ( 0.1915661292000000182, 0.2548826237000000328, 0.05711929249999999486 ) ) ;
#1244 = SURFACE_STYLE_FILL_AREA ( #5435 ) ;
#1245 = CARTESIAN_POINT ( 'NONE',  ( 0.001352621999999999072, -0.3223122028000000583, 0.02526482689999998144 ) ) ;
#1246 = CARTESIAN_POINT ( 'NONE',  ( 0.001352622000000000156, -0.3135680746000000241, 0.05885548650000001214 ) ) ;
#1247 = SURFACE_STYLE_FILL_AREA ( #410 ) ;
#1249 = ORIENTED_EDGE ( 'NONE', *, *, #2008, .F. ) ;
#1248 = CARTESIAN_POINT ( 'NONE',  ( -0.3486473779999999523, -0.1987353859666666778, -0.1050499999987500044 ) ) ;
#1250 = CARTESIAN_POINT ( 'NONE',  ( 0.3213526219999999767, -0.01206871919999999952, 0.05000000000000000278 ) ) ;
#1251 = ORIENTED_EDGE ( 'NONE', *, *, #5248, .F. ) ;
#1252 = CARTESIAN_POINT ( 'NONE',  ( -0.2718353365157866186, -0.1444356304568413518, 0.06000067408997947910 ) ) ;
#1253 = B_SPLINE_CURVE_WITH_KNOTS ( 'NONE', 3,
 ( #187, #4712, #161, #1880 ),
 .UNSPECIFIED., .F., .F.,
 ( 4, 4 ),
 ( 0.000000000000000000, 1.000000000000000000 ),
 .UNSPECIFIED. ) ;
#1254 = ORIENTED_EDGE ( 'NONE', *, *, #1444, .F. ) ;
#1255 = CARTESIAN_POINT ( 'NONE',  ( 0.02875689380000000239, 0.3192307281999999802, 0.05495180240000000632 ) ) ;
#1256 = CARTESIAN_POINT ( 'NONE',  ( 0.3121082332999999820, -0.05090164039999999640, 0.05885548650000001214 ) ) ;
#1257 = COLOUR_RGB ( '',0.2980392156862745057, 0.2980392156862745057, 0.2980392156862745057 ) ;
#1258 = CARTESIAN_POINT ( 'NONE',  ( -0.1677278777733509363, -0.2585420076691625213, 0.06000143353988593442 ) ) ;
#1259 = DIRECTION ( 'NONE',  ( 1.000000000000000000, 0.000000000000000000, 0.000000000000000000 ) ) ;
#1260 = CARTESIAN_POINT ( 'NONE',  ( 0.3048565097000000002, -0.06269785829999999227, 0.05999996820000000342 ) ) ;
#1261 = EDGE_CURVE ( 'NONE', #563, #3415, #173, .T. ) ;
#1262 = CARTESIAN_POINT ( 'NONE',  ( -0.2382466578000000113, -0.2078402119999999964, 0.05614168759999999675 ) ) ;
#1263 = CARTESIAN_POINT ( 'NONE',  ( -0.2875068081999999636, -0.1110046381999999915, 0.05999996820000000342 ) ) ;
#1264 =( BOUNDED_CURVE ( )  B_SPLINE_CURVE ( 3, ( #2467, #5375, #3706, #1629 ),
 .UNSPECIFIED., .F., .T. ) 
 B_SPLINE_CURVE_WITH_KNOTS ( ( 4, 4 ),
 ( 0.000000000000000000, 1.000000000000000000 ),
 .UNSPECIFIED. ) 
 CURVE ( )  GEOMETRIC_REPRESENTATION_ITEM ( )  RATIONAL_B_SPLINE_CURVE ( ( 1.000000000000000000, 0.3333333335299309974, 0.3333333335299309974, 1.000000000000000000 ) ) 
 REPRESENTATION_ITEM ( '' )  );
#1265 = CARTESIAN_POINT ( 'NONE',  ( 0.2743996589001982400, -0.1443604722166442200, 0.06000105381499362678 ) ) ;
#1266 = CARTESIAN_POINT ( 'NONE',  ( -0.3386473781199999533, 0.3112646141699998981, -0.1050500000000000184 ) ) ;
#1267 = COLOUR_RGB ( '',0.2980392156862745057, 0.2980392156862745057, 0.2980392156862745057 ) ;
#1268 = UNCERTAINTY_MEASURE_WITH_UNIT (LENGTH_MEASURE( 1.000000000000000082E-05 ), #4707, 'distance_accuracy_value', 'NONE');
#1269 = CARTESIAN_POINT ( 'NONE',  ( -0.1253140446577777345, -0.3487353858999999723, -0.1051000000000000267 ) ) ;
#1270 = CARTESIAN_POINT ( 'NONE',  ( 0.3063696800000000331, 0.09219015640000000067, 0.05614168759999999675 ) ) ;
#1271 = EDGE_CURVE ( 'NONE', #4109, #4275, #501, .T. ) ;
#1272 = FACE_OUTER_BOUND ( 'NONE', #4729, .T. ) ;
#1273 = CARTESIAN_POINT ( 'NONE',  ( -0.2207258311000000195, -0.2230785391000000006, 0.05885548650000001214 ) ) ;
#1274 = CARTESIAN_POINT ( 'NONE',  ( -0.02615566629999999809, -0.3179083829999999611, 0.05000000000000000278 ) ) ;
#1276 = EDGE_LOOP ( 'NONE', ( #5330, #2912 ) ) ;
#1275 =( LENGTH_UNIT ( ) NAMED_UNIT ( * ) SI_UNIT ( .CENTI., .METRE. ) );
#1277 = CARTESIAN_POINT ( 'NONE',  ( 0.3513526219999999478, -0.1787353858973333987, -0.1051000000000000267 ) ) ;
#1278 = CARTESIAN_POINT ( 'NONE',  ( 0.3082749100000000131, -0.09022887699999999900, 0.05000000000000000278 ) ) ;
#1279 = CARTESIAN_POINT ( 'NONE',  ( -0.1986473780249999876, -0.3487353859000000278, -0.1050499999987500044 ) ) ;
#1280 = VERTEX_POINT ( 'NONE', #247 ) ;
#1281 = CARTESIAN_POINT ( 'NONE',  ( -0.03972525079781316637, -0.3054501694685721747, 0.06000105381493271023 ) ) ;
#1282 = CARTESIAN_POINT ( 'NONE',  ( 0.3396368931999999008, -0.3287353859000000655, -9.999999999999999124E-05 ) ) ;
#1283 = ORIENTED_EDGE ( 'NONE', *, *, #5248, .T. ) ;
#1284 = CARTESIAN_POINT ( 'NONE',  ( 0.3075898514000000028, 0.09255388940000000564, 0.05371144409999999841 ) ) ;
#1285 = CARTESIAN_POINT ( 'NONE',  ( 0.2394584972000000089, -0.2065368768999999993, 0.05809689739999999991 ) ) ;
#1286 = CARTESIAN_POINT ( 'NONE',  ( 0.3413526220737135297, -0.08873538605000003132, -0.1050500000000000184 ) ) ;
#1287 = COLOUR_RGB ( '',0.2980392156862745057, 0.2980392156862745057, 0.2980392156862745057 ) ;
#1288 = CARTESIAN_POINT ( 'NONE',  ( -0.01154126580466136032, 0.3107179226146513651, 0.06000105381493271023 ) ) ;
#1289 = SURFACE_STYLE_FILL_AREA ( #843 ) ;
#1290 = CARTESIAN_POINT ( 'NONE',  ( 0.2748025471000000164, 0.1471045742000000045, 0.05999996820000000342 ) ) ;
#1291 = CARTESIAN_POINT ( 'NONE',  ( -0.3055696659000000093, -0.09022887699999999900, 0.05000000000000000278 ) ) ;
#1292 = CARTESIAN_POINT ( 'NONE',  ( -0.08790857509999999708, 0.3073030043999999683, 0.05495180240000000632 ) ) ;
#1293 = CARTESIAN_POINT ( 'NONE',  ( -0.2778165172000000016, 0.1363810477000000076, 0.05999996820000000342 ) ) ;
#1294 = CARTESIAN_POINT ( 'NONE',  ( 0.05693538075249447716, 0.3061979163550196947, 0.06000067408997947910 ) ) ;
#1295 = CARTESIAN_POINT ( 'NONE',  ( -0.3486473779999999523, -0.1987353859666666778, -0.1050499999987500044 ) ) ;
#1296 = CARTESIAN_POINT ( 'NONE',  ( -0.3486473779999999523, 0.3212646140295665198, -5.000000124999707683E-05 ) ) ;
#1297 =( GEOMETRIC_REPRESENTATION_CONTEXT ( 3 ) GLOBAL_UNCERTAINTY_ASSIGNED_CONTEXT ( ( #932 ) ) GLOBAL_UNIT_ASSIGNED_CONTEXT ( ( #461, #4626, #3823 ) ) REPRESENTATION_CONTEXT ( 'NONE', 'WORKASPACE' ) );
#1298 = CARTESIAN_POINT ( 'NONE',  ( 0.2810783679000000146, 0.1504516785999999995, 0.05711929249999999486 ) ) ;
#1299 = CARTESIAN_POINT ( 'NONE',  ( -0.3134800667000000041, -0.01185341460000000069, 0.05885548650000001214 ) ) ;
#1300 = CARTESIAN_POINT ( 'NONE',  ( 0.3428238661957050404, 0.3331369260637289109, -0.1051000000000000545 ) ) ;
#1301 = ORIENTED_EDGE ( 'NONE', *, *, #1555, .F. ) ;
#1303 = ORIENTED_EDGE ( 'NONE', *, *, #4532, .F. ) ;
#1302 = CARTESIAN_POINT ( 'NONE',  ( 0.3113526220700000846, 0.3479312808066666318, -0.1051000000000000267 ) ) ;
#1304 = FACE_OUTER_BOUND ( 'NONE', #4690, .T. ) ;
#1305 = CARTESIAN_POINT ( 'NONE',  ( -0.3086473780633335329, 0.3512646140999999833, -0.1050499999987500044 ) ) ;
#1306 = CARTESIAN_POINT ( 'NONE',  ( -0.3486473780000000078, -0.3287353858990452737, -0.1051000000000000267 ) ) ;
#1307 = EDGE_LOOP ( 'NONE', ( #4267, #31, #3146, #88 ) ) ;
#1308 = CARTESIAN_POINT ( 'NONE',  ( -0.1011912100433371015, -0.2913403304147206274, 0.06000067408997947910 ) ) ;
#1309 = CARTESIAN_POINT ( 'NONE',  ( 0.3007385133671286459, 0.08126394649270485271, 0.06000159487969606437 ) ) ;
#1310 = STYLED_ITEM ( 'NONE', ( #1314 ), #2393 ) ;
#1311 = ORIENTED_EDGE ( 'NONE', *, *, #378, .F. ) ;
#1312 = CARTESIAN_POINT ( 'NONE',  ( 0.2947501683000000039, -0.1265781682999999880, 0.05247108570000000305 ) ) ;
#1313 = CARTESIAN_POINT ( 'NONE',  ( 0.2070433120000000349, 0.2405374576000000042, 0.05885548650000001214 ) ) ;
#1314 = PRESENTATION_STYLE_ASSIGNMENT (( #4644 ) ) ;
#1315 = CARTESIAN_POINT ( 'NONE',  ( -0.2824223265288227647, 0.1249145200049330273, 0.06000143353988593442 ) ) ;
#1316 = CARTESIAN_POINT ( 'NONE',  ( -0.3386473780700374192, -0.1187353858866665168, -0.1050500000000000184 ) ) ;
#1317 = CARTESIAN_POINT ( 'NONE',  ( 0.1714154458999999908, 0.2625806603999999989, 0.05999716119999999597 ) ) ;
#1318 = CARTESIAN_POINT ( 'NONE',  ( -0.3178108272999999873, 0.02793087699999999979, 0.05000000000000000278 ) ) ;
#1319 = CARTESIAN_POINT ( 'NONE',  ( -0.2950600445999999599, -0.1139403089000000091, 0.05614168759999999675 ) ) ;
#1320 = CARTESIAN_POINT ( 'NONE',  ( -0.3061455426999999951, -0.03732339090000000303, 0.05999996820000000342 ) ) ;
#1321 = CARTESIAN_POINT ( 'NONE',  ( 0.2631131105089902777, -0.1658621369540885515, 0.06000067408997947910 ) ) ;
#1322 = CARTESIAN_POINT ( 'NONE',  ( 0.3213526219295669839, 0.3512646140999999833, -5.000000124999707683E-05 ) ) ;
#1323 = UNCERTAINTY_MEASURE_WITH_UNIT (LENGTH_MEASURE( 1.000000000000000082E-05 ), #1478, 'distance_accuracy_value', 'NONE');
#1324 = CARTESIAN_POINT ( 'NONE',  ( 0.3054191055000000099, 0.09190679029999999916, 0.05711929249999999486 ) ) ;
#1325 = CARTESIAN_POINT ( 'NONE',  ( 0.09039642720000000409, -0.3040284320000000151, 0.05614168759999999675 ) ) ;
#1326 = MECHANICAL_DESIGN_GEOMETRIC_PRESENTATION_REPRESENTATION (  '', ( #3969 ), #1867 ) ;
#1327 = CARTESIAN_POINT ( 'NONE',  ( -0.2446001816526104378, 0.1897660369147922688, 0.06000158112494124313 ) ) ;
#1328 = EDGE_CURVE ( 'NONE', #2551, #1613, #2525, .T. ) ;
#1329 = CARTESIAN_POINT ( 'NONE',  ( -0.2920952048000000079, 0.1153172108000000279, 0.05885548650000001214 ) ) ;
#1330 = ADVANCED_FACE ( 'NONE', ( #272 ), #3632, .F. ) ;
#1331 = EDGE_LOOP ( 'NONE', ( #3419, #534, #3356, #306 ) ) ;
#1332 = CARTESIAN_POINT ( 'NONE',  ( 0.1703458130134367920, -0.2584078501698662267, 0.06000181326502192908 ) ) ;
#1334 = VERTEX_POINT ( 'NONE', #716 ) ;
#1333 = CARTESIAN_POINT ( 'NONE',  ( -0.1386473779999999323, -0.3370196571000003138, -9.999999999999999124E-05 ) ) ;
#1335 = CARTESIAN_POINT ( 'NONE',  ( -0.2167460273853160091, -0.1743286063750000281, -0.1050500000000000184 ) ) ;
#1336 = CARTESIAN_POINT ( 'NONE',  ( -0.2167460273853160091, -0.1743286063750000281, -0.1050500000000000184 ) ) ;
#1337 = PRESENTATION_STYLE_ASSIGNMENT (( #2500 ) ) ;
#1338 = VERTEX_POINT ( 'NONE', #1602 ) ;
#1339 = CARTESIAN_POINT ( 'NONE',  ( -0.2009925413828976271, 0.2366457226263720126, 0.06000043879331965618 ) ) ;
#1340 = CARTESIAN_POINT ( 'NONE',  ( 0.1565465280765864775, 0.2694895470635998436, 0.06000159485132423864 ) ) ;
#1341 = CARTESIAN_POINT ( 'NONE',  ( 0.2945436942301311034, 0.1018425429202828303, 0.06000043879331965618 ) ) ;
#1342 = ORIENTED_EDGE ( 'NONE', *, *, #4127, .T. ) ;
#1343 = CARTESIAN_POINT ( 'NONE',  ( 0.3186455632999999898, -0.03855253930000000079, 0.05247108570000000305 ) ) ;
#1344 = CARTESIAN_POINT ( 'NONE',  ( 0.3173840562999999948, -0.01190336229999999947, 0.05809689739999999991 ) ) ;
#1345 = CARTESIAN_POINT ( 'NONE',  ( -0.2316768005649548767, -0.2021065184966443495, 0.06000143353988593442 ) ) ;
#1346 = CARTESIAN_POINT ( 'NONE',  ( 0.2815852690999999797, 0.1368957801000000030, 0.05999716119999999597 ) ) ;
#1347 = CARTESIAN_POINT ( 'NONE',  ( -0.3120327823000000333, -0.06478035629999999434, 0.05000000000000000278 ) ) ;
#1348 = CARTESIAN_POINT ( 'NONE',  ( -0.04086157130000000332, -0.3139346960000000131, 0.05614168759999999675 ) ) ;
#1349 = CARTESIAN_POINT ( 'NONE',  ( -0.2920258221999999515, -0.09937759189999999243, 0.05999996820000000342 ) ) ;
#1350 = CARTESIAN_POINT ( 'NONE',  ( -0.1742405984750000081, 0.2193632635337985082, -0.1050500000000000184 ) ) ;
#1351 = PRESENTATION_LAYER_ASSIGNMENT (  '', '', ( #1077 ) ) ;
#1352 = CARTESIAN_POINT ( 'NONE',  ( 0.2745405806157866224, -0.1444356304568413518, 0.06000067408997947910 ) ) ;
#1353 = CARTESIAN_POINT ( 'NONE',  ( -0.1584208943234794442, 0.2311001246001281317, -0.1051000000000000545 ) ) ;
#1354 = CARTESIAN_POINT ( 'NONE',  ( 0.2546403413000000171, 0.1916702421000000267, 0.05809689739999999991 ) ) ;
#1355 = CARTESIAN_POINT ( 'NONE',  ( 0.05826555740000000788, 0.3134954160999999795, 0.05711929249999999486 ) ) ;
#1356 = CARTESIAN_POINT ( 'NONE',  ( 0.2946859554266667014, 0.2312646142500000002, -0.1051000000000000267 ) ) ;
#1357 = CARTESIAN_POINT ( 'NONE',  ( -0.01176540669999999976, -0.3135680746000000241, 0.05885548650000001214 ) ) ;
#1358 = B_SPLINE_CURVE_WITH_KNOTS ( 'NONE', 3,
 ( #3117, #1891, #1475, #1075 ),
 .UNSPECIFIED., .F., .F.,
 ( 4, 4 ),
 ( 0.000000000000000000, 1.000000000000000000 ),
 .UNSPECIFIED. ) ;
#1359 = CARTESIAN_POINT ( 'NONE',  ( 0.2627080296850705654, -0.1656035041636724214, 0.06000181326502192908 ) ) ;
#1361 = ORIENTED_EDGE ( 'NONE', *, *, #2518, .T. ) ;
#1360 = CARTESIAN_POINT ( 'NONE',  ( 0.001352622027940687897, -0.3081732468472911379, 0.05994361438772570494 ) ) ;
#1362 = CARTESIAN_POINT ( 'NONE',  ( -0.1986473779999999856, -0.3086628879024783112, -0.1051000000000000267 ) ) ;
#1363 = CARTESIAN_POINT ( 'NONE',  ( -0.2530105950912746038, -0.1151349676966675478, -0.1051000000000000267 ) ) ;
#1364 = CARTESIAN_POINT ( 'NONE',  ( -0.3486473779999999523, -0.1987353859666666778, -0.1050499999987500044 ) ) ;
#1365 = ORIENTED_EDGE ( 'NONE', *, *, #1552, .F. ) ;
#1366 = CARTESIAN_POINT ( 'NONE',  ( -0.2604915358558952398, -0.1659155575693923579, 0.06000043879331965618 ) ) ;
#1367 = CARTESIAN_POINT ( 'NONE',  ( -0.1386473780013226242, -0.3487353859000000278, -0.0001000000022499994944 ) ) ;
#1368 = CARTESIAN_POINT ( 'NONE',  ( 0.3086543968745752431, 0.03982797409264340893, 0.06000043879331965618 ) ) ;
#1369 = EDGE_CURVE ( 'NONE', #1613, #2551, #2355, .T. ) ;
#1370 = VERTEX_POINT ( 'NONE', #800 ) ;
#1371 = CARTESIAN_POINT ( 'NONE',  ( 0.2102765440999999902, -0.2417693360000000569, 0.05247108570000000305 ) ) ;
#1372 = CARTESIAN_POINT ( 'NONE',  ( 0.1902522352999999888, 0.2531307650999999881, 0.05885548650000001214 ) ) ;
#1373 = CARTESIAN_POINT ( 'NONE',  ( -0.1186473779866665801, 0.3412646141737129546, -0.1050500000000000184 ) ) ;
#1374 = CARTESIAN_POINT ( 'NONE',  ( -0.3081006865533266192, -0.01162927370466136819, 0.06000105381493271023 ) ) ;
#1375 = CARTESIAN_POINT ( 'NONE',  ( -0.3086473780633335329, 0.3512646140999999833, -0.1050499999987500044 ) ) ;
#1376 = AXIS2_PLACEMENT_3D ( 'NONE', #1915, #3575, #605 ) ;
#1377 = CARTESIAN_POINT ( 'NONE',  ( 0.2216835772000000371, -0.2213132205999999991, 0.05980818360000000194 ) ) ;
#1378 = CARTESIAN_POINT ( 'NONE',  ( -0.2969115288999999991, -0.1146599141999999905, 0.05000000000000000278 ) ) ;
#1379 = CARTESIAN_POINT ( 'NONE',  ( 0.001352622000000000156, 0.3205503657000000062, 0.05371144409999999841 ) ) ;
#1380 = CARTESIAN_POINT ( 'NONE',  ( -0.3085572931000000185, 0.001264614099999999876, 0.05999996820000000342 ) ) ;
#1381 = CARTESIAN_POINT ( 'NONE',  ( -0.3286473779999999900, 0.3512646140999999833, -0.1051000000000000267 ) ) ;
#1382 = CARTESIAN_POINT ( 'NONE',  ( 0.2036331282743464588, 0.2365705091395580439, 0.06000067408997947910 ) ) ;
#1383 = CARTESIAN_POINT ( 'NONE',  ( -0.2286473781499999969, 0.3412646142199999844, -0.1050500000000000184 ) ) ;
#1384 = COLOUR_RGB ( '',0.2980392156862745057, 0.2980392156862745057, 0.2980392156862745057 ) ;
#1385 =( LENGTH_UNIT ( ) NAMED_UNIT ( * ) SI_UNIT ( .CENTI., .METRE. ) );
#1386 = CARTESIAN_POINT ( 'NONE',  ( 0.08984142359999999772, 0.3046547910000000359, 0.05809689739999999991 ) ) ;
#1387 = CARTESIAN_POINT ( 'NONE',  ( 0.2262224985000000077, -0.2258984286000000063, 0.05495180240000000632 ) ) ;
#1388 = CARTESIAN_POINT ( 'NONE',  ( -0.02581451480000000048, -0.3139500734999999820, 0.05809689739999999991 ) ) ;
#1389 = CARTESIAN_POINT ( 'NONE',  ( 0.3064832297687821727, 0.05248660446360843557, 0.06000181326502192908 ) ) ;
#1390 = FACE_OUTER_BOUND ( 'NONE', #1789, .T. ) ;
#1391 = SURFACE_SIDE_STYLE ('',( #1931 ) ) ;
#1392 = CARTESIAN_POINT ( 'NONE',  ( 0.3272158512702501576, -0.1404511143350226920, 0.000000000000000000 ) ) ;
#1393 = CARTESIAN_POINT ( 'NONE',  ( 0.6513174350999999529, -0.3103265597999997905, -0.1323564430000000181 ) ) ;
#1394 = EDGE_LOOP ( 'NONE', ( #2476, #3870, #3830, #4442 ) ) ;
#1395 = CARTESIAN_POINT ( 'NONE',  ( -0.2776382202046040470, -0.1337655246721451419, 0.06000043879331965618 ) ) ;
#1396 = DIRECTION ( 'NONE',  ( -0.000000000000000000, -0.000000000000000000, 1.000000000000000000 ) ) ;
#1397 = CARTESIAN_POINT ( 'NONE',  ( 0.3086543968745752431, -0.03729874589264340484, 0.06000043879331965618 ) ) ;
#1398 = ORIENTED_EDGE ( 'NONE', *, *, #2300, .T. ) ;
#1399 = CARTESIAN_POINT ( 'NONE',  ( 0.2576458935000000006, 0.1939296254999999802, 0.05247108570000000305 ) ) ;
#1400 = CARTESIAN_POINT ( 'NONE',  ( 0.08950577490000000136, 0.3035039953000000512, 0.05885548650000001214 ) ) ;
#1401 = CARTESIAN_POINT ( 'NONE',  ( 0.3413526221200000044, 0.2312646142499999447, -0.1050500000000000184 ) ) ;
#1402 = CARTESIAN_POINT ( 'NONE',  ( -0.2870812163995372646, 0.1133684542268324075, 0.06000105381493271023 ) ) ;
#1403 = CARTESIAN_POINT ( 'NONE',  ( 0.001352621999999998638, -0.3389249716377891186, -0.0002301002763799092567 ) ) ;
#1404 = COLOUR_RGB ( '',0.2980392156862745057, 0.2980392156862745057, 0.2980392156862745057 ) ;
#1405 = CARTESIAN_POINT ( 'NONE',  ( 0.2516940716999999661, -0.1869261955000000031, 0.05980818360000000194 ) ) ;
#1406 = CARTESIAN_POINT ( 'NONE',  ( -0.3044091062999999542, -0.08988291430000000526, 0.05495180240000000632 ) ) ;
#1407 = CARTESIAN_POINT ( 'NONE',  ( -0.2970243081000000229, 0.09021073529999999729, 0.05999716119999999597 ) ) ;
#1408 = CARTESIAN_POINT ( 'NONE',  ( -0.3369316493000001356, 0.3312646141000001876, -9.999999999999999124E-05 ) ) ;
#1409 = CARTESIAN_POINT ( 'NONE',  ( 0.05693538075249447716, -0.3036686881801671789, 0.06000067408997947910 ) ) ;
#1410 = CARTESIAN_POINT ( 'NONE',  ( 0.2565695132156713965, 0.2950213102131015175, -0.000000000000000000 ) ) ;
#1411 = CARTESIAN_POINT ( 'NONE',  ( 0.3159080327999999604, -0.03820900609999999809, 0.05711929249999999486 ) ) ;
#1412 = CARTESIAN_POINT ( 'NONE',  ( -0.2222705010000000647, 0.2271681893000000174, 0.05711929249999999486 ) ) ;
#1413 = CARTESIAN_POINT ( 'NONE',  ( 0.2194112215672269772, -0.2190176920088709178, 0.06000181326502192908 ) ) ;
#1414 = SURFACE_STYLE_FILL_AREA ( #3025 ) ;
#1415 = CARTESIAN_POINT ( 'NONE',  ( 0.2158724828729139955, -0.1787737038463272643, -0.1050000000000000377 ) ) ;
#1416 =( BOUNDED_CURVE ( )  B_SPLINE_CURVE ( 3, ( #3650, #2846, #2820, #4548 ),
 .UNSPECIFIED., .F., .F. ) 
 B_SPLINE_CURVE_WITH_KNOTS ( ( 4, 4 ),
 ( 0.000000000000000000, 1.000000000000000000 ),
 .UNSPECIFIED. ) 
 CURVE ( )  GEOMETRIC_REPRESENTATION_ITEM ( )  RATIONAL_B_SPLINE_CURVE ( ( 1.000000000000000000, 0.3333333334700689932, 0.3333333334700689932, 1.000000000000000000 ) ) 
 REPRESENTATION_ITEM ( '' )  );
#1417 = CARTESIAN_POINT ( 'NONE',  ( 0.3513526220000000033, 0.3179312808488889974, -0.1051000000000000267 ) ) ;
#1418 = ORIENTED_EDGE ( 'NONE', *, *, #2129, .T. ) ;
#1419 = CARTESIAN_POINT ( 'NONE',  ( -0.02527127344335850651, -0.3076469561076188297, 0.06000043879331965618 ) ) ;
#1420 =( NAMED_UNIT ( * ) SI_UNIT ( $, .STERADIAN. ) SOLID_ANGLE_UNIT ( ) );
#1421 = CARTESIAN_POINT ( 'NONE',  ( 0.1871798129779255193, 0.2490342020260573608, 0.06000043879331965618 ) ) ;
#1422 = CARTESIAN_POINT ( 'NONE',  ( 0.2894141698000000096, 0.1406849279000000064, 0.05247108570000000305 ) ) ;
#1423 = CARTESIAN_POINT ( 'NONE',  ( -0.3486473780000000078, -0.1787353859000000156, -0.05255000000000001337 ) ) ;
#1424 = STYLED_ITEM ( 'NONE', ( #825 ), #750 ) ;
#1425 = CARTESIAN_POINT ( 'NONE',  ( -0.2985790462653017951, 0.07743773624949736034, 0.06000105381493271023 ) ) ;
#1426 = CARTESIAN_POINT ( 'NONE',  ( 0.001352621999999999072, -0.3290933376000000909, 0.01170255740000001286 ) ) ;
#1427 = CARTESIAN_POINT ( 'NONE',  ( 0.1721068655000000114, 0.2636430857000000016, 0.05980818360000000194 ) ) ;
#1428 = CARTESIAN_POINT ( 'NONE',  ( -0.05596661759999999736, 0.3157244475000000050, 0.05371144409999999841 ) ) ;
#1429 = CARTESIAN_POINT ( 'NONE',  ( -0.1349679478999999960, -0.2783673241999999881, 0.05999716119999999597 ) ) ;
#1430 = SURFACE_SIDE_STYLE ('',( #4878 ) ) ;
#1431 = CARTESIAN_POINT ( 'NONE',  ( -0.3286473779980905729, -0.1587353858999999978, -0.0001000000000000004791 ) ) ;
#1432 = CARTESIAN_POINT ( 'NONE',  ( -0.3486473780000000078, -0.3287353858961812314, -0.0001000000030000006840 ) ) ;
#1433 = UNCERTAINTY_MEASURE_WITH_UNIT (LENGTH_MEASURE( 1.000000000000000082E-05 ), #1621, 'distance_accuracy_value', 'NONE');
#1434 = CARTESIAN_POINT ( 'NONE',  ( 0.3513526220000000033, 0.3279312807400066587, -9.999999999999158867E-05 ) ) ;
#1435 = SURFACE_STYLE_USAGE ( .BOTH. , #2738 ) ;
#1436 = EDGE_CURVE ( 'NONE', #4611, #1838, #4897, .T. ) ;
#1437 = CARTESIAN_POINT ( 'NONE',  ( 0.3118220848999999628, -0.06416583099999999262, 0.05711929249999999486 ) ) ;
#1438 = B_SPLINE_CURVE_WITH_KNOTS ( 'NONE', 3,
 ( #2261, #1434, #189, #5241 ),
 .UNSPECIFIED., .F., .F.,
 ( 4, 4 ),
 ( 0.000000000000000000, 1.000000000000000000 ),
 .UNSPECIFIED. ) ;
#1439 = CARTESIAN_POINT ( 'NONE',  ( -0.3049547680999999955, 0.07905696719999999456, 0.05809689739999999991 ) ) ;
#1440 =( NAMED_UNIT ( * ) SI_UNIT ( $, .STERADIAN. ) SOLID_ANGLE_UNIT ( ) );
#1441 = CARTESIAN_POINT ( 'NONE',  ( 0.2195238796073366860, -0.2191314989099194255, 0.06000143354000778140 ) ) ;
#1442 = CARTESIAN_POINT ( 'NONE',  ( 0.3213526219999999212, 0.1887162741999998117, 0.04000000000000002859 ) ) ;
#1443 = PLANE ( 'NONE',  #1376 ) ;
#1444 = EDGE_CURVE ( 'NONE', #2561, #4077, #692, .T. ) ;
#1445 = CARTESIAN_POINT ( 'NONE',  ( 0.3513526220000000033, 0.3112646142233334579, -0.1050499999987500044 ) ) ;
#1446 = DIRECTION ( 'NONE',  ( -0.000000000000000000, -0.000000000000000000, -1.000000000000000000 ) ) ;
#1447 = ORIENTED_EDGE ( 'NONE', *, *, #5269, .T. ) ;
#1448 = CARTESIAN_POINT ( 'NONE',  ( -0.08536673374750257393, 0.2985881195745038741, 0.06000043879331965618 ) ) ;
#1449 = CARTESIAN_POINT ( 'NONE',  ( 0.001352621999999999939, -0.1944695747760036286, 0.2401041960667966990 ) ) ;
#1450 =( BOUNDED_CURVE ( )  B_SPLINE_CURVE ( 3, ( #1840, #176, #4831, #2316, #3957, #2700, #1871 ),
 .UNSPECIFIED., .F., .T. ) 
 B_SPLINE_CURVE_WITH_KNOTS ( ( 4, 3, 4 ),
 ( 0.000000000000000000, 0.5000000000000000000, 1.000000000000000000 ),
 .UNSPECIFIED. ) 
 CURVE ( )  GEOMETRIC_REPRESENTATION_ITEM ( )  RATIONAL_B_SPLINE_CURVE ( ( 1.000000000000000000, 0.8047378540760219412, 0.8047378540760219412, 1.000000000000000000, 0.8047378540760219412, 0.8047378540760219412, 1.000000000000000000 ) ) 
 REPRESENTATION_ITEM ( '' )  );
#1451 = CARTESIAN_POINT ( 'NONE',  ( 0.3110646068741892978, -0.01164005189817685082, 0.06000043879331965618 ) ) ;
#1452 =( GEOMETRIC_REPRESENTATION_CONTEXT ( 3 ) GLOBAL_UNCERTAINTY_ASSIGNED_CONTEXT ( ( #992 ) ) GLOBAL_UNIT_ASSIGNED_CONTEXT ( ( #4802, #652, #4868 ) ) REPRESENTATION_CONTEXT ( 'NONE', 'WORKASPACE' ) );
#1453 = CARTESIAN_POINT ( 'NONE',  ( 0.04383049819999999819, -0.3159035275000000031, 0.05118824680000000349 ) ) ;
#1454 = VERTEX_POINT ( 'NONE', #4376 ) ;
#1455 = PRESENTATION_LAYER_ASSIGNMENT (  '', '', ( #4524 ) ) ;
#1456 = B_SPLINE_CURVE_WITH_KNOTS ( 'NONE', 3,
 ( #2267, #5202, #3113, #220, #3951, #1938 ),
 .UNSPECIFIED., .F., .F.,
 ( 4, 2, 4 ),
 ( 0.000000000000000000, 0.5000000000000000000, 1.000000000000000000 ),
 .UNSPECIFIED. ) ;
#1457 =( GEOMETRIC_REPRESENTATION_CONTEXT ( 3 ) GLOBAL_UNCERTAINTY_ASSIGNED_CONTEXT ( ( #5010 ) ) GLOBAL_UNIT_ASSIGNED_CONTEXT ( ( #3576, #1101, #3549 ) ) REPRESENTATION_CONTEXT ( 'NONE', 'WORKASPACE' ) );
#1458 = CARTESIAN_POINT ( 'NONE',  ( 0.001352621999999998638, 0.3412646141000001965, 0.000000000000000000 ) ) ;
#1459 = CARTESIAN_POINT ( 'NONE',  ( 0.04297952630000000107, -0.3095496039999999782, 0.05933362749999999269 ) ) ;
#1460 = EDGE_CURVE ( 'NONE', #1479, #1993, #3451, .T. ) ;
#1461 = COLOUR_RGB ( '',0.2980392156862745057, 0.2980392156862745057, 0.2980392156862745057 ) ;
#1462 = CARTESIAN_POINT ( 'NONE',  ( -0.3009015251000000113, 0.1049515916000000049, 0.05371144409999999841 ) ) ;
#1463 = CARTESIAN_POINT ( 'NONE',  ( -0.3001658930000000169, 0.07784074489999999458, 0.05999716119999999597 ) ) ;
#1464 = CARTESIAN_POINT ( 'NONE',  ( 0.01468595540000000067, -0.3187353859000000011, 0.05000000000000003053 ) ) ;
#1465 = CARTESIAN_POINT ( 'NONE',  ( -0.01198071130000000033, -0.3187353859000000011, 0.05000000000000000278 ) ) ;
#1466 = CARTESIAN_POINT ( 'NONE',  ( -0.3486473780000000078, -0.1787353858986773791, -0.0001000000022499994944 ) ) ;
#1467 = CARTESIAN_POINT ( 'NONE',  ( -0.03968284957590726553, 0.3076628020144152598, 0.06000181326483916555 ) ) ;
#1468 = CARTESIAN_POINT ( 'NONE',  ( 0.08812739830000000663, -0.2962489043999999572, 0.05999996820000000342 ) ) ;
#1469 = CARTESIAN_POINT ( 'NONE',  ( -0.2978208022000000121, -0.1013655347000000095, 0.05809689739999999991 ) ) ;
#1470 = CARTESIAN_POINT ( 'NONE',  ( 0.2799665776420309227, -0.1335831134677650245, 0.06000143354000778140 ) ) ;
#1471 = FACE_OUTER_BOUND ( 'NONE', #2884, .T. ) ;
#1472 = CARTESIAN_POINT ( 'NONE',  ( 0.2151973196338011485, -0.1851005834639271597, -0.1050000000000000377 ) ) ;
#1473 = SURFACE_STYLE_USAGE ( .BOTH. , #5252 ) ;
#1474 = CARTESIAN_POINT ( 'NONE',  ( -0.05426566975083149669, -0.3038636267267224023, 0.06000020349665982633 ) ) ;
#1475 = CARTESIAN_POINT ( 'NONE',  ( 0.02135262195543793581, 0.3512646140999999278, 0.000000000000000000 ) ) ;
#1476 = CARTESIAN_POINT ( 'NONE',  ( -0.1906473780000000062, 0.2572646141000000108, 0.05000000000000000278 ) ) ;
#1477 = CARTESIAN_POINT ( 'NONE',  ( 0.2896109842000000323, -0.1382509567999999911, 0.05118824680000000349 ) ) ;
#1478 =( LENGTH_UNIT ( ) NAMED_UNIT ( * ) SI_UNIT ( .CENTI., .METRE. ) );
#1479 = VERTEX_POINT ( 'NONE', #3178 ) ;
#1480 = CARTESIAN_POINT ( 'NONE',  ( 0.6815422078377895154, -0.3388301787688945410, -0.0001150501381899548452 ) ) ;
#1481 = CARTESIAN_POINT ( 'NONE',  ( 0.001352622000000000156, -0.3175253757000000010, 0.05495180240000000632 ) ) ;
#1482 = CARTESIAN_POINT ( 'NONE',  ( 0.1382274266999999890, 0.2820334439999999665, 0.05980818360000000194 ) ) ;
#1483 = CARTESIAN_POINT ( 'NONE',  ( -0.3004322086999999808, -0.1022613664000000117, 0.05495180240000000632 ) ) ;
#1484 = CARTESIAN_POINT ( 'NONE',  ( -0.05472244409999999643, 0.3088987706999999916, 0.05980818360000000194 ) ) ;
#1485 = CARTESIAN_POINT ( 'NONE',  ( 0.02886091030000000057, 0.3204376112000000276, 0.05000000000000003053 ) ) ;
#1486 = CARTESIAN_POINT ( 'NONE',  ( -0.1186473779866666217, 0.3512646140999999833, -0.1050499999987498934 ) ) ;
#1487 = CARTESIAN_POINT ( 'NONE',  ( 0.3072603161236445724, 0.2711874383350021955, 0.000000000000000000 ) ) ;
#1488 = FACE_OUTER_BOUND ( 'NONE', #417, .T. ) ;
#1489 = CARTESIAN_POINT ( 'NONE',  ( 0.1204244314476555777, 0.2878817889483005765, 0.06000020349665982633 ) ) ;
#1490 = VECTOR ( 'NONE', #4539, 100.0000000000000000 ) ;
#1491 = CARTESIAN_POINT ( 'NONE',  ( -0.1546438528000000090, 0.2779038772000000379, 0.05711929249999999486 ) ) ;
#1492 = CARTESIAN_POINT ( 'NONE',  ( 0.3042529314525222461, 0.06509988443790012957, 0.06000143354000778140 ) ) ;
#1493 = CARTESIAN_POINT ( 'NONE',  ( -0.1853140446833333177, -0.3487353858999999723, -0.1051000000000000267 ) ) ;
#1494 = EDGE_CURVE ( 'NONE', #94, #2219, #4994, .T. ) ;
#1495 = CARTESIAN_POINT ( 'NONE',  ( 0.2557158391471051617, -0.1151349677175691893, -0.1050000000000000100 ) ) ;
#1496 = FILL_AREA_STYLE_COLOUR ( '', #4255 ) ;
#1497 = CARTESIAN_POINT ( 'NONE',  ( -0.2010571985914488269, -0.2341917079215685149, 0.06000020349665982633 ) ) ;
#1498 = CARTESIAN_POINT ( 'NONE',  ( -0.3486473780000000078, -0.1787353858986773791, -0.0001000000022499994944 ) ) ;
#1499 = CARTESIAN_POINT ( 'NONE',  ( -0.3161571056000000435, 0.04110897210000000190, 0.05000000000000000278 ) ) ;
#1500 = FACE_OUTER_BOUND ( 'NONE', #2215, .T. ) ;
#1501 = CARTESIAN_POINT ( 'NONE',  ( 0.3205160714000000466, -0.02540164879999999917, 0.05118824680000000349 ) ) ;
#1502 = COLOUR_RGB ( '',0.2980392156862745057, 0.2980392156862745057, 0.2980392156862745057 ) ;
#1503 = CARTESIAN_POINT ( 'NONE',  ( -0.2349133229000000267, -0.2049311196000000446, 0.05933362749999999269 ) ) ;
#1504 = VERTEX_POINT ( 'NONE', #1930 ) ;
#1505 = CARTESIAN_POINT ( 'NONE',  ( 0.2256748370000000170, 0.2278744104000000603, 0.05614168759999999675 ) ) ;
#1506 = CARTESIAN_POINT ( 'NONE',  ( 0.2780491029999999641, -0.1463068423999999979, 0.05933362749999999269 ) ) ;
#1507 = CARTESIAN_POINT ( 'NONE',  ( -0.2238669576999999800, -0.2262516980000000011, 0.05371144409999999841 ) ) ;
#1508 = CARTESIAN_POINT ( 'NONE',  ( -0.03994258130000000184, -0.3070729036999999551, 0.05999716119999999597 ) ) ;
#1509 = CARTESIAN_POINT ( 'NONE',  ( 0.2424485124999999908, -0.2091463447999999947, 0.05000000000000003053 ) ) ;
#1510 = CARTESIAN_POINT ( 'NONE',  ( -0.3386473781199999533, -0.2287353860499999614, -0.1050500000000000184 ) ) ;
#1511 = CARTESIAN_POINT ( 'NONE',  ( 0.001352621899999999905, 0.3212646141000000122, 0.04000000000000000083 ) ) ;
#1512 = CARTESIAN_POINT ( 'NONE',  ( -0.3069731197382083998, -0.02449615315633146134, 0.06000181326483916555 ) ) ;
#1513 = CARTESIAN_POINT ( 'NONE',  ( -0.1986473780666667133, 0.3512646140999999833, -0.1050499999987500044 ) ) ;
#1514 = CARTESIAN_POINT ( 'NONE',  ( 0.001352622000000000156, -0.3086453009999999830, 0.05999996820000000342 ) ) ;
#1515 = CARTESIAN_POINT ( 'NONE',  ( 0.001352622000000000156, -0.3157578978999999730, 0.05711929249999999486 ) ) ;
#1516 = B_SPLINE_CURVE_WITH_KNOTS ( 'NONE', 3,
 ( #2212, #3060, #2553, #3026 ),
 .UNSPECIFIED., .F., .F.,
 ( 4, 4 ),
 ( 0.000000000000000000, 1.000000000000000000 ),
 .UNSPECIFIED. ) ;
#1517 = CARTESIAN_POINT ( 'NONE',  ( 0.1368857712745943367, -0.2767521025152818726, 0.06000143354000778140 ) ) ;
#1518 = CARTESIAN_POINT ( 'NONE',  ( 0.2311351280074349646, -0.1987353858999999778, -0.1050500000000000184 ) ) ;
#1519 = CARTESIAN_POINT ( 'NONE',  ( -0.1665672564358039454, -0.3187426453040493879, 0.000000000000000000 ) ) ;
#1520 = FACE_OUTER_BOUND ( 'NONE', #1169, .T. ) ;
#1521 = CARTESIAN_POINT ( 'NONE',  ( -0.2553140447899999166, -0.3387353860200000288, -0.1051000000000000267 ) ) ;
#1522 = CARTESIAN_POINT ( 'NONE',  ( -0.04112525409999999437, -0.3159035275000000031, 0.05118824680000000349 ) ) ;
#1523 = COLOUR_RGB ( '',0.2980392156862745057, 0.2980392156862745057, 0.2980392156862745057 ) ;
#1524 =( NAMED_UNIT ( * ) SI_UNIT ( $, .STERADIAN. ) SOLID_ANGLE_UNIT ( ) );
#1525 = CARTESIAN_POINT ( 'NONE',  ( 0.1933526220000000018, 0.2572646141000000108, 0.05118824680000000349 ) ) ;
#1526 = ORIENTED_EDGE ( 'NONE', *, *, #2418, .F. ) ;
#1527 = CARTESIAN_POINT ( 'NONE',  ( -0.3025878201000000156, 0.07845583750000000023, 0.05933362749999999269 ) ) ;
#1528 = ORIENTED_EDGE ( 'NONE', *, *, #4246, .T. ) ;
#1529 = CARTESIAN_POINT ( 'NONE',  ( -0.1469316492000001806, -0.3287353859000000655, -0.1050999999999999851 ) ) ;
#1530 = CARTESIAN_POINT ( 'NONE',  ( 0.01463553829999999882, -0.3175253757000000010, 0.05495180240000000632 ) ) ;
#1531 = CARTESIAN_POINT ( 'NONE',  ( 0.07310186420000000518, -0.3044640914000000809, 0.05933362749999999269 ) ) ;
#1532 = CARTESIAN_POINT ( 'NONE',  ( -0.01195095089999999999, -0.3180211374999999951, 0.05371144409999999841 ) ) ;
#1533 = CARTESIAN_POINT ( 'NONE',  ( -0.1186970841000000026, -0.2877064512999999990, 0.05980818360000000194 ) ) ;
#1534 = CARTESIAN_POINT ( 'NONE',  ( 0.3213526219999999767, -0.01206871919999999952, 0.05000000000000003053 ) ) ;
#1536 = CARTESIAN_POINT ( 'NONE',  ( 0.001352621899999999905, 0.3212646141000000122, 0.05000000000000000278 ) ) ;
#1535 = SURFACE_STYLE_USAGE ( .BOTH. , #4066 ) ;
#1537 = CARTESIAN_POINT ( 'NONE',  ( -0.1842235363425736294, 0.2486994919552960870, 0.06000143353988593442 ) ) ;
#1538 = CARTESIAN_POINT ( 'NONE',  ( 0.2198888128291853761, 0.2220293818373388628, 0.06000020349665982633 ) ) ;
#1539 = CARTESIAN_POINT ( 'NONE',  ( -0.07118212869999999970, -0.3078112002000000236, 0.05711929249999999486 ) ) ;
#1540 = CARTESIAN_POINT ( 'NONE',  ( 0.2742587371846098576, 0.1468145422764470798, 0.06000143354000778140 ) ) ;
#1541 = COLOUR_RGB ( '',0.2980392156862745057, 0.2980392156862745057, 0.2980392156862745057 ) ;
#1542 = FACE_OUTER_BOUND ( 'NONE', #2910, .T. ) ;
#1543 = CARTESIAN_POINT ( 'NONE',  ( -0.01197160769999999937, -0.3185168992999999893, 0.05247108570000000305 ) ) ;
#1544 = DIRECTION ( 'NONE',  ( 0.000000000000000000, 0.000000000000000000, 1.000000000000000000 ) ) ;
#1545 = CARTESIAN_POINT ( 'NONE',  ( -0.3015776734000000237, -0.1026543130999999914, 0.05000000000000000278 ) ) ;
#1546 = EDGE_LOOP ( 'NONE', ( #1923, #2052, #5143, #2989, #2024, #2103, #1698, #2726 ) ) ;
#1547 = CARTESIAN_POINT ( 'NONE',  ( 0.1588142220000000326, 0.2805020840999999931, 0.05118824680000000349 ) ) ;
#1548 = ORIENTED_EDGE ( 'NONE', *, *, #1198, .T. ) ;
#1549 = CARTESIAN_POINT ( 'NONE',  ( -0.2035257501000000135, -0.2370632881000000192, 0.05933362749999999269 ) ) ;
#1550 = ORIENTED_EDGE ( 'NONE', *, *, #4827, .T. ) ;
#1551 = CARTESIAN_POINT ( 'NONE',  ( 0.001352621999999999722, 0.08611255864808928240, 0.3256094160257451131 ) ) ;
#1552 = EDGE_CURVE ( 'NONE', #2580, #4582, #624, .T. ) ;
#1553 = CARTESIAN_POINT ( 'NONE',  ( 0.3201426118999999848, 0.01454753039999999963, 0.05495180240000000632 ) ) ;
#1554 = CARTESIAN_POINT ( 'NONE',  ( 0.1052134131000000000, 0.2976274512000000039, 0.05933362749999999269 ) ) ;
#1555 = EDGE_CURVE ( 'NONE', #1083, #3328, #359, .T. ) ;
#1556 = CARTESIAN_POINT ( 'NONE',  ( -0.1902188288999999977, -0.2541639871999999967, 0.05371144409999999841 ) ) ;
#1557 = CARTESIAN_POINT ( 'NONE',  ( -0.05472244409999999643, -0.3063695424999999806, 0.05980818360000000194 ) ) ;
#1558 = CARTESIAN_POINT ( 'NONE',  ( 0.3213526219999999767, 0.001264614099999999876, 0.05000000000000003053 ) ) ;
#1559 = FILL_AREA_STYLE ('',( #4481 ) ) ;
#1560 = CARTESIAN_POINT ( 'NONE',  ( -0.3053755527085669219, 0.03975599291633842569, 0.06000181326483916555 ) ) ;
#1561 = CARTESIAN_POINT ( 'NONE',  ( -0.1786473780000000788, 0.3112646140999998923, -0.1051000000000000129 ) ) ;
#1562 = EDGE_CURVE ( 'NONE', #694, #4106, #1691, .T. ) ;
#1563 = CARTESIAN_POINT ( 'NONE',  ( 0.2985022645826873600, -0.08731565277258793167, 0.06000020349665982633 ) ) ;
#1564 = CARTESIAN_POINT ( 'NONE',  ( -0.02589971129999999941, -0.3149385899000000100, 0.05711929249999999486 ) ) ;
#1565 = CARTESIAN_POINT ( 'NONE',  ( 0.01424650990359373204, -0.3081886943890281283, 0.06000105381499362678 ) ) ;
#1566 = CARTESIAN_POINT ( 'NONE',  ( -0.3286473779999999900, -0.3487353858999999723, 0.000000000000000000 ) ) ;
#1567 = CARTESIAN_POINT ( 'NONE',  ( 0.3513526219999999478, -0.3287353858946666096, -0.1051000000000000267 ) ) ;
#1568 = PRESENTATION_STYLE_ASSIGNMENT (( #246 ) ) ;
#1569 = CARTESIAN_POINT ( 'NONE',  ( -0.02613688439999999752, -0.3176904610000000351, 0.05247108570000000305 ) ) ;
#1570 = SURFACE_STYLE_FILL_AREA ( #383 ) ;
#1571 = CARTESIAN_POINT ( 'NONE',  ( -0.08824737800000000132, 0.3084646140999999786, 0.05000000000000000278 ) ) ;
#1573 = VERTEX_POINT ( 'NONE', #1763 ) ;
#1572 = CARTESIAN_POINT ( 'NONE',  ( -0.1786473779999999956, -0.3487353858999999723, -9.999999999999999124E-05 ) ) ;
#1574 = PLANE ( 'NONE',  #2174 ) ;
#1575 = CARTESIAN_POINT ( 'NONE',  ( 0.2578210026000000155, -0.1915320332000000070, 0.05000000000000000278 ) ) ;
#1576 = ORIENTED_EDGE ( 'NONE', *, *, #4933, .T. ) ;
#1577 = CARTESIAN_POINT ( 'NONE',  ( -0.1366077697000000202, 0.2842602893999999769, 0.05885548650000001214 ) ) ;
#1578 = EDGE_LOOP ( 'NONE', ( #2523, #3504, #4884, #2861 ) ) ;
#1579 =( BOUNDED_CURVE ( )  B_SPLINE_CURVE ( 3, ( #4689, #2211, #3832, #3923 ),
 .UNSPECIFIED., .F., .F. ) 
 B_SPLINE_CURVE_WITH_KNOTS ( ( 4, 4 ),
 ( 0.000000000000000000, 1.000000000000000000 ),
 .UNSPECIFIED. ) 
 CURVE ( )  GEOMETRIC_REPRESENTATION_ITEM ( )  RATIONAL_B_SPLINE_CURVE ( ( 1.000000000000000000, 0.8047378540336930230, 0.8047378540336930230, 1.000000000000000000 ) ) 
 REPRESENTATION_ITEM ( '' )  );
#1580 = PRESENTATION_STYLE_ASSIGNMENT (( #4113 ) ) ;
#1581 = PRESENTATION_LAYER_ASSIGNMENT (  '', '', ( #4399 ) ) ;
#1582 = CARTESIAN_POINT ( 'NONE',  ( 0.2572485585000000019, -0.1911017060000000101, 0.05371144409999999841 ) ) ;
#1583 = CARTESIAN_POINT ( 'NONE',  ( 0.2936415587999999799, 0.1148667918999999871, 0.05933362749999999269 ) ) ;
#1584 = CARTESIAN_POINT ( 'NONE',  ( -0.3159403191999999860, -0.03855253930000000079, 0.05247108570000000305 ) ) ;
#1585 = CARTESIAN_POINT ( 'NONE',  ( -0.1191713643000000128, 0.2913773170999999773, 0.05933362749999999269 ) ) ;
#1586 = CARTESIAN_POINT ( 'NONE',  ( 0.1073366220000000065, 0.3036859473999999892, 0.05000000000000003053 ) ) ;
#1587 = SURFACE_STYLE_FILL_AREA ( #2031 ) ;
#1588 = ADVANCED_FACE ( 'NONE', ( #3042, #4741 ), #3006, .T. ) ;
#1589 = CARTESIAN_POINT ( 'NONE',  ( -0.2912911886990141030, -0.09912557911449758341, 0.06000181326483916555 ) ) ;
#1590 = FILL_AREA_STYLE_COLOUR ( '', #3449 ) ;
#1591 = CARTESIAN_POINT ( 'NONE',  ( 0.02799353229999999859, 0.3103736029999999979, 0.05999996820000000342 ) ) ;
#1592 = CARTESIAN_POINT ( 'NONE',  ( -0.04086157130000000332, 0.3164639241999999686, 0.05614168759999999675 ) ) ;
#1593 = CARTESIAN_POINT ( 'NONE',  ( -0.3060473477372876450, 0.03984029659632171150, 0.06000020349665982633 ) ) ;
#1594 = CARTESIAN_POINT ( 'NONE',  ( 0.2852741046790964741, 0.1249783696295322377, 0.06000105381499362678 ) ) ;
#1595 = CARTESIAN_POINT ( 'NONE',  ( -0.1186473778649999866, -0.3387353859737130546, -0.1050500000000000184 ) ) ;
#1596 = UNCERTAINTY_MEASURE_WITH_UNIT (LENGTH_MEASURE( 1.000000000000000082E-05 ), #742, 'distance_accuracy_value', 'NONE');
#1597 = ADVANCED_FACE ( 'NONE', ( #388 ), #4728, .T. ) ;
#1598 =( NAMED_UNIT ( * ) PLANE_ANGLE_UNIT ( ) SI_UNIT ( $, .RADIAN. ) );
#1599 = FILL_AREA_STYLE ('',( #324 ) ) ;
#1600 =( NAMED_UNIT ( * ) PLANE_ANGLE_UNIT ( ) SI_UNIT ( $, .RADIAN. ) );
#1601 = CARTESIAN_POINT ( 'NONE',  ( -0.2810003191000000067, -0.1493236212000000063, 0.05118824680000000349 ) ) ;
#1602 = CARTESIAN_POINT ( 'NONE',  ( -0.2286473781500000246, -0.2687353859799999634, -0.1050500000000000184 ) ) ;
#1603 = CARTESIAN_POINT ( 'NONE',  ( 0.2651927293586575085, -0.09268111889333013886, -0.1050000000000000100 ) ) ;
#1605 = VERTEX_POINT ( 'NONE', #1364 ) ;
#1604 = CARTESIAN_POINT ( 'NONE',  ( 0.2450092496865421410, 0.06632616265062769856, -0.1051000000000000267 ) ) ;
#1606 = B_SPLINE_CURVE_WITH_KNOTS ( 'NONE', 3,
 ( #4872, #219, #1914, #3573 ),
 .UNSPECIFIED., .F., .F.,
 ( 4, 4 ),
 ( 0.000000000000000000, 1.000000000000000000 ),
 .UNSPECIFIED. ) ;
#1607 = EDGE_CURVE ( 'NONE', #3415, #1479, #425, .T. ) ;
#1608 =( NAMED_UNIT ( * ) PLANE_ANGLE_UNIT ( ) SI_UNIT ( $, .RADIAN. ) );
#1609 = CARTESIAN_POINT ( 'NONE',  ( 0.3147380263999999817, 0.06730958449999999149, 0.05000000000000000278 ) ) ;
#1610 = ORIENTED_EDGE ( 'NONE', *, *, #2793, .T. ) ;
#1611 = CARTESIAN_POINT ( 'NONE',  ( -0.07068109710000000656, 0.3082054967999999784, 0.05885548650000001214 ) ) ;
#1612 = VECTOR ( 'NONE', #399, 100.0000000000000000 ) ;
#1613 = VERTEX_POINT ( 'NONE', #3954 ) ;
#1614 = VERTEX_POINT ( 'NONE', #1048 ) ;
#1615 = CARTESIAN_POINT ( 'NONE',  ( 0.2265722017999999838, 0.2287809262999999926, 0.05371144409999999841 ) ) ;
#1616 = CARTESIAN_POINT ( 'NONE',  ( 0.1556597470999999955, 0.2749080369999999940, 0.05933362749999999269 ) ) ;
#1617 = CARTESIAN_POINT ( 'NONE',  ( -0.2549406493999999967, 0.1939296254999999802, 0.05247108570000000305 ) ) ;
#1618 = CARTESIAN_POINT ( 'NONE',  ( -0.01166218309999999918, -0.3110907091999999818, 0.05980818360000000194 ) ) ;
#1619 = FACE_OUTER_BOUND ( 'NONE', #1546, .T. ) ;
#1621 =( LENGTH_UNIT ( ) NAMED_UNIT ( * ) SI_UNIT ( .CENTI., .METRE. ) );
#1620 = SURFACE_STYLE_FILL_AREA ( #1091 ) ;
#1622 = CARTESIAN_POINT ( 'NONE',  ( -0.2316768005649548767, 0.2046357466966443883, 0.06000143353988593442 ) ) ;
#1623 = CARTESIAN_POINT ( 'NONE',  ( 0.3513526220000000033, -0.1987353859250000354, -0.1050499999987500044 ) ) ;
#1624 = CARTESIAN_POINT ( 'NONE',  ( 0.2748025471000000164, -0.1445753459000000130, 0.05999996820000000342 ) ) ;
#1625 = EDGE_CURVE ( 'NONE', #3378, #4279, #2463, .T. ) ;
#1626 = CARTESIAN_POINT ( 'NONE',  ( -0.3100874323000000210, 0.06689960820000000197, 0.05614168759999999675 ) ) ;
#1627 = CARTESIAN_POINT ( 'NONE',  ( -0.2919321361650655255, -0.09934545331852390193, 0.06000020349665982633 ) ) ;
#1628 = CARTESIAN_POINT ( 'NONE',  ( 0.1536245377921120758, 0.2712988608524324330, 0.06000105381499362678 ) ) ;
#1629 = CARTESIAN_POINT ( 'NONE',  ( 0.3513526219999999478, -0.1387353859066666473, -0.1051000000000000267 ) ) ;
#1630 = COLOUR_RGB ( '',0.2980392156862745057, 0.2980392156862745057, 0.2980392156862745057 ) ;
#1631 = DIRECTION ( 'NONE',  ( 0.000000000000000000, -1.000000000000000000, 0.000000000000000000 ) ) ;
#1632 = B_SPLINE_CURVE_WITH_KNOTS ( 'NONE', 3,
 ( #1836, #441, #2154, #3413, #527, #2213 ),
 .UNSPECIFIED., .F., .F.,
 ( 4, 2, 4 ),
 ( 0.000000000000000000, 0.5000000000000000000, 1.000000000000000000 ),
 .UNSPECIFIED. ) ;
#1633 = CARTESIAN_POINT ( 'NONE',  ( 0.2196566914813605498, -0.1250034148049304628, -0.1051000000000000129 ) ) ;
#1634 = CARTESIAN_POINT ( 'NONE',  ( -0.6593632814000006670, 0.3316225658000003240, 0.01170255740000000592 ) ) ;
#1635 = CARTESIAN_POINT ( 'NONE',  ( 0.001352622000000000156, -0.3185168992999999893, 0.05247108570000000305 ) ) ;
#1636 = PRESENTATION_LAYER_ASSIGNMENT (  '', '', ( #4531 ) ) ;
#1637 = CARTESIAN_POINT ( 'NONE',  ( -0.2819807114299999751, -0.3387353860200000288, -0.1051000000000000267 ) ) ;
#1638 = CARTESIAN_POINT ( 'NONE',  ( 0.2313526221500000479, 0.2945979475266665704, -0.1051000000000000267 ) ) ;
#1640 = ORIENTED_EDGE ( 'NONE', *, *, #2854, .F. ) ;
#1639 = DIRECTION ( 'NONE',  ( 0.000000000000000000, 0.000000000000000000, 1.000000000000000000 ) ) ;
#1641 = CARTESIAN_POINT ( 'NONE',  ( 0.3042829175000000275, 0.1051835413999999969, 0.05000000000000000278 ) ) ;
#1642 = VERTEX_POINT ( 'NONE', #3524 ) ;
#1643 =( GEOMETRIC_REPRESENTATION_CONTEXT ( 3 ) GLOBAL_UNCERTAINTY_ASSIGNED_CONTEXT ( ( #649 ) ) GLOBAL_UNIT_ASSIGNED_CONTEXT ( ( #763, #5291, #2406 ) ) REPRESENTATION_CONTEXT ( 'NONE', 'WORKASPACE' ) );
#1644 = CARTESIAN_POINT ( 'NONE',  ( -0.3018605072541798995, -0.06263658191969395661, 0.06000067408997947910 ) ) ;
#1645 = ORIENTED_EDGE ( 'NONE', *, *, #2244, .F. ) ;
#1646 = CARTESIAN_POINT ( 'NONE',  ( -0.1469316492000001806, -0.3287353859000000655, -0.0001000000000000000048 ) ) ;
#1647 = EDGE_LOOP ( 'NONE', ( #4608, #1137, #3865, #357 ) ) ;
#1648 = CARTESIAN_POINT ( 'NONE',  ( 0.2889675839999999996, 0.1404687825999999806, 0.05371144409999999841 ) ) ;
#1649 = CARTESIAN_POINT ( 'NONE',  ( 0.2890688925000000076, 0.1266318811999999905, 0.05933362749999999269 ) ) ;
#1650 = CARTESIAN_POINT ( 'NONE',  ( -0.1355221825999999852, 0.2820334439999999665, 0.05980818360000000194 ) ) ;
#1651 = CARTESIAN_POINT ( 'NONE',  ( -0.3486473779999999523, 0.3212646140295665198, -5.000000124999707683E-05 ) ) ;
#1652 = CARTESIAN_POINT ( 'NONE',  ( 0.3513526220000000033, -0.3287353859000000100, -0.1051000000000000267 ) ) ;
#1653 = CARTESIAN_POINT ( 'NONE',  ( -0.02523530741911107073, -0.3072296497877764487, 0.06000143353988593442 ) ) ;
#1654 = SURFACE_STYLE_FILL_AREA ( #4045 ) ;
#1655 = CARTESIAN_POINT ( 'NONE',  ( 0.2207914112000000095, -0.2204119565000000058, 0.05999716119999999597 ) ) ;
#1656 = CARTESIAN_POINT ( 'NONE',  ( -0.05587761679999999481, 0.3152361790000000052, 0.05495180240000000632 ) ) ;
#1657 = CARTESIAN_POINT ( 'NONE',  ( -0.1680106972697116841, -0.2589765839128713720, 0.06000020349665982633 ) ) ;
#1658 = CARTESIAN_POINT ( 'NONE',  ( 0.01424650990359373204, 0.3107179225890281393, 0.06000105381499362678 ) ) ;
#1659 = FILL_AREA_STYLE_COLOUR ( '', #1541 ) ;
#1660 = SURFACE_STYLE_FILL_AREA ( #1599 ) ;
#1661 = CARTESIAN_POINT ( 'NONE',  ( -0.07181338819999999457, -0.3105010427000000628, 0.05247108570000000305 ) ) ;
#1662 = CARTESIAN_POINT ( 'NONE',  ( 0.3353104869114357234, 0.3390405067662798366, -0.1051000000000000545 ) ) ;
#1663 = LINE ( 'NONE', #2929, #4272 ) ;
#1665 = ORIENTED_EDGE ( 'NONE', *, *, #42, .T. ) ;
#1664 = CARTESIAN_POINT ( 'NONE',  ( -0.3486473780000000078, -0.1820687192039021629, -9.999999999999999124E-05 ) ) ;
#1666 = ADVANCED_FACE ( 'NONE', ( #1811 ), #3874, .F. ) ;
#1667 = COLOUR_RGB ( '',0.2980392156862745057, 0.2980392156862745057, 0.2980392156862745057 ) ;
#1668 = CARTESIAN_POINT ( 'NONE',  ( 0.1073366220000000065, 0.3036859473999999892, 0.05000000000000000278 ) ) ;
#1669 = CARTESIAN_POINT ( 'NONE',  ( 0.2713526220799999944, 0.2312646142500000002, -0.1050500000000000184 ) ) ;
#1670 = B_SPLINE_CURVE_WITH_KNOTS ( 'NONE', 3,
 ( #3886, #5159, #848, #429 ),
 .UNSPECIFIED., .F., .F.,
 ( 4, 4 ),
 ( 0.000000000000000000, 1.000000000000000000 ),
 .UNSPECIFIED. ) ;
#1671 = ORIENTED_EDGE ( 'NONE', *, *, #2526, .F. ) ;
#1672 = CARTESIAN_POINT ( 'NONE',  ( -0.2917447640951966736, -0.09928117615557170705, 0.06000067408997947910 ) ) ;
#1673 = ORIENTED_EDGE ( 'NONE', *, *, #3107, .F. ) ;
#1674 = CARTESIAN_POINT ( 'NONE',  ( 0.1071000629999999954, -0.3004817068999999785, 0.05371144409999999841 ) ) ;
#1675 = CARTESIAN_POINT ( 'NONE',  ( 0.2948004489000000117, -0.1127879826000000030, 0.05885548650000001214 ) ) ;
#1676 = SURFACE_STYLE_FILL_AREA ( #5052 ) ;
#1677 =( NAMED_UNIT ( * ) SI_UNIT ( $, .STERADIAN. ) SOLID_ANGLE_UNIT ( ) );
#1678 = EDGE_CURVE ( 'NONE', #1968, #3216, #4311, .T. ) ;
#1679 = CARTESIAN_POINT ( 'NONE',  ( -0.1341805273492535922, -0.2767521025613460806, 0.06000143353988593442 ) ) ;
#1680 = SURFACE_STYLE_FILL_AREA ( #1793 ) ;
#1681 = CARTESIAN_POINT ( 'NONE',  ( 0.2199586213999999984, 0.2220999023000000405, 0.05999996820000000342 ) ) ;
#1682 = CARTESIAN_POINT ( 'NONE',  ( -0.2229695929000000132, -0.2253451821999999938, 0.05614168759999999675 ) ) ;
#1683 = CARTESIAN_POINT ( 'NONE',  ( -0.3021512655999999963, 0.06522708660000001157, 0.05999996820000000342 ) ) ;
#1684 = CARTESIAN_POINT ( 'NONE',  ( 0.2035287835741278473, -0.2339199004096956525, 0.06000105381499362678 ) ) ;
#1685 = CARTESIAN_POINT ( 'NONE',  ( 0.3513526220000000033, -0.1887353858117065131, -4.999999999999858616E-05 ) ) ;
#1686 = CARTESIAN_POINT ( 'NONE',  ( -0.1386473780066666273, -0.3487353859000000278, -0.1051000000000000267 ) ) ;
#1687 = CARTESIAN_POINT ( 'NONE',  ( 0.3168913978000000298, 0.04086163699999999926, 0.05614168759999999675 ) ) ;
#1688 = CARTESIAN_POINT ( 'NONE',  ( -0.3059178235402963963, -0.03894332948622166585, 0.06000159336304370511 ) ) ;
#1689 = CARTESIAN_POINT ( 'NONE',  ( 0.001352621999999998638, -0.3187353859000000011, 0.03999999999999998695 ) ) ;
#1690 = CARTESIAN_POINT ( 'NONE',  ( -0.2875044084999999749, 0.1271289472000000087, 0.05885548650000001214 ) ) ;
#1691 = B_SPLINE_CURVE_WITH_KNOTS ( 'NONE', 3,
 ( #2280, #3538, #3127, #5121 ),
 .UNSPECIFIED., .F., .F.,
 ( 4, 4 ),
 ( 0.000000000000000000, 1.000000000000000000 ),
 .UNSPECIFIED. ) ;
#1692 = CARTESIAN_POINT ( 'NONE',  ( 0.3414605865411567964, 0.3338282779012305412, -0.1051000000000000545 ) ) ;
#1693 = CARTESIAN_POINT ( 'NONE',  ( -0.04112525409999999437, -0.3159035275000000031, 0.05000000000000000278 ) ) ;
#1694 = VERTEX_POINT ( 'NONE', #4955 ) ;
#1695 = STYLED_ITEM ( 'NONE', ( #1337 ), #1842 ) ;
#1696 = CARTESIAN_POINT ( 'NONE',  ( 0.01468595540000000067, -0.3187353859000000011, 0.05000000000000000278 ) ) ;
#1697 = FILL_AREA_STYLE ('',( #2883 ) ) ;
#1698 = ORIENTED_EDGE ( 'NONE', *, *, #2295, .F. ) ;
#1699 = CARTESIAN_POINT ( 'NONE',  ( -0.2604078663838428342, 0.1683913652792360105, 0.06000067408997947910 ) ) ;
#1700 = CARTESIAN_POINT ( 'NONE',  ( 0.3513526219999999478, -0.2320687191587710585, 0.000000000000000000 ) ) ;
#1701 = B_SPLINE_CURVE_WITH_KNOTS ( 'NONE', 3,
 ( #658, #2313, #222, #4027 ),
 .UNSPECIFIED., .F., .F.,
 ( 4, 4 ),
 ( 0.000000000000000000, 1.000000000000000000 ),
 .UNSPECIFIED. ) ;
#1702 = ORIENTED_EDGE ( 'NONE', *, *, #2334, .T. ) ;
#1703 = CARTESIAN_POINT ( 'NONE',  ( 0.1410471120000000023, 0.2878174139999999936, 0.05495180240000000632 ) ) ;
#1704 = CARTESIAN_POINT ( 'NONE',  ( 0.1909714825999999921, -0.2515605333000000554, 0.05809689739999999991 ) ) ;
#1705 = LINE ( 'NONE', #3727, #2014 ) ;
#1706 = CARTESIAN_POINT ( 'NONE',  ( -0.2772613335881939367, 0.1361123416379046991, 0.06000143353988593442 ) ) ;
#1707 = FACE_OUTER_BOUND ( 'NONE', #5444, .T. ) ;
#1708 = CARTESIAN_POINT ( 'NONE',  ( 0.05698868039999999829, 0.3064903241999999972, 0.05999996820000000342 ) ) ;
#1709 = CARTESIAN_POINT ( 'NONE',  ( -0.1906473780000000062, -0.2547353858999999998, 0.05000000000000000278 ) ) ;
#1710 = CARTESIAN_POINT ( 'NONE',  ( -0.2904228652999999993, -0.1258713847999999857, 0.05614168759999999675 ) ) ;
#1711 = CARTESIAN_POINT ( 'NONE',  ( -0.2470289219000000036, 0.1879820909000000095, 0.05999996820000000342 ) ) ;
#1712 = CARTESIAN_POINT ( 'NONE',  ( 0.1871204339168882624, 0.2489550299390860255, 0.06000067408997947910 ) ) ;
#1713 = CARTESIAN_POINT ( 'NONE',  ( -0.1286473780316265692, -0.3487353859000000278, -5.000000124997849632E-05 ) ) ;
#1714 = MECHANICAL_DESIGN_GEOMETRIC_PRESENTATION_REPRESENTATION (  '', ( #3110 ), #4795 ) ;
#1715 = SURFACE_SIDE_STYLE ('',( #5035 ) ) ;
#1716 = CARTESIAN_POINT ( 'NONE',  ( 0.3168913978000000298, -0.03833240870000000078, 0.05614168759999999675 ) ) ;
#1717 = CARTESIAN_POINT ( 'NONE',  ( -0.3037929070000000009, -0.07623266310000000046, 0.05885548650000001214 ) ) ;
#1718 = CARTESIAN_POINT ( 'NONE',  ( 0.001352621999999996253, -0.3387353859111111309, 0.000000000000000000 ) ) ;
#1720 = ORIENTED_EDGE ( 'NONE', *, *, #851, .F. ) ;
#1719 = CARTESIAN_POINT ( 'NONE',  ( -0.3486473780000000078, 0.1712646140425021779, 0.000000000000000000 ) ) ;
#1721 = CARTESIAN_POINT ( 'NONE',  ( -0.3486473780000000078, -0.3287353858990452737, -0.1051000000000000267 ) ) ;
#1722 = CARTESIAN_POINT ( 'NONE',  ( -0.2682832251720375094, -0.08873538590087562405, -0.1051000000000000267 ) ) ;
#1723 = CARTESIAN_POINT ( 'NONE',  ( 0.3513526219999999478, -0.1387353859066666473, -0.1051000000000000267 ) ) ;
#1724 = ORIENTED_EDGE ( 'NONE', *, *, #2697, .F. ) ;
#1725 = CARTESIAN_POINT ( 'NONE',  ( -0.1509978824305854006, -0.2689089994686117424, 0.06000067408997947910 ) ) ;
#1726 = CARTESIAN_POINT ( 'NONE',  ( 0.2948326838203654265, -0.09824149982383860447, 0.06000159667636014577 ) ) ;
#1727 = ORIENTED_EDGE ( 'NONE', *, *, #778, .T. ) ;
#1728 = CARTESIAN_POINT ( 'NONE',  ( 0.1587067118000000110, -0.2777822006999999815, 0.05247108570000000305 ) ) ;
#1729 = CARTESIAN_POINT ( 'NONE',  ( 0.3149246676999999939, -0.03808560339999999406, 0.05809689739999999991 ) ) ;
#1730 = ADVANCED_FACE ( 'NONE', ( #1542 ), #1156, .F. ) ;
#1731 = CARTESIAN_POINT ( 'NONE',  ( -0.08529430438085452981, 0.2983397902579540961, 0.06000105381493271023 ) ) ;
#1732 = EDGE_CURVE ( 'NONE', #4196, #2857, #4107, .T. ) ;
#1733 = CARTESIAN_POINT ( 'NONE',  ( 0.01431472760000000038, 0.3123551454999999866, 0.05999716119999999597 ) ) ;
#1734 = CARTESIAN_POINT ( 'NONE',  ( -0.1561089779000000011, -0.2779728558999999821, 0.05000000000000000278 ) ) ;
#1735 = CARTESIAN_POINT ( 'NONE',  ( -0.2858157540999999857, 0.1402526374000000187, 0.05495180240000000632 ) ) ;
#1736 = CARTESIAN_POINT ( 'NONE',  ( -0.2958919410999999999, 0.08987317679999999587, 0.05999996820000000342 ) ) ;
#1737 = CARTESIAN_POINT ( 'NONE',  ( 0.1370257429742023636, 0.2795684521941829148, 0.06000067408997947910 ) ) ;
#1738 = CARTESIAN_POINT ( 'NONE',  ( -0.3419807113800249487, -0.1187353858866665723, -0.1051000000000000267 ) ) ;
#1739 = CARTESIAN_POINT ( 'NONE',  ( -0.3386473781199999533, -0.2287353860499999614, -0.1050500000000000184 ) ) ;
#1740 = COLOUR_RGB ( '',0.2980392156862745057, 0.2980392156862745057, 0.2980392156862745057 ) ;
#1741 = CARTESIAN_POINT ( 'NONE',  ( 0.02860495539999999975, -0.3149385899000000100, 0.05711929249999999486 ) ) ;
#1742 = CARTESIAN_POINT ( 'NONE',  ( 0.2409519019000000151, -0.2078402119999999964, 0.05614168759999999675 ) ) ;
#1743 = CARTESIAN_POINT ( 'NONE',  ( -0.2033252265529245928, -0.2314004930954713657, 0.06000158815946186885 ) ) ;
#1744 = CARTESIAN_POINT ( 'NONE',  ( -0.3069722825000000821, 0.06624310040000000455, 0.05885548650000001214 ) ) ;
#1745 = VERTEX_POINT ( 'NONE', #2848 ) ;
#1746 = CARTESIAN_POINT ( 'NONE',  ( 0.2491122068727793237, -0.1849853132323552862, 0.06000181326502192908 ) ) ;
#1748 = VERTEX_POINT ( 'NONE', #2442 ) ;
#1747 = CARTESIAN_POINT ( 'NONE',  ( -0.1703631068000000526, -0.3287353859000000655, -9.999999999999999124E-05 ) ) ;
#1749 = CARTESIAN_POINT ( 'NONE',  ( 0.3513526220000000033, -0.1387353859000000078, -0.1051000000000000267 ) ) ;
#1750 = CARTESIAN_POINT ( 'NONE',  ( -0.1986473779999999856, -0.2285178919074350168, -0.1050500000000000184 ) ) ;
#1751 = CARTESIAN_POINT ( 'NONE',  ( 0.01468595540000000067, 0.3212646141000000122, 0.05000000000000000278 ) ) ;
#1752 = ORIENTED_EDGE ( 'NONE', *, *, #2518, .F. ) ;
#1753 = CARTESIAN_POINT ( 'NONE',  ( -0.01154126580466136032, -0.3081886944146513541, 0.06000105381493271023 ) ) ;
#1754 = CARTESIAN_POINT ( 'NONE',  ( 0.3313526219946666407, 0.3512646140999999833, -0.1051000000000000267 ) ) ;
#1755 = CARTESIAN_POINT ( 'NONE',  ( 0.3110646068741892978, 0.001264614099999999876, 0.06000043879331965618 ) ) ;
#1756 = ORIENTED_EDGE ( 'NONE', *, *, #3967, .T. ) ;
#1757 = CARTESIAN_POINT ( 'NONE',  ( 0.05876086249999999678, -0.3136834876999999855, 0.05247108570000000305 ) ) ;
#1758 = CARTESIAN_POINT ( 'NONE',  ( 0.1568614197999999849, -0.2745098175999999834, 0.05809689739999999991 ) ) ;
#1759 = CARTESIAN_POINT ( 'NONE',  ( -0.3486473780000000078, -0.3287353859000000100, -0.1051000000000000267 ) ) ;
#1760 = B_SPLINE_CURVE_WITH_KNOTS ( 'NONE', 3,
 ( #4631, #436, #2120, #28 ),
 .UNSPECIFIED., .F., .F.,
 ( 4, 4 ),
 ( 0.000000000000000000, 1.000000000000000000 ),
 .UNSPECIFIED. ) ;
#1761 = CARTESIAN_POINT ( 'NONE',  ( -0.1678151865912430041, 0.2612053933038883113, 0.06000105381493271023 ) ) ;
#1762 =( NAMED_UNIT ( * ) SI_UNIT ( $, .STERADIAN. ) SOLID_ANGLE_UNIT ( ) );
#1763 = CARTESIAN_POINT ( 'NONE',  ( -0.3086473780633335329, 0.3412646142200000954, -0.1050500000000000184 ) ) ;
#1764 = CARTESIAN_POINT ( 'NONE',  ( 0.08845797080000000756, 0.2999115243000000097, 0.05999716119999999597 ) ) ;
#1765 = CARTESIAN_POINT ( 'NONE',  ( -0.3186473779999999811, -0.01206871919999999952, 0.05000000000000000278 ) ) ;
#1766 = CARTESIAN_POINT ( 'NONE',  ( -0.2535237228000000176, -0.1903352417999999990, 0.05614168759999999675 ) ) ;
#1767 = CARTESIAN_POINT ( 'NONE',  ( -0.06955476650000000371, 0.3034061207000000038, 0.05999996820000000342 ) ) ;
#1768 = EDGE_CURVE ( 'NONE', #335, #36, #1889, .T. ) ;
#1769 = CARTESIAN_POINT ( 'NONE',  ( 0.01425728809817684850, -0.3084473707741892112, 0.06000043879331965618 ) ) ;
#1770 = CARTESIAN_POINT ( 'NONE',  ( -0.3486473779999999523, -0.1187353858866665862, -0.1050499999987499627 ) ) ;
#1771 = UNCERTAINTY_MEASURE_WITH_UNIT (LENGTH_MEASURE( 1.000000000000000082E-05 ), #2388, 'distance_accuracy_value', 'NONE');
#1772 = CARTESIAN_POINT ( 'NONE',  ( -0.3486473780000000078, 0.02459794748333340303, -0.1050000000000000100 ) ) ;
#1773 = CARTESIAN_POINT ( 'NONE',  ( 0.02851975889999999736, 0.3164793018000000013, 0.05809689739999999991 ) ) ;
#1774 = CARTESIAN_POINT ( 'NONE',  ( 0.3095811781999999734, 0.07954488229999999438, 0.05614168759999999675 ) ) ;
#1775 = AXIS2_PLACEMENT_3D ( 'NONE', #629, #1019, #3949 ) ;
#1776 = CARTESIAN_POINT ( 'NONE',  ( -0.1873649823528490688, 0.2470527377454242168, 0.06000159568452602399 ) ) ;
#1777 = CARTESIAN_POINT ( 'NONE',  ( -0.2658342767999999912, 0.1718559765999999878, 0.05809689739999999991 ) ) ;
#1778 = ADVANCED_FACE ( 'NONE', ( #1520 ), #3677, .F. ) ;
#1779 = CARTESIAN_POINT ( 'NONE',  ( 0.3104865079445167098, 0.001264614099999999876, 0.06000181326502192908 ) ) ;
#1781 = ORIENTED_EDGE ( 'NONE', *, *, #1081, .F. ) ;
#1780 = LINE ( 'NONE', #1834, #5211 ) ;
#1782 =( NAMED_UNIT ( * ) PLANE_ANGLE_UNIT ( ) SI_UNIT ( $, .RADIAN. ) );
#1783 = CARTESIAN_POINT ( 'NONE',  ( -0.3354552420835580362, -0.3336342361059121964, -0.1051000000000000545 ) ) ;
#1784 = B_SPLINE_CURVE_WITH_KNOTS ( 'NONE', 3,
 ( #3230, #706, #4483, #1623 ),
 .UNSPECIFIED., .F., .F.,
 ( 4, 4 ),
 ( 0.000000000000000000, 1.000000000000000000 ),
 .UNSPECIFIED. ) ;
#1785 = VERTEX_POINT ( 'NONE', #4578 ) ;
#1786 = CARTESIAN_POINT ( 'NONE',  ( -0.01155204399817684642, 0.3109765989741892778, 0.06000043879331965618 ) ) ;
#1787 = CARTESIAN_POINT ( 'NONE',  ( -0.1186473778649999866, -0.3387353859737130546, -0.1050500000000000184 ) ) ;
#1788 = CARTESIAN_POINT ( 'NONE',  ( 0.2631967799726602220, -0.1659155575693923579, 0.06000043879331965618 ) ) ;
#1789 = EDGE_LOOP ( 'NONE', ( #3583, #2880, #4556, #3690, #3688, #4142, #303, #2392, #907, #3353 ) ) ;
#1790 = CARTESIAN_POINT ( 'NONE',  ( 0.04373568640000000118, 0.3177248280999999674, 0.05371144409999999841 ) ) ;
#1791 = CARTESIAN_POINT ( 'NONE',  ( 0.001352622000000000156, 0.3160973028999999879, 0.05885548650000001214 ) ) ;
#1792 = CARTESIAN_POINT ( 'NONE',  ( -0.1342505131743016999, -0.2768956632277644880, 0.06000105381493271023 ) ) ;
#1793 = FILL_AREA_STYLE ('',( #2973 ) ) ;
#1794 = CARTESIAN_POINT ( 'NONE',  ( 0.07281951999999999869, -0.3032610024000000348, 0.05980818360000000194 ) ) ;
#1795 = CARTESIAN_POINT ( 'NONE',  ( -0.3174373677999999810, -0.01201830210000000114, 0.05495180240000000632 ) ) ;
#1796 = CARTESIAN_POINT ( 'NONE',  ( -0.1344505992000000205, 0.2798353243999999740, 0.05999996820000000342 ) ) ;
#1797 = CARTESIAN_POINT ( 'NONE',  ( -0.1919807113666666676, 0.3512646140999999833, -0.1051000000000000267 ) ) ;
#1798 = STYLED_ITEM ( 'NONE', ( #3691 ), #4085 ) ;
#1799 = CARTESIAN_POINT ( 'NONE',  ( 0.3109656417612838841, 0.001264614099999999876, 0.06000067408997947910 ) ) ;
#1800 = B_SPLINE_CURVE_WITH_KNOTS ( 'NONE', 3,
 ( #3128, #3944, #4866, #1486 ),
 .UNSPECIFIED., .F., .F.,
 ( 4, 4 ),
 ( 0.000000000000000000, 1.000000000000000000 ),
 .UNSPECIFIED. ) ;
#1801 = FILL_AREA_STYLE_COLOUR ( '', #924 ) ;
#1802 = ADVANCED_FACE ( 'NONE', ( #1272 ), #4629, .F. ) ;
#1803 = CARTESIAN_POINT ( 'NONE',  ( 0.001352622000000000156, -0.3157578978999999730, 0.05711929249999999486 ) ) ;
#1804 = CARTESIAN_POINT ( 'NONE',  ( 0.3024024679000000271, -0.1020092330000000047, 0.05614168759999999675 ) ) ;
#1805 = CARTESIAN_POINT ( 'NONE',  ( -0.01906312505484462211, -0.3079609101250346259, 0.06000159538843202744 ) ) ;
#1806 = CARTESIAN_POINT ( 'NONE',  ( -0.1875469912000000128, -0.2506015369000000326, 0.05885548650000001214 ) ) ;
#1807 = CARTESIAN_POINT ( 'NONE',  ( 0.2741178154690214752, -0.1442101557362499009, 0.06000181326502192908 ) ) ;
#1808 = CARTESIAN_POINT ( 'NONE',  ( -0.09830839483500000697, -0.2603986842666225487, -0.1050500000000000184 ) ) ;
#1809 = CARTESIAN_POINT ( 'NONE',  ( -0.3436192069790703352, -0.3292034638908991617, -0.1051000000000000545 ) ) ;
#1810 = CARTESIAN_POINT ( 'NONE',  ( 0.3513526220000000033, -0.1854020525833333377, -0.1051000000000000267 ) ) ;
#1811 = FACE_OUTER_BOUND ( 'NONE', #3873, .T. ) ;
#1812 = ORIENTED_EDGE ( 'NONE', *, *, #590, .T. ) ;
#1813 = CARTESIAN_POINT ( 'NONE',  ( -0.05424790320166299196, -0.3037661574534447628, 0.06000043879331965618 ) ) ;
#1814 = B_SPLINE_CURVE_WITH_KNOTS ( 'NONE', 3,
 ( #328, #4931, #2420, #4607, #3269, #830, #802, #4959, #853, #5382, #5015, #4105, #2496, #2446, #411, #1604, #4581, #2019 ),
 .UNSPECIFIED., .F., .F.,
 ( 4, 2, 2, 2, 2, 2, 2, 2, 4 ),
 ( 0.000000000000000000, 0.1249999999999999722, 0.2499999999999999445, 0.3749999999999999445, 0.5000000000000000000, 0.6250000000000001110, 0.7500000000000000000, 0.8750000000000000000, 1.000000000000000000 ),
 .UNSPECIFIED. ) ;
#1815 = CARTESIAN_POINT ( 'NONE',  ( -0.09864737809555550185, 0.3412646141737130101, -0.1051000000000000267 ) ) ;
#1816 = CARTESIAN_POINT ( 'NONE',  ( 0.2036977854828976309, -0.2341164944431370076, 0.06000043879331965618 ) ) ;
#1817 = VERTEX_POINT ( 'NONE', #413 ) ;
#1818 = CARTESIAN_POINT ( 'NONE',  ( 0.1761665159999999952, -0.2673518571000000343, 0.05247108570000000305 ) ) ;
#1819 = CARTESIAN_POINT ( 'NONE',  ( 0.2849562320999999843, 0.1385273089000000069, 0.05885548650000001214 ) ) ;
#1820 = CARTESIAN_POINT ( 'NONE',  ( 0.3513526220000000588, -0.3287353858971359122, -0.0001000000029999979735 ) ) ;
#1821 = CARTESIAN_POINT ( 'NONE',  ( -0.2985790462653017951, -0.07490850804949736319, 0.06000105381493271023 ) ) ;
#1822 = CARTESIAN_POINT ( 'NONE',  ( 0.6413526221000001026, 0.3212646140999998456, 0.04000000000000000083 ) ) ;
#1823 =( GEOMETRIC_REPRESENTATION_CONTEXT ( 3 ) GLOBAL_UNCERTAINTY_ASSIGNED_CONTEXT ( ( #2632 ) ) GLOBAL_UNIT_ASSIGNED_CONTEXT ( ( #4704, #102, #3847 ) ) REPRESENTATION_CONTEXT ( 'NONE', 'WORKASPACE' ) );
#1824 = CARTESIAN_POINT ( 'NONE',  ( 0.04281571800000000261, -0.3083265028000000130, 0.05980818360000000194 ) ) ;
#1825 = CARTESIAN_POINT ( 'NONE',  ( -0.2803701000000000665, 0.1515167325000000009, 0.05371144409999999841 ) ) ;
#1826 = COLOUR_RGB ( '',0.7921568627450980005, 0.8196078431372548767, 0.9333333333333333481 ) ;
#1827 = CARTESIAN_POINT ( 'NONE',  ( -0.3073169713999999719, -0.03747039370000000008, 0.05999716119999999597 ) ) ;
#1828 = CARTESIAN_POINT ( 'NONE',  ( 0.08804426762125387718, -0.2959638848869032279, 0.06000067408997947910 ) ) ;
#1829 = UNCERTAINTY_MEASURE_WITH_UNIT (LENGTH_MEASURE( 1.000000000000000082E-05 ), #316, 'distance_accuracy_value', 'NONE');
#1830 = SURFACE_SIDE_STYLE ('',( #2333 ) ) ;
#1831 = CARTESIAN_POINT ( 'NONE',  ( 0.04343525640000000382, -0.3129523888999999892, 0.05711929249999999486 ) ) ;
#1832 = CARTESIAN_POINT ( 'NONE',  ( -0.1888608851000000144, 0.2548826237000000328, 0.05711929249999999486 ) ) ;
#1833 = CARTESIAN_POINT ( 'NONE',  ( 0.2894887345553786018, -0.1107235106973121358, 0.06000181326502192908 ) ) ;
#1834 = CARTESIAN_POINT ( 'NONE',  ( 0.001352622000000000156, -0.3187353859000000011, 0.04499999999999999833 ) ) ;
#1835 = CARTESIAN_POINT ( 'NONE',  ( 0.3513526220000000033, -0.1387353859000000078, -9.999999999999999124E-05 ) ) ;
#1836 = CARTESIAN_POINT ( 'NONE',  ( -0.3186473779543500529, -0.1587353860500000380, -4.999999999999999562E-05 ) ) ;
#1837 = SURFACE_STYLE_FILL_AREA ( #4306 ) ;
#1838 = VERTEX_POINT ( 'NONE', #471 ) ;
#1839 = CARTESIAN_POINT ( 'NONE',  ( -0.3083593628909542250, -0.01164005189817685082, 0.06000043879331965618 ) ) ;
#1840 = CARTESIAN_POINT ( 'NONE',  ( -0.1786473779973334064, -0.3487353859000000278, -0.1051000000000000267 ) ) ;
#1841 = CARTESIAN_POINT ( 'NONE',  ( 0.3070538423570195463, -0.05005316452069323574, 0.06000043879331965618 ) ) ;
#1842 = MANIFOLD_SOLID_BREP ( 'LZ4_00UBH0_1geometry.IGS', #1108 ) ;
#1843 = CARTESIAN_POINT ( 'NONE',  ( 0.001352622000000000156, -0.3185168992999999893, 0.05247108570000000305 ) ) ;
#1844 = CARTESIAN_POINT ( 'NONE',  ( 0.3149246676999999939, 0.04061483160000000509, 0.05809689739999999991 ) ) ;
#1845 = SURFACE_SIDE_STYLE ('',( #2320 ) ) ;
#1846 = VECTOR ( 'NONE', #4852, 100.0000000000000000 ) ;
#1847 = EDGE_CURVE ( 'NONE', #640, #1479, #4576, .T. ) ;
#1848 = CARTESIAN_POINT ( 'NONE',  ( -0.3056924894440975482, -0.03726653716475621103, 0.06000105381493271023 ) ) ;
#1849 = B_SPLINE_CURVE_WITH_KNOTS ( 'NONE', 3,
 ( #1305, #479, #3607, #4055 ),
 .UNSPECIFIED., .F., .F.,
 ( 4, 4 ),
 ( 0.000000000000000000, 1.000000000000000000 ),
 .UNSPECIFIED. ) ;
#1850 = CARTESIAN_POINT ( 'NONE',  ( 0.001352621999999998638, -0.3388301787688945965, -0.0001150501381899546283 ) ) ;
#1851 = PRESENTATION_LAYER_ASSIGNMENT (  '', '', ( #4910 ) ) ;
#1852 = CARTESIAN_POINT ( 'NONE',  ( 0.2357358990999999793, 0.2058172921999999738, 0.05999716119999999597 ) ) ;
#1853 = CARTESIAN_POINT ( 'NONE',  ( -0.3113332978999999723, 0.06716217039999999860, 0.05371144409999999841 ) ) ;
#1854 = CARTESIAN_POINT ( 'NONE',  ( -0.2180861671000000057, 0.2229411846999999891, 0.05999716119999999597 ) ) ;
#1855 = CARTESIAN_POINT ( 'NONE',  ( -0.3486473780000000078, -0.2754020525058354929, 0.000000000000000000 ) ) ;
#1856 = EDGE_CURVE ( 'NONE', #1199, #3609, #2332, .T. ) ;
#1857 = CARTESIAN_POINT ( 'NONE',  ( -0.3486473780000000078, -0.1387353859013226720, -0.0001000000030000006840 ) ) ;
#1858 = CARTESIAN_POINT ( 'NONE',  ( 0.1039292313955580971, -0.2914338590431471143, 0.06000043879331965618 ) ) ;
#1859 = CARTESIAN_POINT ( 'NONE',  ( -0.2286473781500000246, -0.3154020526733333218, -0.1051000000000000267 ) ) ;
#1860 = FILL_AREA_STYLE_COLOUR ( '', #226 ) ;
#1861 = PLANE ( 'NONE',  #4072 ) ;
#1862 = CARTESIAN_POINT ( 'NONE',  ( 0.1063504779999999983, -0.2983427945000000081, 0.05711929249999999486 ) ) ;
#1863 = CARTESIAN_POINT ( 'NONE',  ( -0.3017632869000000384, 0.09162342419999999765, 0.05809689739999999991 ) ) ;
#1864 = CARTESIAN_POINT ( 'NONE',  ( 0.1368157854247903371, 0.2791377701258313526, 0.06000181326502192908 ) ) ;
#1865 = CARTESIAN_POINT ( 'NONE',  ( 0.3213526219999999767, 0.001264614200000000127, 0.04000000000000000083 ) ) ;
#1866 = PRESENTATION_STYLE_ASSIGNMENT (( #630 ) ) ;
#1867 =( GEOMETRIC_REPRESENTATION_CONTEXT ( 3 ) GLOBAL_UNCERTAINTY_ASSIGNED_CONTEXT ( ( #4681 ) ) GLOBAL_UNIT_ASSIGNED_CONTEXT ( ( #4460, #170, #2287 ) ) REPRESENTATION_CONTEXT ( 'NONE', 'WORKASPACE' ) );
#1868 = CARTESIAN_POINT ( 'NONE',  ( 0.2513526218758895259, -0.03186822460333004620, -0.1051000000000000545 ) ) ;
#1869 = ORIENTED_EDGE ( 'NONE', *, *, #1607, .F. ) ;
#1870 = CARTESIAN_POINT ( 'NONE',  ( -0.3059491527745752393, 0.03982797409264340893, 0.06000043879331965618 ) ) ;
#1871 = CARTESIAN_POINT ( 'NONE',  ( -0.1386473780066666273, -0.3487353859000000278, -0.1051000000000000267 ) ) ;
#1872 = CARTESIAN_POINT ( 'NONE',  ( 0.1872391920389627484, -0.2465841458046461598, 0.06000020349665982633 ) ) ;
#1873 = CARTESIAN_POINT ( 'NONE',  ( 0.2104192886999999845, 0.2444646140999999773, 0.05118824680000000349 ) ) ;
#1874 = VERTEX_POINT ( 'NONE', #1669 ) ;
#1875 = PRESENTATION_LAYER_ASSIGNMENT (  '', '', ( #1424 ) ) ;
#1876 = CARTESIAN_POINT ( 'NONE',  ( 0.6620685254999998381, -0.3290933376000002020, 0.01170255740000000592 ) ) ;
#1877 = CARTESIAN_POINT ( 'NONE',  ( 0.3137079453000000129, 0.001264614099999999876, 0.05980818360000000194 ) ) ;
#1878 = CARTESIAN_POINT ( 'NONE',  ( -0.2962457955000000198, 0.1169303958000000032, 0.05371144409999999841 ) ) ;
#1879 = CARTESIAN_POINT ( 'NONE',  ( -0.2330306549999999755, -0.2032880639999999905, 0.05999716119999999597 ) ) ;
#1880 = CARTESIAN_POINT ( 'NONE',  ( 0.3513526220000000033, -0.1987353859250000354, -0.1050499999987500044 ) ) ;
#1881 =( NAMED_UNIT ( * ) PLANE_ANGLE_UNIT ( ) SI_UNIT ( $, .RADIAN. ) );
#1882 = CARTESIAN_POINT ( 'NONE',  ( 0.01426141164908842351, 0.3110755640870946359, 0.06000020349665982633 ) ) ;
#1883 = CARTESIAN_POINT ( 'NONE',  ( -0.2519350972000000133, -0.1891410138999999879, 0.05809689739999999991 ) ) ;
#1884 = CARTESIAN_POINT ( 'NONE',  ( 0.3106462192167724345, -0.01162261905992219464, 0.06000143354000778140 ) ) ;
#1885 =( LENGTH_UNIT ( ) NAMED_UNIT ( * ) SI_UNIT ( .CENTI., .METRE. ) );
#1886 = CARTESIAN_POINT ( 'NONE',  ( 0.001352621999999999072, 0.3316225658000001020, 0.01170255740000000939 ) ) ;
#1887 = CARTESIAN_POINT ( 'NONE',  ( 0.001352622000000000156, -0.09347275080000000402, 0.2708821915999999885 ) ) ;
#1888 = CARTESIAN_POINT ( 'NONE',  ( 0.001352622000000000156, 0.3114094590999999523, 0.05711276650000000205 ) ) ;
#1889 = B_SPLINE_CURVE_WITH_KNOTS ( 'NONE', 3,
 ( #2744, #659, #4435, #5301 ),
 .UNSPECIFIED., .F., .F.,
 ( 4, 4 ),
 ( 0.000000000000000000, 1.000000000000000000 ),
 .UNSPECIFIED. ) ;
#1890 = CARTESIAN_POINT ( 'NONE',  ( -0.03974645140876611332, -0.3056084673456503920, 0.06000067408997947910 ) ) ;
#1891 = CARTESIAN_POINT ( 'NONE',  ( 0.1713526219425024200, 0.3512646140999999278, 0.000000000000000000 ) ) ;
#1892 = CARTESIAN_POINT ( 'NONE',  ( -0.1735807112999999957, -0.2675353859000000334, 0.05118824680000000349 ) ) ;
#1893 = CARTESIAN_POINT ( 'NONE',  ( 0.3205160714000000466, 0.02793087699999999979, 0.05118824680000000349 ) ) ;
#1894 = ORIENTED_EDGE ( 'NONE', *, *, #1562, .T. ) ;
#1895 = AXIS2_PLACEMENT_3D ( 'NONE', #3927, #1446, #3027 ) ;
#1896 =( GEOMETRIC_REPRESENTATION_CONTEXT ( 3 ) GLOBAL_UNCERTAINTY_ASSIGNED_CONTEXT ( ( #600 ) ) GLOBAL_UNIT_ASSIGNED_CONTEXT ( ( #913, #3470, #943 ) ) REPRESENTATION_CONTEXT ( 'NONE', 'WORKASPACE' ) );
#1897 = ORIENTED_EDGE ( 'NONE', *, *, #2077, .T. ) ;
#1898 = B_SPLINE_CURVE_WITH_KNOTS ( 'NONE', 3,
 ( #172, #1868, #1986, #1633, #4518, #3678, #2441, #2037, #3741, #4927, #3651, #4899, #3294, #2092, #2015, #5409, #1184, #4184 ),
 .UNSPECIFIED., .F., .F.,
 ( 4, 2, 2, 2, 2, 2, 2, 2, 4 ),
 ( 0.000000000000000000, 0.1250000000000000000, 0.2500000000000000000, 0.3750000000000000555, 0.5000000000000001110, 0.6250000000000001110, 0.7500000000000001110, 0.8750000000000000000, 1.000000000000000000 ),
 .UNSPECIFIED. ) ;
#1899 = CARTESIAN_POINT ( 'NONE',  ( 0.001352621999999998638, 0.3414541998377892962, -0.0002301002763799092567 ) ) ;
#1900 = CARTESIAN_POINT ( 'NONE',  ( 0.1578367741000000213, 0.2787687085000000176, 0.05614168759999999675 ) ) ;
#1901 = CARTESIAN_POINT ( 'NONE',  ( 0.3137079453000000129, -0.01175019100000000011, 0.05980818360000000194 ) ) ;
#1902 = MECHANICAL_DESIGN_GEOMETRIC_PRESENTATION_REPRESENTATION (  '', ( #4283 ), #4006 ) ;
#1903 = CARTESIAN_POINT ( 'NONE',  ( -0.3166039803999999847, -0.02530081619999999948, 0.05495180240000000632 ) ) ;
#1904 = CARTESIAN_POINT ( 'NONE',  ( -0.06982489159999999417, 0.3045571429000000219, 0.05999716119999999597 ) ) ;
#1905 = CARTESIAN_POINT ( 'NONE',  ( 0.1415773411000000037, -0.2863758352999999923, 0.05000000000000003053 ) ) ;
#1906 = EDGE_CURVE ( 'NONE', #73, #2994, #3331, .T. ) ;
#1907 = SURFACE_STYLE_USAGE ( .BOTH. , #5316 ) ;
#1908 = LINE ( 'NONE', #3082, #2594 ) ;
#1909 = SURFACE_STYLE_FILL_AREA ( #5221 ) ;
#1910 = CARTESIAN_POINT ( 'NONE',  ( 0.3071515258785098013, 0.05259879075196412235, 0.06000020349665982633 ) ) ;
#1911 = CARTESIAN_POINT ( 'NONE',  ( -0.3122194235999999901, 0.04061483160000000509, 0.05809689739999999991 ) ) ;
#1912 = MECHANICAL_DESIGN_GEOMETRIC_PRESENTATION_REPRESENTATION (  '', ( #3743 ), #3021 ) ;
#1913 = CARTESIAN_POINT ( 'NONE',  ( 0.2034244388739092357, -0.2337985198546857768, 0.06000143354000778140 ) ) ;
#1914 = CARTESIAN_POINT ( 'NONE',  ( 0.3446859553824756506, -0.1187353858866665723, -0.1050000000000000100 ) ) ;
#1915 = CARTESIAN_POINT ( 'NONE',  ( -0.1986473779999999856, 0.2152358149999999970, -0.1051000000000000267 ) ) ;
#1916 = PRESENTATION_STYLE_ASSIGNMENT (( #2363 ) ) ;
#1917 = CARTESIAN_POINT ( 'NONE',  ( -0.3236297846999999783, 0.0005414496000000000413, -0.03762183830000000173 ) ) ;
#1918 = CARTESIAN_POINT ( 'NONE',  ( -0.01155204399817684642, -0.3084473707741892112, 0.06000043879331965618 ) ) ;
#1919 = CARTESIAN_POINT ( 'NONE',  ( 0.2313526221499999647, 0.3412646142200000954, -0.1050500000000000184 ) ) ;
#1920 = CARTESIAN_POINT ( 'NONE',  ( -0.1216352161999999931, -0.2947788147000000580, 0.05118824680000000349 ) ) ;
#1921 = CARTESIAN_POINT ( 'NONE',  ( 0.3147380263999999817, 0.06730958449999999149, 0.05118824680000000349 ) ) ;
#1922 = CARTESIAN_POINT ( 'NONE',  ( -0.2499778514000000063, -0.1876696807000000078, 0.05933362749999999269 ) ) ;
#1923 = ORIENTED_EDGE ( 'NONE', *, *, #3373, .F. ) ;
#1924 = CARTESIAN_POINT ( 'NONE',  ( -0.1286473780316265692, 0.3512646140999998723, -4.999999999999999562E-05 ) ) ;
#1925 = CARTESIAN_POINT ( 'NONE',  ( 0.2984889522000000461, -0.1142215708999999996, 0.05495180240000000632 ) ) ;
#1926 = CARTESIAN_POINT ( 'NONE',  ( 0.2890688925000000076, -0.1241026529999999933, 0.05933362749999999269 ) ) ;
#1927 = CARTESIAN_POINT ( 'NONE',  ( -0.2395786551999999903, 0.2115319106000000393, 0.05247108570000000305 ) ) ;
#1928 = CARTESIAN_POINT ( 'NONE',  ( -0.1687102018000000148, 0.2625806603999999989, 0.05999716119999999597 ) ) ;
#1929 = CARTESIAN_POINT ( 'NONE',  ( 0.2424485124999999908, 0.2116755729999999780, 0.05000000000000003053 ) ) ;
#1930 = CARTESIAN_POINT ( 'NONE',  ( -0.09830839483500000697, -0.2603986842666225487, -0.1050500000000000184 ) ) ;
#1932 = CARTESIAN_POINT ( 'NONE',  ( 0.001352622000000000156, 0.3205503657000000062, 0.05371144409999999841 ) ) ;
#1931 = SURFACE_STYLE_FILL_AREA ( #239 ) ;
#1933 = FILL_AREA_STYLE ('',( #1860 ) ) ;
#1934 = CARTESIAN_POINT ( 'NONE',  ( 0.2037624426914488307, 0.2367209361131860090, 0.06000020349665982633 ) ) ;
#1935 = CARTESIAN_POINT ( 'NONE',  ( -0.3027138614000000061, -0.08937756210000000201, 0.05711929249999999486 ) ) ;
#1936 = CARTESIAN_POINT ( 'NONE',  ( 0.02794055151470575468, 0.3097588779366626244, 0.06000143354000778140 ) ) ;
#1937 = CARTESIAN_POINT ( 'NONE',  ( 0.3213526219999999767, 0.001264614200000000127, 0.05000000000000000278 ) ) ;
#1938 = CARTESIAN_POINT ( 'NONE',  ( 0.3513526220000000033, -0.3187353858529000661, -5.000000124998981945E-05 ) ) ;
#1939 = CARTESIAN_POINT ( 'NONE',  ( 0.3798037789999998415, 0.08753452120000006220, 0.3260427480000001044 ) ) ;
#1940 = EDGE_CURVE ( 'NONE', #4530, #3713, #5249, .T. ) ;
#1941 = CARTESIAN_POINT ( 'NONE',  ( 0.2580192887899999121, 0.3412646142200001509, -0.1051000000000000267 ) ) ;
#1942 = CARTESIAN_POINT ( 'NONE',  ( -0.2243707782000000095, -0.2267606564000000380, 0.05118824680000000349 ) ) ;
#1943 = DIRECTION ( 'NONE',  ( 0.000000000000000000, -1.000000000000000000, 0.000000000000000000 ) ) ;
#1944 = CARTESIAN_POINT ( 'NONE',  ( 0.09089144579999999807, 0.3082548669999999880, 0.05247108570000000305 ) ) ;
#1945 = EDGE_LOOP ( 'NONE', ( #2587, #502, #4501, #3809, #2548, #4633, #1610, #3660, #4368, #747 ) ) ;
#1946 = COLOUR_RGB ( '',0.2980392156862745057, 0.2980392156862745057, 0.2980392156862745057 ) ;
#1947 = CARTESIAN_POINT ( 'NONE',  ( -0.08645239459999999598, -0.2997811570999999731, 0.05933362749999999269 ) ) ;
#1948 = VERTEX_POINT ( 'NONE', #833 ) ;
#1949 = FILL_AREA_STYLE ('',( #5284 ) ) ;
#1950 = CARTESIAN_POINT ( 'NONE',  ( 0.2938404517000000049, 0.1287110036000000124, 0.05495180240000000632 ) ) ;
#1951 = CARTESIAN_POINT ( 'NONE',  ( 0.3137079453000000129, 0.01427941920000000073, 0.05980818360000000194 ) ) ;
#1952 = CARTESIAN_POINT ( 'NONE',  ( -0.02609426699999999738, -0.3171959805000000299, 0.05371144409999999841 ) ) ;
#1953 = CARTESIAN_POINT ( 'NONE',  ( -0.1523472810000000011, 0.2738312084999999785, 0.05980818360000000194 ) ) ;
#1954 = CARTESIAN_POINT ( 'NONE',  ( 0.3115064681999999974, -0.07750461670000000081, 0.05000000000000003053 ) ) ;
#1955 = CARTESIAN_POINT ( 'NONE',  ( -0.6386473776999993524, -0.3187353858999998901, 0.05000000000000000278 ) ) ;
#1956 = CARTESIAN_POINT ( 'NONE',  ( -0.06941375293276758063, 0.3028052518937109361, 0.06000143353988593442 ) ) ;
#1957 = CARTESIAN_POINT ( 'NONE',  ( -0.3486473780000000078, -0.1787353859000000156, 0.000000000000000000 ) ) ;
#1958 = CARTESIAN_POINT ( 'NONE',  ( 0.3111635719870946559, -0.01164417544908842583, 0.06000020349665982633 ) ) ;
#1959 = CARTESIAN_POINT ( 'NONE',  ( -0.05556031330000000407, -0.3109661879000000240, 0.05711929249999999486 ) ) ;
#1960 = CARTESIAN_POINT ( 'NONE',  ( 0.3106462192167724345, 0.001264614099999999876, 0.06000143354000778140 ) ) ;
#1961 = CARTESIAN_POINT ( 'NONE',  ( 0.001352622000000000156, -0.3187353859000000011, 0.04000000000000000083 ) ) ;
#1962 = CARTESIAN_POINT ( 'NONE',  ( -0.1886473777003885022, -0.3407934931136734624, -0.000000000000000000 ) ) ;
#1963 = CARTESIAN_POINT ( 'NONE',  ( -0.1094931554999999390, 0.08753452140000005099, 0.3260427480999998351 ) ) ;
#1964 = CARTESIAN_POINT ( 'NONE',  ( -0.3015776734000000237, 0.1051835413999999969, 0.05118824680000000349 ) ) ;
#1965 = CARTESIAN_POINT ( 'NONE',  ( -0.1561089779000000011, 0.2805020840999999931, 0.05000000000000000278 ) ) ;
#1966 = MECHANICAL_DESIGN_GEOMETRIC_PRESENTATION_REPRESENTATION (  '', ( #5399 ), #5037 ) ;
#1967 = CARTESIAN_POINT ( 'NONE',  ( 0.001352622000000000156, 0.3210461275000000003, 0.05247108570000000305 ) ) ;
#1968 = VERTEX_POINT ( 'NONE', #4695 ) ;
#1969 = CARTESIAN_POINT ( 'NONE',  ( -0.2994210006999999951, -0.08839596079999999245, 0.05933362749999999269 ) ) ;
#1970 = ORIENTED_EDGE ( 'NONE', *, *, #4019, .T. ) ;
#1971 =( BOUNDED_CURVE ( )  B_SPLINE_CURVE ( 3, ( #3894, #3868, #2612, #557 ),
 .UNSPECIFIED., .F., .T. ) 
 B_SPLINE_CURVE_WITH_KNOTS ( ( 4, 4 ),
 ( 0.000000000000000000, 1.000000000000000000 ),
 .UNSPECIFIED. ) 
 CURVE ( )  GEOMETRIC_REPRESENTATION_ITEM ( )  RATIONAL_B_SPLINE_CURVE ( ( 1.000000000000000000, 0.3333333334700689932, 0.3333333334700689932, 1.000000000000000000 ) ) 
 REPRESENTATION_ITEM ( '' )  );
#1972 =( LENGTH_UNIT ( ) NAMED_UNIT ( * ) SI_UNIT ( .CENTI., .METRE. ) );
#1973 = CARTESIAN_POINT ( 'NONE',  ( 0.2568512233999999950, -0.1908030146999999954, 0.05495180240000000632 ) ) ;
#1974 = CARTESIAN_POINT ( 'NONE',  ( 0.3096629496999999676, -0.05049115290000000950, 0.05980818360000000194 ) ) ;
#1975 = CARTESIAN_POINT ( 'NONE',  ( -0.3048846072999999990, -0.09002466110000000021, 0.05371144409999999841 ) ) ;
#1976 = CARTESIAN_POINT ( 'NONE',  ( -0.02560458460000000422, 0.3140435239000000101, 0.05933362749999999269 ) ) ;
#1977 = CARTESIAN_POINT ( 'NONE',  ( 0.3082749100000000131, 0.09275810520000001003, 0.05000000000000003053 ) ) ;
#1978 = CARTESIAN_POINT ( 'NONE',  ( -0.2134298837523104786, -0.1837353858199999856, -0.1050500000000000184 ) ) ;
#1979 = PRODUCT_DEFINITION_CONTEXT ( 'detailed design', #2978, 'design' ) ;
#1980 = CARTESIAN_POINT ( 'NONE',  ( -0.03968284957590726553, -0.3051335737144156846, 0.06000181326483916555 ) ) ;
#1981 = DIRECTION ( 'NONE',  ( -0.000000000000000000, -0.000000000000000000, -1.000000000000000000 ) ) ;
#1982 = CARTESIAN_POINT ( 'NONE',  ( 0.04247796944463786556, 0.3083338742818834133, 0.06000020349665982633 ) ) ;
#1983 = CARTESIAN_POINT ( 'NONE',  ( -0.2222705010000000647, -0.2246389610999999786, 0.05711929249999999486 ) ) ;
#1984 = CARTESIAN_POINT ( 'NONE',  ( 0.3042529314525222461, -0.06257065613790012415, 0.06000143354000778140 ) ) ;
#1985 = CARTESIAN_POINT ( 'NONE',  ( 0.3413526221200000044, -0.3087353859633334974, -0.1050500000000000184 ) ) ;
#1986 = CARTESIAN_POINT ( 'NONE',  ( 0.2449883191586394171, -0.06380907309906964919, -0.1051000000000000267 ) ) ;
#1987 = CARTESIAN_POINT ( 'NONE',  ( -0.1387763556999999925, -0.2861794429000000251, 0.05247108570000000305 ) ) ;
#1988 = CARTESIAN_POINT ( 'NONE',  ( -0.1046313779999999971, 0.3036859473999999892, 0.05000000000000000278 ) ) ;
#1989 = CARTESIAN_POINT ( 'NONE',  ( -0.2077140446000000362, -0.2419353858999999940, 0.05000000000000000278 ) ) ;
#1990 = VERTEX_POINT ( 'NONE', #914 ) ;
#1991 = FACE_OUTER_BOUND ( 'NONE', #1647, .T. ) ;
#1992 = CARTESIAN_POINT ( 'NONE',  ( 0.04383049819999999819, 0.3184327556999999587, 0.05000000000000000278 ) ) ;
#1993 = VERTEX_POINT ( 'NONE', #2586 ) ;
#1994 = ADVANCED_FACE ( 'NONE', ( #4274 ), #5023, .T. ) ;
#1995 = CARTESIAN_POINT ( 'NONE',  ( -0.2753438588999999603, -0.1463068423999999979, 0.05933362749999999269 ) ) ;
#1996 = VERTEX_POINT ( 'NONE', #3047 ) ;
#1997 = FILL_AREA_STYLE ('',( #4968 ) ) ;
#1998 = CARTESIAN_POINT ( 'NONE',  ( 0.02875689380000000239, -0.3167015000000000247, 0.05495180240000000632 ) ) ;
#1999 = CARTESIAN_POINT ( 'NONE',  ( 0.2234310751999999678, -0.2230785391000000006, 0.05885548650000001214 ) ) ;
#2000 = EDGE_CURVE ( 'NONE', #4523, #4445, #4402, .T. ) ;
#2001 = CARTESIAN_POINT ( 'NONE',  ( -0.2392051359999999849, -0.2086767020000000472, 0.05371144409999999841 ) ) ;
#2002 = CARTESIAN_POINT ( 'NONE',  ( -0.1025081689999999962, 0.2976274512000000039, 0.05933362749999999269 ) ) ;
#2003 = CARTESIAN_POINT ( 'NONE',  ( 0.2896109842000000323, -0.1382509567999999911, 0.05000000000000003053 ) ) ;
#2004 = CARTESIAN_POINT ( 'NONE',  ( 0.3513526220000000033, -0.1187353858866665723, -0.1050499999987499627 ) ) ;
#2005 = CARTESIAN_POINT ( 'NONE',  ( -0.06937721098728728830, -0.3001203158735971654, 0.06000181326483916555 ) ) ;
#2006 = CARTESIAN_POINT ( 'NONE',  ( -0.1386473779999999878, 0.3112646140999998923, -0.1051000000000000129 ) ) ;
#2007 = CARTESIAN_POINT ( 'NONE',  ( 0.1714154458999999908, -0.2600514321999999878, 0.05999716119999999597 ) ) ;
#2008 = EDGE_CURVE ( 'NONE', #5078, #4523, #2748, .T. ) ;
#2009 = CARTESIAN_POINT ( 'NONE',  ( -0.2851163669999999817, 0.1399141376000000159, 0.05614168759999999675 ) ) ;
#2010 = CARTESIAN_POINT ( 'NONE',  ( -0.1344072324664499496, 0.2797463669980609913, 0.06000020349665982633 ) ) ;
#2011 = CARTESIAN_POINT ( 'NONE',  ( 0.3044093414033510747, -0.06260361902879704732, 0.06000105381499362678 ) ) ;
#2012 = CARTESIAN_POINT ( 'NONE',  ( -0.2319807112587710107, -0.3487353858999999723, 0.000000000000000000 ) ) ;
#2013 = CARTESIAN_POINT ( 'NONE',  ( -0.3486473780000000078, -0.1787353858973333987, -0.1051000000000000267 ) ) ;
#2014 = VECTOR ( 'NONE', #16, 100.0000000000000000 ) ;
#2015 = CARTESIAN_POINT ( 'NONE',  ( -0.2169305169534579414, -0.1250155534535007384, -0.1051000000000000545 ) ) ;
#2016 = CARTESIAN_POINT ( 'NONE',  ( -0.3186473779528999350, 0.3512646140999999833, -4.999999999999999562E-05 ) ) ;
#2017 = CARTESIAN_POINT ( 'NONE',  ( -0.3055696659000000093, 0.09275810520000001003, 0.05118824680000000349 ) ) ;
#2018 = CARTESIAN_POINT ( 'NONE',  ( -0.3354552420835576476, -0.1436342361059129713, -0.1051000000000000267 ) ) ;
#2019 = CARTESIAN_POINT ( 'NONE',  ( 0.2513526218880000607, 0.001264614099999981662, -0.1050500000000000184 ) ) ;
#2020 = CARTESIAN_POINT ( 'NONE',  ( 0.2313526221500000479, -0.2687353859799999634, -0.1050500000000000184 ) ) ;
#2021 = CARTESIAN_POINT ( 'NONE',  ( 0.3213526219999999767, 0.01459794740000000014, 0.05000000000000000278 ) ) ;
#2022 = VERTEX_POINT ( 'NONE', #2228 ) ;
#2023 = CARTESIAN_POINT ( 'NONE',  ( -0.2207258311000000195, 0.2256077672999999839, 0.05885548650000001214 ) ) ;
#2024 = ORIENTED_EDGE ( 'NONE', *, *, #4369, .F. ) ;
#2025 = FACE_OUTER_BOUND ( 'NONE', #99, .T. ) ;
#2026 = ORIENTED_EDGE ( 'NONE', *, *, #4666, .T. ) ;
#2027 = CARTESIAN_POINT ( 'NONE',  ( 0.1069358667000000068, 0.3025424071999999742, 0.05495180240000000632 ) ) ;
#2028 = CARTESIAN_POINT ( 'NONE',  ( 0.3149419670999999976, -0.01180160859999999923, 0.05933362749999999269 ) ) ;
#2029 = CARTESIAN_POINT ( 'NONE',  ( -0.3113332978999999723, -0.06463294220000000145, 0.05371144409999999841 ) ) ;
#2030 = CARTESIAN_POINT ( 'NONE',  ( -0.3085719203999999771, -0.03762787750000000375, 0.05980818360000000194 ) ) ;
#2031 = FILL_AREA_STYLE ('',( #2484 ) ) ;
#2032 = CARTESIAN_POINT ( 'NONE',  ( -0.2168186355434851553, 0.2216607271464365037, 0.06000143353988593442 ) ) ;
#2033 = CARTESIAN_POINT ( 'NONE',  ( 0.2805217613000000609, -0.1338518194999999966, 0.05999996820000000342 ) ) ;
#2034 = CARTESIAN_POINT ( 'NONE',  ( -0.3091168408000000145, -0.06416583099999999262, 0.05711929249999999486 ) ) ;
#2035 = CARTESIAN_POINT ( 'NONE',  ( -0.2874145652452641531, 0.1134980148925563287, 0.06000020349665982633 ) ) ;
#2036 = CARTESIAN_POINT ( 'NONE',  ( 0.2493682124179256443, 0.1877069901819735098, 0.06000105381499362678 ) ) ;
#2037 = CARTESIAN_POINT ( 'NONE',  ( 0.06643192901913798354, -0.2423846531737650356, -0.1051000000000000545 ) ) ;
#2038 = CARTESIAN_POINT ( 'NONE',  ( -0.1881715384000001434, -0.3641038154999996501, 0.04906661600000002815 ) ) ;
#2039 = CARTESIAN_POINT ( 'NONE',  ( -0.1905162860000000069, -0.2545605965999999665, 0.05247108570000000305 ) ) ;
#2040 = CARTESIAN_POINT ( 'NONE',  ( -0.3401186221967527068, -0.1406076978635963648, -0.1051000000000000545 ) ) ;
#2041 = CARTESIAN_POINT ( 'NONE',  ( 0.2770335969386165664, -0.08873538605000003132, -0.1050500000000000184 ) ) ;
#2043 = ORIENTED_EDGE ( 'NONE', *, *, #3139, .T. ) ;
#2042 = FILL_AREA_STYLE ('',( #385 ) ) ;
#2044 = DIRECTION ( 'NONE',  ( 0.000000000000000000, -1.000000000000000000, 0.000000000000000000 ) ) ;
#2045 = CARTESIAN_POINT ( 'NONE',  ( 0.2996167730000000029, 0.1171891424000000015, 0.05000000000000000278 ) ) ;
#2046 = ORIENTED_EDGE ( 'NONE', *, *, #2134, .F. ) ;
#2047 = CARTESIAN_POINT ( 'NONE',  ( -0.3082603977864313283, -0.01163592834726527407, 0.06000067408997947910 ) ) ;
#2048 = STYLED_ITEM ( 'NONE', ( #1580 ), #4080 ) ;
#2049 = EDGE_LOOP ( 'NONE', ( #2192, #5016, #1673, #781, #1361, #4687, #3446, #497, #1162, #4248 ) ) ;
#2050 = B_SPLINE_CURVE_WITH_KNOTS ( 'NONE', 3,
 ( #23, #4653, #2141, #4455 ),
 .UNSPECIFIED., .F., .F.,
 ( 4, 4 ),
 ( 0.000000000000000000, 1.000000000000000000 ),
 .UNSPECIFIED. ) ;
#2051 = CARTESIAN_POINT ( 'NONE',  ( -0.3218141148320168843, -0.1431392484910648522, -0.000000000000000000 ) ) ;
#2052 = ORIENTED_EDGE ( 'NONE', *, *, #3259, .F. ) ;
#2053 = CARTESIAN_POINT ( 'NONE',  ( 0.09075263249999999948, -0.3052497074000000143, 0.05371144409999999841 ) ) ;
#2054 = CARTESIAN_POINT ( 'NONE',  ( 0.07338634120000001038, -0.3056762686000000229, 0.05885548650000001214 ) ) ;
#2055 = CARTESIAN_POINT ( 'NONE',  ( -0.3013917682000000209, 0.07815207829999999689, 0.05980818360000000194 ) ) ;
#2056 = CARTESIAN_POINT ( 'NONE',  ( 0.001352621999999996253, -0.3387353859111111309, 0.000000000000000000 ) ) ;
#2057 = CARTESIAN_POINT ( 'NONE',  ( -0.2600027855843287106, -0.1656035042051659800, 0.06000181326483916555 ) ) ;
#2058 = PRESENTATION_STYLE_ASSIGNMENT (( #3623 ) ) ;
#2059 = CARTESIAN_POINT ( 'NONE',  ( 0.2045984359000000141, -0.2351641897000000259, 0.05999716119999999597 ) ) ;
#2060 = CARTESIAN_POINT ( 'NONE',  ( -0.07158652759999999116, 0.3120636016000000179, 0.05495180240000000632 ) ) ;
#2061 = CARTESIAN_POINT ( 'NONE',  ( -0.02527978082167925758, 0.3102748936538094471, 0.06000020349665982633 ) ) ;
#2062 = EDGE_CURVE ( 'NONE', #2648, #858, #4671, .T. ) ;
#2063 = CARTESIAN_POINT ( 'NONE',  ( 0.07215553897238528858, 0.3029609596888437895, 0.06000105381499362678 ) ) ;
#2064 = CARTESIAN_POINT ( 'NONE',  ( -0.2286473781500000246, -0.2687353859799999634, -0.1050500000000000184 ) ) ;
#2065 = FACE_OUTER_BOUND ( 'NONE', #2180, .T. ) ;
#2066 = CARTESIAN_POINT ( 'NONE',  ( -0.6786473779999994127, -0.3387353858999999634, 0.000000000000000000 ) ) ;
#2067 = CARTESIAN_POINT ( 'NONE',  ( -0.1046313779999999971, 0.3036859473999999892, 0.05118824680000000349 ) ) ;
#2068 = DIRECTION ( 'NONE',  ( 0.000000000000000000, 0.000000000000000000, 1.000000000000000000 ) ) ;
#2070 = ORIENTED_EDGE ( 'NONE', *, *, #4925, .F. ) ;
#2069 = CARTESIAN_POINT ( 'NONE',  ( 0.3513526220000000033, -0.3087353859633334419, -0.1050499999987500044 ) ) ;
#2071 = STYLED_ITEM ( 'NONE', ( #5376 ), #2735 ) ;
#2072 = FILL_AREA_STYLE_COLOUR ( '', #3555 ) ;
#2073 = CARTESIAN_POINT ( 'NONE',  ( 0.1243404603000000247, -0.2947788147000000580, 0.05000000000000000278 ) ) ;
#2074 = CARTESIAN_POINT ( 'NONE',  ( -0.3184673780000000232, -0.3185553858999999877, -9.999999999999999124E-05 ) ) ;
#2075 = ORIENTED_EDGE ( 'NONE', *, *, #3433, .F. ) ;
#2076 = CARTESIAN_POINT ( 'NONE',  ( -0.2872300793357925319, 0.1134263118776690088, 0.06000067408997947910 ) ) ;
#2077 = EDGE_CURVE ( 'NONE', #392, #1334, #3478, .T. ) ;
#2078 = VERTEX_POINT ( 'NONE', #597 ) ;
#2079 = CARTESIAN_POINT ( 'NONE',  ( 0.2830753441000000148, -0.1489875042999999899, 0.05371144409999999841 ) ) ;
#2080 = MECHANICAL_DESIGN_GEOMETRIC_PRESENTATION_REPRESENTATION (  '', ( #4262 ), #4977 ) ;
#2081 = CARTESIAN_POINT ( 'NONE',  ( 0.3064981511000000047, -0.07623266310000000046, 0.05885548650000001214 ) ) ;
#2082 = CARTESIAN_POINT ( 'NONE',  ( -0.3186473779528999350, 0.3512646140999999833, -4.999999999999999562E-05 ) ) ;
#2083 = CARTESIAN_POINT ( 'NONE',  ( 0.001352622000000000156, 0.3212646141000000122, 0.05118824680000000349 ) ) ;
#2084 = CARTESIAN_POINT ( 'NONE',  ( -0.2953008108789053066, 0.08969696093470419518, 0.06000143353988593442 ) ) ;
#2085 = DIRECTION ( 'NONE',  ( 0.000000000000000000, 0.000000000000000000, -1.000000000000000000 ) ) ;
#2086 = CARTESIAN_POINT ( 'NONE',  ( 0.3017268473999999978, 0.07755013170000001066, 0.05999996820000000342 ) ) ;
#2087 = CARTESIAN_POINT ( 'NONE',  ( -0.2069235046999999827, 0.2435450063999999859, 0.05495180240000000632 ) ) ;
#2088 = CARTESIAN_POINT ( 'NONE',  ( -0.2606588747999999955, 0.1685516270999999899, 0.05999996820000000342 ) ) ;
#2089 = CARTESIAN_POINT ( 'NONE',  ( 0.1369557571243983640, 0.2794248915047323756, 0.06000105381499362678 ) ) ;
#2090 = CARTESIAN_POINT ( 'NONE',  ( -0.1186473779258332972, -0.3487353859000000278, -0.1050499999987499627 ) ) ;
#2091 = CARTESIAN_POINT ( 'NONE',  ( 0.3193662117000000134, 0.01451518040000000093, 0.05614168759999999675 ) ) ;
#2092 = CARTESIAN_POINT ( 'NONE',  ( -0.1988451773116776677, -0.1521013633014679234, -0.1051000000000000267 ) ) ;
#2093 =( NAMED_UNIT ( * ) PLANE_ANGLE_UNIT ( ) SI_UNIT ( $, .RADIAN. ) );
#2094 = CARTESIAN_POINT ( 'NONE',  ( -0.2822509879999999804, -0.1359980806000000153, 0.05885548650000001214 ) ) ;
#2096 = ORIENTED_EDGE ( 'NONE', *, *, #4972, .F. ) ;
#2095 = SURFACE_STYLE_FILL_AREA ( #2042 ) ;
#2097 = PRESENTATION_LAYER_ASSIGNMENT (  '', '', ( #3501 ) ) ;
#2098 = CARTESIAN_POINT ( 'NONE',  ( 0.2270760223000000133, -0.2267606564000000380, 0.05000000000000000278 ) ) ;
#2099 = CARTESIAN_POINT ( 'NONE',  ( -0.2919807114266665948, 0.2312646142500001112, -0.1051000000000000267 ) ) ;
#2100 = ORIENTED_EDGE ( 'NONE', *, *, #1153, .T. ) ;
#2101 = CARTESIAN_POINT ( 'NONE',  ( -0.06945029487824787295, -0.3004317315138246847, 0.06000105381493271023 ) ) ;
#2102 = CARTESIAN_POINT ( 'NONE',  ( 0.02176836959703839364, -0.3079609101204674459, 0.06000159538843855001 ) ) ;
#2103 = ORIENTED_EDGE ( 'NONE', *, *, #2178, .F. ) ;
#2104 = CARTESIAN_POINT ( 'NONE',  ( 0.2942953099999999766, -0.1263799718000000183, 0.05371144409999999841 ) ) ;
#2105 = CARTESIAN_POINT ( 'NONE',  ( 0.2838362188999999924, 0.1379852282000000041, 0.05933362749999999269 ) ) ;
#2106 =( NAMED_UNIT ( * ) PLANE_ANGLE_UNIT ( ) SI_UNIT ( $, .RADIAN. ) );
#2107 = MECHANICAL_DESIGN_GEOMETRIC_PRESENTATION_REPRESENTATION (  '', ( #4399 ), #1238 ) ;
#2108 = CARTESIAN_POINT ( 'NONE',  ( -0.2168186355434851553, -0.2191314989464364926, 0.06000143353988593442 ) ) ;
#2109 = CARTESIAN_POINT ( 'NONE',  ( 0.2856930383999999878, -0.1226316843999999961, 0.05999996820000000342 ) ) ;
#2110 = CARTESIAN_POINT ( 'NONE',  ( -0.2551157585000000116, -0.1915320332000000070, 0.05000000000000000278 ) ) ;
#2111 = CARTESIAN_POINT ( 'NONE',  ( -0.1042306226000000030, 0.3025424071999999742, 0.05495180240000000632 ) ) ;
#2112 = CARTESIAN_POINT ( 'NONE',  ( -0.3077471201000000489, -0.02456082119999999924, 0.05999996820000000342 ) ) ;
#2113 = CARTESIAN_POINT ( 'NONE',  ( 0.2981592391389075725, 0.08974262511890790384, 0.06000105381499362678 ) ) ;
#2114 = CARTESIAN_POINT ( 'NONE',  ( -0.3486473779999999523, -0.1887353858117065131, -5.000000124996760009E-05 ) ) ;
#2115 = CARTESIAN_POINT ( 'NONE',  ( -0.1319807113288888611, -0.3487353858999999723, -0.1051000000000000267 ) ) ;
#2116 = CARTESIAN_POINT ( 'NONE',  ( 0.1402725992000000144, 0.2862286698000000018, 0.05711929249999999486 ) ) ;
#2117 = AXIS2_PLACEMENT_3D ( 'NONE', #741, #2847, #2875 ) ;
#2118 = CARTESIAN_POINT ( 'NONE',  ( 0.001352622020833327840, 0.3107024750298396643, 0.05994361441813524788 ) ) ;
#2119 = CARTESIAN_POINT ( 'NONE',  ( -0.2875044084999999749, -0.1245997190000000254, 0.05885548650000001214 ) ) ;
#2120 = CARTESIAN_POINT ( 'NONE',  ( 0.3180192887488890174, -0.3487353858999999723, -0.1051000000000000267 ) ) ;
#2122 = ORIENTED_EDGE ( 'NONE', *, *, #5093, .F. ) ;
#2121 = CARTESIAN_POINT ( 'NONE',  ( 0.2770335969386165664, -0.08873538605000003132, -0.1050500000000000184 ) ) ;
#2123 = CARTESIAN_POINT ( 'NONE',  ( -0.3086473780633335329, 0.3512646140999999833, -0.1050499999987500044 ) ) ;
#2124 = AXIS2_PLACEMENT_3D ( 'NONE', #2074, #3355, #3750 ) ;
#2125 = CARTESIAN_POINT ( 'NONE',  ( 0.6484285807999994322, -0.3641038152999998556, 0.04906661609999998785 ) ) ;
#2126 = ORIENTED_EDGE ( 'NONE', *, *, #3661, .T. ) ;
#2127 = CARTESIAN_POINT ( 'NONE',  ( -0.2956071792480622351, -0.08725906111776379759, 0.06000067408997947910 ) ) ;
#2128 = EDGE_CURVE ( 'NONE', #231, #155, #1110, .T. ) ;
#2129 = EDGE_CURVE ( 'NONE', #2270, #2078, #1253, .T. ) ;
#2130 = VERTEX_POINT ( 'NONE', #3458 ) ;
#2131 = CARTESIAN_POINT ( 'NONE',  ( 0.05867186170000000117, 0.3157244475000000050, 0.05371144409999999841 ) ) ;
#2132 = CARTESIAN_POINT ( 'NONE',  ( 0.2675260486000000104, 0.1712089029000000151, 0.05885548650000001214 ) ) ;
#2133 = AXIS2_PLACEMENT_3D ( 'NONE', #5029, #2510, #1259 ) ;
#2134 = EDGE_CURVE ( 'NONE', #4077, #2561, #3952, .T. ) ;
#2135 = CARTESIAN_POINT ( 'NONE',  ( -0.02524903674207441134, 0.3099181764746024026, 0.06000105381493271023 ) ) ;
#2136 = CARTESIAN_POINT ( 'NONE',  ( 0.2207914112000000095, 0.2229411846999999891, 0.05999716119999999597 ) ) ;
#2137 = CARTESIAN_POINT ( 'NONE',  ( -0.2810003191000000067, -0.1493236212000000063, 0.05000000000000000278 ) ) ;
#2138 = CARTESIAN_POINT ( 'NONE',  ( -0.1208717651999999948, -0.2929411156000000238, 0.05614168759999999675 ) ) ;
#2139 = CARTESIAN_POINT ( 'NONE',  ( -0.1344505992000000205, -0.2773060961000000102, 0.05999996820000000342 ) ) ;
#2140 = CARTESIAN_POINT ( 'NONE',  ( 0.3101562450133439341, -0.02453608032203782527, 0.06000067408997947910 ) ) ;
#2141 = CARTESIAN_POINT ( 'NONE',  ( -0.3453140447066666008, 0.3112646141699999536, -0.1051000000000000267 ) ) ;
#2142 = UNCERTAINTY_MEASURE_WITH_UNIT (LENGTH_MEASURE( 1.000000000000000082E-05 ), #1972, 'distance_accuracy_value', 'NONE');
#2143 = SURFACE_STYLE_USAGE ( .BOTH. , #1715 ) ;
#2144 = CARTESIAN_POINT ( 'NONE',  ( 0.1231961015000000298, -0.2920242342000000102, 0.05711929249999999486 ) ) ;
#2145 = CARTESIAN_POINT ( 'NONE',  ( 0.2819528482000000502, -0.1483888398999999858, 0.05614168759999999675 ) ) ;
#2146 =( GEOMETRIC_REPRESENTATION_CONTEXT ( 3 ) GLOBAL_UNCERTAINTY_ASSIGNED_CONTEXT ( ( #1596 ) ) GLOBAL_UNIT_ASSIGNED_CONTEXT ( ( #742, #1600, #3210 ) ) REPRESENTATION_CONTEXT ( 'NONE', 'WORKASPACE' ) );
#2147 = CARTESIAN_POINT ( 'NONE',  ( -0.3037929070000000009, 0.07876189129999999761, 0.05885548650000001214 ) ) ;
#2148 = STYLED_ITEM ( 'NONE', ( #4665 ), #473 ) ;
#2149 = ORIENTED_EDGE ( 'NONE', *, *, #2966, .T. ) ;
#2151 = ORIENTED_EDGE ( 'NONE', *, *, #2062, .F. ) ;
#2150 = DIRECTION ( 'NONE',  ( 0.000000000000000000, 0.000000000000000000, -1.000000000000000000 ) ) ;
#2152 = B_SPLINE_CURVE_WITH_KNOTS ( 'NONE', 3,
 ( #5076, #66, #1363, #971, #3805, #5108, #3895, #1336 ),
 .UNSPECIFIED., .F., .F.,
 ( 4, 2, 2, 4 ),
 ( 0.000000000000000000, 0.2500000000000000000, 0.5000000000000000000, 1.000000000000000000 ),
 .UNSPECIFIED. ) ;
#2153 = CARTESIAN_POINT ( 'NONE',  ( -0.1286473780316265692, 0.3512646140999998723, -4.999999999999999562E-05 ) ) ;
#2154 = CARTESIAN_POINT ( 'NONE',  ( -0.3218171087511406681, -0.1743285295750765240, -0.000000000000000000 ) ) ;
#2155 = CARTESIAN_POINT ( 'NONE',  ( 0.3513526220000000588, -0.1254020525577777267, -0.1051000000000000267 ) ) ;
#2156 = ORIENTED_EDGE ( 'NONE', *, *, #3891, .T. ) ;
#2157 = CARTESIAN_POINT ( 'NONE',  ( -0.05423013665249448723, 0.3061979163550196947, 0.06000067408997947910 ) ) ;
#2158 = CARTESIAN_POINT ( 'NONE',  ( 0.1871798129779255193, -0.2465049737092923632, 0.06000043879331965618 ) ) ;
#2159 = ORIENTED_EDGE ( 'NONE', *, *, #690, .T. ) ;
#2160 = CARTESIAN_POINT ( 'NONE',  ( 0.3080653525000000004, -0.09016640789999999517, 0.05247108570000000305 ) ) ;
#2161 = EDGE_CURVE ( 'NONE', #472, #73, #4462, .T. ) ;
#2162 = CARTESIAN_POINT ( 'NONE',  ( 0.3165578803999999913, -0.02507093999999999642, 0.05809689739999999991 ) ) ;
#2163 = MECHANICAL_DESIGN_GEOMETRIC_PRESENTATION_REPRESENTATION (  '', ( #933 ), #4727 ) ;
#2164 = CARTESIAN_POINT ( 'NONE',  ( 0.2713526220799999944, 0.2312646142500000002, -0.1050500000000000184 ) ) ;
#2165 =( GEOMETRIC_REPRESENTATION_CONTEXT ( 3 ) GLOBAL_UNCERTAINTY_ASSIGNED_CONTEXT ( ( #4351 ) ) GLOBAL_UNIT_ASSIGNED_CONTEXT ( ( #4400, #1881, #4777 ) ) REPRESENTATION_CONTEXT ( 'NONE', 'WORKASPACE' ) );
#2166 = CARTESIAN_POINT ( 'NONE',  ( -0.1175817325052077866, 0.2875509220807374589, 0.06000105381493271023 ) ) ;
#2167 = CARTESIAN_POINT ( 'NONE',  ( 0.001352622027940687897, -0.3081732468472911379, 0.05994361438772570494 ) ) ;
#2168 = CARTESIAN_POINT ( 'NONE',  ( 0.04264782530000000432, 0.3096021320000000299, 0.05999716119999999597 ) ) ;
#2169 = EDGE_CURVE ( 'NONE', #3611, #1948, #2811, .T. ) ;
#2170 = CARTESIAN_POINT ( 'NONE',  ( -0.3125426975000000773, -0.05142870029999999787, 0.05614168759999999675 ) ) ;
#2171 = CARTESIAN_POINT ( 'NONE',  ( -0.05428343630000000142, -0.3039610959999999862, 0.05999996820000000342 ) ) ;
#2172 = CARTESIAN_POINT ( 'NONE',  ( 0.2983124233480620724, -0.08725906111776379759, 0.06000067408997947910 ) ) ;
#2173 = CARTESIAN_POINT ( 'NONE',  ( 0.3513526220000000033, -0.3185553858999999877, -9.999999999999999124E-05 ) ) ;
#2174 = AXIS2_PLACEMENT_3D ( 'NONE', #2722, #3190, #1943 ) ;
#2175 = CARTESIAN_POINT ( 'NONE',  ( 0.08351966376318795127, 0.3412646141000002520, 0.000000000000000000 ) ) ;
#2176 = CARTESIAN_POINT ( 'NONE',  ( 0.2402051996000000023, -0.2071885443999999799, 0.05711929249999999486 ) ) ;
#2177 = CARTESIAN_POINT ( 'NONE',  ( 0.2402051996000000023, 0.2097177726999999992, 0.05711929249999999486 ) ) ;
#2178 = EDGE_CURVE ( 'NONE', #2532, #2857, #130, .T. ) ;
#2179 = CARTESIAN_POINT ( 'NONE',  ( -0.2215714090000000247, 0.2264619682000000023, 0.05809689739999999991 ) ) ;
#2180 = EDGE_LOOP ( 'NONE', ( #2497, #3442 ) ) ;
#2181 = CARTESIAN_POINT ( 'NONE',  ( 0.3096783637615397322, -0.02449615314992576245, 0.06000181326502192908 ) ) ;
#2183 = VERTEX_POINT ( 'NONE', #762 ) ;
#2182 = CARTESIAN_POINT ( 'NONE',  ( 0.3113526220700000291, -0.3387353860199999733, -0.1050500000000000184 ) ) ;
#2184 = CARTESIAN_POINT ( 'NONE',  ( -0.3219807113544445043, 0.3512646140999999833, -0.1051000000000000267 ) ) ;
#2185 =( BOUNDED_CURVE ( )  B_SPLINE_CURVE ( 3, ( #1498, #4411, #634, #224 ),
 .UNSPECIFIED., .F., .T. ) 
 B_SPLINE_CURVE_WITH_KNOTS ( ( 4, 4 ),
 ( 0.000000000000000000, 1.000000000000000000 ),
 .UNSPECIFIED. ) 
 CURVE ( )  GEOMETRIC_REPRESENTATION_ITEM ( )  RATIONAL_B_SPLINE_CURVE ( ( 1.000000000000000000, 0.8047378540336930230, 0.8047378540336930230, 1.000000000000000000 ) ) 
 REPRESENTATION_ITEM ( '' )  );
#2186 = FILL_AREA_STYLE_COLOUR ( '', #540 ) ;
#2187 = ORIENTED_EDGE ( 'NONE', *, *, #1153, .F. ) ;
#2188 = CARTESIAN_POINT ( 'NONE',  ( -0.2468702880269992017, 0.1878628400045217473, 0.06000043879331965618 ) ) ;
#2189 = CARTESIAN_POINT ( 'NONE',  ( 0.3006677718803080768, -0.07897174471062758105, 0.06000159498603026970 ) ) ;
#2190 = CARTESIAN_POINT ( 'NONE',  ( 0.001352622000000000156, -0.3085463358870946249, 0.06000020349665982633 ) ) ;
#2191 = AXIS2_PLACEMENT_3D ( 'NONE', #5447, #3338, #3697 ) ;
#2192 = ORIENTED_EDGE ( 'NONE', *, *, #3548, .T. ) ;
#2193 = CARTESIAN_POINT ( 'NONE',  ( 0.3145240559999999963, 0.06726449099999999570, 0.05247108570000000305 ) ) ;
#2194 = CARTESIAN_POINT ( 'NONE',  ( 0.3173840562999999948, 0.001264614099999999876, 0.05809689739999999991 ) ) ;
#2195 = CARTESIAN_POINT ( 'NONE',  ( 0.3413526220737135297, -0.1187353858866665723, -0.1050500000000000184 ) ) ;
#2196 = CARTESIAN_POINT ( 'NONE',  ( -0.3071324134632535952, 0.02703869035936387610, 0.06000143353988593442 ) ) ;
#2197 = CARTESIAN_POINT ( 'NONE',  ( -0.3386473781200000088, 0.2312646142500000002, -0.1050500000000000184 ) ) ;
#2198 = CARTESIAN_POINT ( 'NONE',  ( 0.3100222154999999757, -0.03747039370000000008, 0.05999716119999999597 ) ) ;
#2199 = CARTESIAN_POINT ( 'NONE',  ( -0.02609426699999999738, 0.3197252086999999854, 0.05371144409999999841 ) ) ;
#2200 = CARTESIAN_POINT ( 'NONE',  ( -0.02528828820000000518, -0.3078443747999999869, 0.05999996820000000342 ) ) ;
#2201 = CARTESIAN_POINT ( 'NONE',  ( -0.3486473779999999523, -0.1887353858117065131, -5.000000124996760009E-05 ) ) ;
#2202 = CARTESIAN_POINT ( 'NONE',  ( 0.2745405806157866224, 0.1469648587568413711, 0.06000067408997947910 ) ) ;
#2203 = CARTESIAN_POINT ( 'NONE',  ( -0.1186473779258332972, -0.3487353859000000278, -0.1050499999987499627 ) ) ;
#2204 = UNCERTAINTY_MEASURE_WITH_UNIT (LENGTH_MEASURE( 1.000000000000000082E-05 ), #885, 'distance_accuracy_value', 'NONE');
#2205 = SURFACE_STYLE_USAGE ( .BOTH. , #4295 ) ;
#2206 = CARTESIAN_POINT ( 'NONE',  ( 0.1741164728000000050, 0.2667310189000000054, 0.05809689739999999991 ) ) ;
#2207 = CARTESIAN_POINT ( 'NONE',  ( 0.2977652886999999637, 0.1164695371999999868, 0.05614168759999999675 ) ) ;
#2208 = PRESENTATION_LAYER_ASSIGNMENT (  '', '', ( #347 ) ) ;
#2209 = CARTESIAN_POINT ( 'NONE',  ( -0.2980332693410550626, -0.07873471836462464513, 0.06000159487964346061 ) ) ;
#2210 = CARTESIAN_POINT ( 'NONE',  ( -0.02581451480000000048, 0.3164793018000000013, 0.05809689739999999991 ) ) ;
#2211 = CARTESIAN_POINT ( 'NONE',  ( -0.3369316493000001356, 0.3312646141000001876, -9.999999999999999124E-05 ) ) ;
#2212 = CARTESIAN_POINT ( 'NONE',  ( 0.3513526219999999478, -0.1787353858986773791, -0.0001000000029999979735 ) ) ;
#2213 = CARTESIAN_POINT ( 'NONE',  ( -0.3486473779999999523, -0.1887353858117065131, -5.000000124996760009E-05 ) ) ;
#2214 = SURFACE_STYLE_USAGE ( .BOTH. , #4331 ) ;
#2215 = EDGE_LOOP ( 'NONE', ( #4192, #915, #1576, #3778 ) ) ;
#2216 = CARTESIAN_POINT ( 'NONE',  ( 0.001352622000000000156, -0.3083484056612838531, 0.06000067408997947910 ) ) ;
#2217 = CARTESIAN_POINT ( 'NONE',  ( 0.3513526219999999478, -0.2754020525058355484, 0.000000000000000000 ) ) ;
#2218 = CARTESIAN_POINT ( 'NONE',  ( 0.01425728809817684850, 0.3109765989741892778, 0.06000043879331965618 ) ) ;
#2219 = VERTEX_POINT ( 'NONE', #2942 ) ;
#2220 = CARTESIAN_POINT ( 'NONE',  ( 0.1412643558999999993, 0.2882630424999999552, 0.05371144409999999841 ) ) ;
#2221 = CARTESIAN_POINT ( 'NONE',  ( 0.2546403413000000171, -0.1891410138999999879, 0.05809689739999999991 ) ) ;
#2222 = CARTESIAN_POINT ( 'NONE',  ( -0.1186473779866666217, 0.3512646140999999833, -0.1050499999987498934 ) ) ;
#2223 = CARTESIAN_POINT ( 'NONE',  ( -0.2716944148228069289, -0.1443604722287021858, 0.06000105381493271023 ) ) ;
#2224 = CARTESIAN_POINT ( 'NONE',  ( -0.1786473779986773869, -0.3487353859000000278, -0.0001000000030000006840 ) ) ;
#2225 = CARTESIAN_POINT ( 'NONE',  ( 0.1880069407999999942, 0.2501370392000000220, 0.05999716119999999597 ) ) ;
#2226 = CARTESIAN_POINT ( 'NONE',  ( -0.1731902555000000010, 0.2694646454999999885, 0.05371144409999999841 ) ) ;
#2227 = CARTESIAN_POINT ( 'NONE',  ( -0.05449538450000000062, 0.3076530957999999982, 0.05999716119999999597 ) ) ;
#2228 = CARTESIAN_POINT ( 'NONE',  ( 0.001352622020833327840, 0.3107024750298396643, 0.05994361441813524788 ) ) ;
#2229 = STYLED_ITEM ( 'NONE', ( #3774 ), #4178 ) ;
#2230 = CARTESIAN_POINT ( 'NONE',  ( 0.02796801016503774884, -0.3075482467614282234, 0.06000067408997947910 ) ) ;
#2231 = CARTESIAN_POINT ( 'NONE',  ( -0.2286473781500000246, 0.2712646141799998634, -0.1050500000000000184 ) ) ;
#2232 = CARTESIAN_POINT ( 'NONE',  ( -0.3286473779980905729, -0.1587353858999999978, -0.0001000000000000004791 ) ) ;
#2233 =( LENGTH_UNIT ( ) NAMED_UNIT ( * ) SI_UNIT ( .CENTI., .METRE. ) );
#2234 = CARTESIAN_POINT ( 'NONE',  ( 0.2693774217000000082, -0.1698617245000000331, 0.05711929249999999486 ) ) ;
#2235 = CARTESIAN_POINT ( 'NONE',  ( 0.3031374527000000318, 0.1047905945999999949, 0.05495180240000000632 ) ) ;
#2236 = CARTESIAN_POINT ( 'NONE',  ( -0.1719530177999999965, 0.2675635242000000136, 0.05711929249999999486 ) ) ;
#2237 = CARTESIAN_POINT ( 'NONE',  ( 0.2342617142200030811, -0.2020015028520747713, 0.06000181326502192908 ) ) ;
#2238 = CARTESIAN_POINT ( 'NONE',  ( -0.3486473779999999523, -0.1287353859316266169, -4.999999999999999562E-05 ) ) ;
#2239 = CARTESIAN_POINT ( 'NONE',  ( -0.2957680279642118104, -0.08873538605000003132, -0.1051000000000000267 ) ) ;
#2240 = B_SPLINE_CURVE_WITH_KNOTS ( 'NONE', 3,
 ( #2164, #500, #2694, #4825 ),
 .UNSPECIFIED., .F., .F.,
 ( 4, 4 ),
 ( 0.000000000000000000, 1.000000000000000000 ),
 .UNSPECIFIED. ) ;
#2241 = CARTESIAN_POINT ( 'NONE',  ( 0.001352622100000000624, 0.2548688158999998232, 0.2376937047000002023 ) ) ;
#2242 = CARTESIAN_POINT ( 'NONE',  ( -0.1890176643000001100, -0.3103265600000001401, -0.1323564430999998875 ) ) ;
#2243 = ORIENTED_EDGE ( 'NONE', *, *, #1328, .F. ) ;
#2244 = EDGE_CURVE ( 'NONE', #2551, #2561, #3313, .T. ) ;
#2245 = CARTESIAN_POINT ( 'NONE',  ( -0.03975958837251074296, 0.3082357849637668012, 0.06000043879331965618 ) ) ;
#2246 = FILL_AREA_STYLE_COLOUR ( '', #4906 ) ;
#2247 = CARTESIAN_POINT ( 'NONE',  ( 0.2900275663905283463, -0.1109329351851126577, 0.06000043879331965618 ) ) ;
#2248 = VERTEX_POINT ( 'NONE', #3785 ) ;
#2249 = CARTESIAN_POINT ( 'NONE',  ( 0.1761665159999999952, 0.2698810852999999899, 0.05247108570000000305 ) ) ;
#2250 = CARTESIAN_POINT ( 'NONE',  ( 0.3165578803999999913, 0.02760016819999999704, 0.05809689739999999991 ) ) ;
#2251 = EDGE_CURVE ( 'NONE', #4765, #3748, #5353, .T. ) ;
#2252 = CARTESIAN_POINT ( 'NONE',  ( -0.3040932718772469401, -0.05001030310138530888, 0.06000105381493271023 ) ) ;
#2253 = CARTESIAN_POINT ( 'NONE',  ( -0.1626073169665086526, 0.3212609842487492706, -0.000000000000000000 ) ) ;
#2254 =( GEOMETRIC_REPRESENTATION_CONTEXT ( 3 ) GLOBAL_UNCERTAINTY_ASSIGNED_CONTEXT ( ( #5455 ) ) GLOBAL_UNIT_ASSIGNED_CONTEXT ( ( #3547, #683, #3494 ) ) REPRESENTATION_CONTEXT ( 'NONE', 'WORKASPACE' ) );
#2255 = CARTESIAN_POINT ( 'NONE',  ( 0.3124431534000000066, -0.01169749140000000097, 0.05999716119999999597 ) ) ;
#2256 = CARTESIAN_POINT ( 'NONE',  ( -0.1383418678999999984, -0.2852881857999999826, 0.05495180240000000632 ) ) ;
#2257 = CARTESIAN_POINT ( 'NONE',  ( -0.1182109777999999917, -0.2865363470999999773, 0.05999716119999999597 ) ) ;
#2258 =( LENGTH_UNIT ( ) NAMED_UNIT ( * ) SI_UNIT ( .CENTI., .METRE. ) );
#2259 = CARTESIAN_POINT ( 'NONE',  ( 0.1370691097161349237, -0.2771281812961219337, 0.06000043879331965618 ) ) ;
#2260 = UNCERTAINTY_MEASURE_WITH_UNIT (LENGTH_MEASURE( 1.000000000000000082E-05 ), #3226, 'distance_accuracy_value', 'NONE');
#2261 = CARTESIAN_POINT ( 'NONE',  ( 0.3513526219999999478, 0.3312646140961811869, -0.0001000000029999979735 ) ) ;
#2262 = CARTESIAN_POINT ( 'NONE',  ( 0.1228151936999999916, 0.2936365811000000159, 0.05809689739999999991 ) ) ;
#2263 = B_SPLINE_CURVE_WITH_KNOTS ( 'NONE', 3,
 ( #3460, #873, #3370, #1322 ),
 .UNSPECIFIED., .F., .F.,
 ( 4, 4 ),
 ( 0.000000000000000000, 1.000000000000000000 ),
 .UNSPECIFIED. ) ;
#2264 = CARTESIAN_POINT ( 'NONE',  ( -0.2842235968999999862, 0.1394820415000000147, 0.05711929249999999486 ) ) ;
#2265 = CARTESIAN_POINT ( 'NONE',  ( 0.07208245506969954142, -0.3001203157986545578, 0.06000181326502192908 ) ) ;
#2266 = CARTESIAN_POINT ( 'NONE',  ( 0.001352622000000000156, -0.3086453009999999830, 0.05999996820000000342 ) ) ;
#2267 = CARTESIAN_POINT ( 'NONE',  ( 0.3213526219295664843, -0.3487353859000000278, -4.999999999999999562E-05 ) ) ;
#2268 = CARTESIAN_POINT ( 'NONE',  ( -0.1286473780316265692, -0.3487353859000000278, -5.000000124997849632E-05 ) ) ;
#2269 = FILL_AREA_STYLE ('',( #2674 ) ) ;
#2270 = VERTEX_POINT ( 'NONE', #2508 ) ;
#2271 = CARTESIAN_POINT ( 'NONE',  ( -0.2828061945509257047, -0.1225525555331775235, 0.06000043879331965618 ) ) ;
#2272 = DIRECTION ( 'NONE',  ( 0.000000000000000000, -1.000000000000000000, 0.000000000000000000 ) ) ;
#2273 = CARTESIAN_POINT ( 'NONE',  ( 0.1707159413697116879, -0.2589765839128713720, 0.06000020349665982633 ) ) ;
#2274 = CARTESIAN_POINT ( 'NONE',  ( 0.1072642592999999978, 0.3034794630000000049, 0.05247108570000000305 ) ) ;
#2275 = CARTESIAN_POINT ( 'NONE',  ( -0.1769316494731212330, 0.3271278433792910167, 0.000000000000000000 ) ) ;
#2276 = CARTESIAN_POINT ( 'NONE',  ( 0.3084598836000000399, -0.06345725779999999983, 0.05933362749999999269 ) ) ;
#2277 = CARTESIAN_POINT ( 'NONE',  ( -0.2072474022999999943, 0.2439217852999999991, 0.05371144409999999841 ) ) ;
#2278 = CARTESIAN_POINT ( 'NONE',  ( -0.3057092927000000238, -0.05028158300000000469, 0.05999716119999999597 ) ) ;
#2279 = CARTESIAN_POINT ( 'NONE',  ( -0.3369316493000001356, 0.3312646141000001876, -0.1050999999999999435 ) ) ;
#2280 = CARTESIAN_POINT ( 'NONE',  ( 0.3413526220737135297, -0.08873538605000003132, -0.1050500000000000184 ) ) ;
#2281 = CARTESIAN_POINT ( 'NONE',  ( -0.1787415437204919189, -0.2132102832200065134, -0.1051000000000000684 ) ) ;
#2282 = CARTESIAN_POINT ( 'NONE',  ( -0.1786473779973334064, -0.3487353859000000278, -0.1051000000000000267 ) ) ;
#2283 = FILL_AREA_STYLE ('',( #4428 ) ) ;
#2284 = CARTESIAN_POINT ( 'NONE',  ( 0.3016309273628490772, 0.07752577106043422039, 0.06000020349665982633 ) ) ;
#2285 = CARTESIAN_POINT ( 'NONE',  ( -0.2941362853000000221, 0.1161105051999999915, 0.05711929249999999486 ) ) ;
#2286 = CARTESIAN_POINT ( 'NONE',  ( 0.01423985525992219059, 0.3105582113167724145, 0.06000143354000778140 ) ) ;
#2287 =( NAMED_UNIT ( * ) SI_UNIT ( $, .STERADIAN. ) SOLID_ANGLE_UNIT ( ) );
#2288 = CARTESIAN_POINT ( 'NONE',  ( -0.08864737814999998355, 0.2769455890386165464, -0.1050500000000000184 ) ) ;
#2289 =( GEOMETRIC_REPRESENTATION_CONTEXT ( 3 ) GLOBAL_UNCERTAINTY_ASSIGNED_CONTEXT ( ( #3857 ) ) GLOBAL_UNIT_ASSIGNED_CONTEXT ( ( #2845, #3290, #294 ) ) REPRESENTATION_CONTEXT ( 'NONE', 'WORKASPACE' ) );
#2290 = SURFACE_SIDE_STYLE ('',( #685 ) ) ;
#2291 = CARTESIAN_POINT ( 'NONE',  ( -0.3086473780699999780, -0.3454020526066665653, -0.1051000000000000267 ) ) ;
#2292 = CARTESIAN_POINT ( 'NONE',  ( -0.08536673374750257393, -0.2960588913912688414, 0.06000043879331965618 ) ) ;
#2293 = CARTESIAN_POINT ( 'NONE',  ( -0.1216352161999999931, 0.2973080429999999663, 0.05000000000000000278 ) ) ;
#2294 = CARTESIAN_POINT ( 'NONE',  ( 0.3115064681999999974, 0.08003384489999999796, 0.05118824680000000349 ) ) ;
#2295 = EDGE_CURVE ( 'NONE', #4213, #2532, #1705, .T. ) ;
#2296 = EDGE_CURVE ( 'NONE', #1056, #4196, #3603, .T. ) ;
#2297 = ORIENTED_EDGE ( 'NONE', *, *, #2623, .T. ) ;
#2298 = CARTESIAN_POINT ( 'NONE',  ( -0.1318391082664803760, 0.3356567435094864327, -0.000000000000000000 ) ) ;
#2299 = CARTESIAN_POINT ( 'NONE',  ( 0.1052134131000000000, -0.2950982228999999846, 0.05933362749999999269 ) ) ;
#2300 = EDGE_CURVE ( 'NONE', #2505, #694, #5134, .T. ) ;
#2301 = CARTESIAN_POINT ( 'NONE',  ( -0.2392051359999999849, 0.2112059302000000027, 0.05371144409999999841 ) ) ;
#2302 = CARTESIAN_POINT ( 'NONE',  ( -0.04011047389999999879, 0.3108557310000000240, 0.05980818360000000194 ) ) ;
#2303 = CARTESIAN_POINT ( 'NONE',  ( 0.05880008600000000141, -0.3138986719999999897, 0.05000000000000003053 ) ) ;
#2304 = CARTESIAN_POINT ( 'NONE',  ( 0.001352622000000000156, 0.3110755640870946359, 0.06000020349665982633 ) ) ;
#2305 = CARTESIAN_POINT ( 'NONE',  ( -0.1507621162529904357, 0.2710201273374464037, 0.06000181326483916555 ) ) ;
#2306 = PRESENTATION_STYLE_ASSIGNMENT (( #1435 ) ) ;
#2307 = CARTESIAN_POINT ( 'NONE',  ( 0.1371558432000000161, -0.2773060961000000102, 0.05999996820000000342 ) ) ;
#2308 = CARTESIAN_POINT ( 'NONE',  ( -0.3138526362999999875, 0.02760016819999999704, 0.05809689739999999991 ) ) ;
#2309 = MECHANICAL_DESIGN_GEOMETRIC_PRESENTATION_REPRESENTATION (  '', ( #4603 ), #3533 ) ;
#2310 = CARTESIAN_POINT ( 'NONE',  ( 0.1037906613745608747, -0.2910384548183657105, 0.06000143354000778140 ) ) ;
#2311 = CARTESIAN_POINT ( 'NONE',  ( 0.1888042821000001648, -0.3187353859000003342, 0.04000000000000002859 ) ) ;
#2312 = CARTESIAN_POINT ( 'NONE',  ( 0.001352621999999999072, 0.3248414310000001248, 0.02526482689999998144 ) ) ;
#2313 = CARTESIAN_POINT ( 'NONE',  ( 0.3480192887066665963, 0.3112646142233334579, -0.1051000000000000267 ) ) ;
#2314 = CARTESIAN_POINT ( 'NONE',  ( 0.001352622099999999973, -0.3103265598999999653, -0.1323564430999999986 ) ) ;
#2315 = CARTESIAN_POINT ( 'NONE',  ( -0.2320665868463424875, 0.2049759237615648988, 0.06000020349665982633 ) ) ;
#2316 = CARTESIAN_POINT ( 'NONE',  ( -0.1586473780000000056, -0.3287353859000000100, -0.1051000000000000267 ) ) ;
#2317 = CARTESIAN_POINT ( 'NONE',  ( -0.02615566629999999809, -0.3179083829999999611, 0.05118824680000000349 ) ) ;
#2318 = CARTESIAN_POINT ( 'NONE',  ( -0.3369316493000001356, -0.1787353858999999878, -0.1050999999999999435 ) ) ;
#2319 = CARTESIAN_POINT ( 'NONE',  ( 0.3082749100000000131, -0.09022887699999999900, 0.05118824680000000349 ) ) ;
#2320 = SURFACE_STYLE_FILL_AREA ( #2680 ) ;
#2321 = CARTESIAN_POINT ( 'NONE',  ( -0.3122367229999999938, 0.01433083679999999985, 0.05933362749999999269 ) ) ;
#2322 = MECHANICAL_DESIGN_GEOMETRIC_PRESENTATION_REPRESENTATION (  '', ( #2148 ), #1896 ) ;
#2323 = ORIENTED_EDGE ( 'NONE', *, *, #2695, .F. ) ;
#2324 = CARTESIAN_POINT ( 'NONE',  ( 0.3513526219999999478, 0.3312646140961811869, -0.0001000000029999979735 ) ) ;
#2325 = CARTESIAN_POINT ( 'NONE',  ( 0.1066787228999999948, 0.3018086573000000605, 0.05614168759999999675 ) ) ;
#2326 = CARTESIAN_POINT ( 'NONE',  ( 0.2526830954000000018, -0.1876696807000000078, 0.05933362749999999269 ) ) ;
#2327 = MECHANICAL_DESIGN_GEOMETRIC_PRESENTATION_REPRESENTATION (  '', ( #4531 ), #744 ) ;
#2328 = CARTESIAN_POINT ( 'NONE',  ( -0.3142877265999999836, 0.05425086500000000228, 0.05247108570000000305 ) ) ;
#2329 = CARTESIAN_POINT ( 'NONE',  ( -0.2731390233000000056, -0.1451309299999999913, 0.05999716119999999597 ) ) ;
#2330 = CARTESIAN_POINT ( 'NONE',  ( 0.1243404603000000247, -0.2947788147000000580, 0.05000000000000003053 ) ) ;
#2331 = CARTESIAN_POINT ( 'NONE',  ( -0.1986473779000545448, -0.2227465419704880711, -0.1051000000000000545 ) ) ;
#2332 = B_SPLINE_CURVE_WITH_KNOTS ( 'NONE', 3,
 ( #2556, #2155, #857, #1723 ),
 .UNSPECIFIED., .F., .F.,
 ( 4, 4 ),
 ( 0.000000000000000000, 1.000000000000000000 ),
 .UNSPECIFIED. ) ;
#2333 = SURFACE_STYLE_FILL_AREA ( #2283 ) ;
#2334 = EDGE_CURVE ( 'NONE', #4275, #390, #5394, .T. ) ;
#2335 = CARTESIAN_POINT ( 'NONE',  ( 0.1872985711000000053, -0.2466633178999999843, 0.05999996820000000342 ) ) ;
#2336 = CARTESIAN_POINT ( 'NONE',  ( -0.1371330626000000219, -0.2828085851999999623, 0.05809689739999999991 ) ) ;
#2337 = PRESENTATION_LAYER_ASSIGNMENT (  '', '', ( #4449 ) ) ;
#2338 = CARTESIAN_POINT ( 'NONE',  ( 0.05687803694540947974, -0.3033540936491451734, 0.06000143354000778140 ) ) ;
#2339 = CARTESIAN_POINT ( 'NONE',  ( 0.001352622000000000156, -0.3187353859000000011, 0.05000000000000000278 ) ) ;
#2340 = CARTESIAN_POINT ( 'NONE',  ( 0.001352621999999999072, -0.09347275080000004566, 0.2708821916000002106 ) ) ;
#2341 = CARTESIAN_POINT ( 'NONE',  ( -0.2989256833712315986, 0.07752577106043422039, 0.06000020349665982633 ) ) ;
#2342 = SURFACE_STYLE_USAGE ( .BOTH. , #2746 ) ;
#2343 = CARTESIAN_POINT ( 'NONE',  ( -0.2969115288999999991, 0.1171891424000000015, 0.05000000000000000278 ) ) ;
#2344 = CARTESIAN_POINT ( 'NONE',  ( 0.2837055632000000105, 0.1518528494000000173, 0.05118824680000000349 ) ) ;
#2345 = VERTEX_POINT ( 'NONE', #2056 ) ;
#2346 = CARTESIAN_POINT ( 'NONE',  ( -0.2863636484000000593, 0.1266318811999999905, 0.05933362749999999269 ) ) ;
#2347 = ORIENTED_EDGE ( 'NONE', *, *, #2296, .F. ) ;
#2348 = CARTESIAN_POINT ( 'NONE',  ( -0.08864737814999996968, 0.3198249391286808740, -0.1051000000000000267 ) ) ;
#2349 = CARTESIAN_POINT ( 'NONE',  ( 0.001352622000000000156, 0.3192782037999999933, 0.05614168759999999675 ) ) ;
#2350 = CARTESIAN_POINT ( 'NONE',  ( 0.1887658160000000029, 0.2511488726999999699, 0.05980818360000000194 ) ) ;
#2351 = CARTESIAN_POINT ( 'NONE',  ( -0.01197160769999999937, 0.3210461275000000003, 0.05247108570000000305 ) ) ;
#2352 = CARTESIAN_POINT ( 'NONE',  ( -0.1020994610000000025, -0.2939319901000000401, 0.05980818360000000194 ) ) ;
#2353 = CARTESIAN_POINT ( 'NONE',  ( 0.3172086278999999842, 0.05428706710000000268, 0.05000000000000003053 ) ) ;
#2354 = FILL_AREA_STYLE_COLOUR ( '', #1138 ) ;
#2355 = CIRCLE ( 'NONE', #865, 0.3200000000000068345 ) ;
#2356 = CARTESIAN_POINT ( 'NONE',  ( -0.02522157809614772664, -0.3070703513009505614, 0.06000181326483916555 ) ) ;
#2357 = LINE ( 'NONE', #3203, #4693 ) ;
#2358 = CARTESIAN_POINT ( 'NONE',  ( 0.2348463936999999890, -0.2025117685000000223, 0.05999996820000000342 ) ) ;
#2359 = CARTESIAN_POINT ( 'NONE',  ( -0.1546438528000000090, -0.2753746488999999631, 0.05711929249999999486 ) ) ;
#2360 = CARTESIAN_POINT ( 'NONE',  ( 0.2742587371846098576, -0.1442853139764470605, 0.06000143354000778140 ) ) ;
#2361 = CARTESIAN_POINT ( 'NONE',  ( -0.3386473781200000088, 0.2312646142500000002, -0.1050500000000000184 ) ) ;
#2362 = CARTESIAN_POINT ( 'NONE',  ( 0.001352621957142856324, 0.3212646141000000122, 0.04000000000000000083 ) ) ;
#2363 = SURFACE_STYLE_USAGE ( .BOTH. , #2290 ) ;
#2364 = FILL_AREA_STYLE ('',( #4464 ) ) ;
#2365 = CARTESIAN_POINT ( 'NONE',  ( -0.2869057401000000285, 0.1407801850000000021, 0.05118824680000000349 ) ) ;
#2366 = CARTESIAN_POINT ( 'NONE',  ( -0.07186337800000000553, 0.3132432807999999680, 0.05000000000000000278 ) ) ;
#2367 = CARTESIAN_POINT ( 'NONE',  ( -0.2922453844000000300, -0.1266655151999999951, 0.05000000000000000278 ) ) ;
#2368 = B_SPLINE_SURFACE_WITH_KNOTS ( 'NONE', 3, 3, ( 
 ( #4323, #3540, #3991, #1467, #3129, #548, #3154, #4820, #4403, #622, #2305, #211, #3568, #4044, #3622, #3254, #705, #5341, #4092, #3670, #5400, #1119, #4482, #2788, #731, #3229, #4542, #1560, #2433, #2381, #3646, #2763, #1512, #1146, #5368, #4918, #3283, #3202, #1589, #2408, #4892, #4946, #3729, #2057, #764, #4068, #1176, #315, #289, #790, #4456, #678, #2461, #4976, #3180, #2005, #2839, #1980, #2356, #4570, #4152 ),
 ( #1207, #261, #2813, #4124, #4510, #1956, #5317, #2867, #372, #4867, #1092, #3700, #1537, #344, #2032, #1622, #2509, #925, #4593, #1706, #1315, #3759, #866, #2084, #5087, #842, #817, #5028, #2196, #3788, #3364, #4200, #5427, #3849, #4254, #3004, #893, #5448, #4645, #422, #5054, #2595, #2894, #510, #3394, #1345, #2108, #398, #480, #1258, #3813, #1679, #4675, #17, #3339, #44, #4706, #4284, #1653, #3315, #2972 ),
 ( #4619, #1288, #2135, #2943, #2917, #2567, #1731, #5003, #2166, #1233, #76, #1761, #2535, #4224, #2485, #4174, #3423, #451, #5120, #4341, #3878, #1402, #2624, #567, #1425, #3099, #982, #129, #4316, #156, #4739, #1374, #5150, #1848, #2252, #3040, #1821, #3072, #4793, #953, #538, #3506, #2223, #103, #4769, #3907, #3480, #5182, #2652, #3937, #5212, #1792, #3453, #808, #5047, #2101, #2885, #1281, #3416, #1753, #4217 ),
 ( #4586, #474, #2450, #362, #2157, #2965, #1195, #3779, #859, #4169, #4141, #4244, #3840, #5021, #835, #2477, #3719, #1699, #391, #2937, #10, #2076, #4638, #2858, #4560, #443, #3752, #2530, #415, #5442, #70, #2047, #5418, #779, #4668, #1644, #3357, #2127, #1672, #3306, #4995, #1225, #1252, #3333, #2911, #4612, #2503, #4193, #3807, #37, #1725, #3387, #5080, #1308, #887, #2558, #4731, #1890, #3472, #3064, #2216 ),
 ( #175, #1786, #4762, #2245, #4697, #4789, #1448, #974, #503, #3116, #5111, #3443, #4333, #1339, #916, #197, #2188, #4364, #2995, #2588, #4276, #3093, #3929, #4808, #530, #151, #3871, #1870, #1003, #4308, #5174, #1839, #3898, #5144, #2676, #3498, #95, #3526, #4385, #586, #2271, #1395, #2645, #1366, #3979, #5228, #1026, #3029, #3956, #946, #561, #2616, #2699, #607, #2292, #5206, #1813, #121, #1419, #1918, #633 ),
 ( #767, #348, #2061, #3164, #1074, #4851, #2843, #5373, #1212, #2010, #4573, #2745, #320, #4830, #3552, #2315, #223, #5404, #4436, #3674, #2437, #2035, #3735, #660, #2341, #4029, #4546, #1593, #2870, #3258, #794, #4950, #1180, #1049, #5253, #4129, #3704, #4001, #1627, #3288, #4981, #2465, #5275, #4156, #402, #4177, #376, #1497, #5431, #1657, #3319, #2898, #2720, #4410, #4597, #5007, #1474, #1239, #820, #2488, #3578 ),
 ( #3140, #484, #106, #2921, #3368, #1767, #5060, #2513, #427, #1796, #3883, #2629, #3457, #4290, #3046, #21, #1711, #2088, #3764, #1293, #871, #2600, #4206, #1736, #4678, #1683, #3427, #5156, #3398, #4623, #1380, #5452, #2112, #1320, #4320, #3342, #5032, #846, #1349, #1263, #3793, #2948, #81, #898, #4745, #4650, #2570, #2540, #514, #5125, #4229, #2139, #4259, #457, #3820, #3010, #2171, #49, #2200, #958, #4711 ),
 ( #5092, #2977, #3854, #929, #2227, #1904, #3912, #5235, #160, #3563, #5288, #1928, #4395, #2685, #1854, #2733, #4798, #3103, #3987, #4374, #3125, #596, #645, #1407, #1463, #3536, #1063, #3077, #3511, #2656, #134, #186, #4347, #1827, #2278, #3485, #4817, #3965, #4863, #1036, #988, #1012, #2329, #5187, #4774, #1879, #619, #4017, #571, #5216, #207, #1429, #2257, #3941, #236, #3591, #1089, #1508, #4423, #3176, #2710 ),
 ( #543, #2758, #4841, #2302, #1484, #5263, #3151, #5339, #728, #1650, #1953, #5000, #2431, #368, #4916, #4889, #4974, #4064, #2836, #1116, #3696, #2810, #4479, #4538, #2055, #3312, #3726, #5424, #4119, #3282, #4507, #341, #1230, #2030, #4452, #1173, #1142, #2783, #3666, #1203, #4567, #5314, #761, #3199, #2865, #788, #674, #4090, #2458, #5365, #5396, #312, #1533, #2352, #4149, #4041, #1557, #285, #258, #1618, #3618 ),
 ( #702, #2376, #1976, #3643, #2404, #3251, #3223, #2002, #1585, #4943, #813, #2890, #4173, #2482, #396, #4591, #252, #4938, #3689, #669, #2346, #2725, #4417, #4035, #1527, #3245, #4856, #2371, #5331, #2321, #2396, #4529, #4058, #3584, #753, #639, #1082, #1969, #4965, #4009, #3274, #5282, #1995, #230, #1922, #1503, #722, #1549, #2424, #3610, #3217, #3170, #1166, #4083, #1947, #2777, #4909, #5307, #2752, #305, #1136 ),
 ( #3659, #5359, #4473, #696, #4443, #1611, #2829, #4111, #3193, #1577, #4882, #3637, #1109, #333, #2023, #5388, #2805, #279, #4500, #5135, #1690, #1329, #4211, #3376, #2147, #1744, #3434, #4630, #2519, #850, #4233, #1299, #2579, #5068, #493, #435, #1717, #827, #5013, #4658, #2119, #2094, #58, #3799, #3406, #463, #1273, #5101, #1806, #115, #4266, #2927, #4686, #3829, #27, #4299, #2493, #4186, #522, #1357, #1246 ),
 ( #409, #2608, #2210, #2952, #2905, #3890, #878, #4605, #3771, #2547, #906, #3350, #2985, #5039, #2179, #3861, #87, #1777, #3020, #4720, #4, #937, #242, #1863, #1439, #578, #3465, #1911, #2308, #1069, #4406, #3491, #2690, #4355, #5224, #654, #966, #4024, #1469, #4847, #3947, #3921, #3994, #3086, #1883, #144, #2714, #3519, #5198, #3544, #2740, #2336, #4430, #5165, #3133, #216, #3109, #4823, #1388, #1043, #3056 ),
 ( #5246, #4754, #3571, #2636, #627, #5270, #4804, #1017, #4328, #554, #1491, #2236, #1832, #3157, #1412, #4380, #4782, #995, #2666, #2264, #603, #2285, #168, #3974, #191, #4458, #2766, #346, #1179, #680, #292, #735, #2869, #4048, #5319, #2034, #4485, #1935, #1149, #2790, #4894, #1122, #709, #2385, #4070, #5371, #1983, #4513, #3648, #3703, #2359, #2817, #4921, #2436, #264, #1539, #1959, #3597, #1564, #3625, #1515 ),
 ( #5403, #5295, #2411, #1592, #5345, #4870, #4980, #4572, #3232, #3182, #1211, #4096, #793, #1096, #319, #3257, #3207, #4949, #766, #2009, #2842, #2464, #4545, #3673, #4128, #1626, #3287, #4155, #897, #483, #1237, #2539, #4596, #4258, #2170, #3426, #20, #3853, #5059, #1319, #1710, #2897, #375, #80, #1766, #1262, #1682, #2947, #3341, #3367, #5124, #2487, #2138, #5031, #4205, #4649, #4228, #1348, #5451, #2920, #4622 ),
 ( #426, #2976, #845, #2512, #1656, #2060, #1292, #2111, #819, #870, #3792, #456, #3819, #2087, #48, #2599, #928, #3397, #3763, #1735, #5091, #4677, #3009, #3318, #5006, #4710, #3734, #5430, #2569, #4176, #401, #1795, #1903, #5262, #2655, #513, #3562, #1406, #1483, #3456, #570, #185, #2628, #5215, #957, #3964, #5186, #5155, #3911, #1062, #4346, #2256, #3076, #4289, #2709, #3124, #3150, #5234, #4319, #3510, #4773 ),
 ( #1379, #618, #2199, #542, #1428, #3882, #105, #4840, #3045, #3535, #4744, #2226, #133, #2277, #3102, #2301, #987, #4797, #1825, #1035, #3484, #1878, #1462, #3940, #159, #1853, #1011, #4394, #206, #2683, #4816, #4373, #595, #3986, #4089, #2029, #4118, #1975, #2782, #3198, #2430, #1088, #5287, #3590, #1172, #2001, #1507, #1115, #1556, #3695, #4862, #673, #2835, #5313, #2732, #3642, #3617, #257, #1952, #1532, #4888 ),
 ( #3222, #2351, #1141, #5338, #4451, #2809, #4973, #3281, #311, #4040, #2403, #4915, #4478, #5395, #4016, #1927, #1617, #4537, #4422, #4506, #3665, #701, #235, #340, #644, #2375, #2328, #3175, #4063, #2757, #284, #727, #5364, #1584, #3250, #4942, #760, #2864, #1202, #787, #4566, #2457, #4148, #3653, #1103, #4986, #5410, #4162, #2039, #1130, #326, #1987, #2822, #3744, #4052, #1661, #4551, #2470, #1569, #1543, #1635 ),
 ( #353, #3323, #2771, #4465, #3296, #772, #382, #2067, #2443, #1218, #4928, #4135, #5436, #3709, #687, #3266, #3237, #4901, #2877, #2365, #271, #4579, #1964, #2017, #715, #798, #3631, #5326, #3680, #1157, #4520, #3211, #2797, #4492, #2389, #4074, #297, #5351, #743, #5379, #2417, #4102, #1601, #4956, #1186, #2850, #1942, #4930, #2747, #1892, #609, #248, #1920, #3142, #1105, #225, #4467, #1522, #2317, #689, #2824 ),
 ( #273, #5303, #4003, #5354, #3554, #5255, #1571, #2391, #2293, #3189, #1965, #3580, #1476, #3655, #3239, #4438, #3980, #1160, #3166, #198, #4832, #2343, #3633, #4412, #4877, #2721, #5327, #1499, #1051, #5278, #635, #664, #4031, #4853, #1076, #4495, #4903, #3606, #1545, #2773, #2367, #4054, #3213, #1132, #2799, #717, #4076, #1989, #299, #4958, #5041, #4137, #2907, #1189, #3773, #2878, #327, #1693, #1274, #2495, #3800 ) ),
 .UNSPECIFIED., .F., .F., .F.,
 ( 4, 3, 3, 3, 3, 3, 4 ),
 ( 4, 3, 3, 3, 3, 3, 3, 3, 3, 3, 3, 3, 3, 3, 3, 3, 3, 3, 3, 3, 4 ),
 ( -0.06118511883298106274, -0.02734193054185496408, -0.006370990667999999919, 0.2438043763329189872, 0.4958695842219459915, 0.7479347921109730235, 1.000000000000000000 ),
 ( 0.000000000000000000, 0.06250000000000000000, 0.1250000000000000000, 0.1875000000000000000, 0.2500000000000000000, 0.3125000000000000000, 0.3750000000000000000, 0.4062500000000000000, 0.4375000000000000000, 0.4687500000000000000, 0.5000000000000000000, 0.5312500000000000000, 0.5625000000000000000, 0.5937500000000000000, 0.6250000000000000000, 0.6875000000000000000, 0.7500000000000000000, 0.8125000000000000000, 0.8750000000000000000, 0.9375000000000000000, 1.000000000000000000 ),
 .UNSPECIFIED. ) ;
#2369 = CARTESIAN_POINT ( 'NONE',  ( 0.3172086278999999842, -0.05175783889999999166, 0.05118824680000000349 ) ) ;
#2370 = ORIENTED_EDGE ( 'NONE', *, *, #15, .T. ) ;
#2371 = CARTESIAN_POINT ( 'NONE',  ( -0.3097963390000000317, 0.04031075820000000476, 0.05933362749999999269 ) ) ;
#2372 = ORIENTED_EDGE ( 'NONE', *, *, #3671, .F. ) ;
#2373 = CARTESIAN_POINT ( 'NONE',  ( 0.3160142873999999824, -0.05155734610000000523, 0.05495180240000000632 ) ) ;
#2374 = CARTESIAN_POINT ( 'NONE',  ( 0.2769602602000000302, 0.1482553545000000195, 0.05980818360000000194 ) ) ;
#2375 = CARTESIAN_POINT ( 'NONE',  ( -0.3118188118999999925, 0.06726449099999999570, 0.05247108570000000305 ) ) ;
#2376 = CARTESIAN_POINT ( 'NONE',  ( -0.01171360070000000003, 0.3148539592000000331, 0.05933362749999999269 ) ) ;
#2377 = CARTESIAN_POINT ( 'NONE',  ( 0.01468595540000000067, 0.3212646141000000122, 0.05000000000000003053 ) ) ;
#2378 =( BOUNDED_CURVE ( )  B_SPLINE_CURVE ( 3, ( #2950, #901, #4714, #4209 ),
 .UNSPECIFIED., .F., .F. ) 
 B_SPLINE_CURVE_WITH_KNOTS ( ( 4, 4 ),
 ( 9.697399036122160616E-19, 0.007827721023034257819 ),
 .UNSPECIFIED. ) 
 CURVE ( )  GEOMETRIC_REPRESENTATION_ITEM ( )  RATIONAL_B_SPLINE_CURVE ( ( 0.5679946348741625739, 0.3899697787708394925, 0.5293813253948833619, 0.9862292747462944043 ) ) 
 REPRESENTATION_ITEM ( '' )  );
#2380 = CARTESIAN_POINT ( 'NONE',  ( 0.3513526220000000033, -0.3287353859000000100, -9.999999999999999124E-05 ) ) ;
#2379 = APPLICATION_PROTOCOL_DEFINITION ( 'draft international standard', 'automotive_design', 1998, #2978 ) ;
#2381 = CARTESIAN_POINT ( 'NONE',  ( -0.3077812640871170902, 0.01414519261945355530, 0.06000181326483916555 ) ) ;
#2382 = VECTOR ( 'NONE', #5019, 100.0000000000000000 ) ;
#2383 = CARTESIAN_POINT ( 'NONE',  ( 0.2804326128023020837, 0.1363379002776901050, 0.06000020349665982633 ) ) ;
#2384 = B_SPLINE_CURVE_WITH_KNOTS ( 'NONE', 3,
 ( #2825, #3327, #3801, #1248 ),
 .UNSPECIFIED., .F., .F.,
 ( 4, 4 ),
 ( 0.000000000000000000, 1.000000000000000000 ),
 .UNSPECIFIED. ) ;
#2385 = CARTESIAN_POINT ( 'NONE',  ( -0.2666721776000000044, -0.1698617245000000331, 0.05711929249999999486 ) ) ;
#2386 = CARTESIAN_POINT ( 'NONE',  ( 0.2799665776420309227, 0.1361123416155619881, 0.06000143354000778140 ) ) ;
#2387 = CARTESIAN_POINT ( 'NONE',  ( 0.3413526221200000044, -0.2820687193255556613, -0.1050000000000000100 ) ) ;
#2388 =( LENGTH_UNIT ( ) NAMED_UNIT ( * ) SI_UNIT ( .CENTI., .METRE. ) );
#2389 = CARTESIAN_POINT ( 'NONE',  ( -0.3145033837999999804, -0.05175783889999999166, 0.05118824680000000349 ) ) ;
#2390 = CARTESIAN_POINT ( 'NONE',  ( -0.02615566629999999809, 0.3204376112000000276, 0.05000000000000000278 ) ) ;
#2391 = CARTESIAN_POINT ( 'NONE',  ( -0.1046313779999999971, 0.3036859473999999892, 0.05000000000000000278 ) ) ;
#2392 = ORIENTED_EDGE ( 'NONE', *, *, #583, .F. ) ;
#2393 = ADVANCED_FACE ( 'NONE', ( #1619 ), #4592, .F. ) ;
#2394 = CARTESIAN_POINT ( 'NONE',  ( 0.07456862200000000107, -0.3107140526000000680, 0.05000000000000000278 ) ) ;
#2395 = EDGE_LOOP ( 'NONE', ( #560, #3270, #920, #5386, #4008, #1283 ) ) ;
#2396 = CARTESIAN_POINT ( 'NONE',  ( -0.3122367229999999938, 0.001264614099999999876, 0.05933362749999999269 ) ) ;
#2397 = VECTOR ( 'NONE', #3517, 100.0000000000000000 ) ;
#2398 = ORIENTED_EDGE ( 'NONE', *, *, #336, .F. ) ;
#2399 = ADVANCED_FACE ( 'NONE', ( #789 ), #2703, .T. ) ;
#2400 = CARTESIAN_POINT ( 'NONE',  ( 0.2415368609999999916, 0.2108799499000000022, 0.05495180240000000632 ) ) ;
#2401 = PRESENTATION_LAYER_ASSIGNMENT (  '', '', ( #3814 ) ) ;
#2402 = CARTESIAN_POINT ( 'NONE',  ( 0.3108809908999999871, 0.05322485259999999718, 0.05933362749999999269 ) ) ;
#2403 = CARTESIAN_POINT ( 'NONE',  ( -0.1560014678000000155, 0.2803114290000000008, 0.05247108570000000305 ) ) ;
#2404 = CARTESIAN_POINT ( 'NONE',  ( -0.05494397980000001458, 0.3101141406000000322, 0.05933362749999999269 ) ) ;
#2405 = CARTESIAN_POINT ( 'NONE',  ( 0.3113526219999995792, -0.1387353859000000633, -0.0001000000000000000319 ) ) ;
#2407 = CARTESIAN_POINT ( 'NONE',  ( -0.3369316493000001356, 0.3312646141000001876, -0.1050999999999999435 ) ) ;
#2406 =( NAMED_UNIT ( * ) SI_UNIT ( $, .STERADIAN. ) SOLID_ANGLE_UNIT ( ) );
#2408 = CARTESIAN_POINT ( 'NONE',  ( -0.2867834905270267853, -0.1107235107251591938, 0.06000181326483916555 ) ) ;
#2409 = CARTESIAN_POINT ( 'NONE',  ( -0.2286473780000000122, -0.2287353859000000322, -0.1051000000000000267 ) ) ;
#2410 = CARTESIAN_POINT ( 'NONE',  ( 0.2038270999000000028, 0.2367961495999999777, 0.05999996820000000342 ) ) ;
#2411 = CARTESIAN_POINT ( 'NONE',  ( -0.02598490770000000047, 0.3184563344999999934, 0.05614168759999999675 ) ) ;
#2412 = CARTESIAN_POINT ( 'NONE',  ( 0.3099969512627425705, 0.02705199942599188084, 0.06000105381499362678 ) ) ;
#2413 = CARTESIAN_POINT ( 'NONE',  ( -0.2419807114599999698, -0.2554020526700000460, -0.1051000000000000267 ) ) ;
#2414 = CARTESIAN_POINT ( 'NONE',  ( -0.3486473780000000078, 0.3312646140946665652, -0.1051000000000000267 ) ) ;
#2415 =( NAMED_UNIT ( * ) SI_UNIT ( $, .STERADIAN. ) SOLID_ANGLE_UNIT ( ) );
#2416 = CARTESIAN_POINT ( 'NONE',  ( -0.1186473779866666217, 0.3512646140999999833, -0.1050499999987498934 ) ) ;
#2417 = CARTESIAN_POINT ( 'NONE',  ( -0.2922453844000000300, -0.1266655151999999951, 0.05118824680000000349 ) ) ;
#2418 = EDGE_CURVE ( 'NONE', #2828, #1280, #4468, .T. ) ;
#2419 = CARTESIAN_POINT ( 'NONE',  ( -0.01198071130000000033, 0.3212646141000000122, 0.05000000000000000278 ) ) ;
#2421 = ORIENTED_EDGE ( 'NONE', *, *, #3107, .T. ) ;
#2420 = CARTESIAN_POINT ( 'NONE',  ( -0.2422830751582811248, 0.06633830129948961596, -0.1051000000000000267 ) ) ;
#2422 = CARTESIAN_POINT ( 'NONE',  ( 0.2104192886999999845, 0.2444646140999999773, 0.05000000000000000278 ) ) ;
#2423 = VERTEX_POINT ( 'NONE', #3479 ) ;
#2424 = CARTESIAN_POINT ( 'NONE',  ( -0.1868009850000000027, -0.2496068618999999766, 0.05933362749999999269 ) ) ;
#2425 = ORIENTED_EDGE ( 'NONE', *, *, #5269, .F. ) ;
#2426 = SURFACE_STYLE_FILL_AREA ( #1997 ) ;
#2427 = EDGE_LOOP ( 'NONE', ( #3558, #529, #1727, #5074 ) ) ;
#2428 = CARTESIAN_POINT ( 'NONE',  ( 0.2889675839999999996, -0.1379395543999999973, 0.05371144409999999841 ) ) ;
#2429 = CARTESIAN_POINT ( 'NONE',  ( 0.02841671070000000021, -0.3127544261000000381, 0.05885548650000001214 ) ) ;
#2430 = CARTESIAN_POINT ( 'NONE',  ( -0.2915900659000000283, -0.1263799718000000183, 0.05371144409999999841 ) ) ;
#2431 = CARTESIAN_POINT ( 'NONE',  ( -0.1860605718999999991, 0.2511488726999999699, 0.05980818360000000194 ) ) ;
#2432 = CARTESIAN_POINT ( 'NONE',  ( 0.04383049819999999819, 0.3184327556999999587, 0.05000000000000003053 ) ) ;
#2433 = CARTESIAN_POINT ( 'NONE',  ( -0.3069731197382083998, 0.02702538129060064187, 0.06000181326483916555 ) ) ;
#2434 = DIRECTION ( 'NONE',  ( 0.000000000000000000, -1.000000000000000000, 0.000000000000000000 ) ) ;
#2435 = CARTESIAN_POINT ( 'NONE',  ( 0.2815852690999999797, -0.1343665518000000114, 0.05999716119999999597 ) ) ;
#2436 = CARTESIAN_POINT ( 'NONE',  ( -0.1036452338999999945, -0.2983427945000000081, 0.05711929249999999486 ) ) ;
#2437 = CARTESIAN_POINT ( 'NONE',  ( -0.2828969944254628444, 0.1251213481582062748, 0.06000020349665982633 ) ) ;
#2438 = CARTESIAN_POINT ( 'NONE',  ( 0.04243049493308711367, -0.3054501694431757119, 0.06000105381499362678 ) ) ;
#2439 = CARTESIAN_POINT ( 'NONE',  ( -0.3486473780000000078, 0.3179312808488889974, -0.1051000000000000267 ) ) ;
#2440 = B_SPLINE_CURVE_WITH_KNOTS ( 'NONE', 3,
 ( #3122, #4144, #5361, #2051, #5334, #3639 ),
 .UNSPECIFIED., .F., .F.,
 ( 4, 2, 4 ),
 ( 0.000000000000000000, 0.5000000000000000000, 1.000000000000000000 ),
 .UNSPECIFIED. ) ;
#2441 = CARTESIAN_POINT ( 'NONE',  ( 0.1276150310848618852, -0.2170258852662351190, -0.1051000000000000684 ) ) ;
#2442 = CARTESIAN_POINT ( 'NONE',  ( -0.2286473781500000246, 0.2712646141799998634, -0.1050500000000000184 ) ) ;
#2443 = CARTESIAN_POINT ( 'NONE',  ( -0.1216352161999999931, 0.2973080429999999663, 0.05118824680000000349 ) ) ;
#2444 = CARTESIAN_POINT ( 'NONE',  ( -0.3290692420828101317, -0.1538880838986264321, -0.1051000000000000267 ) ) ;
#2445 = CARTESIAN_POINT ( 'NONE',  ( -0.3184673780000000232, 0.3512646140999999833, -9.999999999999999124E-05 ) ) ;
#2446 = CARTESIAN_POINT ( 'NONE',  ( 0.2015504213115965337, 0.1546305915015351029, -0.1051000000000000545 ) ) ;
#2447 = CARTESIAN_POINT ( 'NONE',  ( -0.2553140447699999704, 0.2445979475600000008, -0.1051000000000000267 ) ) ;
#2448 = CARTESIAN_POINT ( 'NONE',  ( 0.3082749100000000131, 0.09275810520000001003, 0.05000000000000000278 ) ) ;
#2449 = EDGE_LOOP ( 'NONE', ( #3389, #5391 ) ) ;
#2450 = CARTESIAN_POINT ( 'NONE',  ( -0.02526276606503775543, 0.3100774749614282899, 0.06000067408997947910 ) ) ;
#2451 = ORIENTED_EDGE ( 'NONE', *, *, #3530, .F. ) ;
#2452 = ORIENTED_EDGE ( 'NONE', *, *, #336, .T. ) ;
#2453 = STYLED_ITEM ( 'NONE', ( #2762 ), #5102 ) ;
#2454 = EDGE_CURVE ( 'NONE', #2219, #1785, #718, .T. ) ;
#2455 = CARTESIAN_POINT ( 'NONE',  ( 0.3140385419999999761, 0.06716217039999999860, 0.05371144409999999841 ) ) ;
#2456 = CARTESIAN_POINT ( 'NONE',  ( 0.08915763869999999980, 0.3023103853999999924, 0.05933362749999999269 ) ) ;
#2457 = CARTESIAN_POINT ( 'NONE',  ( -0.2867089258000000140, -0.1381556996999999953, 0.05247108570000000305 ) ) ;
#2458 = CARTESIAN_POINT ( 'NONE',  ( -0.1860605718999999991, -0.2486196444999999866, 0.05980818360000000194 ) ) ;
#2459 = CARTESIAN_POINT ( 'NONE',  ( 0.3413526220737135297, -0.09873538599555553574, -0.1050000000000000100 ) ) ;
#2460 = CARTESIAN_POINT ( 'NONE',  ( 0.3513526219999999478, 0.02459794748333344466, -0.1050000000000000100 ) ) ;
#2461 = CARTESIAN_POINT ( 'NONE',  ( -0.1174589666296898260, -0.2847261847524085177, 0.06000181326483916555 ) ) ;
#2462 = CARTESIAN_POINT ( 'NONE',  ( 0.2856930383999999878, 0.1251609126000000072, 0.05999996820000000342 ) ) ;
#2463 = B_SPLINE_CURVE_WITH_KNOTS ( 'NONE', 3,
 ( #944, #4787, #2614, #3062 ),
 .UNSPECIFIED., .F., .F.,
 ( 4, 4 ),
 ( 0.000000000000000000, 1.000000000000000000 ),
 .UNSPECIFIED. ) ;
#2464 = CARTESIAN_POINT ( 'NONE',  ( -0.2950600445999999599, 0.1164695371999999868, 0.05614168759999999675 ) ) ;
#2465 = CARTESIAN_POINT ( 'NONE',  ( -0.2777273687023020243, -0.1338086720860725831, 0.06000020349665982633 ) ) ;
#2466 = CARTESIAN_POINT ( 'NONE',  ( 0.3083977335186738333, -0.03726653716156577700, 0.06000105381499362678 ) ) ;
#2467 = CARTESIAN_POINT ( 'NONE',  ( 0.3513526219999999478, -0.1787353858973333987, -0.1051000000000000267 ) ) ;
#2468 = CARTESIAN_POINT ( 'NONE',  ( 0.3513526220000000033, -0.3154020526088889276, -0.1051000000000000267 ) ) ;
#2469 = FILL_AREA_STYLE_COLOUR ( '', #4934 ) ;
#2470 = CARTESIAN_POINT ( 'NONE',  ( -0.04109625139999999871, -0.3156869744000000422, 0.05247108570000000305 ) ) ;
#2471 =( LENGTH_UNIT ( ) NAMED_UNIT ( * ) SI_UNIT ( .CENTI., .METRE. ) );
#2472 = ORIENTED_EDGE ( 'NONE', *, *, #127, .T. ) ;
#2473 = CARTESIAN_POINT ( 'NONE',  ( -0.1282873780000000075, -0.3185553858999999877, -9.999999999999999124E-05 ) ) ;
#2474 = CARTESIAN_POINT ( 'NONE',  ( 0.3115064681999999974, 0.08003384489999999796, 0.05000000000000000278 ) ) ;
#2475 = SURFACE_SIDE_STYLE ('',( #806 ) ) ;
#2476 = ORIENTED_EDGE ( 'NONE', *, *, #4659, .T. ) ;
#2477 = CARTESIAN_POINT ( 'NONE',  ( -0.2319174613390274642, 0.2048457778846945743, 0.06000067408997947910 ) ) ;
#2478 = B_SPLINE_CURVE_WITH_KNOTS ( 'NONE', 3,
 ( #4961, #387, #4991, #1222 ),
 .UNSPECIFIED., .F., .F.,
 ( 4, 4 ),
 ( 0.000000000000000000, 1.000000000000000000 ),
 .UNSPECIFIED. ) ;
#2479 = ORIENTED_EDGE ( 'NONE', *, *, #1856, .F. ) ;
#2480 = CARTESIAN_POINT ( 'NONE',  ( 0.2830753441000000148, 0.1515167325000000009, 0.05371144409999999841 ) ) ;
#2481 = CARTESIAN_POINT ( 'NONE',  ( 0.2536795902999999797, -0.1884187823000000039, 0.05885548650000001214 ) ) ;
#2482 = CARTESIAN_POINT ( 'NONE',  ( -0.2035257501000000135, 0.2395925163999999830, 0.05933362749999999269 ) ) ;
#2483 = CARTESIAN_POINT ( 'NONE',  ( 0.3513526219999999478, -0.3287353858946666096, -0.1051000000000000267 ) ) ;
#2484 = FILL_AREA_STYLE_COLOUR ( '', #4011 ) ;
#2485 = CARTESIAN_POINT ( 'NONE',  ( -0.2169312935655206553, 0.2217745340292265055, 0.06000105381493271023 ) ) ;
#2486 = CARTESIAN_POINT ( 'NONE',  ( 0.3072492094000000007, -0.05008596059999999295, 0.05999996820000000342 ) ) ;
#2487 = CARTESIAN_POINT ( 'NONE',  ( -0.1380016475999999992, -0.2845902980000000193, 0.05614168759999999675 ) ) ;
#2488 = CARTESIAN_POINT ( 'NONE',  ( -0.01155616754908842317, -0.3085463358870946249, 0.06000020349665982633 ) ) ;
#2489 = CARTESIAN_POINT ( 'NONE',  ( 0.001352622000000000156, -0.3083484056612838531, 0.06000067408997947910 ) ) ;
#2490 = DIRECTION ( 'NONE',  ( -0.000000000000000000, -0.000000000000000000, 1.000000000000000000 ) ) ;
#2491 = CARTESIAN_POINT ( 'NONE',  ( 0.1578367741000000213, -0.2762394803000000065, 0.05614168759999999675 ) ) ;
#2492 =( NAMED_UNIT ( * ) SI_UNIT ( $, .STERADIAN. ) SOLID_ANGLE_UNIT ( ) );
#2493 = CARTESIAN_POINT ( 'NONE',  ( -0.05516718900000000536, -0.3088094632000000228, 0.05885548650000001214 ) ) ;
#2494 = B_SPLINE_CURVE_WITH_KNOTS ( 'NONE', 3,
 ( #3400, #4293, #2572, #3429 ),
 .UNSPECIFIED., .F., .F.,
 ( 4, 4 ),
 ( 0.000000000000000000, 1.000000000000000000 ),
 .UNSPECIFIED. ) ;
#2495 = CARTESIAN_POINT ( 'NONE',  ( -0.01198071130000000033, -0.3187353859000000011, 0.05000000000000000278 ) ) ;
#2497 = ORIENTED_EDGE ( 'NONE', *, *, #1625, .T. ) ;
#2496 = CARTESIAN_POINT ( 'NONE',  ( 0.1547082133844035201, 0.2014520273944649109, -0.1051000000000000267 ) ) ;
#2498 = VECTOR ( 'NONE', #2717, 100.0000000000000000 ) ;
#2499 = CARTESIAN_POINT ( 'NONE',  ( 0.2949506284999999783, 0.1291947435000000421, 0.05000000000000000278 ) ) ;
#2500 = SURFACE_STYLE_USAGE ( .BOTH. , #2475 ) ;
#2501 = ORIENTED_EDGE ( 'NONE', *, *, #4780, .F. ) ;
#2502 = AXIS2_PLACEMENT_3D ( 'NONE', #1749, #2990, #883 ) ;
#2503 = CARTESIAN_POINT ( 'NONE',  ( -0.2170439515875561554, -0.2193591127120164685, 0.06000067408997947910 ) ) ;
#2504 = CARTESIAN_POINT ( 'NONE',  ( 0.2794125631035078161, 0.1380427550186775487, 0.06000159343673806128 ) ) ;
#2505 = VERTEX_POINT ( 'NONE', #2195 ) ;
#2506 = CARTESIAN_POINT ( 'NONE',  ( 0.07440520199999998974, -0.3100177080000000029, 0.05371144409999999841 ) ) ;
#2507 = CARTESIAN_POINT ( 'NONE',  ( 0.3153622685999999953, -0.02497104609999999808, 0.05885548650000001214 ) ) ;
#2508 = CARTESIAN_POINT ( 'NONE',  ( 0.2311351280074349646, -0.1987353858999999778, -0.1050500000000000184 ) ) ;
#2509 = CARTESIAN_POINT ( 'NONE',  ( -0.2465349655864245704, 0.1876107658380398169, 0.06000143353988593442 ) ) ;
#2510 = DIRECTION ( 'NONE',  ( -0.000000000000000000, 1.000000000000000000, 0.000000000000000000 ) ) ;
#2511 = CARTESIAN_POINT ( 'NONE',  ( 0.2902120522999999674, -0.1110046381999999915, 0.05999996820000000342 ) ) ;
#2512 = CARTESIAN_POINT ( 'NONE',  ( -0.04096463320000000297, 0.3172334535999999927, 0.05495180240000000632 ) ) ;
#2513 = CARTESIAN_POINT ( 'NONE',  ( -0.1012895418000000075, 0.2941501444999999881, 0.05999996820000000342 ) ) ;
#2514 = CARTESIAN_POINT ( 'NONE',  ( 0.2035287835741278473, 0.2364491285710203505, 0.06000105381499362678 ) ) ;
#2515 =( NAMED_UNIT ( * ) SI_UNIT ( $, .STERADIAN. ) SOLID_ANGLE_UNIT ( ) );
#2516 = UNCERTAINTY_MEASURE_WITH_UNIT (LENGTH_MEASURE( 1.000000000000000082E-05 ), #1231, 'distance_accuracy_value', 'NONE');
#2517 = CARTESIAN_POINT ( 'NONE',  ( 0.1231961015000000298, 0.2945534625000000295, 0.05711929249999999486 ) ) ;
#2518 = EDGE_CURVE ( 'NONE', #1968, #4701, #195, .T. ) ;
#2519 = CARTESIAN_POINT ( 'NONE',  ( -0.3126570245999999997, 0.02750027430000000217, 0.05885548650000001214 ) ) ;
#2520 = EDGE_CURVE ( 'NONE', #1874, #4528, #2240, .T. ) ;
#2521 = CARTESIAN_POINT ( 'NONE',  ( -0.6786473779999994127, 0.3412646140999999744, -5.556838532266037326E-18 ) ) ;
#2523 = ORIENTED_EDGE ( 'NONE', *, *, #4416, .F. ) ;
#2522 = CARTESIAN_POINT ( 'NONE',  ( 0.3413526221200000044, -0.3087353859633334974, -0.1050500000000000184 ) ) ;
#2524 = CARTESIAN_POINT ( 'NONE',  ( 0.3213489921479419920, -0.1547754471322459191, -0.000000000000000000 ) ) ;
#2525 = CIRCLE ( 'NONE', #3959, 0.3200000000000000067 ) ;
#2526 = EDGE_CURVE ( 'NONE', #2610, #5103, #4433, .T. ) ;
#2527 = CARTESIAN_POINT ( 'NONE',  ( -0.2353140447211111985, -0.3487353858999999723, -0.1050000000000000100 ) ) ;
#2528 = B_SPLINE_CURVE_WITH_KNOTS ( 'NONE', 3,
 ( #5257, #5180, #251, #4415 ),
 .UNSPECIFIED., .F., .F.,
 ( 4, 4 ),
 ( 0.000000000000000000, 1.000000000000000000 ),
 .UNSPECIFIED. ) ;
#2529 = ORIENTED_EDGE ( 'NONE', *, *, #690, .F. ) ;
#2530 = CARTESIAN_POINT ( 'NONE',  ( -0.3058509578118628891, 0.03981565158896511331, 0.06000067408997947910 ) ) ;
#2531 = CARTESIAN_POINT ( 'NONE',  ( 0.2793161774268188569, -0.1357327431805311624, 0.06000159341288726494 ) ) ;
#2532 = VERTEX_POINT ( 'NONE', #3600 ) ;
#2533 = CARTESIAN_POINT ( 'NONE',  ( 0.2572485585000000019, 0.1936309341999999933, 0.05371144409999999841 ) ) ;
#2534 = CARTESIAN_POINT ( 'NONE',  ( 0.3005260463000000160, -0.1013655347000000095, 0.05809689739999999991 ) ) ;
#2535 = CARTESIAN_POINT ( 'NONE',  ( -0.1843193630797309579, 0.2488272609471910701, 0.06000105381493271023 ) ) ;
#2536 = CARTESIAN_POINT ( 'NONE',  ( -0.3386473780700375302, -0.1087353859411110124, -0.1051000000000000267 ) ) ;
#2537 = CARTESIAN_POINT ( 'NONE',  ( 0.3124431534000000066, 0.001264614099999999876, 0.05999716119999999597 ) ) ;
#2538 = CARTESIAN_POINT ( 'NONE',  ( -0.2922453844000000300, 0.1291947435000000421, 0.05000000000000000278 ) ) ;
#2539 = CARTESIAN_POINT ( 'NONE',  ( -0.3166609675999999540, -0.01198595209999999897, 0.05614168759999999675 ) ) ;
#2540 = CARTESIAN_POINT ( 'NONE',  ( -0.2011218557999999990, -0.2342669213999999944, 0.05999996820000000342 ) ) ;
#2541 = B_SPLINE_CURVE_WITH_KNOTS ( 'NONE', 3,
 ( #970, #2640, #2239, #3925 ),
 .UNSPECIFIED., .F., .F.,
 ( 4, 4 ),
 ( 0.000000000000000000, 1.000000000000000000 ),
 .UNSPECIFIED. ) ;
#2542 = CARTESIAN_POINT ( 'NONE',  ( 0.2802543158069061291, 0.1362516054330702719, 0.06000067408997947910 ) ) ;
#2543 = FILL_AREA_STYLE ('',( #5063 ) ) ;
#2544 = CARTESIAN_POINT ( 'NONE',  ( 0.1066787228999999948, -0.2992794290000000412, 0.05614168759999999675 ) ) ;
#2545 = CARTESIAN_POINT ( 'NONE',  ( -0.1538854025556185834, 0.2694572534771997874, 0.06000159485132594561 ) ) ;
#2547 = CARTESIAN_POINT ( 'NONE',  ( -0.1371330626000000219, 0.2853378134000000288, 0.05809689739999999991 ) ) ;
#2546 = PRESENTATION_STYLE_ASSIGNMENT (( #2578 ) ) ;
#2548 = ORIENTED_EDGE ( 'NONE', *, *, #4588, .T. ) ;
#2549 = CARTESIAN_POINT ( 'NONE',  ( 0.08791011017853239684, 0.2980331445765559417, 0.06000181326502192908 ) ) ;
#2551 = VERTEX_POINT ( 'NONE', #2362 ) ;
#2550 = CARTESIAN_POINT ( 'NONE',  ( -0.08864737815000001131, -0.3387353859737129991, -0.1050500000000000184 ) ) ;
#2552 =( NAMED_UNIT ( * ) SI_UNIT ( $, .STERADIAN. ) SOLID_ANGLE_UNIT ( ) );
#2553 = CARTESIAN_POINT ( 'NONE',  ( 0.3513526220000000033, -0.1854020525067021918, -9.999999999999158867E-05 ) ) ;
#2554 = EDGE_CURVE ( 'NONE', #2591, #2551, #4396, .T. ) ;
#2555 = CARTESIAN_POINT ( 'NONE',  ( -0.2603106763341525021, -0.09839640273500002698, -0.1050500000000000184 ) ) ;
#2556 = CARTESIAN_POINT ( 'NONE',  ( 0.3513526220000000033, -0.1187353858866665723, -0.1050499999987499627 ) ) ;
#2557 = EDGE_LOOP ( 'NONE', ( #5414, #4672, #973, #2619, #2853, #1526, #11, #3775 ) ) ;
#2558 = CARTESIAN_POINT ( 'NONE',  ( -0.06948683682372816528, -0.3005874393339384443, 0.06000067408997947910 ) ) ;
#2559 = CARTESIAN_POINT ( 'NONE',  ( 0.2344645168285460490, -0.2029272073911465302, 0.06000159593872900904 ) ) ;
#2560 = EDGE_CURVE ( 'NONE', #4036, #1280, #1456, .T. ) ;
#2561 = VERTEX_POINT ( 'NONE', #1020 ) ;
#2562 = CARTESIAN_POINT ( 'NONE',  ( 0.1242564877999999956, 0.2971059132000000158, 0.05247108570000000305 ) ) ;
#2563 = CARTESIAN_POINT ( 'NONE',  ( 0.3161853108000000079, 0.01438264279999999957, 0.05885548650000001214 ) ) ;
#2564 = COLOUR_RGB ( '',0.2980392156862745057, 0.2980392156862745057, 0.2980392156862745057 ) ;
#2565 = CARTESIAN_POINT ( 'NONE',  ( -0.3486473780000000078, -0.1354020525794132901, -9.999999999999999124E-05 ) ) ;
#2566 = ADVANCED_FACE ( 'NONE', ( #1046 ), #1443, .F. ) ;
#2567 = CARTESIAN_POINT ( 'NONE',  ( -0.06945029487824787295, 0.3029609597138246957, 0.06000105381493271023 ) ) ;
#2568 = CARTESIAN_POINT ( 'NONE',  ( 0.3116298941000000267, -0.02465920430000000108, 0.05999716119999999597 ) ) ;
#2569 = CARTESIAN_POINT ( 'NONE',  ( -0.3166039803999999847, 0.02783004440000000010, 0.05495180240000000632 ) ) ;
#2570 = CARTESIAN_POINT ( 'NONE',  ( -0.2172533773000000223, -0.2195706741000000017, 0.05999996820000000342 ) ) ;
#2571 = CARTESIAN_POINT ( 'NONE',  ( 0.2631131105089902777, 0.1683913652792360105, 0.06000067408997947910 ) ) ;
#2572 = CARTESIAN_POINT ( 'NONE',  ( 0.2946859554266666459, -0.2287353860499999891, -0.1050000000000000100 ) ) ;
#2573 = UNCERTAINTY_MEASURE_WITH_UNIT (LENGTH_MEASURE( 1.000000000000000082E-05 ), #4361, 'distance_accuracy_value', 'NONE');
#2574 = CARTESIAN_POINT ( 'NONE',  ( -0.3086473780700000336, -0.3387353860199999733, -0.1050500000000000184 ) ) ;
#2575 = CARTESIAN_POINT ( 'NONE',  ( 0.3014642571000000215, 0.1042166120999999945, 0.05711929249999999486 ) ) ;
#2576 = CARTESIAN_POINT ( 'NONE',  ( 0.3127926764000000248, -0.06437037999999999094, 0.05614168759999999675 ) ) ;
#2577 = CARTESIAN_POINT ( 'NONE',  ( -0.09840664670193724484, 0.2946545994404001223, 0.06000159860196691702 ) ) ;
#2579 = CARTESIAN_POINT ( 'NONE',  ( -0.3126570245999999997, -0.02497104609999999808, 0.05885548650000001214 ) ) ;
#2578 = SURFACE_STYLE_USAGE ( .BOTH. , #3375 ) ;
#2580 = VERTEX_POINT ( 'NONE', #2288 ) ;
#2581 = CARTESIAN_POINT ( 'NONE',  ( 0.04238809373143417186, -0.3051335736382264074, 0.06000181326502192908 ) ) ;
#2583 = ORIENTED_EDGE ( 'NONE', *, *, #615, .T. ) ;
#2582 = CARTESIAN_POINT ( 'NONE',  ( -0.08864737815000001131, -0.2744163608386165354, -0.1050500000000000184 ) ) ;
#2584 = CARTESIAN_POINT ( 'NONE',  ( -0.1742405984750000358, -0.2168340353337984694, -0.1050500000000000184 ) ) ;
#2585 = CARTESIAN_POINT ( 'NONE',  ( 0.3513526219999999478, -0.1387353859013226720, -0.0001000000029999979735 ) ) ;
#2586 = CARTESIAN_POINT ( 'NONE',  ( -0.3286473779946666451, -0.3487353859000000278, -0.1051000000000000267 ) ) ;
#2587 = ORIENTED_EDGE ( 'NONE', *, *, #4780, .T. ) ;
#2588 = CARTESIAN_POINT ( 'NONE',  ( -0.2776382202046040470, 0.1362947528553801746, 0.06000043879331965618 ) ) ;
#2589 = CARTESIAN_POINT ( 'NONE',  ( 0.1014825522729443097, 0.2945273070651156511, 0.06000159864215234146 ) ) ;
#2590 = CARTESIAN_POINT ( 'NONE',  ( 0.04247796944463786556, -0.3058046459818835050, 0.06000020349665982633 ) ) ;
#2591 = VERTEX_POINT ( 'NONE', #2671 ) ;
#2592 = CARTESIAN_POINT ( 'NONE',  ( 0.3211341354000000203, 0.001264614099999999876, 0.05247108570000000305 ) ) ;
#2593 = CARTESIAN_POINT ( 'NONE',  ( 0.3044685310000000422, -0.08909419600000001438, 0.05809689739999999991 ) ) ;
#2594 = VECTOR ( 'NONE', #1066, 100.0000000000000000 ) ;
#2595 = CARTESIAN_POINT ( 'NONE',  ( -0.2772613335881939367, -0.1335831134901076800, 0.06000143353988593442 ) ) ;
#2596 = FILL_AREA_STYLE_COLOUR ( '', #816 ) ;
#2597 = CARTESIAN_POINT ( 'NONE',  ( 0.02809502210000000208, 0.3115511680999999977, 0.05999716119999999597 ) ) ;
#2598 = CARTESIAN_POINT ( 'NONE',  ( -0.2691894771000000186, 0.1739981780999999839, 0.05000000000000000278 ) ) ;
#2599 = CARTESIAN_POINT ( 'NONE',  ( -0.2388316168999999878, 0.2108799499000000022, 0.05495180240000000632 ) ) ;
#2600 = CARTESIAN_POINT ( 'NONE',  ( -0.2875068081999999636, 0.1135338664000000025, 0.05999996820000000342 ) ) ;
#2601 = PRESENTATION_STYLE_ASSIGNMENT (( #1037 ) ) ;
#2602 = CARTESIAN_POINT ( 'NONE',  ( 0.3014390872885471806, -0.07494782158130262883, 0.06000067408997947910 ) ) ;
#2603 = CARTESIAN_POINT ( 'NONE',  ( -0.3386473780700374192, -0.1187353858866665168, -0.1050500000000000184 ) ) ;
#2604 =( NAMED_UNIT ( * ) SI_UNIT ( $, .STERADIAN. ) SOLID_ANGLE_UNIT ( ) );
#2605 = CARTESIAN_POINT ( 'NONE',  ( 0.2084739965000000084, -0.2396724949999999854, 0.05711929249999999486 ) ) ;
#2606 = CARTESIAN_POINT ( 'NONE',  ( 0.2702153224000000131, 0.1729259290000000060, 0.05614168759999999675 ) ) ;
#2607 = CARTESIAN_POINT ( 'NONE',  ( 0.3413526221200000044, 0.2312646142499999447, -0.1050500000000000184 ) ) ;
#2608 = CARTESIAN_POINT ( 'NONE',  ( -0.01181535440000000027, 0.3172960484000000303, 0.05809689739999999991 ) ) ;
#2610 = VERTEX_POINT ( 'NONE', #3976 ) ;
#2609 = CARTESIAN_POINT ( 'NONE',  ( -0.1585141130262972819, -0.2285017361330790586, -0.1051000000000000545 ) ) ;
#2611 = SURFACE_SIDE_STYLE ('',( #1414 ) ) ;
#2612 = CARTESIAN_POINT ( 'NONE',  ( -0.1786473780000001066, 0.3112646140999998923, -0.1051000000000000129 ) ) ;
#2613 = CARTESIAN_POINT ( 'NONE',  ( -0.3386473780700374747, -0.08873538605000004520, -0.1050500000000000184 ) ) ;
#2614 = CARTESIAN_POINT ( 'NONE',  ( 0.2481905623690640328, 0.2350817808268988451, 9.999999999999999124E-05 ) ) ;
#2615 = ORIENTED_EDGE ( 'NONE', *, *, #3848, .F. ) ;
#2616 = CARTESIAN_POINT ( 'NONE',  ( -0.1343638657328998787, -0.2771281812961219337, 0.06000043879331965618 ) ) ;
#2617 = CARTESIAN_POINT ( 'NONE',  ( 0.3105785963910220326, 0.02143497913957693665, 0.06000159539258538566 ) ) ;
#2618 = CARTESIAN_POINT ( 'NONE',  ( 0.08807197784750257774, 0.2985881195745038741, 0.06000043879331965618 ) ) ;
#2619 = ORIENTED_EDGE ( 'NONE', *, *, #2981, .T. ) ;
#2620 = CARTESIAN_POINT ( 'NONE',  ( 0.3112947042000000497, -0.07745083530000000660, 0.05247108570000000305 ) ) ;
#2621 = CARTESIAN_POINT ( 'NONE',  ( 0.05808763580000000232, -0.3099900899999999959, 0.05809689739999999991 ) ) ;
#2622 = CARTESIAN_POINT ( 'NONE',  ( -0.3286473779999999900, -0.3487353858999999723, -9.999999999999999124E-05 ) ) ;
#2623 = EDGE_CURVE ( 'NONE', #68, #640, #4922, .T. ) ;
#2624 = CARTESIAN_POINT ( 'NONE',  ( -0.2915935722964691501, 0.1017585386365384287, 0.06000105381493271023 ) ) ;
#2625 = CARTESIAN_POINT ( 'NONE',  ( 0.6819213793133677148, 0.3415489927066836517, -0.0003451504145698645084 ) ) ;
#2626 = CARTESIAN_POINT ( 'NONE',  ( 0.3084145367999999721, -0.05028158300000000469, 0.05999716119999999597 ) ) ;
#2627 = CARTESIAN_POINT ( 'NONE',  ( -0.3120327823000000333, 0.06730958449999999149, 0.05000000000000000278 ) ) ;
#2628 = CARTESIAN_POINT ( 'NONE',  ( -0.2799326630999999788, -0.1487542045999999951, 0.05495180240000000632 ) ) ;
#2629 = CARTESIAN_POINT ( 'NONE',  ( -0.1680647982000000040, 0.2615889428000000017, 0.05999996820000000342 ) ) ;
#2630 = CARTESIAN_POINT ( 'NONE',  ( 0.1038964541433371330, 0.2938695586147206384, 0.06000067408997947910 ) ) ;
#2631 = CARTESIAN_POINT ( 'NONE',  ( -0.2286473781500000246, 0.2945979475266665704, -0.1051000000000000267 ) ) ;
#2632 = UNCERTAINTY_MEASURE_WITH_UNIT (LENGTH_MEASURE( 1.000000000000000082E-05 ), #4704, 'distance_accuracy_value', 'NONE');
#2633 = CARTESIAN_POINT ( 'NONE',  ( 0.2913094941000000104, 0.1276081836999999886, 0.05809689739999999991 ) ) ;
#2634 = CARTESIAN_POINT ( 'NONE',  ( 0.3193092245000000440, 0.02783004440000000010, 0.05495180240000000632 ) ) ;
#2635 = CARTESIAN_POINT ( 'NONE',  ( 0.3180192887733333529, 0.2312646142500000002, -0.1051000000000000267 ) ) ;
#2636 = CARTESIAN_POINT ( 'NONE',  ( -0.04073001230000000000, 0.3154816171000000002, 0.05711929249999999486 ) ) ;
#2637 = CARTESIAN_POINT ( 'NONE',  ( 0.2342617142200030811, 0.2045307310520748101, 0.06000181326502192908 ) ) ;
#2638 = SURFACE_SIDE_STYLE ('',( #968 ) ) ;
#2639 =( LENGTH_UNIT ( ) NAMED_UNIT ( * ) SI_UNIT ( .CENTI., .METRE. ) );
#2640 = CARTESIAN_POINT ( 'NONE',  ( -0.3172077030171246981, -0.08873538605000005908, -0.1051000000000000267 ) ) ;
#2641 = EDGE_CURVE ( 'NONE', #854, #2270, #2687, .T. ) ;
#2642 = AXIS2_PLACEMENT_3D ( 'NONE', #2984, #26, #3055 ) ;
#2643 = SURFACE_SIDE_STYLE ('',( #499 ) ) ;
#2644 = VERTEX_POINT ( 'NONE', #4026 ) ;
#2645 = CARTESIAN_POINT ( 'NONE',  ( -0.2719226586771911203, -0.1444822022712275722, 0.06000043879331965618 ) ) ;
#2646 = CARTESIAN_POINT ( 'NONE',  ( 0.2495755321269992055, -0.1853336118045217362, 0.06000043879331965618 ) ) ;
#2647 = MECHANICAL_DESIGN_GEOMETRIC_PRESENTATION_REPRESENTATION (  '', ( #2815 ), #270 ) ;
#2648 = VERTEX_POINT ( 'NONE', #4873 ) ;
#2649 = CARTESIAN_POINT ( 'NONE',  ( 0.09089144579999999807, -0.3057256387000000242, 0.05247108570000000305 ) ) ;
#2650 = CARTESIAN_POINT ( 'NONE',  ( 0.07366061420000000193, -0.3068449655000000109, 0.05809689739999999991 ) ) ;
#2651 = ORIENTED_EDGE ( 'NONE', *, *, #3031, .T. ) ;
#2652 = CARTESIAN_POINT ( 'NONE',  ( -0.1843193630797309579, -0.2462980326085157934, 0.06000105381493271023 ) ) ;
#2653 = CARTESIAN_POINT ( 'NONE',  ( -0.3086473780633335329, 0.3412646142200000954, -0.1050500000000000184 ) ) ;
#2654 = CARTESIAN_POINT ( 'NONE',  ( 0.2924913573000000322, -0.1118905218999999840, 0.05980818360000000194 ) ) ;
#2655 = CARTESIAN_POINT ( 'NONE',  ( -0.3133090433000000341, -0.05155734610000000523, 0.05495180240000000632 ) ) ;
#2656 = CARTESIAN_POINT ( 'NONE',  ( -0.3097379093000000028, 0.01422671959999999812, 0.05999716119999999597 ) ) ;
#2657 = CARTESIAN_POINT ( 'NONE',  ( 0.3245193587460006857, 0.3356684771783569610, -0.000000000000000000 ) ) ;
#2658 = CARTESIAN_POINT ( 'NONE',  ( -0.2919807114266665393, -0.2287353860499999614, -0.1051000000000000267 ) ) ;
#2659 = AXIS2_PLACEMENT_3D ( 'NONE', #2409, #4093, #791 ) ;
#2660 = CARTESIAN_POINT ( 'NONE',  ( 0.3045657513541799033, 0.06516581021969396204, 0.06000067408997947910 ) ) ;
#2661 = CARTESIAN_POINT ( 'NONE',  ( -0.2286473781499999969, -0.3387353860200000288, -0.1050500000000000184 ) ) ;
#2662 = CARTESIAN_POINT ( 'NONE',  ( 0.3513526219999999478, -0.1787353858986773791, -0.0001000000029999979735 ) ) ;
#2663 =( NAMED_UNIT ( * ) SI_UNIT ( $, .STERADIAN. ) SOLID_ANGLE_UNIT ( ) );
#2664 = PRODUCT_DEFINITION_FORMATION_WITH_SPECIFIED_SOURCE ( 'ANY', '', #4561, .NOT_KNOWN. ) ;
#2665 = CARTESIAN_POINT ( 'NONE',  ( 0.05808763580000000232, 0.3125193183000000707, 0.05809689739999999991 ) ) ;
#2666 = CARTESIAN_POINT ( 'NONE',  ( -0.2783731238000000108, 0.1504516785999999995, 0.05711929249999999486 ) ) ;
#2667 = AXIS2_PLACEMENT_3D ( 'NONE', #1957, #5004, #2434 ) ;
#2668 = CARTESIAN_POINT ( 'NONE',  ( 0.1534673603151654186, -0.2684908991360994146, 0.06000181326502192908 ) ) ;
#2669 = CARTESIAN_POINT ( 'NONE',  ( -0.1786473780000000788, -0.3370196571999999335, -9.999999999999999124E-05 ) ) ;
#2670 =( NAMED_UNIT ( * ) SI_UNIT ( $, .STERADIAN. ) SOLID_ANGLE_UNIT ( ) );
#2671 = CARTESIAN_POINT ( 'NONE',  ( 0.001352621999999999939, 0.3412646141222223095, 0.000000000000000000 ) ) ;
#2672 = MECHANICAL_DESIGN_GEOMETRIC_PRESENTATION_REPRESENTATION (  '', ( #3814 ), #4801 ) ;
#2673 = CARTESIAN_POINT ( 'NONE',  ( -0.1286473782071633765, -0.3404403854927053330, -0.000000000000000000 ) ) ;
#2674 = FILL_AREA_STYLE_COLOUR ( '', #3067 ) ;
#2675 = ORIENTED_EDGE ( 'NONE', *, *, #4657, .T. ) ;
#2676 = CARTESIAN_POINT ( 'NONE',  ( -0.3043485983737845291, -0.05005316452069323574, 0.06000043879331965618 ) ) ;
#2677 = B_SPLINE_CURVE_WITH_KNOTS ( 'NONE', 3,
 ( #119, #1810, #2934, #5141 ),
 .UNSPECIFIED., .F., .F.,
 ( 4, 4 ),
 ( 0.000000000000000000, 1.000000000000000000 ),
 .UNSPECIFIED. ) ;
#2678 = CARTESIAN_POINT ( 'NONE',  ( 0.1039620086477790611, -0.2915273876715735457, 0.06000020349665982633 ) ) ;
#2679 = CARTESIAN_POINT ( 'NONE',  ( 0.3202981560000000005, 0.02791267010000000187, 0.05247108570000000305 ) ) ;
#2680 = FILL_AREA_STYLE ('',( #612 ) ) ;
#2681 = CARTESIAN_POINT ( 'NONE',  ( 0.6817317935755785596, 0.3414541998377890741, -0.0002301002763799096904 ) ) ;
#2682 = CARTESIAN_POINT ( 'NONE',  ( 0.3052930642000000194, -0.07592660930000000308, 0.05933362749999999269 ) ) ;
#2683 = CARTESIAN_POINT ( 'NONE',  ( -0.3179331296000000306, 0.01456818710000000287, 0.05371144409999999841 ) ) ;
#2684 = MECHANICAL_DESIGN_GEOMETRIC_PRESENTATION_REPRESENTATION (  '', ( #5065 ), #148 ) ;
#2685 = CARTESIAN_POINT ( 'NONE',  ( -0.2018931918000000381, 0.2376934179999999897, 0.05999716119999999597 ) ) ;
#2686 = CARTESIAN_POINT ( 'NONE',  ( -0.3486473780000000078, -0.3187353858529000661, -4.999999999999999562E-05 ) ) ;
#2687 = B_SPLINE_CURVE_WITH_KNOTS ( 'NONE', 3,
 ( #3522, #1415, #1472, #3161, #4849, #1518 ),
 .UNSPECIFIED., .F., .F.,
 ( 4, 2, 4 ),
 ( 0.000000000000000000, 0.5000000000000000000, 1.000000000000000000 ),
 .UNSPECIFIED. ) ;
#2688 =( LENGTH_UNIT ( ) NAMED_UNIT ( * ) SI_UNIT ( .CENTI., .METRE. ) );
#2689 = CARTESIAN_POINT ( 'NONE',  ( 0.3086205952000000141, -0.07677169650000001400, 0.05711929249999999486 ) ) ;
#2690 = CARTESIAN_POINT ( 'NONE',  ( -0.3138526362999999875, -0.02507093999999999642, 0.05809689739999999991 ) ) ;
#2691 = CARTESIAN_POINT ( 'NONE',  ( 0.04240929433226064277, 0.3078210998407006627, 0.06000143354000778140 ) ) ;
#2692 = CARTESIAN_POINT ( 'NONE',  ( -0.09830839483500003473, 0.2629279124666220047, -0.1050500000000000184 ) ) ;
#2693 =( GEOMETRIC_REPRESENTATION_CONTEXT ( 3 ) GLOBAL_UNCERTAINTY_ASSIGNED_CONTEXT ( ( #3014 ) ) GLOBAL_UNIT_ASSIGNED_CONTEXT ( ( #351, #5322, #823 ) ) REPRESENTATION_CONTEXT ( 'NONE', 'WORKASPACE' ) );
#2694 = CARTESIAN_POINT ( 'NONE',  ( 0.2446859554600000486, 0.2579312808700000015, -0.1051000000000000267 ) ) ;
#2695 = EDGE_CURVE ( 'NONE', #2130, #4445, #452, .T. ) ;
#2696 = FACE_OUTER_BOUND ( 'NONE', #723, .T. ) ;
#2697 = EDGE_CURVE ( 'NONE', #4611, #1745, #4047, .T. ) ;
#2698 = CARTESIAN_POINT ( 'NONE',  ( -0.3086473780700000336, -0.3420687193133332693, -0.1051000000000000267 ) ) ;
#2699 = CARTESIAN_POINT ( 'NONE',  ( -0.1176811513953111843, -0.2852610045966009755, 0.06000043879331965618 ) ) ;
#2700 = CARTESIAN_POINT ( 'NONE',  ( -0.1386473779999999323, -0.3370196571000003138, -0.1050999999999999851 ) ) ;
#2701 = CARTESIAN_POINT ( 'NONE',  ( 0.2984073439653747162, -0.08728735694517586463, 0.06000043879331965618 ) ) ;
#2702 = EDGE_CURVE ( 'NONE', #879, #3748, #4201, .T. ) ;
#2703 =( BOUNDED_SURFACE ( )  B_SPLINE_SURFACE ( 1, 3, ( 
 ( #3003, #3038, #952, #1759 ),
 ( #2622, #3905, #4738, #5119 ) ),
 .UNSPECIFIED., .F., .F., .F. ) 
 B_SPLINE_SURFACE_WITH_KNOTS ( ( 2, 2 ),
 ( 4, 4 ),
 ( 0.000000000000000000, 1.000000000000000000 ),
 ( 0.000000000000000000, 1.000000000000000000 ),
 .UNSPECIFIED. ) 
 GEOMETRIC_REPRESENTATION_ITEM ( )  RATIONAL_B_SPLINE_SURFACE ( (
 ( 1.000000000000000000, 0.8047378540760219412, 0.8047378540760219412, 1.000000000000000000),
 ( 1.000000000000000000, 0.8047378540760219412, 0.8047378540760219412, 1.000000000000000000) ) ) 
 REPRESENTATION_ITEM ( '' )  SURFACE ( )  );
#2704 = CARTESIAN_POINT ( 'NONE',  ( 0.3213526219999999767, 0.01459794740000000014, 0.05118824680000000349 ) ) ;
#2705 = ORIENTED_EDGE ( 'NONE', *, *, #3661, .F. ) ;
#2706 =( GEOMETRIC_REPRESENTATION_CONTEXT ( 3 ) GLOBAL_UNCERTAINTY_ASSIGNED_CONTEXT ( ( #4181 ) ) GLOBAL_UNIT_ASSIGNED_CONTEXT ( ( #2258, #959, #3942 ) ) REPRESENTATION_CONTEXT ( 'NONE', 'WORKASPACE' ) );
#2707 = CARTESIAN_POINT ( 'NONE',  ( 0.6485062558999995508, -0.3223122027999995032, 0.02526482689999999184 ) ) ;
#2708 = CARTESIAN_POINT ( 'NONE',  ( 0.1048047051000000063, 0.2964612182999999956, 0.05980818360000000194 ) ) ;
#2709 = CARTESIAN_POINT ( 'NONE',  ( -0.08790857509999999708, -0.3047737761000000045, 0.05495180240000000632 ) ) ;
#2710 = CARTESIAN_POINT ( 'NONE',  ( 0.001352622000000000156, -0.3098259173000000311, 0.05999716119999999597 ) ) ;
#2711 = CARTESIAN_POINT ( 'NONE',  ( 0.001352622020833327840, 0.3107024750298396643, 0.05994361441813524788 ) ) ;
#2712 = CARTESIAN_POINT ( 'NONE',  ( 0.2347244542425575564, 0.2594032010663084309, -0.000000000000000000 ) ) ;
#2713 = CARTESIAN_POINT ( 'NONE',  ( 0.1872391920389627484, 0.2491133741130286960, 0.06000020349665982633 ) ) ;
#2714 = CARTESIAN_POINT ( 'NONE',  ( -0.2215714090000000247, -0.2239327398999999830, 0.05809689739999999991 ) ) ;
#2715 = CARTESIAN_POINT ( 'NONE',  ( 0.1202255936477529125, 0.2874031674691633897, 0.06000143354000778140 ) ) ;
#2716 =( NAMED_UNIT ( * ) SI_UNIT ( $, .STERADIAN. ) SOLID_ANGLE_UNIT ( ) );
#2717 = DIRECTION ( 'NONE',  ( 0.000000000000000000, 0.000000000000000000, -1.000000000000000000 ) ) ;
#2718 = CARTESIAN_POINT ( 'NONE',  ( 0.2591934467137648745, -0.1073510465686572657, -0.1050000000000000377 ) ) ;
#2719 =( NAMED_UNIT ( * ) PLANE_ANGLE_UNIT ( ) SI_UNIT ( $, .RADIAN. ) );
#2720 = CARTESIAN_POINT ( 'NONE',  ( -0.1177191873476556017, -0.2853525607483005100, 0.06000020349665982633 ) ) ;
#2721 = CARTESIAN_POINT ( 'NONE',  ( -0.3120327823000000333, 0.06730958449999999149, 0.05000000000000000278 ) ) ;
#2722 = CARTESIAN_POINT ( 'NONE',  ( 0.3513526220000000033, 0.3512646140999999833, -9.999999999999999124E-05 ) ) ;
#2723 = CARTESIAN_POINT ( 'NONE',  ( 0.2424485124999999908, 0.2116755729999999780, 0.05118824680000000349 ) ) ;
#2724 = ORIENTED_EDGE ( 'NONE', *, *, #3707, .T. ) ;
#2725 = CARTESIAN_POINT ( 'NONE',  ( -0.2909363147000000316, 0.1148667918999999871, 0.05933362749999999269 ) ) ;
#2726 = ORIENTED_EDGE ( 'NONE', *, *, #2793, .F. ) ;
#2727 = EDGE_CURVE ( 'NONE', #155, #1996, #1099, .T. ) ;
#2728 =( BOUNDED_SURFACE ( )  B_SPLINE_SURFACE ( 1, 3, ( 
 ( #3767, #2924, #4725, #440 ),
 ( #1835, #5107, #3412, #4329 ) ),
 .UNSPECIFIED., .F., .F., .F. ) 
 B_SPLINE_SURFACE_WITH_KNOTS ( ( 2, 2 ),
 ( 4, 4 ),
 ( 0.000000000000000000, 1.000000000000000000 ),
 ( 0.000000000000000000, 1.000000000000000000 ),
 .UNSPECIFIED. ) 
 GEOMETRIC_REPRESENTATION_ITEM ( )  RATIONAL_B_SPLINE_SURFACE ( (
 ( 1.000000000000000000, 0.3333333335299309974, 0.3333333335299309974, 1.000000000000000000),
 ( 1.000000000000000000, 0.3333333335299309974, 0.3333333335299309974, 1.000000000000000000) ) ) 
 REPRESENTATION_ITEM ( '' )  SURFACE ( )  );
#2729 = CARTESIAN_POINT ( 'NONE',  ( -0.1886473776909930178, 0.3429696136747509838, 0.000000000000000000 ) ) ;
#2730 = CARTESIAN_POINT ( 'NONE',  ( 0.3135530279000000031, -0.06453062169999999875, 0.05495180240000000632 ) ) ;
#2731 = CARTESIAN_POINT ( 'NONE',  ( 0.2376185670000000305, -0.2049311196000000446, 0.05933362749999999269 ) ) ;
#2732 = CARTESIAN_POINT ( 'NONE',  ( -0.08804738840000000955, -0.3052497074000000143, 0.05371144409999999841 ) ) ;
#2733 = CARTESIAN_POINT ( 'NONE',  ( -0.2330306549999999755, 0.2058172921999999738, 0.05999716119999999597 ) ) ;
#2734 = CARTESIAN_POINT ( 'NONE',  ( 0.09095262200000001074, -0.3059353858999999676, 0.05000000000000003053 ) ) ;
#2735 = ADVANCED_FACE ( 'NONE', ( #4984 ), #4926, .F. ) ;
#2736 = UNCERTAINTY_MEASURE_WITH_UNIT (LENGTH_MEASURE( 1.000000000000000082E-05 ), #2639, 'distance_accuracy_value', 'NONE');
#2737 = CARTESIAN_POINT ( 'NONE',  ( -0.3286473780000003786, -0.1470196571000000341, -0.0001000000000000000048 ) ) ;
#2738 = SURFACE_SIDE_STYLE ('',( #1909 ) ) ;
#2739 = CARTESIAN_POINT ( 'NONE',  ( 0.3103536578044480132, 0.02708180243229678374, 0.06000020349665982633 ) ) ;
#2740 = CARTESIAN_POINT ( 'NONE',  ( -0.1541561757000000088, -0.2745098175999999834, 0.05809689739999999991 ) ) ;
#2741 = CARTESIAN_POINT ( 'NONE',  ( 0.3011294931150360066, 0.07739842270507761579, 0.06000143354000778140 ) ) ;
#2742 = FILL_AREA_STYLE_COLOUR ( '', #4219 ) ;
#2743 = FILL_AREA_STYLE_COLOUR ( '', #4444 ) ;
#2744 = CARTESIAN_POINT ( 'NONE',  ( 0.3413526221200000044, 0.3112646142233334023, -0.1050500000000000184 ) ) ;
#2745 = CARTESIAN_POINT ( 'NONE',  ( -0.1680106972697116841, 0.2615058121128713831, 0.06000020349665982633 ) ) ;
#2746 = SURFACE_SIDE_STYLE ('',( #3930 ) ) ;
#2747 = CARTESIAN_POINT ( 'NONE',  ( -0.1906473780000000062, -0.2547353858999999998, 0.05118824680000000349 ) ) ;
#2748 = B_SPLINE_CURVE_WITH_KNOTS ( 'NONE', 3,
 ( #2201, #544, #1855, #2686 ),
 .UNSPECIFIED., .F., .F.,
 ( 4, 4 ),
 ( 0.000000000000000000, 1.000000000000000000 ),
 .UNSPECIFIED. ) ;
#2749 = EDGE_CURVE ( 'NONE', #1996, #3611, #1416, .T. ) ;
#2750 = CARTESIAN_POINT ( 'NONE',  ( 0.3042829175000000275, 0.1051835413999999969, 0.05118824680000000349 ) ) ;
#2751 = FACE_OUTER_BOUND ( 'NONE', #3273, .T. ) ;
#2752 = CARTESIAN_POINT ( 'NONE',  ( -0.02560458460000000422, -0.3115142955999999907, 0.05933362749999999269 ) ) ;
#2753 = ORIENTED_EDGE ( 'NONE', *, *, #2702, .T. ) ;
#2754 =( NAMED_UNIT ( * ) PLANE_ANGLE_UNIT ( ) SI_UNIT ( $, .RADIAN. ) );
#2755 = CARTESIAN_POINT ( 'NONE',  ( 0.3071143504000000135, 0.09241214259999999681, 0.05495180240000000632 ) ) ;
#2756 = CARTESIAN_POINT ( 'NONE',  ( 0.2216835772000000371, 0.2238424487999999823, 0.05980818360000000194 ) ) ;
#2757 = CARTESIAN_POINT ( 'NONE',  ( -0.3184288912999999610, 0.01458884380000000092, 0.05247108570000000305 ) ) ;
#2758 = CARTESIAN_POINT ( 'NONE',  ( -0.01166218309999999918, 0.3136199373999999929, 0.05980818360000000194 ) ) ;
#2759 = CARTESIAN_POINT ( 'NONE',  ( 0.2896109842000000323, 0.1407801850000000021, 0.05000000000000003053 ) ) ;
#2760 = CARTESIAN_POINT ( 'NONE',  ( -0.04112525409999999437, -0.3159035275000000031, 0.05000000000000000278 ) ) ;
#2761 =( BOUNDED_CURVE ( )  B_SPLINE_CURVE ( 3, ( #1718, #384, #2521, #5437 ),
 .UNSPECIFIED., .F., .F. ) 
 B_SPLINE_CURVE_WITH_KNOTS ( ( 4, 4 ),
 ( 0.000000000000000000, 0.01062777241224756482 ),
 .UNSPECIFIED. ) 
 CURVE ( )  GEOMETRIC_REPRESENTATION_ITEM ( )  RATIONAL_B_SPLINE_CURVE ( ( 0.9862292747462954035, 0.3287430915820979682, 0.3287430915820979682, 0.9862292747462954035 ) ) 
 REPRESENTATION_ITEM ( '' )  );
#2762 = PRESENTATION_STYLE_ASSIGNMENT (( #1907 ) ) ;
#2763 = CARTESIAN_POINT ( 'NONE',  ( -0.3077812640871170902, -0.01161596441945355815, 0.06000181326483916555 ) ) ;
#2764 = CARTESIAN_POINT ( 'NONE',  ( 0.3111635719870946559, 0.01417340364908842298, 0.06000020349665982633 ) ) ;
#2765 = STYLED_ITEM ( 'NONE', ( #2959 ), #5344 ) ;
#2766 = CARTESIAN_POINT ( 'NONE',  ( -0.3115644542000000072, 0.05379371180000000474, 0.05711929249999999486 ) ) ;
#2767 = CARTESIAN_POINT ( 'NONE',  ( 0.02794055151470575468, -0.3072296497366625578, 0.06000143354000778140 ) ) ;
#2768 = CARTESIAN_POINT ( 'NONE',  ( -0.3286473779971358922, -0.3487353859000000278, -0.0001000000030000006840 ) ) ;
#2769 = B_SPLINE_CURVE_WITH_KNOTS ( 'NONE', 3,
 ( #1375, #3984, #4419, #2653 ),
 .UNSPECIFIED., .F., .F.,
 ( 4, 4 ),
 ( 0.000000000000000000, 1.000000000000000000 ),
 .UNSPECIFIED. ) ;
#2770 = CARTESIAN_POINT ( 'NONE',  ( -0.1508267646084880398, -0.3195069416246145710, 0.000000000000000000 ) ) ;
#2771 = CARTESIAN_POINT ( 'NONE',  ( -0.02615566629999999809, 0.3204376112000000276, 0.05118824680000000349 ) ) ;
#2772 = DIRECTION ( 'NONE',  ( 1.000000000000000000, 0.000000000000000000, 0.000000000000000000 ) ) ;
#2773 = CARTESIAN_POINT ( 'NONE',  ( -0.2969115288999999991, -0.1146599141999999905, 0.05000000000000000278 ) ) ;
#2774 =( NAMED_UNIT ( * ) SI_UNIT ( $, .STERADIAN. ) SOLID_ANGLE_UNIT ( ) );
#2775 = CARTESIAN_POINT ( 'NONE',  ( 0.2424485124999999908, -0.2091463447999999947, 0.05118824680000000349 ) ) ;
#2776 = ORIENTED_EDGE ( 'NONE', *, *, #3145, .T. ) ;
#2777 = CARTESIAN_POINT ( 'NONE',  ( -0.07039662010000000136, -0.3044640914000000809, 0.05933362749999999269 ) ) ;
#2778 = ORIENTED_EDGE ( 'NONE', *, *, #4700, .T. ) ;
#2779 = CARTESIAN_POINT ( 'NONE',  ( 0.001352621999999999939, -0.3187353859000000011, 0.05000000000000000278 ) ) ;
#2780 = CARTESIAN_POINT ( 'NONE',  ( 0.07411413140000000510, 0.3113066630999999918, 0.05614168759999999675 ) ) ;
#2781 = CARTESIAN_POINT ( 'NONE',  ( 0.3128913795000000109, -0.02476460200000000014, 0.05980818360000000194 ) ) ;
#2782 = CARTESIAN_POINT ( 'NONE',  ( -0.3009015251000000113, -0.1024223633999999938, 0.05371144409999999841 ) ) ;
#2783 = CARTESIAN_POINT ( 'NONE',  ( -0.2982374107000000385, -0.08804313279999999298, 0.05980818360000000194 ) ) ;
#2784 = CARTESIAN_POINT ( 'NONE',  ( 0.2104192886999999845, 0.2444646140999999773, 0.05000000000000003053 ) ) ;
#2786 = CARTESIAN_POINT ( 'NONE',  ( 0.3313526220000000411, -0.3487353858999999723, -9.999999999999999124E-05 ) ) ;
#2785 = APPLICATION_PROTOCOL_DEFINITION ( 'draft international standard', 'automotive_design', 1998, #4023 ) ;
#2787 =( GEOMETRIC_REPRESENTATION_CONTEXT ( 3 ) GLOBAL_UNCERTAINTY_ASSIGNED_CONTEXT ( ( #3796 ) ) GLOBAL_UNIT_ASSIGNED_CONTEXT ( ( #2471, #5380, #2823 ) ) REPRESENTATION_CONTEXT ( 'NONE', 'WORKASPACE' ) );
#2788 = CARTESIAN_POINT ( 'NONE',  ( -0.2951476266943268700, 0.08965129674317438846, 0.06000181326483916555 ) ) ;
#2789 = CARTESIAN_POINT ( 'NONE',  ( 0.2497341660000000074, -0.1854528626999999985, 0.05999996820000000342 ) ) ;
#2790 = CARTESIAN_POINT ( 'NONE',  ( -0.2941362853000000221, -0.1135812769999999944, 0.05711929249999999486 ) ) ;
#2791 = CARTESIAN_POINT ( 'NONE',  ( 0.3082392651254847182, -0.03724665093416645173, 0.06000143354000778140 ) ) ;
#2792 = CARTESIAN_POINT ( 'NONE',  ( 0.001352621899999999905, 0.3212646141000000122, 0.05000000000000000278 ) ) ;
#2793 = EDGE_CURVE ( 'NONE', #3332, #4213, #4598, .T. ) ;
#2794 = DIRECTION ( 'NONE',  ( 0.000000000000000000, 0.000000000000000000, 1.000000000000000000 ) ) ;
#2795 = PLANE ( 'NONE',  #2117 ) ;
#2796 = CARTESIAN_POINT ( 'NONE',  ( 0.001352622000000000156, -0.09347275080000000402, 0.2708821915999999885 ) ) ;
#2797 = CARTESIAN_POINT ( 'NONE',  ( -0.3178108272999999873, -0.02540164879999999917, 0.05118824680000000349 ) ) ;
#2798 = CARTESIAN_POINT ( 'NONE',  ( 0.3113526220700000291, -0.3387353860199999733, -0.1050500000000000184 ) ) ;
#2799 = CARTESIAN_POINT ( 'NONE',  ( -0.2551157585000000116, -0.1915320332000000070, 0.05000000000000000278 ) ) ;
#2800 = ADVANCED_FACE ( 'NONE', ( #4099 ), #323, .F. ) ;
#2801 = STYLED_ITEM ( 'NONE', ( #3915 ), #4785 ) ;
#2802 = SURFACE_STYLE_FILL_AREA ( #227 ) ;
#2803 = CARTESIAN_POINT ( 'NONE',  ( 0.1415773411000000037, -0.2863758352999999923, 0.05118824680000000349 ) ) ;
#2804 = ORIENTED_EDGE ( 'NONE', *, *, #378, .T. ) ;
#2805 = CARTESIAN_POINT ( 'NONE',  ( -0.2509743461999999758, 0.1909480105000000150, 0.05885548650000001214 ) ) ;
#2806 = EDGE_LOOP ( 'NONE', ( #3837, #2421, #4937, #4084 ) ) ;
#2807 = CARTESIAN_POINT ( 'NONE',  ( 0.2568512233999999950, 0.1933322429999999870, 0.05495180240000000632 ) ) ;
#2808 = CARTESIAN_POINT ( 'NONE',  ( 0.1387681776999999950, 0.2831426771000000731, 0.05933362749999999269 ) ) ;
#2809 = CARTESIAN_POINT ( 'NONE',  ( -0.07181338819999999457, 0.3130302709000000183, 0.05247108570000000305 ) ) ;
#2810 = CARTESIAN_POINT ( 'NONE',  ( -0.2897861132000000284, 0.1144197501000000228, 0.05980818360000000194 ) ) ;
#2811 = LINE ( 'NONE', #2837, #1490 ) ;
#2812 = SURFACE_STYLE_USAGE ( .BOTH. , #815 ) ;
#2813 = CARTESIAN_POINT ( 'NONE',  ( -0.02523530741911107073, 0.3097588779877764598, 0.06000143353988593442 ) ) ;
#2814 =( NAMED_UNIT ( * ) PLANE_ANGLE_UNIT ( ) SI_UNIT ( $, .RADIAN. ) );
#2815 = STYLED_ITEM ( 'NONE', ( #93 ), #1802 ) ;
#2816 = CARTESIAN_POINT ( 'NONE',  ( 0.1039947859000000252, -0.2916209163000000326, 0.05999996820000000342 ) ) ;
#2817 = CARTESIAN_POINT ( 'NONE',  ( -0.1375673551000000105, -0.2836994415999999908, 0.05711929249999999486 ) ) ;
#2818 = CARTESIAN_POINT ( 'NONE',  ( 0.2942988163722127792, 0.1017585386282173904, 0.06000105381499362678 ) ) ;
#2819 = CARTESIAN_POINT ( 'NONE',  ( -0.2553140447877778052, 0.3412646142200000954, -0.1051000000000000267 ) ) ;
#2820 = CARTESIAN_POINT ( 'NONE',  ( -0.1386473779999999878, 0.3112646140999998923, -0.0001000000000000000048 ) ) ;
#2821 =( GEOMETRIC_REPRESENTATION_CONTEXT ( 3 ) GLOBAL_UNCERTAINTY_ASSIGNED_CONTEXT ( ( #1829 ) ) GLOBAL_UNIT_ASSIGNED_CONTEXT ( ( #316, #3284, #1177 ) ) REPRESENTATION_CONTEXT ( 'NONE', 'WORKASPACE' ) );
#2822 = CARTESIAN_POINT ( 'NONE',  ( -0.1215512436999999918, -0.2945766850000000048, 0.05247108570000000305 ) ) ;
#2823 =( NAMED_UNIT ( * ) SI_UNIT ( $, .STERADIAN. ) SOLID_ANGLE_UNIT ( ) );
#2824 = CARTESIAN_POINT ( 'NONE',  ( 0.001352622000000000156, -0.3187353859000000011, 0.05118824680000000349 ) ) ;
#2826 = VERTEX_POINT ( 'NONE', #24 ) ;
#2825 = CARTESIAN_POINT ( 'NONE',  ( -0.2284298839632470102, -0.1987353859999999861, -0.1050500000000000184 ) ) ;
#2827 = CARTESIAN_POINT ( 'NONE',  ( 0.04383049819999999819, 0.3184327556999999587, 0.05118824680000000349 ) ) ;
#2828 = VERTEX_POINT ( 'NONE', #3402 ) ;
#2829 = CARTESIAN_POINT ( 'NONE',  ( -0.08680053079999999754, 0.3035039953000000512, 0.05885548650000001214 ) ) ;
#2830 = ORIENTED_EDGE ( 'NONE', *, *, #4925, .T. ) ;
#2831 = EDGE_LOOP ( 'NONE', ( #4216, #2615, #1550, #3028 ) ) ;
#2832 = CARTESIAN_POINT ( 'NONE',  ( 0.3036067692000000151, -0.1024223633999999938, 0.05371144409999999841 ) ) ;
#2833 = COLOUR_RGB ( '',0.2980392156862745057, 0.2980392156862745057, 0.2980392156862745057 ) ;
#2834 = CARTESIAN_POINT ( 'NONE',  ( 0.2062309942000000174, 0.2395925163999999830, 0.05933362749999999269 ) ) ;
#2835 = CARTESIAN_POINT ( 'NONE',  ( -0.1213607041000000220, -0.2941180380999999788, 0.05371144409999999841 ) ) ;
#2836 = CARTESIAN_POINT ( 'NONE',  ( -0.2742550161000000264, 0.1482553545000000195, 0.05980818360000000194 ) ) ;
#2837 = CARTESIAN_POINT ( 'NONE',  ( -0.1386473779999999878, 0.3512646140999999833, -0.05255000000000001337 ) ) ;
#2838 = PRESENTATION_STYLE_ASSIGNMENT (( #3253 ) ) ;
#2839 = CARTESIAN_POINT ( 'NONE',  ( -0.05414412095566684818, -0.3031967964593418330, 0.06000181326483916555 ) ) ;
#2840 = CARTESIAN_POINT ( 'NONE',  ( 0.3112625371000000141, 0.01417752719999999800, 0.05999996820000000342 ) ) ;
#2841 = AXIS2_PLACEMENT_3D ( 'NONE', #2473, #3715, #2044 ) ;
#2842 = CARTESIAN_POINT ( 'NONE',  ( -0.2904228652999999993, 0.1284006131000000051, 0.05614168759999999675 ) ) ;
#2843 = CARTESIAN_POINT ( 'NONE',  ( -0.08539444397375128837, 0.2986831260872519489, 0.06000020349665982633 ) ) ;
#2844 = CARTESIAN_POINT ( 'NONE',  ( 0.1369557571243983640, -0.2768956632047324118, 0.06000105381499362678 ) ) ;
#2845 =( LENGTH_UNIT ( ) NAMED_UNIT ( * ) SI_UNIT ( .CENTI., .METRE. ) );
#2846 = CARTESIAN_POINT ( 'NONE',  ( -0.1786473780000001066, 0.3112646140999998923, -0.0001000000000000000048 ) ) ;
#2847 = DIRECTION ( 'NONE',  ( -0.000000000000000000, -0.000000000000000000, -1.000000000000000000 ) ) ;
#2848 = CARTESIAN_POINT ( 'NONE',  ( -0.3486473780000000078, -0.1787353858973333987, -0.1051000000000000267 ) ) ;
#2849 = MECHANICAL_DESIGN_GEOMETRIC_PRESENTATION_REPRESENTATION (  '', ( #4449 ), #488 ) ;
#2850 = CARTESIAN_POINT ( 'NONE',  ( -0.2397432683999999870, -0.2091463447999999947, 0.05118824680000000349 ) ) ;
#2851 = CARTESIAN_POINT ( 'NONE',  ( -0.1906473780000000062, 0.2572646141000000108, 0.05000000000000000278 ) ) ;
#2852 = CARTESIAN_POINT ( 'NONE',  ( 0.2630159203666225243, -0.09839640273499999923, -0.1050500000000000184 ) ) ;
#2853 = ORIENTED_EDGE ( 'NONE', *, *, #1025, .F. ) ;
#2854 = EDGE_CURVE ( 'NONE', #4640, #1454, #3337, .T. ) ;
#2855 = CARTESIAN_POINT ( 'NONE',  ( 0.2996167730000000029, -0.1146599141999999905, 0.05000000000000000278 ) ) ;
#2856 = B_SPLINE_CURVE_WITH_KNOTS ( 'NONE', 3,
 ( #1155, #3236, #1128, #4577 ),
 .UNSPECIFIED., .F., .F.,
 ( 4, 4 ),
 ( 0.000000000000000000, 1.000000000000000000 ),
 .UNSPECIFIED. ) ;
#2857 = VERTEX_POINT ( 'NONE', #1296 ) ;
#2858 = CARTESIAN_POINT ( 'NONE',  ( -0.2956071792480622351, 0.08978828931776380862, 0.06000067408997947910 ) ) ;
#2859 = ORIENTED_EDGE ( 'NONE', *, *, #3048, .F. ) ;
#2860 = STYLED_ITEM ( 'NONE', ( #3371 ), #2953 ) ;
#2861 = ORIENTED_EDGE ( 'NONE', *, *, #917, .T. ) ;
#2862 = CARTESIAN_POINT ( 'NONE',  ( 0.3181536596000000272, 0.04102003840000000012, 0.05371144409999999841 ) ) ;
#2863 = CARTESIAN_POINT ( 'NONE',  ( 0.2675260486000000104, -0.1686796745999999958, 0.05885548650000001214 ) ) ;
#2864 = CARTESIAN_POINT ( 'NONE',  ( -0.3053601083999999966, -0.09016640789999999517, 0.05247108570000000305 ) ) ;
#2865 = CARTESIAN_POINT ( 'NONE',  ( -0.2489888275999999623, -0.1869261955000000031, 0.05980818360000000194 ) ) ;
#2866 = CARTESIAN_POINT ( 'NONE',  ( 0.3396368931999999008, -0.3287353859000000655, -0.1050999999999999851 ) ) ;
#2867 = CARTESIAN_POINT ( 'NONE',  ( -0.1010854172915336413, 0.2935676830667969250, 0.06000143353988593442 ) ) ;
#2868 = CARTESIAN_POINT ( 'NONE',  ( 0.1544301620999999902, -0.2701983012999999989, 0.05999716119999999597 ) ) ;
#2869 = CARTESIAN_POINT ( 'NONE',  ( -0.3148411231000000088, -0.02515352859999999899, 0.05711929249999999486 ) ) ;
#2870 = CARTESIAN_POINT ( 'NONE',  ( -0.3076484137044480094, 0.02708180243229678374, 0.06000020349665982633 ) ) ;
#2871 = CARTESIAN_POINT ( 'NONE',  ( 0.08799954847368005040, 0.2983397902333558838, 0.06000105381499362678 ) ) ;
#2872 = PRESENTATION_STYLE_ASSIGNMENT (( #5034 ) ) ;
#2873 = FILL_AREA_STYLE ('',( #4132 ) ) ;
#2874 = STYLED_ITEM ( 'NONE', ( #4616 ), #2399 ) ;
#2875 = DIRECTION ( 'NONE',  ( 0.000000000000000000, -1.000000000000000000, 0.000000000000000000 ) ) ;
#2876 = CARTESIAN_POINT ( 'NONE',  ( 0.001352621999999998638, 0.3212646141000000122, 0.03999999999999998695 ) ) ;
#2877 = CARTESIAN_POINT ( 'NONE',  ( -0.2810003191000000067, 0.1518528494000000173, 0.05118824680000000349 ) ) ;
#2878 = CARTESIAN_POINT ( 'NONE',  ( -0.07186337800000000553, -0.3107140526000000680, 0.05000000000000000278 ) ) ;
#2880 = ORIENTED_EDGE ( 'NONE', *, *, #4517, .F. ) ;
#2879 = CARTESIAN_POINT ( 'NONE',  ( -0.3486473779999999523, -0.1887353858117065131, -5.000000124996760009E-05 ) ) ;
#2881 = CARTESIAN_POINT ( 'NONE',  ( 0.1706708945324028059, 0.3123240382230416112, 0.000000000000000000 ) ) ;
#2882 = CARTESIAN_POINT ( 'NONE',  ( 0.2718947211999999669, 0.1739981780999999839, 0.05000000000000000278 ) ) ;
#2883 = FILL_AREA_STYLE_COLOUR ( '', #985 ) ;
#2884 = EDGE_LOOP ( 'NONE', ( #3171, #2243, #5283, #2046 ) ) ;
#2885 = CARTESIAN_POINT ( 'NONE',  ( -0.05420146475355194088, -0.3035113909398920451, 0.06000105381493271023 ) ) ;
#2886 = VERTEX_POINT ( 'NONE', #3347 ) ;
#2887 = CARTESIAN_POINT ( 'NONE',  ( 0.09061381920000000090, 0.3073030043999999683, 0.05495180240000000632 ) ) ;
#2888 = CARTESIAN_POINT ( 'NONE',  ( 0.2664748711000000103, 0.1705377554000000184, 0.05933362749999999269 ) ) ;
#2889 = EDGE_CURVE ( 'NONE', #2644, #1083, #4336, .T. ) ;
#2890 = CARTESIAN_POINT ( 'NONE',  ( -0.1700762199000000197, 0.2646796639999999812, 0.05933362749999999269 ) ) ;
#2891 = DIRECTION ( 'NONE',  ( 0.000000000000000000, 0.000000000000000000, 1.000000000000000000 ) ) ;
#2892 = B_SPLINE_CURVE_WITH_KNOTS ( 'NONE', 3,
 ( #4541, #3728, #2460, #2004 ),
 .UNSPECIFIED., .F., .F.,
 ( 4, 4 ),
 ( 0.000000000000000000, 1.000000000000000000 ),
 .UNSPECIFIED. ) ;
#2893 = CARTESIAN_POINT ( 'NONE',  ( 0.3396368931999999008, -0.3287353859000000655, -0.0001000000000000000048 ) ) ;
#2894 = CARTESIAN_POINT ( 'NONE',  ( -0.2715534931298272392, -0.1442853140005630197, 0.06000143353988593442 ) ) ;
#2895 = CARTESIAN_POINT ( 'NONE',  ( -0.3486473780000000078, -0.1387353859000000078, -0.05255000000000001337 ) ) ;
#2896 = CARTESIAN_POINT ( 'NONE',  ( 0.2506803870000000045, -0.1861641716999999918, 0.05999716119999999597 ) ) ;
#2897 = CARTESIAN_POINT ( 'NONE',  ( -0.2851163669999999817, -0.1373849094000000048, 0.05614168759999999675 ) ) ;
#2898 = CARTESIAN_POINT ( 'NONE',  ( -0.1344072324664499496, -0.2772171386980609720, 0.06000020349665982633 ) ) ;
#2899 = CARTESIAN_POINT ( 'NONE',  ( 0.3108059304890281593, -0.01162927370359373436, 0.06000105381499362678 ) ) ;
#2900 = LINE ( 'NONE', #4158, #1055 ) ;
#2901 = UNCERTAINTY_MEASURE_WITH_UNIT (LENGTH_MEASURE( 1.000000000000000082E-05 ), #1236, 'distance_accuracy_value', 'NONE');
#2902 =( GEOMETRIC_REPRESENTATION_CONTEXT ( 3 ) GLOBAL_UNCERTAINTY_ASSIGNED_CONTEXT ( ( #3291 ) ) GLOBAL_UNIT_ASSIGNED_CONTEXT ( ( #3777, #3441, #35 ) ) REPRESENTATION_CONTEXT ( 'NONE', 'WORKASPACE' ) );
#2903 = CARTESIAN_POINT ( 'NONE',  ( 0.1752000511000000316, -0.2658668012000000025, 0.05614168759999999675 ) ) ;
#2904 = SURFACE_SIDE_STYLE ('',( #1244 ) ) ;
#2905 = CARTESIAN_POINT ( 'NONE',  ( -0.05538239169999999850, 0.3125193183000000707, 0.05809689739999999991 ) ) ;
#2906 = CARTESIAN_POINT ( 'NONE',  ( 0.2194512714337984727, -0.1743286063750000281, -0.1050500000000000184 ) ) ;
#2907 = CARTESIAN_POINT ( 'NONE',  ( -0.1216352161999999931, -0.2947788147000000580, 0.05000000000000000278 ) ) ;
#2908 = CARTESIAN_POINT ( 'NONE',  ( -0.2242637382823804426, -0.1987353858952768670, -0.1051000000000000545 ) ) ;
#2909 = CARTESIAN_POINT ( 'NONE',  ( 0.2837055632000000105, -0.1493236212000000063, 0.05000000000000000278 ) ) ;
#2910 = EDGE_LOOP ( 'NONE', ( #862, #585, #5358, #1665, #1781, #5333, #5308, #476 ) ) ;
#2911 = CARTESIAN_POINT ( 'NONE',  ( -0.2467909710904988008, -0.1852739863567826051, 0.06000067408997947910 ) ) ;
#2912 = ORIENTED_EDGE ( 'NONE', *, *, #4143, .T. ) ;
#2913 = CARTESIAN_POINT ( 'NONE',  ( 0.001352622000000000156, -0.3180211374999999951, 0.05371144409999999841 ) ) ;
#2914 = CARTESIAN_POINT ( 'NONE',  ( 0.02830982860000000323, 0.3140435239000000101, 0.05933362749999999269 ) ) ;
#2915 = PRESENTATION_LAYER_ASSIGNMENT (  '', '', ( #3909 ) ) ;
#2916 = CARTESIAN_POINT ( 'NONE',  ( 0.3313526220000000411, 0.3512646140999999833, -0.1051000000000000267 ) ) ;
#2917 = CARTESIAN_POINT ( 'NONE',  ( -0.05420146475355194088, 0.3060406191012168264, 0.06000105381493271023 ) ) ;
#2918 = CARTESIAN_POINT ( 'NONE',  ( -0.3386473780700375302, -0.09873538599555552187, -0.1051000000000000267 ) ) ;
#2919 = CARTESIAN_POINT ( 'NONE',  ( 0.001352622000000000156, 0.3111745291999999941, 0.05999996820000000342 ) ) ;
#2920 = CARTESIAN_POINT ( 'NONE',  ( -0.01189794419999999978, -0.3167489755999999823, 0.05614168759999999675 ) ) ;
#2921 = CARTESIAN_POINT ( 'NONE',  ( -0.03978586230000000223, 0.3084319635999999698, 0.05999996820000000342 ) ) ;
#2922 = CARTESIAN_POINT ( 'NONE',  ( 0.3108059304890281593, 0.001264614099999999876, 0.06000105381499362678 ) ) ;
#2923 = FILL_AREA_STYLE ('',( #4952 ) ) ;
#2924 = CARTESIAN_POINT ( 'NONE',  ( 0.3113526219999995792, -0.1387353859000000633, -0.1050999999999999851 ) ) ;
#2925 = CARTESIAN_POINT ( 'NONE',  ( 0.2878216110999999855, -0.1373849094000000048, 0.05614168759999999675 ) ) ;
#2926 = CARTESIAN_POINT ( 'NONE',  ( 0.001352621999999999072, -0.3290933376000000909, 0.01170255740000001286 ) ) ;
#2927 = CARTESIAN_POINT ( 'NONE',  ( -0.1366077697000000202, -0.2817310612000000214, 0.05885548650000001214 ) ) ;
#2928 = CARTESIAN_POINT ( 'NONE',  ( -0.1286473780316265692, -0.3487353859000000278, -5.000000124997849632E-05 ) ) ;
#2929 = CARTESIAN_POINT ( 'NONE',  ( 0.3513526220000000033, -0.1387353859000000078, -0.05255000000000001337 ) ) ;
#2930 = ORIENTED_EDGE ( 'NONE', *, *, #5056, .F. ) ;
#2931 = CARTESIAN_POINT ( 'NONE',  ( 0.3221241777246175442, -0.1509147725085467628, 0.000000000000000000 ) ) ;
#2932 =( BOUNDED_SURFACE ( )  B_SPLINE_SURFACE ( 1, 3, ( 
 ( #201, #5281, #3169, #4855 ),
 ( #4340, #2737, #5266, #4021 ) ),
 .UNSPECIFIED., .F., .F., .F. ) 
 B_SPLINE_SURFACE_WITH_KNOTS ( ( 2, 2 ),
 ( 4, 4 ),
 ( 0.000000000000000000, 1.000000000000000000 ),
 ( 0.000000000000000000, 1.000000000000000000 ),
 .UNSPECIFIED. ) 
 GEOMETRIC_REPRESENTATION_ITEM ( )  RATIONAL_B_SPLINE_SURFACE ( (
 ( 1.000000000000000000, 0.8047378540760219412, 0.8047378540760219412, 1.000000000000000000),
 ( 1.000000000000000000, 0.8047378540760219412, 0.8047378540760219412, 1.000000000000000000) ) ) 
 REPRESENTATION_ITEM ( '' )  SURFACE ( )  );
#2933 = STYLED_ITEM ( 'NONE', ( #1242 ), #2800 ) ;
#2934 = CARTESIAN_POINT ( 'NONE',  ( 0.3513526220000000033, -0.1920687192666666876, -0.1051000000000000267 ) ) ;
#2935 = ORIENTED_EDGE ( 'NONE', *, *, #5274, .T. ) ;
#2936 = MECHANICAL_DESIGN_GEOMETRIC_PRESENTATION_REPRESENTATION (  '', ( #4726 ), #4182 ) ;
#2937 = CARTESIAN_POINT ( 'NONE',  ( -0.2775490717069060698, 0.1362516054330702719, 0.06000067408997947910 ) ) ;
#2938 = CARTESIAN_POINT ( 'NONE',  ( 0.3313526220000002631, -0.3370196571999999335, -9.999999999999999124E-05 ) ) ;
#2939 = ORIENTED_EDGE ( 'NONE', *, *, #2334, .F. ) ;
#2940 = CARTESIAN_POINT ( 'NONE',  ( 0.02879951109999999773, -0.3171959805000000299, 0.05371144409999999841 ) ) ;
#2941 = CARTESIAN_POINT ( 'NONE',  ( 0.1741164728000000050, -0.2642017906999999943, 0.05809689739999999991 ) ) ;
#2942 = CARTESIAN_POINT ( 'NONE',  ( -0.3486473780000000078, -0.1387353859013226720, -0.0001000000030000006840 ) ) ;
#2943 = CARTESIAN_POINT ( 'NONE',  ( -0.03972525079781316637, 0.3079793977685718609, 0.06000105381493271023 ) ) ;
#2944 = CARTESIAN_POINT ( 'NONE',  ( 0.3513526220000000033, -0.1287353859316266169, -4.999999999999858616E-05 ) ) ;
#2945 = CARTESIAN_POINT ( 'NONE',  ( 0.3084145367999999721, 0.05281081129999999624, 0.05999716119999999597 ) ) ;
#2946 = CARTESIAN_POINT ( 'NONE',  ( -0.1046313779999999971, -0.3011567191999999782, 0.05000000000000000278 ) ) ;
#2947 = CARTESIAN_POINT ( 'NONE',  ( -0.2064162565000000060, -0.2404257139999999848, 0.05614168759999999675 ) ) ;
#2948 = CARTESIAN_POINT ( 'NONE',  ( -0.2778165172000000016, -0.1338518194999999966, 0.05999996820000000342 ) ) ;
#2949 = CARTESIAN_POINT ( 'NONE',  ( 0.001352622000000000156, -0.3084473707741892112, 0.06000043879331965618 ) ) ;
#2950 = CARTESIAN_POINT ( 'NONE',  ( 0.2516791672870430929, 0.2312889359852038917, 4.947955007314934820E-05 ) ) ;
#2951 = CARTESIAN_POINT ( 'NONE',  ( 0.001352622000000000156, 0.3182871261000000396, 0.05711929249999999486 ) ) ;
#2952 = CARTESIAN_POINT ( 'NONE',  ( -0.04059845330000000363, 0.3144993100000000319, 0.05809689739999999991 ) ) ;
#2953 = ADVANCED_FACE ( 'NONE', ( #5456 ), #2728, .T. ) ;
#2954 = CARTESIAN_POINT ( 'NONE',  ( 0.3513526219999999478, 0.3312646140990452848, -0.1051000000000000267 ) ) ;
#2955 = VERTEX_POINT ( 'NONE', #3803 ) ;
#2956 = CARTESIAN_POINT ( 'NONE',  ( 0.1037377649901727455, 0.2934167452201882353, 0.06000181326502192908 ) ) ;
#2958 = VERTEX_POINT ( 'NONE', #1335 ) ;
#2957 = CARTESIAN_POINT ( 'NONE',  ( 0.001352622000000000156, -0.3085463358870946249, 0.06000020349665982633 ) ) ;
#2959 = PRESENTATION_STYLE_ASSIGNMENT (( #3924 ) ) ;
#2960 = VECTOR ( 'NONE', #2891, 100.0000000000000000 ) ;
#2961 = CARTESIAN_POINT ( 'NONE',  ( 0.3434107292136526213, -0.1887353856003884667, 0.000000000000000000 ) ) ;
#2962 = FACE_OUTER_BOUND ( 'NONE', #5355, .T. ) ;
#2963 = SURFACE_STYLE_FILL_AREA ( #3384 ) ;
#2964 = ORIENTED_EDGE ( 'NONE', *, *, #2000, .T. ) ;
#2965 = CARTESIAN_POINT ( 'NONE',  ( -0.06948683682372816528, 0.3031166675339384553, 0.06000067408997947910 ) ) ;
#2966 = EDGE_CURVE ( 'NONE', #640, #721, #4273, .T. ) ;
#2967 = CARTESIAN_POINT ( 'NONE',  ( 0.3086230675471393070, 0.04147255771037944294, 0.06000159336305525143 ) ) ;
#2968 = ORIENTED_EDGE ( 'NONE', *, *, #2178, .T. ) ;
#2969 = CARTESIAN_POINT ( 'NONE',  ( 0.2269219050000000071, -0.2266049673999999958, 0.05247108570000000305 ) ) ;
#2970 = CARTESIAN_POINT ( 'NONE',  ( 0.1056252086000000062, 0.2988024938000000130, 0.05885548650000001214 ) ) ;
#2971 = MECHANICAL_DESIGN_GEOMETRIC_PRESENTATION_REPRESENTATION (  '', ( #2801 ), #3513 ) ;
#2972 = CARTESIAN_POINT ( 'NONE',  ( 0.001352622000000000156, -0.3080289831680187995, 0.06000143353988593442 ) ) ;
#2973 = FILL_AREA_STYLE_COLOUR ( '', #2564 ) ;
#2974 = CARTESIAN_POINT ( 'NONE',  ( 0.05742768820000000024, -0.3063695424999999806, 0.05980818360000000194 ) ) ;
#2975 = CARTESIAN_POINT ( 'NONE',  ( -0.3186473779999999811, 0.01459794740000000014, 0.05000000000000000278 ) ) ;
#2976 = CARTESIAN_POINT ( 'NONE',  ( -0.01193029420000000021, 0.3200546040000000758, 0.05495180240000000632 ) ) ;
#2977 = CARTESIAN_POINT ( 'NONE',  ( -0.01160948350000000177, 0.3123551454999999866, 0.05999716119999999597 ) ) ;
#2978 = APPLICATION_CONTEXT ( 'automotive_design' ) ;
#2979 = CARTESIAN_POINT ( 'NONE',  ( 0.2944500081951966775, -0.09928117615557170705, 0.06000067408997947910 ) ) ;
#2980 = B_SPLINE_CURVE_WITH_KNOTS ( 'NONE', 3,
 ( #1919, #1941, #3605, #3579 ),
 .UNSPECIFIED., .F., .F.,
 ( 4, 4 ),
 ( 0.000000000000000000, 1.000000000000000000 ),
 .UNSPECIFIED. ) ;
#2981 = EDGE_CURVE ( 'NONE', #73, #4761, #1516, .T. ) ;
#2982 = CARTESIAN_POINT ( 'NONE',  ( 0.1060222331000000157, 0.2999353882999999943, 0.05809689739999999991 ) ) ;
#2983 = CARTESIAN_POINT ( 'NONE',  ( 0.02860495539999999975, 0.3174678181999999738, 0.05711929249999999486 ) ) ;
#2984 = CARTESIAN_POINT ( 'NONE',  ( 0.2354159452000000041, 0.2242440085000000083, 9.999999999999999124E-05 ) ) ;
#2985 = CARTESIAN_POINT ( 'NONE',  ( -0.1882662384999999883, 0.2540897615000000109, 0.05809689739999999991 ) ) ;
#2986 = ORIENTED_EDGE ( 'NONE', *, *, #2000, .F. ) ;
#2987 = CARTESIAN_POINT ( 'NONE',  ( 0.2627080296850705654, 0.1681327325294031672, 0.06000181326502192908 ) ) ;
#2989 = ORIENTED_EDGE ( 'NONE', *, *, #2454, .T. ) ;
#2988 = CARTESIAN_POINT ( 'NONE',  ( 0.2516791672870430929, 0.2312889359852038917, 4.947955007314934820E-05 ) ) ;
#2990 = DIRECTION ( 'NONE',  ( -1.000000000000000000, 0.000000000000000000, 0.000000000000000000 ) ) ;
#2991 = CARTESIAN_POINT ( 'NONE',  ( 0.3357447516407416899, -0.1855436557410689580, -0.000000000000000000 ) ) ;
#2992 = FILL_AREA_STYLE_COLOUR ( '', #4962 ) ;
#2993 =( NAMED_UNIT ( * ) PLANE_ANGLE_UNIT ( ) SI_UNIT ( $, .RADIAN. ) );
#2994 = VERTEX_POINT ( 'NONE', #1277 ) ;
#2995 = CARTESIAN_POINT ( 'NONE',  ( -0.2719226586771911203, 0.1470114305712275915, 0.06000043879331965618 ) ) ;
#2996 = CARTESIAN_POINT ( 'NONE',  ( 0.2060304705742872222, 0.2339297212694171901, 0.06000158815961107589 ) ) ;
#2997 = CARTESIAN_POINT ( 'NONE',  ( 0.2198190042583707537, 0.2219588613746776573, 0.06000043879331965618 ) ) ;
#2998 = ORIENTED_EDGE ( 'NONE', *, *, #2520, .T. ) ;
#2999 = CARTESIAN_POINT ( 'NONE',  ( 0.001352622000000000156, 0.3205503657000000062, 0.05371144409999999841 ) ) ;
#3000 = CARTESIAN_POINT ( 'NONE',  ( 0.2536795902999999797, 0.1909480105000000150, 0.05885548650000001214 ) ) ;
#3001 = B_SPLINE_CURVE_WITH_KNOTS ( 'NONE', 3,
 ( #3461, #5130, #2447, #804 ),
 .UNSPECIFIED., .F., .F.,
 ( 4, 4 ),
 ( 0.000000000000000000, 1.000000000000000000 ),
 .UNSPECIFIED. ) ;
#3002 =( GEOMETRIC_REPRESENTATION_CONTEXT ( 3 ) GLOBAL_UNCERTAINTY_ASSIGNED_CONTEXT ( ( #2142 ) ) GLOBAL_UNIT_ASSIGNED_CONTEXT ( ( #1972, #3219, #4503 ) ) REPRESENTATION_CONTEXT ( 'NONE', 'WORKASPACE' ) );
#3003 = CARTESIAN_POINT ( 'NONE',  ( -0.3286473779999999900, -0.3487353858999999723, -0.1051000000000000267 ) ) ;
#3004 = CARTESIAN_POINT ( 'NONE',  ( -0.3015476874027093745, -0.06257065614847688584, 0.06000143353988593442 ) ) ;
#3005 = PLANE ( 'NONE',  #2133 ) ;
#3006 = PLANE ( 'NONE',  #1127 ) ;
#3007 = CARTESIAN_POINT ( 'NONE',  ( 0.1214023282000000065, -0.2877064512999999990, 0.05980818360000000194 ) ) ;
#3008 = CARTESIAN_POINT ( 'NONE',  ( -0.2551157585000000116, 0.1940612613999999903, 0.05000000000000000278 ) ) ;
#3009 = CARTESIAN_POINT ( 'NONE',  ( -0.3004322086999999808, 0.1047905945999999949, 0.05495180240000000632 ) ) ;
#3010 = CARTESIAN_POINT ( 'NONE',  ( -0.06955476650000000371, -0.3008768924999999927, 0.05999996820000000342 ) ) ;
#3011 = CARTESIAN_POINT ( 'NONE',  ( -0.1986473780999999939, 0.2310471201074350556, -0.1050500000000000184 ) ) ;
#3012 = CARTESIAN_POINT ( 'NONE',  ( 0.1038964541433371330, -0.2913403304147206274, 0.06000067408997947910 ) ) ;
#3013 = PLANE ( 'NONE',  #4843 ) ;
#3014 = UNCERTAINTY_MEASURE_WITH_UNIT (LENGTH_MEASURE( 1.000000000000000082E-05 ), #351, 'distance_accuracy_value', 'NONE');
#3015 = B_SPLINE_CURVE_WITH_KNOTS ( 'NONE', 3,
 ( #3382, #2961, #2991, #5139, #884, #2524, #2931, #4664, #1392, #3834, #5168, #855 ),
 .UNSPECIFIED., .F., .F.,
 ( 4, 2, 2, 2, 2, 4 ),
 ( 0.000000000000000000, 0.2499999999999996669, 0.4999999999999993339, 0.6249999999999991118, 0.7499999999999990008, 1.000000000000000000 ),
 .UNSPECIFIED. ) ;
#3016 = FILL_AREA_STYLE ('',( #1801 ) ) ;
#3017 = CARTESIAN_POINT ( 'NONE',  ( 0.2394584972000000089, 0.2090661051000000104, 0.05809689739999999991 ) ) ;
#3018 = CARTESIAN_POINT ( 'NONE',  ( 0.2931281094000000031, 0.1284006131000000051, 0.05614168759999999675 ) ) ;
#3019 = CARTESIAN_POINT ( 'NONE',  ( 0.001352622027940687897, -0.3081732468472911379, 0.05994361438772570494 ) ) ;
#3020 = CARTESIAN_POINT ( 'NONE',  ( -0.2774986435000000307, 0.1499852891000000021, 0.05809689739999999991 ) ) ;
#3021 =( GEOMETRIC_REPRESENTATION_CONTEXT ( 3 ) GLOBAL_UNCERTAINTY_ASSIGNED_CONTEXT ( ( #3081 ) ) GLOBAL_UNIT_ASSIGNED_CONTEXT ( ( #5072, #3922, #579 ) ) REPRESENTATION_CONTEXT ( 'NONE', 'WORKASPACE' ) );
#3022 = CARTESIAN_POINT ( 'NONE',  ( 0.1201642107001459903, -0.2847261846812937924, 0.06000181326502192908 ) ) ;
#3024 = VERTEX_POINT ( 'NONE', #2584 ) ;
#3023 = CARTESIAN_POINT ( 'NONE',  ( -0.3186473779528999350, -0.3487353859000000278, -5.000000124998968393E-05 ) ) ;
#3025 = FILL_AREA_STYLE ('',( #3411 ) ) ;
#3026 = CARTESIAN_POINT ( 'NONE',  ( 0.3513526220000000033, -0.1887353858117065131, -4.999999999999858616E-05 ) ) ;
#3027 = DIRECTION ( 'NONE',  ( 0.000000000000000000, -1.000000000000000000, 0.000000000000000000 ) ) ;
#3028 = ORIENTED_EDGE ( 'NONE', *, *, #2077, .F. ) ;
#3029 = CARTESIAN_POINT ( 'NONE',  ( -0.2009925413828976271, -0.2341164944431370076, 0.06000043879331965618 ) ) ;
#3030 = CARTESIAN_POINT ( 'NONE',  ( 0.2344813882937898941, 0.2054141929672874956, 0.06000159599006426453 ) ) ;
#3031 = EDGE_CURVE ( 'NONE', #4761, #2826, #3015, .T. ) ;
#3032 = CARTESIAN_POINT ( 'NONE',  ( 0.2984073439653747162, 0.08981658514517587566, 0.06000043879331965618 ) ) ;
#3033 = VERTEX_POINT ( 'NONE', #2153 ) ;
#3034 =( GEOMETRIC_REPRESENTATION_CONTEXT ( 3 ) GLOBAL_UNCERTAINTY_ASSIGNED_CONTEXT ( ( #3227 ) ) GLOBAL_UNIT_ASSIGNED_CONTEXT ( ( #941, #3438, #5201 ) ) REPRESENTATION_CONTEXT ( 'NONE', 'WORKASPACE' ) );
#3035 = CARTESIAN_POINT ( 'NONE',  ( 0.2835127808999999832, -0.1492208039000000042, 0.05247108570000000305 ) ) ;
#3036 = CARTESIAN_POINT ( 'NONE',  ( 0.08984142359999999772, -0.3021255628000000248, 0.05809689739999999991 ) ) ;
#3037 = COLOUR_RGB ( '',0.2980392156862745057, 0.2980392156862745057, 0.2980392156862745057 ) ;
#3038 = CARTESIAN_POINT ( 'NONE',  ( -0.3286473780000003786, -0.3370196571000003138, -0.1050999999999999851 ) ) ;
#3039 = B_SPLINE_CURVE_WITH_KNOTS ( 'NONE', 3,
 ( #2224, #3962, #3073, #3482 ),
 .UNSPECIFIED., .F., .F.,
 ( 4, 4 ),
 ( 0.000000000000000000, 1.000000000000000000 ),
 .UNSPECIFIED. ) ;
#3040 = CARTESIAN_POINT ( 'NONE',  ( -0.3017040973284446648, -0.06260361903408542816, 0.06000105381493271023 ) ) ;
#3041 = CARTESIAN_POINT ( 'NONE',  ( 0.6815422078377895154, 0.3413594069688945520, -0.0001150501381899548452 ) ) ;
#3042 = FACE_OUTER_BOUND ( 'NONE', #3437, .T. ) ;
#3043 = CARTESIAN_POINT ( 'NONE',  ( 0.2913124758000000258, -0.1114323331000000167, 0.05999716119999999597 ) ) ;
#3044 = CARTESIAN_POINT ( 'NONE',  ( -0.2869057401000000285, -0.1382509567999999911, 0.05000000000000000278 ) ) ;
#3045 = CARTESIAN_POINT ( 'NONE',  ( -0.1213607041000000220, 0.2966472662999999899, 0.05371144409999999841 ) ) ;
#3046 = CARTESIAN_POINT ( 'NONE',  ( -0.2172533773000000223, 0.2220999023000000405, 0.05999996820000000342 ) ) ;
#3047 = CARTESIAN_POINT ( 'NONE',  ( -0.1786473779986773869, 0.3512646140999999833, -0.0001000000022499994944 ) ) ;
#3048 = EDGE_CURVE ( 'NONE', #831, #4036, #4015, .T. ) ;
#3049 = CARTESIAN_POINT ( 'NONE',  ( 0.1537031265305854044, 0.2714382276434643138, 0.06000067408997947910 ) ) ;
#3050 = CARTESIAN_POINT ( 'NONE',  ( -0.3486473780000000078, -0.2354020526211111630, -0.1050000000000000100 ) ) ;
#3051 = CARTESIAN_POINT ( 'NONE',  ( 0.2854775448041124708, 0.2269150345930300294, 0.000000000000000000 ) ) ;
#3052 = CARTESIAN_POINT ( 'NONE',  ( 0.2630159203666225243, -0.09839640273499999923, -0.1050500000000000184 ) ) ;
#3053 = CARTESIAN_POINT ( 'NONE',  ( 0.1573490968999999851, -0.2753746488999999631, 0.05711929249999999486 ) ) ;
#3054 = CARTESIAN_POINT ( 'NONE',  ( 0.2885209981000000368, -0.1377234090999999994, 0.05495180240000000632 ) ) ;
#3055 = DIRECTION ( 'NONE',  ( 1.000000000000000000, 0.000000000000000000, 0.000000000000000000 ) ) ;
#3056 = CARTESIAN_POINT ( 'NONE',  ( 0.001352622000000000156, -0.3147668200999999555, 0.05809689739999999991 ) ) ;
#3057 = CARTESIAN_POINT ( 'NONE',  ( 0.2939964327262449828, 0.1016548072238036698, 0.06000181326502192908 ) ) ;
#3058 = FILL_AREA_STYLE_COLOUR ( '', #5372 ) ;
#3059 = DIRECTION ( 'NONE',  ( 1.000000000000000000, 0.000000000000000000, 0.000000000000000000 ) ) ;
#3060 = CARTESIAN_POINT ( 'NONE',  ( 0.3513526220000000033, -0.1820687192016978428, -9.999999999999158867E-05 ) ) ;
#3061 = CARTESIAN_POINT ( 'NONE',  ( 0.001352622000000000156, 0.3212646141000000122, 0.05000000000000000278 ) ) ;
#3062 = CARTESIAN_POINT ( 'NONE',  ( 0.2516791672870430929, 0.2312889359852038917, 4.947955007314934820E-05 ) ) ;
#3063 = VERTEX_POINT ( 'NONE', #64 ) ;
#3064 = CARTESIAN_POINT ( 'NONE',  ( -0.01154792044726526794, -0.3083484056612838531, 0.06000067408997947910 ) ) ;
#3065 = CARTESIAN_POINT ( 'NONE',  ( 0.3513526220000000588, -0.3287353858971359122, -0.0001000000029999979735 ) ) ;
#3066 = CARTESIAN_POINT ( 'NONE',  ( 0.2803434643046041064, -0.1337655246721451419, 0.06000043879331965618 ) ) ;
#3067 = COLOUR_RGB ( '',0.2980392156862745057, 0.2980392156862745057, 0.2980392156862745057 ) ;
#3068 = EDGE_LOOP ( 'NONE', ( #7, #3897, #4082, #4112, #3862, #2323, #4667, #5116 ) ) ;
#3069 = CARTESIAN_POINT ( 'NONE',  ( 0.2422838992000000136, 0.2115319106000000393, 0.05247108570000000305 ) ) ;
#3070 = CARTESIAN_POINT ( 'NONE',  ( 0.2242766531000000285, -0.2239327398999999830, 0.05809689739999999991 ) ) ;
#3071 = DIRECTION ( 'NONE',  ( -0.000000000000000000, -0.000000000000000000, 1.000000000000000000 ) ) ;
#3072 = CARTESIAN_POINT ( 'NONE',  ( -0.2954539950634837986, -0.08721339692623399087, 0.06000105381493271023 ) ) ;
#3073 = CARTESIAN_POINT ( 'NONE',  ( -0.1853140446067021718, -0.3487353858999999723, -9.999999999999999124E-05 ) ) ;
#3074 = CARTESIAN_POINT ( 'NONE',  ( 0.2654315747000000059, -0.1673424115999999906, 0.05980818360000000194 ) ) ;
#3075 = CARTESIAN_POINT ( 'NONE',  ( -0.3145033837999999804, 0.05428706710000000268, 0.05000000000000000278 ) ) ;
#3076 = CARTESIAN_POINT ( 'NONE',  ( -0.1211701644999999966, -0.2936593911000000001, 0.05495180240000000632 ) ) ;
#3077 = CARTESIAN_POINT ( 'NONE',  ( -0.3073169713999999719, 0.03999962189999999723, 0.05999716119999999597 ) ) ;
#3078 = CARTESIAN_POINT ( 'NONE',  ( -0.3186473779528999350, -0.3487353859000000278, -5.000000124998968393E-05 ) ) ;
#3079 = CARTESIAN_POINT ( 'NONE',  ( 0.3069561588355293469, -0.05003676648103986407, 0.06000067408997947910 ) ) ;
#3080 = DIRECTION ( 'NONE',  ( -0.000000000000000000, -0.000000000000000000, -1.000000000000000000 ) ) ;
#3081 = UNCERTAINTY_MEASURE_WITH_UNIT (LENGTH_MEASURE( 1.000000000000000082E-05 ), #5072, 'distance_accuracy_value', 'NONE');
#3082 = CARTESIAN_POINT ( 'NONE',  ( 0.3513526220000000033, -0.3287353859000000100, -0.05255000000000001337 ) ) ;
#3083 = SURFACE_STYLE_USAGE ( .BOTH. , #1830 ) ;
#3084 = CARTESIAN_POINT ( 'NONE',  ( 0.3175463671999999571, -0.02515352859999999899, 0.05711929249999999486 ) ) ;
#3085 = B_SPLINE_CURVE_WITH_KNOTS ( 'NONE', 3,
 ( #3454, #894, #4285, #867 ),
 .UNSPECIFIED., .F., .F.,
 ( 4, 4 ),
 ( 0.000000000000000000, 1.000000000000000000 ),
 .UNSPECIFIED. ) ;
#3086 = CARTESIAN_POINT ( 'NONE',  ( -0.2658342767999999912, -0.1693267482999999962, 0.05809689739999999991 ) ) ;
#3087 = CARTESIAN_POINT ( 'NONE',  ( 0.2978528707205985171, -0.08712206852119606937, 0.06000181326502192908 ) ) ;
#3088 = LINE ( 'NONE', #909, #3601 ) ;
#3089 = SURFACE_STYLE_USAGE ( .BOTH. , #2611 ) ;
#3090 = CARTESIAN_POINT ( 'NONE',  ( -0.3186473779528999350, -0.3487353859000000278, -5.000000124998968393E-05 ) ) ;
#3091 = CARTESIAN_POINT ( 'NONE',  ( -0.3086473780655556998, -0.3487353858999999723, -0.1050499999987500044 ) ) ;
#3092 = VERTEX_POINT ( 'NONE', #4271 ) ;
#3093 = CARTESIAN_POINT ( 'NONE',  ( -0.2873223222905283425, 0.1134621633851126687, 0.06000043879331965618 ) ) ;
#3094 = CARTESIAN_POINT ( 'NONE',  ( 0.3513526219999999478, 0.3312646140990452848, -0.1051000000000000267 ) ) ;
#3095 = CARTESIAN_POINT ( 'NONE',  ( 0.1203863954953111742, 0.2877902327966011531, 0.06000043879331965618 ) ) ;
#3096 =( BOUNDED_SURFACE ( )  B_SPLINE_SURFACE ( 1, 3, ( 
 ( #3634, #2318, #3581, #5328 ),
 ( #4905, #1133, #4935, #4497 ) ),
 .UNSPECIFIED., .F., .F., .F. ) 
 B_SPLINE_SURFACE_WITH_KNOTS ( ( 2, 2 ),
 ( 4, 4 ),
 ( 0.000000000000000000, 1.000000000000000000 ),
 ( 0.000000000000000000, 1.000000000000000000 ),
 .UNSPECIFIED. ) 
 GEOMETRIC_REPRESENTATION_ITEM ( )  RATIONAL_B_SPLINE_SURFACE ( (
 ( 1.000000000000000000, 0.8047378540336930230, 0.8047378540336930230, 1.000000000000000000),
 ( 1.000000000000000000, 0.8047378540336930230, 0.8047378540336930230, 1.000000000000000000) ) ) 
 REPRESENTATION_ITEM ( '' )  SURFACE ( )  );
#3097 = CARTESIAN_POINT ( 'NONE',  ( 0.1587067118000000110, 0.2803114290000000008, 0.05247108570000000305 ) ) ;
#3098 = SURFACE_STYLE_USAGE ( .BOTH. , #1845 ) ;
#3099 = CARTESIAN_POINT ( 'NONE',  ( -0.3017040973284446648, 0.06513284733408543359, 0.06000105381493271023 ) ) ;
#3100 = CARTESIAN_POINT ( 'NONE',  ( 0.3313526220000003186, 0.3395488852999997698, -9.999999999999999124E-05 ) ) ;
#3101 = CARTESIAN_POINT ( 'NONE',  ( 0.07281951999999999869, 0.3057902305999999903, 0.05980818360000000194 ) ) ;
#3102 = CARTESIAN_POINT ( 'NONE',  ( -0.2238669576999999800, 0.2287809262999999926, 0.05371144409999999841 ) ) ;
#3103 = CARTESIAN_POINT ( 'NONE',  ( -0.2616570199000000096, 0.1691889146999999982, 0.05999716119999999597 ) ) ;
#3104 = CARTESIAN_POINT ( 'NONE',  ( -0.09830839483500003473, 0.2629279124666220047, -0.1050500000000000184 ) ) ;
#3105 = EDGE_CURVE ( 'NONE', #5103, #3636, #65, .T. ) ;
#3106 = PRESENTATION_STYLE_ASSIGNMENT (( #5220 ) ) ;
#3107 = EDGE_CURVE ( 'NONE', #1948, #155, #1971, .T. ) ;
#3108 = CARTESIAN_POINT ( 'NONE',  ( 0.3175463671999999571, 0.02768275679999999961, 0.05711929249999999486 ) ) ;
#3109 = CARTESIAN_POINT ( 'NONE',  ( -0.05538239169999999850, -0.3099900899999999959, 0.05809689739999999991 ) ) ;
#3110 = STYLED_ITEM ( 'NONE', ( #3972 ), #3509 ) ;
#3111 = CARTESIAN_POINT ( 'NONE',  ( 0.04238809373143417186, 0.3076628019382259271, 0.06000181326502192908 ) ) ;
#3112 = CARTESIAN_POINT ( 'NONE',  ( -0.3486473780000000078, -0.1854020525833333377, -0.1051000000000000267 ) ) ;
#3113 = CARTESIAN_POINT ( 'NONE',  ( 0.3245223525178633772, -0.3331422427575471135, -0.000000000000000000 ) ) ;
#3114 = B_SPLINE_CURVE_WITH_KNOTS ( 'NONE', 3,
 ( #2361, #4098, #5454, #1266 ),
 .UNSPECIFIED., .F., .F.,
 ( 4, 4 ),
 ( 0.000000000000000000, 1.000000000000000000 ),
 .UNSPECIFIED. ) ;
#3115 = CARTESIAN_POINT ( 'NONE',  ( -0.1742655151587715889, -0.3219168498591052918, -0.000000000000000000 ) ) ;
#3116 = CARTESIAN_POINT ( 'NONE',  ( -0.1343638657328998787, 0.2796574095961219530, 0.06000043879331965618 ) ) ;
#3117 = CARTESIAN_POINT ( 'NONE',  ( 0.3213526219295669839, 0.3512646140999999833, -5.000000124999707683E-05 ) ) ;
#3118 = CARTESIAN_POINT ( 'NONE',  ( 0.2855114386509256530, 0.1250817837164125423, 0.06000043879331965618 ) ) ;
#3119 = CARTESIAN_POINT ( 'NONE',  ( 0.02886091030000000057, -0.3179083829999999611, 0.05118824680000000349 ) ) ;
#3120 = ORIENTED_EDGE ( 'NONE', *, *, #3267, .F. ) ;
#3121 =( BOUNDED_SURFACE ( )  B_SPLINE_SURFACE ( 3, 3, ( 
 ( #5171, #1393, #4330, #559 ),
 ( #149, #2125, #3495, #2241 ),
 ( #3926, #5203, #1939, #1023 ),
 ( #268, #4360, #4383, #1887 ) ),
 .UNSPECIFIED., .F., .F., .F. ) 
 B_SPLINE_SURFACE_WITH_KNOTS ( ( 4, 4 ),
 ( 4, 4 ),
 ( 0.000000000000000000, 1.000000000000000000 ),
 ( 0.000000000000000000, 1.000000000000000000 ),
 .UNSPECIFIED. ) 
 GEOMETRIC_REPRESENTATION_ITEM ( )  RATIONAL_B_SPLINE_SURFACE ( (
 ( 1.000000000000000000, 0.3333333335299309974, 0.3333333335299309974, 1.000000000000000000),
 ( 0.8065336341146810417, 0.2688445448634559920, 0.2688445448634559920, 0.8065336341146810417),
 ( 0.8065336341146810417, 0.2688445448634559920, 0.2688445448634559920, 0.8065336341146810417),
 ( 1.000000000000000000, 0.3333333335299309974, 0.3333333335299309974, 1.000000000000000000) ) ) 
 REPRESENTATION_ITEM ( '' )  SURFACE ( )  );
#3122 = CARTESIAN_POINT ( 'NONE',  ( -0.3486473779999999523, -0.1287353859316266169, -4.999999999999999562E-05 ) ) ;
#3123 = CARTESIAN_POINT ( 'NONE',  ( 0.2062309942000000174, -0.2370632881000000192, 0.05933362749999999269 ) ) ;
#3124 = CARTESIAN_POINT ( 'NONE',  ( -0.07158652759999999116, -0.3095343732999999986, 0.05495180240000000632 ) ) ;
#3125 = CARTESIAN_POINT ( 'NONE',  ( -0.2840710024000000500, 0.1256329014000000244, 0.05999716119999999597 ) ) ;
#3126 = CARTESIAN_POINT ( 'NONE',  ( 0.02886091030000000057, -0.3179083829999999611, 0.05000000000000003053 ) ) ;
#3127 = CARTESIAN_POINT ( 'NONE',  ( 0.2984732719836488690, -0.08873538605000003132, -0.1050000000000000100 ) ) ;
#3128 = CARTESIAN_POINT ( 'NONE',  ( -0.1386473779999999878, 0.3512646140999999833, -0.1051000000000000267 ) ) ;
#3129 = CARTESIAN_POINT ( 'NONE',  ( -0.05414412095566684818, 0.3057260245936110343, 0.06000181326483916555 ) ) ;
#3130 = CARTESIAN_POINT ( 'NONE',  ( 0.3047595902513933197, 0.06520666113989799506, 0.06000020349665982633 ) ) ;
#3131 = B_SPLINE_CURVE_WITH_KNOTS ( 'NONE', 3,
 ( #4390, #4813, #638, #1031 ),
 .UNSPECIFIED., .F., .F.,
 ( 4, 4 ),
 ( 0.000000000000000000, 1.000000000000000000 ),
 .UNSPECIFIED. ) ;
#3132 = EDGE_CURVE ( 'NONE', #1993, #1642, #780, .T. ) ;
#3133 = CARTESIAN_POINT ( 'NONE',  ( -0.08713617950000000778, -0.3021255628000000248, 0.05809689739999999991 ) ) ;
#3134 = CARTESIAN_POINT ( 'NONE',  ( 0.3082392651254847182, 0.03977587913416645582, 0.06000143354000778140 ) ) ;
#3135 = SURFACE_SIDE_STYLE ('',( #3996 ) ) ;
#3136 = MECHANICAL_DESIGN_GEOMETRIC_PRESENTATION_REPRESENTATION (  '', ( #5079 ), #3574 ) ;
#3137 = CARTESIAN_POINT ( 'NONE',  ( -0.3286473779952264751, 0.3512646140999999833, -0.05255000000000001337 ) ) ;
#3138 = DIRECTION ( 'NONE',  ( -0.000000000000000000, -0.000000000000000000, -1.000000000000000000 ) ) ;
#3139 = EDGE_CURVE ( 'NONE', #334, #2423, #2541, .T. ) ;
#3140 = CARTESIAN_POINT ( 'NONE',  ( 0.001352622000000000156, 0.3111745291999999941, 0.05999996820000000342 ) ) ;
#3141 = CARTESIAN_POINT ( 'NONE',  ( -0.3186473779528999350, 0.3512646140999999833, -4.999999999999999562E-05 ) ) ;
#3142 = CARTESIAN_POINT ( 'NONE',  ( -0.1046313779999999971, -0.3011567191999999782, 0.05118824680000000349 ) ) ;
#3143 = CARTESIAN_POINT ( 'NONE',  ( 0.2996167730000000029, -0.1146599141999999905, 0.05118824680000000349 ) ) ;
#3144 = ORIENTED_EDGE ( 'NONE', *, *, #4990, .F. ) ;
#3145 = EDGE_CURVE ( 'NONE', #3636, #231, #1849, .T. ) ;
#3146 = ORIENTED_EDGE ( 'NONE', *, *, #180, .T. ) ;
#3147 = CARTESIAN_POINT ( 'NONE',  ( -0.1286473781996910204, 0.3433227213231825337, 0.000000000000000000 ) ) ;
#3148 = CARTESIAN_POINT ( 'NONE',  ( 0.07429177169999999497, -0.3095343732999999986, 0.05495180240000000632 ) ) ;
#3149 = CARTESIAN_POINT ( 'NONE',  ( 0.3009426547999999868, -0.08804313279999999298, 0.05980818360000000194 ) ) ;
#3150 = CARTESIAN_POINT ( 'NONE',  ( -0.05587761679999999481, -0.3127069507999999942, 0.05495180240000000632 ) ) ;
#3151 = CARTESIAN_POINT ( 'NONE',  ( -0.08610686839999999453, 0.3011257244000000166, 0.05980818360000000194 ) ) ;
#3152 = CARTESIAN_POINT ( 'NONE',  ( 0.2578210026000000155, -0.1915320332000000070, 0.05000000000000003053 ) ) ;
#3153 = CARTESIAN_POINT ( 'NONE',  ( -0.2286473781500000246, -0.2687353859799999634, -0.1050500000000000184 ) ) ;
#3154 = CARTESIAN_POINT ( 'NONE',  ( -0.08520486610005587047, 0.2980331446503506898, 0.06000181326483916555 ) ) ;
#3155 = LINE ( 'NONE', #3569, #2397 ) ;
#3156 = CARTESIAN_POINT ( 'NONE',  ( 0.2901198093452641569, -0.1109687866925563315, 0.06000020349665982633 ) ) ;
#3157 = CARTESIAN_POINT ( 'NONE',  ( -0.2057687524000000046, 0.2422017232000000519, 0.05711929249999999486 ) ) ;
#3158 = CARTESIAN_POINT ( 'NONE',  ( 0.01423985525992219059, -0.3080289831167724035, 0.06000143354000778140 ) ) ;
#3159 = PRESENTATION_STYLE_ASSIGNMENT (( #193 ) ) ;
#3160 = ADVANCED_FACE ( 'NONE', ( #4005 ), #1574, .F. ) ;
#3161 = CARTESIAN_POINT ( 'NONE',  ( 0.2200136791205122011, -0.1953238214160728237, -0.1049999999999999961 ) ) ;
#3162 = CARTESIAN_POINT ( 'NONE',  ( -0.1282873780000000075, 0.3512646140999999833, -9.999999999999999124E-05 ) ) ;
#3163 = SURFACE_SIDE_STYLE ('',( #4491 ) ) ;
#3164 = CARTESIAN_POINT ( 'NONE',  ( -0.03977272533625537260, 0.3083338742818834133, 0.06000020349665982633 ) ) ;
#3165 = CARTESIAN_POINT ( 'NONE',  ( 0.3313526219961812069, -0.3487353859000000278, -0.0001000000030000006840 ) ) ;
#3166 = CARTESIAN_POINT ( 'NONE',  ( -0.2810003191000000067, 0.1518528494000000173, 0.05000000000000000278 ) ) ;
#3167 = CARTESIAN_POINT ( 'NONE',  ( 0.2580192887700000215, -0.2420687193600000175, -0.1050000000000000100 ) ) ;
#3168 = CARTESIAN_POINT ( 'NONE',  ( 0.3115064681999999974, -0.07750461670000000081, 0.05118824680000000349 ) ) ;
#3169 = CARTESIAN_POINT ( 'NONE',  ( -0.3369316492000000163, -0.1387353859000000356, -0.1050999999999999851 ) ) ;
#3170 = CARTESIAN_POINT ( 'NONE',  ( -0.1360629336999999994, -0.2806134489000000065, 0.05933362749999999269 ) ) ;
#3171 = ORIENTED_EDGE ( 'NONE', *, *, #4247, .T. ) ;
#3172 = CARTESIAN_POINT ( 'NONE',  ( -0.3286473779999999900, 0.3512646140999999833, 0.000000000000000000 ) ) ;
#3173 = CARTESIAN_POINT ( 'NONE',  ( 0.04356681540000000019, 0.3164639241999999686, 0.05614168759999999675 ) ) ;
#3174 = CARTESIAN_POINT ( 'NONE',  ( 0.2225540384999999954, -0.2221925584999999981, 0.05933362749999999269 ) ) ;
#3175 = CARTESIAN_POINT ( 'NONE',  ( -0.3159403191999999860, 0.04108176750000000488, 0.05247108570000000305 ) ) ;
#3176 = CARTESIAN_POINT ( 'NONE',  ( -0.01160948350000000177, -0.3098259173000000311, 0.05999716119999999597 ) ) ;
#3177 = CARTESIAN_POINT ( 'NONE',  ( 0.2837055632000000105, -0.1493236212000000063, 0.05000000000000003053 ) ) ;
#3178 = CARTESIAN_POINT ( 'NONE',  ( -0.3086473780655556998, -0.3487353858999999723, -0.1050499999987500044 ) ) ;
#3179 = FILL_AREA_STYLE ('',( #2354 ) ) ;
#3180 = CARTESIAN_POINT ( 'NONE',  ( -0.08520486610005587047, -0.2955039165160815440, 0.06000181326483916555 ) ) ;
#3181 = CARTESIAN_POINT ( 'NONE',  ( 0.08809968807375129218, 0.2986831260872519489, 0.06000020349665982633 ) ) ;
#3182 = CARTESIAN_POINT ( 'NONE',  ( -0.1380016475999999992, 0.2871195261999999748, 0.05614168759999999675 ) ) ;
#3183 = CARTESIAN_POINT ( 'NONE',  ( 0.3098376575121411514, 0.02703869035509341018, 0.06000143354000778140 ) ) ;
#3184 = B_SPLINE_CURVE_WITH_KNOTS ( 'NONE', 3,
 ( #4309, #2217, #1700, #3473 ),
 .UNSPECIFIED., .F., .F.,
 ( 4, 4 ),
 ( 0.000000000000000000, 1.000000000000000000 ),
 .UNSPECIFIED. ) ;
#3185 = FILL_AREA_STYLE ('',( #2743 ) ) ;
#3186 = CARTESIAN_POINT ( 'NONE',  ( 0.3513526220000000033, 0.3245979474744445370, -0.1051000000000000267 ) ) ;
#3187 = DIRECTION ( 'NONE',  ( 0.000000000000000000, 0.000000000000000000, -1.000000000000000000 ) ) ;
#3188 = CARTESIAN_POINT ( 'NONE',  ( 0.2580192887900000787, -0.3387353860199999733, -0.1050000000000000100 ) ) ;
#3189 = CARTESIAN_POINT ( 'NONE',  ( -0.1388720971000000082, 0.2889050636000000116, 0.05000000000000000278 ) ) ;
#3190 = DIRECTION ( 'NONE',  ( -0.000000000000000000, -0.000000000000000000, -1.000000000000000000 ) ) ;
#3191 = CARTESIAN_POINT ( 'NONE',  ( 0.1762859553999999995, 0.2700646140999999889, 0.05118824680000000349 ) ) ;
#3192 = ORIENTED_EDGE ( 'NONE', *, *, #4829, .T. ) ;
#3193 = CARTESIAN_POINT ( 'NONE',  ( -0.1196492273000000217, 0.2925275788000000210, 0.05885548650000001214 ) ) ;
#3194 = VERTEX_POINT ( 'NONE', #4469 ) ;
#3195 = CARTESIAN_POINT ( 'NONE',  ( -0.1703631068000000526, -0.3287353859000000655, -0.1050999999999999851 ) ) ;
#3196 = CARTESIAN_POINT ( 'NONE',  ( 0.2885209981000000368, 0.1402526374000000187, 0.05495180240000000632 ) ) ;
#3197 = CARTESIAN_POINT ( 'NONE',  ( 0.001352622000000000156, 0.3136199373999999929, 0.05980818360000000194 ) ) ;
#3198 = CARTESIAN_POINT ( 'NONE',  ( -0.2962457955000000198, -0.1144011676000000061, 0.05371144409999999841 ) ) ;
#3199 = CARTESIAN_POINT ( 'NONE',  ( -0.2627263306000000020, -0.1673424115999999906, 0.05980818360000000194 ) ) ;
#3200 = CARTESIAN_POINT ( 'NONE',  ( 0.2718947211999999669, 0.1739981780999999839, 0.05000000000000003053 ) ) ;
#3201 =( GEOMETRIC_REPRESENTATION_CONTEXT ( 3 ) GLOBAL_UNCERTAINTY_ASSIGNED_CONTEXT ( ( #547 ) ) GLOBAL_UNIT_ASSIGNED_CONTEXT ( ( #3292, #1598, #5434 ) ) REPRESENTATION_CONTEXT ( 'NONE', 'WORKASPACE' ) );
#3202 = CARTESIAN_POINT ( 'NONE',  ( -0.2951476266943268700, -0.08712206854317437743, 0.06000181326483916555 ) ) ;
#3203 = CARTESIAN_POINT ( 'NONE',  ( 0.3513526220000000033, 0.3312646140952265617, -0.05255000000000001337 ) ) ;
#3204 = CARTESIAN_POINT ( 'NONE',  ( 0.04249110639999999911, -0.3059027353000000615, 0.05999996820000000342 ) ) ;
#3205 = PRESENTATION_LAYER_ASSIGNMENT (  '', '', ( #2765 ) ) ;
#3206 = ADVANCED_FACE ( 'NONE', ( #1991 ), #3096, .T. ) ;
#3207 = CARTESIAN_POINT ( 'NONE',  ( -0.2535237228000000176, 0.1928644700000000101, 0.05614168759999999675 ) ) ;
#3208 = CARTESIAN_POINT ( 'NONE',  ( 0.2628430566263771362, 0.1682189434460141242, 0.06000143354000778140 ) ) ;
#3209 = CARTESIAN_POINT ( 'NONE',  ( 0.3513526220000000033, -0.3287353859000000100, -0.1051000000000000267 ) ) ;
#3210 =( NAMED_UNIT ( * ) SI_UNIT ( $, .STERADIAN. ) SOLID_ANGLE_UNIT ( ) );
#3211 = CARTESIAN_POINT ( 'NONE',  ( -0.3186473779999999811, -0.01206871919999999952, 0.05118824680000000349 ) ) ;
#3212 = DIRECTION ( 'NONE',  ( 0.000000000000000000, 1.000000000000000000, 0.000000000000000000 ) ) ;
#3213 = CARTESIAN_POINT ( 'NONE',  ( -0.2810003191000000067, -0.1493236212000000063, 0.05000000000000000278 ) ) ;
#3214 = VERTEX_POINT ( 'NONE', #5279 ) ;
#3215 = CARTESIAN_POINT ( 'NONE',  ( 0.2578210026000000155, -0.1915320332000000070, 0.05118824680000000349 ) ) ;
#3216 = VERTEX_POINT ( 'NONE', #4439 ) ;
#3217 = CARTESIAN_POINT ( 'NONE',  ( -0.1529545030000000194, -0.2723788087999999830, 0.05933362749999999269 ) ) ;
#3218 = ORIENTED_EDGE ( 'NONE', *, *, #2695, .T. ) ;
#3219 =( NAMED_UNIT ( * ) PLANE_ANGLE_UNIT ( ) SI_UNIT ( $, .RADIAN. ) );
#3220 = CARTESIAN_POINT ( 'NONE',  ( 0.3071143504000000135, -0.08988291430000000526, 0.05495180240000000632 ) ) ;
#3221 = CARTESIAN_POINT ( 'NONE',  ( 0.05787243309999999530, -0.3088094632000000228, 0.05885548650000001214 ) ) ;
#3222 = CARTESIAN_POINT ( 'NONE',  ( 0.001352622000000000156, 0.3210461275000000003, 0.05247108570000000305 ) ) ;
#3223 = CARTESIAN_POINT ( 'NONE',  ( -0.08645239459999999598, 0.3023103853999999924, 0.05933362749999999269 ) ) ;
#3224 = CARTESIAN_POINT ( 'NONE',  ( 0.3042829175000000275, 0.1051835413999999969, 0.05000000000000003053 ) ) ;
#3226 =( LENGTH_UNIT ( ) NAMED_UNIT ( * ) SI_UNIT ( .CENTI., .METRE. ) );
#3225 = DIRECTION ( 'NONE',  ( 0.000000000000000000, 0.000000000000000000, 1.000000000000000000 ) ) ;
#3227 = UNCERTAINTY_MEASURE_WITH_UNIT (LENGTH_MEASURE( 1.000000000000000082E-05 ), #941, 'distance_accuracy_value', 'NONE');
#3228 = AXIS2_PLACEMENT_3D ( 'NONE', #4494, #1544, #2772 ) ;
#3229 = CARTESIAN_POINT ( 'NONE',  ( -0.3013912774769740843, 0.06506692156286836282, 0.06000181326483916555 ) ) ;
#3230 = CARTESIAN_POINT ( 'NONE',  ( 0.3513526220000000033, -0.3087353859633334419, -0.1050499999987500044 ) ) ;
#3231 = CARTESIAN_POINT ( 'NONE',  ( 0.3103536578044480132, -0.02455257424067927574, 0.06000020349665982633 ) ) ;
#3232 = CARTESIAN_POINT ( 'NONE',  ( -0.1208717651999999948, 0.2954703438000000348, 0.05614168759999999675 ) ) ;
#3233 = CARTESIAN_POINT ( 'NONE',  ( 0.2897864604756545392, -0.1108392260175500438, 0.06000105381499362678 ) ) ;
#3234 = FACE_OUTER_BOUND ( 'NONE', #4904, .T. ) ;
#3235 = CARTESIAN_POINT ( 'NONE',  ( -0.3486473780000000078, 0.3245979474744445370, -0.1051000000000000267 ) ) ;
#3236 = CARTESIAN_POINT ( 'NONE',  ( 0.3513526220000000033, -0.1320687192555199396, -9.999999999999158867E-05 ) ) ;
#3237 = CARTESIAN_POINT ( 'NONE',  ( -0.2551157585000000116, 0.1940612613999999903, 0.05118824680000000349 ) ) ;
#3238 = FILL_AREA_STYLE_COLOUR ( '', #1404 ) ;
#3239 = CARTESIAN_POINT ( 'NONE',  ( -0.2243707782000000095, 0.2292898845999999935, 0.05000000000000000278 ) ) ;
#3241 = ORIENTED_EDGE ( 'NONE', *, *, #4363, .T. ) ;
#3240 = CARTESIAN_POINT ( 'NONE',  ( 0.2313526221500000479, -0.3387353860199999733, -0.1050500000000000184 ) ) ;
#3242 = FILL_AREA_STYLE_COLOUR ( '', #1740 ) ;
#3243 = CARTESIAN_POINT ( 'NONE',  ( 0.2949506284999999783, -0.1266655151999999951, 0.05000000000000000278 ) ) ;
#3244 = ORIENTED_EDGE ( 'NONE', *, *, #4602, .F. ) ;
#3245 = CARTESIAN_POINT ( 'NONE',  ( -0.3057546395000000361, 0.06598648600000001085, 0.05933362749999999269 ) ) ;
#3246 = EDGE_LOOP ( 'NONE', ( #5205, #4138, #2998, #4723, #1548, #3241, #4140, #300, #886, #1812 ) ) ;
#3247 = B_SPLINE_CURVE_WITH_KNOTS ( 'NONE', 3,
 ( #2607, #2635, #1356, #5133 ),
 .UNSPECIFIED., .F., .F.,
 ( 4, 4 ),
 ( 0.000000000000000000, 1.000000000000000000 ),
 .UNSPECIFIED. ) ;
#3248 = CARTESIAN_POINT ( 'NONE',  ( 0.3206383736999999789, -0.01203895889999999878, 0.05371144409999999841 ) ) ;
#3249 = CARTESIAN_POINT ( 'NONE',  ( 0.2526830954000000018, 0.1901989089999999993, 0.05933362749999999269 ) ) ;
#3250 = CARTESIAN_POINT ( 'NONE',  ( -0.3142877265999999836, -0.05172163669999999686, 0.05247108570000000305 ) ) ;
#3251 = CARTESIAN_POINT ( 'NONE',  ( -0.07039662010000000136, 0.3069933195999999809, 0.05933362749999999269 ) ) ;
#3252 = CARTESIAN_POINT ( 'NONE',  ( 0.2996167730000000029, -0.1146599141999999905, 0.05000000000000003053 ) ) ;
#3253 = SURFACE_STYLE_USAGE ( .BOTH. , #5426 ) ;
#3254 = CARTESIAN_POINT ( 'NONE',  ( -0.2315564701779185830, 0.2045307311026192676, 0.06000181326483916555 ) ) ;
#3255 = CARTESIAN_POINT ( 'NONE',  ( 0.1880069407999999942, -0.2476078110000000110, 0.05999716119999999597 ) ) ;
#3256 =( BOUNDED_SURFACE ( )  B_SPLINE_SURFACE ( 1, 3, ( 
 ( #1961, #2311, #4432, #1865, #1442, #656, #266 ),
 ( #2339, #244, #3628, #1937, #5321, #682, #2792 ) ),
 .UNSPECIFIED., .F., .F., .F. ) 
 B_SPLINE_SURFACE_WITH_KNOTS ( ( 2, 2 ),
 ( 4, 3, 4 ),
 ( 0.000000000000000000, 1.000000000000000000 ),
 ( 0.000000000000000000, 0.5000000000000000000, 1.000000000000000000 ),
 .UNSPECIFIED. ) 
 GEOMETRIC_REPRESENTATION_ITEM ( )  RATIONAL_B_SPLINE_SURFACE ( (
 ( 1.000000000000000000, 0.8047378540760219412, 0.8047378540760219412, 1.000000000000000000, 0.8047378540760219412, 0.8047378540760219412, 1.000000000000000000),
 ( 1.000000000000000000, 0.8047378540760219412, 0.8047378540760219412, 1.000000000000000000, 0.8047378540760219412, 0.8047378540760219412, 1.000000000000000000) ) ) 
 REPRESENTATION_ITEM ( '' )  SURFACE ( )  );
#3257 = CARTESIAN_POINT ( 'NONE',  ( -0.2382466578000000113, 0.2103694401999999797, 0.05614168759999999675 ) ) ;
#3258 = CARTESIAN_POINT ( 'NONE',  ( -0.3084583279954771218, 0.01417340364908842298, 0.06000020349665982633 ) ) ;
#3259 = EDGE_CURVE ( 'NONE', #1838, #2955, #5323, .T. ) ;
#3260 = CARTESIAN_POINT ( 'NONE',  ( 0.2801104467244684981, -0.1336527453629913764, 0.06000105381499362678 ) ) ;
#3261 = CARTESIAN_POINT ( 'NONE',  ( -0.3186473779528999350, -0.3487353859000000278, -5.000000124998968393E-05 ) ) ;
#3262 = EDGE_CURVE ( 'NONE', #1990, #670, #589, .T. ) ;
#3263 = FILL_AREA_STYLE ('',( #1659 ) ) ;
#3264 =( NAMED_UNIT ( * ) PLANE_ANGLE_UNIT ( ) SI_UNIT ( $, .RADIAN. ) );
#3265 = CARTESIAN_POINT ( 'NONE',  ( 0.1680192887533334678, 0.3512646140999999278, -0.1050000000000000100 ) ) ;
#3266 = CARTESIAN_POINT ( 'NONE',  ( -0.2397432683999999870, 0.2116755729999999780, 0.05118824680000000349 ) ) ;
#3267 = EDGE_CURVE ( 'NONE', #1748, #4530, #3001, .T. ) ;
#3268 = SURFACE_STYLE_USAGE ( .BOTH. , #6 ) ;
#3270 = ORIENTED_EDGE ( 'NONE', *, *, #1625, .F. ) ;
#3269 = CARTESIAN_POINT ( 'NONE',  ( -0.1988347912946451523, 0.1546202054844897089, -0.1051000000000000684 ) ) ;
#3271 = PLANE ( 'NONE',  #2841 ) ;
#3272 = CARTESIAN_POINT ( 'NONE',  ( 0.3172086278999999842, 0.05428706710000000268, 0.05000000000000000278 ) ) ;
#3273 = EDGE_LOOP ( 'NONE', ( #4114, #5360, #3928, #2451 ) ) ;
#3274 = CARTESIAN_POINT ( 'NONE',  ( -0.2863636484000000593, -0.1241026529999999933, 0.05933362749999999269 ) ) ;
#3275 = ORIENTED_EDGE ( 'NONE', *, *, #860, .F. ) ;
#3276 = SURFACE_STYLE_USAGE ( .BOTH. , #4533 ) ;
#3277 = ORIENTED_EDGE ( 'NONE', *, *, #4252, .T. ) ;
#3278 = CARTESIAN_POINT ( 'NONE',  ( 0.2712908641999999815, -0.1710834041000000028, 0.05371144409999999841 ) ) ;
#3279 = CARTESIAN_POINT ( 'NONE',  ( 0.2385553326999999835, -0.2057486607000000023, 0.05885548650000001214 ) ) ;
#3280 = STYLED_ITEM ( 'NONE', ( #5377 ), #677 ) ;
#3281 = CARTESIAN_POINT ( 'NONE',  ( -0.1045590151999999939, 0.3034794630000000049, 0.05247108570000000305 ) ) ;
#3282 = CARTESIAN_POINT ( 'NONE',  ( -0.3110027012000000091, 0.01427941920000000073, 0.05980818360000000194 ) ) ;
#3283 = CARTESIAN_POINT ( 'NONE',  ( -0.2982694521685158029, -0.07482988098588680415, 0.06000181326483916555 ) ) ;
#3284 =( NAMED_UNIT ( * ) PLANE_ANGLE_UNIT ( ) SI_UNIT ( $, .RADIAN. ) );
#3285 = CARTESIAN_POINT ( 'NONE',  ( 0.3112625371000000141, 0.001264614099999999876, 0.05999996820000000342 ) ) ;
#3286 =( GEOMETRIC_REPRESENTATION_CONTEXT ( 3 ) GLOBAL_UNCERTAINTY_ASSIGNED_CONTEXT ( ( #4625 ) ) GLOBAL_UNIT_ASSIGNED_CONTEXT ( ( #5415, #1608, #2604 ) ) REPRESENTATION_CONTEXT ( 'NONE', 'WORKASPACE' ) );
#3287 = CARTESIAN_POINT ( 'NONE',  ( -0.3125426975000000773, 0.05395792860000000329, 0.05614168759999999675 ) ) ;
#3288 = CARTESIAN_POINT ( 'NONE',  ( -0.2874145652452641531, -0.1109687866925563315, 0.06000020349665982633 ) ) ;
#3289 = CARTESIAN_POINT ( 'NONE',  ( 0.1038435577589490039, 0.2937186208165431522, 0.06000105381499362678 ) ) ;
#3290 =( NAMED_UNIT ( * ) PLANE_ANGLE_UNIT ( ) SI_UNIT ( $, .RADIAN. ) );
#3291 = UNCERTAINTY_MEASURE_WITH_UNIT (LENGTH_MEASURE( 1.000000000000000082E-05 ), #3777, 'distance_accuracy_value', 'NONE');
#3292 =( LENGTH_UNIT ( ) NAMED_UNIT ( * ) SI_UNIT ( .CENTI., .METRE. ) );
#3293 = ADVANCED_FACE ( 'NONE', ( #1500 ), #3271, .F. ) ;
#3294 = CARTESIAN_POINT ( 'NONE',  ( -0.1520029693843225893, -0.1989227991945319296, -0.1051000000000000267 ) ) ;
#3295 = FILL_AREA_STYLE_COLOUR ( '', #14 ) ;
#3296 = CARTESIAN_POINT ( 'NONE',  ( -0.05609484190000001147, 0.3164279002000000007, 0.05118824680000000349 ) ) ;
#3297 = CARTESIAN_POINT ( 'NONE',  ( 0.001352621999999998638, 0.001264614100000014188, 0.03999999999999999389 ) ) ;
#3298 = CARTESIAN_POINT ( 'NONE',  ( 0.2313526221499999647, 0.3412646142200000954, -0.1050500000000000184 ) ) ;
#3300 = ORIENTED_EDGE ( 'NONE', *, *, #2981, .F. ) ;
#3299 = DIRECTION ( 'NONE',  ( 1.000000000000000000, 0.000000000000000000, 0.000000000000000000 ) ) ;
#3301 = B_SPLINE_CURVE_WITH_KNOTS ( 'NONE', 3,
 ( #1924, #3147, #2298, #568, #4794, #2253, #593, #1057, #2275, #4837, #2729, #232 ),
 .UNSPECIFIED., .F., .F.,
 ( 4, 2, 2, 2, 2, 4 ),
 ( 0.000000000000000000, 0.2500000000000006661, 0.5000000000000013323, 0.6250000000000013323, 0.7500000000000013323, 1.000000000000000000 ),
 .UNSPECIFIED. ) ;
#3302 = FILL_AREA_STYLE ('',( #2072 ) ) ;
#3303 = EDGE_CURVE ( 'NONE', #2591, #3378, #3906, .T. ) ;
#3304 = CARTESIAN_POINT ( 'NONE',  ( 0.3042829175000000275, -0.1026543130999999914, 0.05000000000000000278 ) ) ;
#3305 = ORIENTED_EDGE ( 'NONE', *, *, #4078, .F. ) ;
#3306 = CARTESIAN_POINT ( 'NONE',  ( -0.2872300793357925319, -0.1108970836776689978, 0.06000067408997947910 ) ) ;
#3307 = CARTESIAN_POINT ( 'NONE',  ( -0.1586473780000000056, -0.3287353859000000100, -9.999999999999999124E-05 ) ) ;
#3308 = ORIENTED_EDGE ( 'NONE', *, *, #203, .T. ) ;
#3309 = CARTESIAN_POINT ( 'NONE',  ( 0.3181536596000000272, -0.03849081020000000297, 0.05371144409999999841 ) ) ;
#3310 = CARTESIAN_POINT ( 'NONE',  ( 0.01447065069999999877, -0.3135680746000000241, 0.05885548650000001214 ) ) ;
#3311 = B_SPLINE_CURVE_WITH_KNOTS ( 'NONE', 3,
 ( #4809, #1027, #3553, #3141 ),
 .UNSPECIFIED., .F., .F.,
 ( 4, 4 ),
 ( 0.000000000000000000, 1.000000000000000000 ),
 .UNSPECIFIED. ) ;
#3312 = CARTESIAN_POINT ( 'NONE',  ( -0.3045461257000000033, 0.06573179560000000365, 0.05980818360000000194 ) ) ;
#3313 = LINE ( 'NONE', #5397, #2960 ) ;
#3314 = CARTESIAN_POINT ( 'NONE',  ( -0.2148358814135876149, -0.1771804981565683335, -0.1051000000000000267 ) ) ;
#3315 = CARTESIAN_POINT ( 'NONE',  ( -0.01153461116205745270, -0.3080289831680187995, 0.06000143353988593442 ) ) ;
#3316 = CARTESIAN_POINT ( 'NONE',  ( -0.1386473779999999878, 0.3112646140999998923, -0.0001000000000000000048 ) ) ;
#3317 = CARTESIAN_POINT ( 'NONE',  ( 0.2643622639000000052, -0.1666596865000000149, 0.05999716119999999597 ) ) ;
#3318 = CARTESIAN_POINT ( 'NONE',  ( -0.3044091062999999542, 0.09241214259999999681, 0.05495180240000000632 ) ) ;
#3319 = CARTESIAN_POINT ( 'NONE',  ( -0.1510952774768618001, -0.2690817167562039036, 0.06000020349665982633 ) ) ;
#3320 = CARTESIAN_POINT ( 'NONE',  ( 0.1202869765953598347, 0.2875509220570325319, 0.06000105381499362678 ) ) ;
#3321 = CARTESIAN_POINT ( 'NONE',  ( 0.3413526221200000044, -0.2554020526877778807, -0.1050000000000000100 ) ) ;
#3322 = CARTESIAN_POINT ( 'NONE',  ( 0.2313526221500000479, -0.3154020526733333218, -0.1050000000000000100 ) ) ;
#3323 = CARTESIAN_POINT ( 'NONE',  ( -0.01198071130000000033, 0.3212646141000000122, 0.05118824680000000349 ) ) ;
#3324 = EDGE_CURVE ( 'NONE', #3194, #2644, #2478, .T. ) ;
#3325 = CARTESIAN_POINT ( 'NONE',  ( 0.3463244509782915093, 0.3317326920909323684, -0.1051000000000000684 ) ) ;
#3326 = CARTESIAN_POINT ( 'NONE',  ( 0.2313526221500000479, 0.3179312808733332774, -0.1051000000000000267 ) ) ;
#3328 = VERTEX_POINT ( 'NONE', #3824 ) ;
#3327 = CARTESIAN_POINT ( 'NONE',  ( -0.2685023819754979724, -0.1987353859999999861, -0.1051000000000000267 ) ) ;
#3329 =( BOUNDED_CURVE ( )  B_SPLINE_CURVE ( 3, ( #3065, #1282, #2938, #3165 ),
 .UNSPECIFIED., .F., .T. ) 
 B_SPLINE_CURVE_WITH_KNOTS ( ( 4, 4 ),
 ( 0.000000000000000000, 1.000000000000000000 ),
 .UNSPECIFIED. ) 
 CURVE ( )  GEOMETRIC_REPRESENTATION_ITEM ( )  RATIONAL_B_SPLINE_CURVE ( ( 1.000000000000000000, 0.8047378540760219412, 0.8047378540760219412, 1.000000000000000000 ) ) 
 REPRESENTATION_ITEM ( '' )  );
#3330 = CARTESIAN_POINT ( 'NONE',  ( 0.3147380263999999817, -0.06478035629999999434, 0.05000000000000000278 ) ) ;
#3331 = LINE ( 'NONE', #3836, #2382 ) ;
#3332 = VERTEX_POINT ( 'NONE', #5160 ) ;
#3333 = CARTESIAN_POINT ( 'NONE',  ( -0.2604078663838428342, -0.1658621369540885515, 0.06000067408997947910 ) ) ;
#3334 = ORIENTED_EDGE ( 'NONE', *, *, #583, .T. ) ;
#3335 = CARTESIAN_POINT ( 'NONE',  ( 0.2096287487999999866, 0.2435450063999999859, 0.05495180240000000632 ) ) ;
#3336 = CARTESIAN_POINT ( 'NONE',  ( 0.2070433120000000349, -0.2380082293000000127, 0.05885548650000001214 ) ) ;
#3337 = B_SPLINE_CURVE_WITH_KNOTS ( 'NONE', 3,
 ( #431, #1269, #2115, #1686 ),
 .UNSPECIFIED., .F., .F.,
 ( 4, 4 ),
 ( 0.000000000000000000, 1.000000000000000000 ),
 .UNSPECIFIED. ) ;
#3338 = DIRECTION ( 'NONE',  ( 1.000000000000000000, 0.000000000000000000, 0.000000000000000000 ) ) ;
#3339 = CARTESIAN_POINT ( 'NONE',  ( -0.08524958524045520014, -0.2956572393063554571, 0.06000143353988593442 ) ) ;
#3340 = CARTESIAN_POINT ( 'NONE',  ( 0.3072492094000000007, 0.05261518880000000398, 0.05999996820000000342 ) ) ;
#3341 = CARTESIAN_POINT ( 'NONE',  ( -0.1894555317999999933, -0.2531462576000000353, 0.05614168759999999675 ) ) ;
#3342 = CARTESIAN_POINT ( 'NONE',  ( -0.3021512655999999963, -0.06269785829999999227, 0.05999996820000000342 ) ) ;
#3343 = CARTESIAN_POINT ( 'NONE',  ( 0.07215553897238528858, -0.3004317314888438339, 0.06000105381499362678 ) ) ;
#3344 = CARTESIAN_POINT ( 'NONE',  ( -0.1186473779866665801, 0.3412646141737129546, -0.1050500000000000184 ) ) ;
#3345 = UNCERTAINTY_MEASURE_WITH_UNIT (LENGTH_MEASURE( 1.000000000000000082E-05 ), #2233, 'distance_accuracy_value', 'NONE');
#3346 =( GEOMETRIC_REPRESENTATION_CONTEXT ( 3 ) GLOBAL_UNCERTAINTY_ASSIGNED_CONTEXT ( ( #4953 ) ) GLOBAL_UNIT_ASSIGNED_CONTEXT ( ( #3742, #2093, #2492 ) ) REPRESENTATION_CONTEXT ( 'NONE', 'WORKASPACE' ) );
#3347 = CARTESIAN_POINT ( 'NONE',  ( -0.3486473780000000078, -0.3287353858961812314, -0.0001000000030000006840 ) ) ;
#3348 = CARTESIAN_POINT ( 'NONE',  ( 0.04343525640000000382, 0.3154816171000000002, 0.05711929249999999486 ) ) ;
#3349 = CARTESIAN_POINT ( 'NONE',  ( -0.6458010118999993887, 0.3248414310000001248, 0.02526482689999999184 ) ) ;
#3350 = CARTESIAN_POINT ( 'NONE',  ( -0.1714112287000000290, 0.2667310189000000054, 0.05809689739999999991 ) ) ;
#3351 = SURFACE_SIDE_STYLE ('',( #829 ) ) ;
#3353 = ORIENTED_EDGE ( 'NONE', *, *, #1562, .F. ) ;
#3352 = CARTESIAN_POINT ( 'NONE',  ( -0.2284298839632470102, -0.1987353859999999861, -0.1050500000000000184 ) ) ;
#3354 = CARTESIAN_POINT ( 'NONE',  ( 0.3213526219999999767, 0.001264614099999999876, 0.05000000000000000278 ) ) ;
#3355 = DIRECTION ( 'NONE',  ( -0.000000000000000000, -0.000000000000000000, -1.000000000000000000 ) ) ;
#3356 = ORIENTED_EDGE ( 'NONE', *, *, #2295, .T. ) ;
#3357 = CARTESIAN_POINT ( 'NONE',  ( -0.2987338433136947913, -0.07494782158130262883, 0.06000067408997947910 ) ) ;
#3358 = CARTESIAN_POINT ( 'NONE',  ( 0.2056609313703991748, -0.2317451963461072129, 0.06000158810522944475 ) ) ;
#3359 = ORIENTED_EDGE ( 'NONE', *, *, #3671, .T. ) ;
#3360 = CARTESIAN_POINT ( 'NONE',  ( 0.2989510396000000236, -0.1144011676000000061, 0.05371144409999999841 ) ) ;
#3361 = CARTESIAN_POINT ( 'NONE',  ( 0.3064981511000000047, 0.07876189129999999761, 0.05885548650000001214 ) ) ;
#3362 = MECHANICAL_DESIGN_GEOMETRIC_PRESENTATION_REPRESENTATION (  '', ( #3909 ), #2821 ) ;
#3363 = CARTESIAN_POINT ( 'NONE',  ( 0.3313526220000002631, -0.3370196571999999335, -0.1050999999999999851 ) ) ;
#3364 = CARTESIAN_POINT ( 'NONE',  ( -0.3079409753202218547, 0.001264614099999999876, 0.06000143353988593442 ) ) ;
#3365 = CARTESIAN_POINT ( 'NONE',  ( 0.3048565097000000002, 0.06522708660000001157, 0.05999996820000000342 ) ) ;
#3366 = CARTESIAN_POINT ( 'NONE',  ( -0.1735807112999999957, -0.2675353859000000334, 0.05000000000000000278 ) ) ;
#3367 = CARTESIAN_POINT ( 'NONE',  ( -0.1724948070000000000, -0.2658668012000000025, 0.05614168759999999675 ) ) ;
#3368 = CARTESIAN_POINT ( 'NONE',  ( -0.05428343630000000142, 0.3064903241999999972, 0.05999996820000000342 ) ) ;
#3369 = CARTESIAN_POINT ( 'NONE',  ( 0.3109656417612838841, -0.01163592834726527407, 0.06000067408997947910 ) ) ;
#3370 = CARTESIAN_POINT ( 'NONE',  ( 0.3246859552847868313, 0.3512646140999999833, -9.999999999999999124E-05 ) ) ;
#3371 = PRESENTATION_STYLE_ASSIGNMENT (( #2143 ) ) ;
#3372 = CARTESIAN_POINT ( 'NONE',  ( 0.07411413140000000510, -0.3087774348999999807, 0.05614168759999999675 ) ) ;
#3373 = EDGE_CURVE ( 'NONE', #2955, #3332, #3531, .T. ) ;
#3374 = CARTESIAN_POINT ( 'NONE',  ( -0.3078724518767090856, 0.02144877977809878447, 0.06000159538448004287 ) ) ;
#3376 = CARTESIAN_POINT ( 'NONE',  ( -0.3006135315999999835, 0.09128068229999999894, 0.05885548650000001214 ) ) ;
#3375 = SURFACE_SIDE_STYLE ('',( #553 ) ) ;
#3377 = CARTESIAN_POINT ( 'NONE',  ( 0.3313526220000000411, 0.3487529821531251684, -0.1051000000000000267 ) ) ;
#3378 = VERTEX_POINT ( 'NONE', #902 ) ;
#3379 =( NAMED_UNIT ( * ) SI_UNIT ( $, .STERADIAN. ) SOLID_ANGLE_UNIT ( ) );
#3381 = ORIENTED_EDGE ( 'NONE', *, *, #5175, .F. ) ;
#3380 = CARTESIAN_POINT ( 'NONE',  ( 0.001352622000000000156, -0.3185168992999999893, 0.05247108570000000305 ) ) ;
#3382 = CARTESIAN_POINT ( 'NONE',  ( 0.3513526220000000033, -0.1887353858117065131, -4.999999999999858616E-05 ) ) ;
#3383 = CARTESIAN_POINT ( 'NONE',  ( 0.3513526220000000033, 0.3212646140295670194, -4.999999999999858616E-05 ) ) ;
#3384 = FILL_AREA_STYLE ('',( #3295 ) ) ;
#3385 = EDGE_LOOP ( 'NONE', ( #4792, #5049, #3718, #505, #1002, #810, #4585, #2452, #5022, #1080 ) ) ;
#3386 = PRESENTATION_LAYER_ASSIGNMENT (  '', '', ( #756 ) ) ;
#3387 = CARTESIAN_POINT ( 'NONE',  ( -0.1343204989993498077, -0.2770392238941829510, 0.06000067408997947910 ) ) ;
#3388 = CARTESIAN_POINT ( 'NONE',  ( 0.1900702264189300938, -0.2445235094961386024, 0.06000159568439175639 ) ) ;
#3389 = ORIENTED_EDGE ( 'NONE', *, *, #4143, .F. ) ;
#3390 = CARTESIAN_POINT ( 'NONE',  ( 0.07440520199999998974, 0.3125469362000000140, 0.05371144409999999841 ) ) ;
#3391 = CARTESIAN_POINT ( 'NONE',  ( 0.3161853108000000079, 0.001264614099999999876, 0.05885548650000001214 ) ) ;
#3392 = SURFACE_SIDE_STYLE ('',( #1676 ) ) ;
#3393 = PRESENTATION_LAYER_ASSIGNMENT (  '', '', ( #5079 ) ) ;
#3394 = CARTESIAN_POINT ( 'NONE',  ( -0.2465349655864245704, -0.1850815376380398336, 0.06000143353988593442 ) ) ;
#3395 = CARTESIAN_POINT ( 'NONE',  ( 0.2769602602000000302, -0.1457261263000000084, 0.05980818360000000194 ) ) ;
#3396 = CARTESIAN_POINT ( 'NONE',  ( -0.3161571056000000435, 0.04110897210000000190, 0.05000000000000000278 ) ) ;
#3397 = CARTESIAN_POINT ( 'NONE',  ( -0.2681664813000000369, 0.1733450239000000059, 0.05495180240000000632 ) ) ;
#3398 = CARTESIAN_POINT ( 'NONE',  ( -0.3077471201000000489, 0.02709004939999999986, 0.05999996820000000342 ) ) ;
#3399 = CARTESIAN_POINT ( 'NONE',  ( 0.3085562019118628929, -0.03728642338896510922, 0.06000067408997947910 ) ) ;
#3400 = CARTESIAN_POINT ( 'NONE',  ( 0.3413526221200000044, -0.2287353860499999891, -0.1050500000000000184 ) ) ;
#3401 = UNCERTAINTY_MEASURE_WITH_UNIT (LENGTH_MEASURE( 1.000000000000000082E-05 ), #2688, 'distance_accuracy_value', 'NONE');
#3402 = CARTESIAN_POINT ( 'NONE',  ( 0.3513526220000000588, -0.3287353858971359122, -0.0001000000029999979735 ) ) ;
#3403 = CARTESIAN_POINT ( 'NONE',  ( 0.1915661292000000182, -0.2523533954999999662, 0.05711929249999999486 ) ) ;
#3404 = CARTESIAN_POINT ( 'NONE',  ( 0.3193662117000000134, 0.001264614099999999876, 0.05614168759999999675 ) ) ;
#3405 = CARTESIAN_POINT ( 'NONE',  ( -0.1357771604233572738, 0.2791585121471926723, 0.06000159555884746615 ) ) ;
#3406 = CARTESIAN_POINT ( 'NONE',  ( -0.2509743461999999758, -0.1884187823000000039, 0.05885548650000001214 ) ) ;
#3407 = ORIENTED_EDGE ( 'NONE', *, *, #2008, .T. ) ;
#3408 = CARTESIAN_POINT ( 'NONE',  ( 0.2978528707205985171, 0.08965129672119606652, 0.06000181326502192908 ) ) ;
#3410 = ORIENTED_EDGE ( 'NONE', *, *, #4972, .T. ) ;
#3409 = CARTESIAN_POINT ( 'NONE',  ( 0.3113526220700000291, 0.3412646142199999844, -0.1050500000000000184 ) ) ;
#3411 = FILL_AREA_STYLE_COLOUR ( '', #307 ) ;
#3412 = CARTESIAN_POINT ( 'NONE',  ( 0.3113526219999995792, -0.1787353858999999323, -0.0001000000000000000319 ) ) ;
#3413 = CARTESIAN_POINT ( 'NONE',  ( -0.3330512408488592868, -0.1855686492249234709, -0.000000000000000000 ) ) ;
#3414 = CARTESIAN_POINT ( 'NONE',  ( -0.2719807113922223518, -0.3487353858999999723, -0.1050000000000000100 ) ) ;
#3415 = VERTEX_POINT ( 'NONE', #2574 ) ;
#3416 = CARTESIAN_POINT ( 'NONE',  ( -0.02524903674207441134, -0.3073889482746023361, 0.06000105381493271023 ) ) ;
#3417 = CARTESIAN_POINT ( 'NONE',  ( 0.1901728662728092989, 0.2469812768087183696, 0.06000159568626101808 ) ) ;
#3418 = CARTESIAN_POINT ( 'NONE',  ( 0.1706618404394233957, -0.2588934532257426979, 0.06000043879331965618 ) ) ;
#3419 = ORIENTED_EDGE ( 'NONE', *, *, #2526, .T. ) ;
#3420 = CARTESIAN_POINT ( 'NONE',  ( 0.02879951109999999773, 0.3197252086999999854, 0.05371144409999999841 ) ) ;
#3421 = CARTESIAN_POINT ( 'NONE',  ( 0.3121082332999999820, 0.05343086860000000049, 0.05885548650000001214 ) ) ;
#3422 = AXIS2_PLACEMENT_3D ( 'NONE', #1566, #4131, #796 ) ;
#3423 = CARTESIAN_POINT ( 'NONE',  ( -0.2466629683384616856, 0.1877069901974112165, 0.06000105381493271023 ) ) ;
#3424 = CARTESIAN_POINT ( 'NONE',  ( 0.3513526220000000033, 0.3212646140295670194, -4.999999999999858616E-05 ) ) ;
#3425 = CARTESIAN_POINT ( 'NONE',  ( 0.001352622000000000156, 0.3123551454999999866, 0.05999716119999999597 ) ) ;
#3426 = CARTESIAN_POINT ( 'NONE',  ( -0.3100874323000000210, -0.06437037999999999094, 0.05614168759999999675 ) ) ;
#3427 = CARTESIAN_POINT ( 'NONE',  ( -0.3045439654000000052, 0.05261518880000000398, 0.05999996820000000342 ) ) ;
#3428 = CARTESIAN_POINT ( 'NONE',  ( 0.07219208092372816910, -0.3005874393339384443, 0.06000067408997947910 ) ) ;
#3429 = CARTESIAN_POINT ( 'NONE',  ( 0.2713526220799999944, -0.2287353860499999891, -0.1050500000000000184 ) ) ;
#3430 = PLANE ( 'NONE',  #3825 ) ;
#3431 = CARTESIAN_POINT ( 'NONE',  ( 0.2922188016999999749, 0.1280043983999999968, 0.05711929249999999486 ) ) ;
#3432 = CARTESIAN_POINT ( 'NONE',  ( 0.2554346540999999915, 0.1922673560000000004, 0.05711929249999999486 ) ) ;
#3433 = EDGE_CURVE ( 'NONE', #4582, #2648, #4004, .T. ) ;
#3434 = CARTESIAN_POINT ( 'NONE',  ( -0.3094029892000000337, 0.05343086860000000049, 0.05885548650000001214 ) ) ;
#3435 = CARTESIAN_POINT ( 'NONE',  ( 0.1368157854247903371, -0.2766085418258313333, 0.06000181326502192908 ) ) ;
#3437 = EDGE_LOOP ( 'NONE', ( #4534, #2651, #3359, #1897, #1168, #2156, #494, #5389, #807, #1970, #3525, #3407, #2964, #2778, #2583, #3529, #1165 ) ) ;
#3436 = CARTESIAN_POINT ( 'NONE',  ( 0.001352622000000000156, -0.3180211374999999951, 0.05371144409999999841 ) ) ;
#3438 =( NAMED_UNIT ( * ) PLANE_ANGLE_UNIT ( ) SI_UNIT ( $, .RADIAN. ) );
#3439 = CARTESIAN_POINT ( 'NONE',  ( -0.3290692420828105758, -0.3438880838986251853, -0.1051000000000000267 ) ) ;
#3440 = CARTESIAN_POINT ( 'NONE',  ( -0.2624874852951183946, -0.09268111889336116960, -0.1051000000000000267 ) ) ;
#3441 =( NAMED_UNIT ( * ) PLANE_ANGLE_UNIT ( ) SI_UNIT ( $, .RADIAN. ) );
#3442 = ORIENTED_EDGE ( 'NONE', *, *, #127, .F. ) ;
#3443 = CARTESIAN_POINT ( 'NONE',  ( -0.1679565963394233918, 0.2614226814257427645, 0.06000043879331965618 ) ) ;
#3444 = CARTESIAN_POINT ( 'NONE',  ( 0.1384824044395054077, -0.2766292839404599913, 0.06000159555864634231 ) ) ;
#3445 = CARTESIAN_POINT ( 'NONE',  ( 0.2198190042583707537, -0.2194296331746776463, 0.06000043879331965618 ) ) ;
#3446 = ORIENTED_EDGE ( 'NONE', *, *, #4078, .T. ) ;
#3447 = CARTESIAN_POINT ( 'NONE',  ( 0.1240659482000000119, 0.2966472662999999899, 0.05371144409999999841 ) ) ;
#3448 = CARTESIAN_POINT ( 'NONE',  ( 0.3033187757000000428, 0.09128068229999999894, 0.05885548650000001214 ) ) ;
#3449 = COLOUR_RGB ( '',0.2980392156862745057, 0.2980392156862745057, 0.2980392156862745057 ) ;
#3450 = CARTESIAN_POINT ( 'NONE',  ( -0.1186473779866665940, 0.3445979474824752975, -0.1051000000000000267 ) ) ;
#3451 = B_SPLINE_CURVE_WITH_KNOTS ( 'NONE', 3,
 ( #4425, #3989, #647, #3968 ),
 .UNSPECIFIED., .F., .F.,
 ( 4, 4 ),
 ( 0.000000000000000000, 1.000000000000000000 ),
 .UNSPECIFIED. ) ;
#3452 = AXIS2_PLACEMENT_3D ( 'NONE', #287, #3225, #704 ) ;
#3453 = CARTESIAN_POINT ( 'NONE',  ( -0.1175817325052077866, -0.2850216938807371703, 0.06000105381493271023 ) ) ;
#3454 = CARTESIAN_POINT ( 'NONE',  ( -0.1786473779986773869, 0.3512646140999999833, -0.0001000000022499994944 ) ) ;
#3455 = CARTESIAN_POINT ( 'NONE',  ( 0.1887658160000000029, -0.2486196444999999866, 0.05980818360000000194 ) ) ;
#3456 = CARTESIAN_POINT ( 'NONE',  ( -0.2957837081000000423, -0.1142215708999999996, 0.05495180240000000632 ) ) ;
#3457 = CARTESIAN_POINT ( 'NONE',  ( -0.1845933270000000015, 0.2491925462000000313, 0.05999996820000000342 ) ) ;
#3458 = CARTESIAN_POINT ( 'NONE',  ( -0.3286473779971358922, -0.3487353859000000278, -0.0001000000030000006840 ) ) ;
#3459 = CARTESIAN_POINT ( 'NONE',  ( 0.2494962151904988046, 0.1878032145567826161, 0.06000067408997947910 ) ) ;
#3460 = CARTESIAN_POINT ( 'NONE',  ( 0.3313526219971358877, 0.3512646140999999833, -0.0001000000030000006840 ) ) ;
#3461 = CARTESIAN_POINT ( 'NONE',  ( -0.2286473781500000246, 0.2712646141799998634, -0.1050500000000000184 ) ) ;
#3462 = CARTESIAN_POINT ( 'NONE',  ( 0.07388737280000000351, -0.3078112002000000236, 0.05711929249999999486 ) ) ;
#3463 = CARTESIAN_POINT ( 'NONE',  ( 0.05844347899999999957, -0.3119422857000000437, 0.05614168759999999675 ) ) ;
#3464 = CARTESIAN_POINT ( 'NONE',  ( -0.03950292321743905516, 0.3084453255528873949, 0.06000159676674439446 ) ) ;
#3465 = CARTESIAN_POINT ( 'NONE',  ( -0.3105862110000000009, 0.05362949499999999925, 0.05809689739999999991 ) ) ;
#3466 = CARTESIAN_POINT ( 'NONE',  ( 0.3009746960282804196, -0.07482988096696509273, 0.06000181326502192908 ) ) ;
#3467 = PLANE ( 'NONE',  #1775 ) ;
#3468 = PLANE ( 'NONE',  #4627 ) ;
#3469 = CARTESIAN_POINT ( 'NONE',  ( -0.3460731717154510445, -0.3287353859000000655, -0.1051000000000000267 ) ) ;
#3470 =( NAMED_UNIT ( * ) PLANE_ANGLE_UNIT ( ) SI_UNIT ( $, .RADIAN. ) );
#3471 = ORIENTED_EDGE ( 'NONE', *, *, #2251, .F. ) ;
#3472 = CARTESIAN_POINT ( 'NONE',  ( -0.02526276606503775543, -0.3075482467614282234, 0.06000067408997947910 ) ) ;
#3473 = CARTESIAN_POINT ( 'NONE',  ( 0.3513526220000000033, -0.1887353858117065131, -4.999999999999858616E-05 ) ) ;
#3474 = CARTESIAN_POINT ( 'NONE',  ( 0.02797651754335849991, 0.3101761843076188407, 0.06000043879331965618 ) ) ;
#3475 = ORIENTED_EDGE ( 'NONE', *, *, #42, .F. ) ;
#3476 = CARTESIAN_POINT ( 'NONE',  ( 0.2947501683000000039, 0.1291073964999999990, 0.05247108570000000305 ) ) ;
#3477 = CARTESIAN_POINT ( 'NONE',  ( 0.07338634120000001038, 0.3082054967999999784, 0.05885548650000001214 ) ) ;
#3478 = B_SPLINE_CURVE_WITH_KNOTS ( 'NONE', 3,
 ( #4375, #5188, #989, #2657, #4348, #4397 ),
 .UNSPECIFIED., .F., .F.,
 ( 4, 2, 4 ),
 ( 0.000000000000000000, 0.5000000000000000000, 1.000000000000000000 ),
 .UNSPECIFIED. ) ;
#3479 = CARTESIAN_POINT ( 'NONE',  ( -0.2743283529112989783, -0.08873538605000001744, -0.1050500000000000184 ) ) ;
#3480 = CARTESIAN_POINT ( 'NONE',  ( -0.2169312935655206553, -0.2192453058292264667, 0.06000105381493271023 ) ) ;
#3481 = COLOUR_RGB ( '',0.2980392156862745057, 0.2980392156862745057, 0.2980392156862745057 ) ;
#3482 = CARTESIAN_POINT ( 'NONE',  ( -0.1886473779117064931, -0.3487353859000000278, -4.999999999999999562E-05 ) ) ;
#3483 = CARTESIAN_POINT ( 'NONE',  ( 0.1048047051000000063, -0.2939319901000000401, 0.05980818360000000194 ) ) ;
#3484 = CARTESIAN_POINT ( 'NONE',  ( -0.2915900659000000283, 0.1289092000999999821, 0.05371144409999999841 ) ) ;
#3485 = CARTESIAN_POINT ( 'NONE',  ( -0.3033074779000000110, -0.06294152629999999471, 0.05999716119999999597 ) ) ;
#3486 = CARTESIAN_POINT ( 'NONE',  ( -0.1952358135162678421, 0.2199256712207045272, -0.1051000000000000129 ) ) ;
#3487 = CARTESIAN_POINT ( 'NONE',  ( 0.2036331282743464588, -0.2340412809647055281, 0.06000067408997947910 ) ) ;
#3488 = CARTESIAN_POINT ( 'NONE',  ( 0.2428971875843285722, 0.2844489427868986398, 0.000000000000000000 ) ) ;
#3489 = CARTESIAN_POINT ( 'NONE',  ( -0.1986473780999999939, 0.2711196181049567167, -0.1051000000000000267 ) ) ;
#3490 = CARTESIAN_POINT ( 'NONE',  ( 0.3142696983000000110, -0.05126448349999999238, 0.05711929249999999486 ) ) ;
#3491 = CARTESIAN_POINT ( 'NONE',  ( -0.3146788121999999910, -0.01190336229999999947, 0.05809689739999999991 ) ) ;
#3492 = CARTESIAN_POINT ( 'NONE',  ( 0.2849810364845125066, 0.1248506703393590517, 0.06000181326502192908 ) ) ;
#3493 = CARTESIAN_POINT ( 'NONE',  ( 0.3313526219961812069, -0.3487353859000000278, -0.0001000000030000006840 ) ) ;
#3494 =( NAMED_UNIT ( * ) SI_UNIT ( $, .STERADIAN. ) SOLID_ANGLE_UNIT ( ) );
#3495 = CARTESIAN_POINT ( 'NONE',  ( 0.6484285808999995515, 0.2548688157000003063, 0.2376937046000002218 ) ) ;
#3496 = MECHANICAL_DESIGN_GEOMETRIC_PRESENTATION_REPRESENTATION (  '', ( #4470 ), #1124 ) ;
#3497 = VERTEX_POINT ( 'NONE', #3052 ) ;
#3498 = CARTESIAN_POINT ( 'NONE',  ( -0.3019574267027866354, -0.06265700737979597312, 0.06000043879331965618 ) ) ;
#3499 = CARTESIAN_POINT ( 'NONE',  ( 0.001352622000000000156, -0.09347275080000000402, 0.2708821915999999885 ) ) ;
#3500 = CARTESIAN_POINT ( 'NONE',  ( 0.3015350073256981012, 0.07750141042086843013, 0.06000043879331965618 ) ) ;
#3501 = STYLED_ITEM ( 'NONE', ( #2546 ), #1588 ) ;
#3502 = CARTESIAN_POINT ( 'NONE',  ( 0.3211341354000000203, -0.01205961560000000030, 0.05247108570000000305 ) ) ;
#3503 = CARTESIAN_POINT ( 'NONE',  ( 0.3132914551000000603, 0.05362949499999999925, 0.05809689739999999991 ) ) ;
#3504 = ORIENTED_EDGE ( 'NONE', *, *, #2134, .T. ) ;
#3505 = ADVANCED_FACE ( 'NONE', ( #3858 ), #3430, .T. ) ;
#3506 = CARTESIAN_POINT ( 'NONE',  ( -0.2774052026475500310, -0.1336527453741627181, 0.06000105381493271023 ) ) ;
#3507 = CARTESIAN_POINT ( 'NONE',  ( 0.6813526221000003602, -0.3387353858999999634, 0.000000000000000000 ) ) ;
#3508 = CARTESIAN_POINT ( 'NONE',  ( 0.2997295522000000823, -0.08768150710000000014, 0.05999716119999999597 ) ) ;
#3509 = ADVANCED_FACE ( 'NONE', ( #4353 ), #1861, .T. ) ;
#3510 = CARTESIAN_POINT ( 'NONE',  ( -0.01193029420000000021, -0.3175253757000000010, 0.05495180240000000632 ) ) ;
#3511 = CARTESIAN_POINT ( 'NONE',  ( -0.3089246500000000228, 0.02718843259999999956, 0.05999716119999999597 ) ) ;
#3512 = CARTESIAN_POINT ( 'NONE',  ( -0.1986473780666667133, 0.3512646140999999833, -0.1050499999987500044 ) ) ;
#3513 =( GEOMETRIC_REPRESENTATION_CONTEXT ( 3 ) GLOBAL_UNCERTAINTY_ASSIGNED_CONTEXT ( ( #4294 ) ) GLOBAL_UNIT_ASSIGNED_CONTEXT ( ( #137, #4261, #2515 ) ) REPRESENTATION_CONTEXT ( 'NONE', 'WORKASPACE' ) );
#3514 = CARTESIAN_POINT ( 'NONE',  ( 0.1203863954953111742, -0.2852610045966009755, 0.06000043879331965618 ) ) ;
#3515 = CARTESIAN_POINT ( 'NONE',  ( 0.001352622000000000156, 0.3111745291999999941, 0.05999996820000000342 ) ) ;
#3516 = SURFACE_STYLE_FILL_AREA ( #1933 ) ;
#3517 = DIRECTION ( 'NONE',  ( -0.000000000000000000, -0.000000000000000000, -1.000000000000000000 ) ) ;
#3518 = CARTESIAN_POINT ( 'NONE',  ( 0.2968415294000000260, -0.1135812769999999944, 0.05711929249999999486 ) ) ;
#3519 = CARTESIAN_POINT ( 'NONE',  ( -0.2051212483000000031, -0.2389192759000000055, 0.05809689739999999991 ) ) ;
#3520 = CARTESIAN_POINT ( 'NONE',  ( 0.1201642107001459903, 0.2872554128812943031, 0.06000181326502192908 ) ) ;
#3521 = B_SPLINE_CURVE_WITH_KNOTS ( 'NONE', 3,
 ( #3917, #4352, #2712, #575, #3488, #1410, #4427, #4844, #3594, #650, #1487, #240, #993, #3945, #3051, #4750, #165, #3971 ),
 .UNSPECIFIED., .F., .F.,
 ( 4, 2, 2, 2, 2, 2, 2, 2, 4 ),
 ( 0.000000000000000000, 0.1250000000000000000, 0.2500000000000000000, 0.3750000000000000000, 0.5000000000000000000, 0.6250000000000000000, 0.7500000000000000000, 0.8750000000000000000, 1.000000000000000000 ),
 .UNSPECIFIED. ) ;
#3522 = CARTESIAN_POINT ( 'NONE',  ( 0.2194512714337984727, -0.1743286063750000281, -0.1050500000000000184 ) ) ;
#3523 = PLANE ( 'NONE',  #212 ) ;
#3524 = CARTESIAN_POINT ( 'NONE',  ( -0.3486473780000000078, -0.3287353858990452737, -0.1051000000000000267 ) ) ;
#3525 = ORIENTED_EDGE ( 'NONE', *, *, #339, .T. ) ;
#3526 = CARTESIAN_POINT ( 'NONE',  ( -0.2957020998653748234, -0.08728735694517586463, 0.06000043879331965618 ) ) ;
#3527 = CARTESIAN_POINT ( 'NONE',  ( 0.2037624426914488307, -0.2341917079215685149, 0.06000020349665982633 ) ) ;
#3528 = CARTESIAN_POINT ( 'NONE',  ( 0.09095262200000001074, 0.3084646140999999786, 0.05118824680000000349 ) ) ;
#3529 = ORIENTED_EDGE ( 'NONE', *, *, #3048, .T. ) ;
#3530 = EDGE_CURVE ( 'NONE', #94, #4611, #3155, .T. ) ;
#3531 = B_SPLINE_CURVE_WITH_KNOTS ( 'NONE', 3,
 ( #518, #1772, #52, #4682 ),
 .UNSPECIFIED., .F., .F.,
 ( 4, 4 ),
 ( 0.000000000000000000, 1.000000000000000000 ),
 .UNSPECIFIED. ) ;
#3532 = CARTESIAN_POINT ( 'NONE',  ( -0.08864737815000001131, -0.3172957109286808630, -0.1051000000000000267 ) ) ;
#3533 =( GEOMETRIC_REPRESENTATION_CONTEXT ( 3 ) GLOBAL_UNCERTAINTY_ASSIGNED_CONTEXT ( ( #1268 ) ) GLOBAL_UNIT_ASSIGNED_CONTEXT ( ( #4707, #3760, #1762 ) ) REPRESENTATION_CONTEXT ( 'NONE', 'WORKASPACE' ) );
#3534 = CARTESIAN_POINT ( 'NONE',  ( 0.02820374789999999937, 0.3128126913000000009, 0.05980818360000000194 ) ) ;
#3535 = CARTESIAN_POINT ( 'NONE',  ( -0.1385591117999999955, 0.2882630424999999552, 0.05371144409999999841 ) ) ;
#3536 = CARTESIAN_POINT ( 'NONE',  ( -0.3033074779000000110, 0.06547075460000000013, 0.05999716119999999597 ) ) ;
#3537 = CARTESIAN_POINT ( 'NONE',  ( -0.1986473779988494615, 0.2252061846885218821, -0.1051000000000000545 ) ) ;
#3538 = CARTESIAN_POINT ( 'NONE',  ( 0.3199129470286811716, -0.08873538605000003132, -0.1050000000000000100 ) ) ;
#3539 = CARTESIAN_POINT ( 'NONE',  ( 0.001352622000000000156, -0.3187353859000000011, 0.04000000000000000083 ) ) ;
#3540 = CARTESIAN_POINT ( 'NONE',  ( -0.01152795651945354334, 0.3103985001213863115, 0.06000181326483916555 ) ) ;
#3541 = CARTESIAN_POINT ( 'NONE',  ( -0.1986473780999999939, 0.2310471201074350556, -0.1050500000000000184 ) ) ;
#3542 = EDGE_CURVE ( 'NONE', #4362, #4036, #4737, .T. ) ;
#3543 = CARTESIAN_POINT ( 'NONE',  ( 0.2496548490634996065, -0.1853932372522608674, 0.06000020349665982633 ) ) ;
#3544 = CARTESIAN_POINT ( 'NONE',  ( -0.1714112287000000290, -0.2642017906999999943, 0.05809689739999999991 ) ) ;
#3545 = CARTESIAN_POINT ( 'NONE',  ( 0.07211899702104242194, -0.3002760236437491681, 0.06000143354000778140 ) ) ;
#3546 = FILL_AREA_STYLE ('',( #2742 ) ) ;
#3547 =( LENGTH_UNIT ( ) NAMED_UNIT ( * ) SI_UNIT ( .CENTI., .METRE. ) );
#3548 = EDGE_CURVE ( 'NONE', #858, #231, #3804, .T. ) ;
#3549 =( NAMED_UNIT ( * ) SI_UNIT ( $, .STERADIAN. ) SOLID_ANGLE_UNIT ( ) );
#3550 = COLOUR_RGB ( '',0.2980392156862745057, 0.2980392156862745057, 0.2980392156862745057 ) ;
#3551 = CARTESIAN_POINT ( 'NONE',  ( -0.3236297847000000338, 0.1826437135000000545, 0.01787240840000001510 ) ) ;
#3552 = CARTESIAN_POINT ( 'NONE',  ( -0.2171835687291854000, 0.2220293818373388628, 0.06000020349665982633 ) ) ;
#3553 = CARTESIAN_POINT ( 'NONE',  ( -0.3219807113003421706, 0.3512646140999999833, -9.999999999999999124E-05 ) ) ;
#3554 = CARTESIAN_POINT ( 'NONE',  ( -0.05609484190000001147, 0.3164279002000000007, 0.05000000000000000278 ) ) ;
#3555 = COLOUR_RGB ( '',0.2980392156862745057, 0.2980392156862745057, 0.2980392156862745057 ) ;
#3556 = CARTESIAN_POINT ( 'NONE',  ( 0.2718947211999999669, -0.1714689499000000006, 0.05118824680000000349 ) ) ;
#3557 = EDGE_LOOP ( 'NONE', ( #5020, #5383, #3932, #5043 ) ) ;
#3558 = ORIENTED_EDGE ( 'NONE', *, *, #1444, .T. ) ;
#3559 = CARTESIAN_POINT ( 'NONE',  ( 0.3313526219971358877, 0.3512646140999999833, -0.0001000000030000006840 ) ) ;
#3560 = CARTESIAN_POINT ( 'NONE',  ( 0.1921607758999999971, 0.2556754858999999991, 0.05614168759999999675 ) ) ;
#3561 = CARTESIAN_POINT ( 'NONE',  ( 0.3009426547999999868, 0.09057236100000000401, 0.05980818360000000194 ) ) ;
#3562 = CARTESIAN_POINT ( 'NONE',  ( -0.3076284449999999726, -0.07720676799999999507, 0.05495180240000000632 ) ) ;
#3563 = CARTESIAN_POINT ( 'NONE',  ( -0.1349679478999999960, 0.2808965525000000074, 0.05999716119999999597 ) ) ;
#3564 = CARTESIAN_POINT ( 'NONE',  ( 0.2718947211999999669, -0.1714689499000000006, 0.05000000000000003053 ) ) ;
#3565 = B_SPLINE_CURVE_WITH_KNOTS ( 'NONE', 3,
 ( #3864, #90, #3380, #3436, #3893, #5137, #146, #997, #5073, #30, #4662, #5166, #2266, #2957, #881, #1360 ),
 .UNSPECIFIED., .F., .F.,
 ( 4, 3, 3, 3, 3, 4 ),
 ( -0.02734193054185496408, 0.2247232773471720124, 0.4767884852361989889, 0.7288536931252260764, 0.9790290601261451009, 1.000000000000000000 ),
 .UNSPECIFIED. ) ;
#3566 = CARTESIAN_POINT ( 'NONE',  ( -0.08864737814999998355, 0.2769455890386165464, -0.1050500000000000184 ) ) ;
#3567 = CARTESIAN_POINT ( 'NONE',  ( 0.001352622000000000156, 0.3172960484000000303, 0.05809689739999999991 ) ) ;
#3568 = CARTESIAN_POINT ( 'NONE',  ( -0.1841277096054163287, 0.2485717229634011038, 0.06000181326483916555 ) ) ;
#3569 = CARTESIAN_POINT ( 'NONE',  ( -0.3286473779999999900, -0.1587353859000000256, -0.05260000000000000786 ) ) ;
#3570 = CARTESIAN_POINT ( 'NONE',  ( 0.2632804494363301107, -0.1659689781846961643, 0.06000020349665982633 ) ) ;
#3571 = CARTESIAN_POINT ( 'NONE',  ( -0.02589971129999999941, 0.3174678181999999738, 0.05711929249999999486 ) ) ;
#3572 = CARTESIAN_POINT ( 'NONE',  ( 0.2896375975155165983, -0.1107813683574310898, 0.06000143354000778140 ) ) ;
#3573 = CARTESIAN_POINT ( 'NONE',  ( 0.3413526220737135297, -0.1187353858866665723, -0.1050500000000000184 ) ) ;
#3574 =( GEOMETRIC_REPRESENTATION_CONTEXT ( 3 ) GLOBAL_UNCERTAINTY_ASSIGNED_CONTEXT ( ( #164 ) ) GLOBAL_UNIT_ASSIGNED_CONTEXT ( ( #4833, #4525, #1524 ) ) REPRESENTATION_CONTEXT ( 'NONE', 'WORKASPACE' ) );
#3575 = DIRECTION ( 'NONE',  ( 0.000000000000000000, 0.000000000000000000, 1.000000000000000000 ) ) ;
#3576 =( LENGTH_UNIT ( ) NAMED_UNIT ( * ) SI_UNIT ( .CENTI., .METRE. ) );
#3577 = CARTESIAN_POINT ( 'NONE',  ( -0.1881715384999997631, 0.2548688159000002673, 0.2376937047000000636 ) ) ;
#3578 = CARTESIAN_POINT ( 'NONE',  ( 0.001352622000000000156, -0.3085463358870946249, 0.06000020349665982633 ) ) ;
#3579 = CARTESIAN_POINT ( 'NONE',  ( 0.3113526220700000291, 0.3412646142199999844, -0.1050500000000000184 ) ) ;
#3580 = CARTESIAN_POINT ( 'NONE',  ( -0.1735807112999999957, 0.2700646140999999889, 0.05000000000000000278 ) ) ;
#3581 = CARTESIAN_POINT ( 'NONE',  ( -0.3286473780000001010, -0.1704511147000001281, -0.1050999999999999435 ) ) ;
#3582 = CARTESIAN_POINT ( 'NONE',  ( 0.3213526219999999767, -0.01206871919999999952, 0.05118824680000000349 ) ) ;
#3583 = ORIENTED_EDGE ( 'NONE', *, *, #2300, .F. ) ;
#3584 = CARTESIAN_POINT ( 'NONE',  ( -0.3097963390000000317, -0.03778153000000000067, 0.05933362749999999269 ) ) ;
#3585 = ADVANCED_FACE ( 'NONE', ( #1488 ), #3992, .F. ) ;
#3586 = ORIENTED_EDGE ( 'NONE', *, *, #1192, .F. ) ;
#3587 = CARTESIAN_POINT ( 'NONE',  ( -0.08864737815000001131, -0.2958560358836486714, -0.1051000000000000267 ) ) ;
#3588 = CARTESIAN_POINT ( 'NONE',  ( 0.3176617560000000173, -0.03842908109999999822, 0.05495180240000000632 ) ) ;
#3589 = CARTESIAN_POINT ( 'NONE',  ( 0.1550525249999999966, 0.2738312084999999785, 0.05980818360000000194 ) ) ;
#3590 = CARTESIAN_POINT ( 'NONE',  ( -0.2685856200999999777, -0.1710834041000000028, 0.05371144409999999841 ) ) ;
#3591 = CARTESIAN_POINT ( 'NONE',  ( -0.06982489159999999417, -0.3020279147000000108, 0.05999716119999999597 ) ) ;
#3592 = CARTESIAN_POINT ( 'NONE',  ( 0.1933526220000000018, -0.2547353858999999998, 0.05000000000000003053 ) ) ;
#3593 = CARTESIAN_POINT ( 'NONE',  ( 0.3313526220000000411, 0.3512646140999999833, -9.999999999999999124E-05 ) ) ;
#3594 = CARTESIAN_POINT ( 'NONE',  ( 0.2914635535324095472, 0.2924540916184178441, 0.000000000000000000 ) ) ;
#3595 = CARTESIAN_POINT ( 'NONE',  ( -0.1986473780999999939, 0.3111921161024783222, -0.1051000000000000267 ) ) ;
#3596 = CARTESIAN_POINT ( 'NONE',  ( 0.05697091385083148662, 0.3063928549183398964, 0.06000020349665982633 ) ) ;
#3597 = CARTESIAN_POINT ( 'NONE',  ( -0.04073001230000000000, -0.3129523888999999892, 0.05711929249999999486 ) ) ;
#3598 = CARTESIAN_POINT ( 'NONE',  ( 0.1704331218453362384, 0.2610712358261155219, 0.06000143354000778140 ) ) ;
#3599 = B_SPLINE_SURFACE_WITH_KNOTS ( 'NONE', 3, 3, ( 
 ( #4987, #4661, #3892, #2581, #555, #2265, #4356, #116, #3022, #3435, #2668, #1332, #60, #3831, #1413, #2237, #1746, #1359, #1807, #5226, #4300, #1833, #4721, #3087, #3466, #5199, #169, #495, #2181, #3863, #1779, #89, #967, #938, #1389, #523, #996, #3408, #3057, #4755, #3492, #5104, #4268, #2987, #880, #2637, #4688, #908, #145, #3948, #5136, #1864, #3520, #2956, #2549, #4235, #465, #3111, #192, #3995, #5296 ),
 ( #604, #3158, #2767, #5247, #2338, #3545, #1097, #2310, #218, #1517, #4459, #628, #4848, #1913, #1441, #5320, #265, #4487, #2360, #1470, #655, #3572, #1070, #4071, #4381, #1984, #4871, #2791, #5271, #1884, #1960, #1044, #3183, #3134, #681, #1492, #2741, #4049, #3627, #4431, #710, #2386, #1540, #3208, #4025, #4895, #293, #1123, #4805, #3598, #243, #4824, #2715, #3975, #1018, #4407, #3649, #2691, #1936, #2286, #4208 ),
 ( #5453, #1565, #4097, #2438, #3737, #3343, #737, #1181, #5008, #2844, #321, #3675, #5033, #1684, #428, #1240, #4547, #4130, #1265, #3260, #5346, #3233, #4951, #349, #403, #2011, #4982, #2466, #4923, #2899, #2922, #1213, #2412, #4624, #1151, #5374, #4574, #2113, #2818, #4514, #1594, #4599, #768, #5432, #2036, #3705, #847, #2514, #5406, #377, #1628, #2089, #3320, #3289, #2871, #2063, #795, #4157, #821, #1658, #4179 ),
 ( #2489, #3765, #2230, #136, #1409, #3428, #1828, #3012, #4747, #5127, #872, #3794, #3914, #3487, #4679, #5094, #931, #1321, #1352, #5190, #459, #109, #2979, #2172, #2602, #516, #3079, #3399, #2140, #3369, #1799, #573, #485, #3885, #4713, #2660, #3855, #5061, #22, #4292, #900, #2542, #2202, #2571, #3459, #5158, #50, #1382, #1712, #4349, #3049, #1737, #960, #2630, #4260, #4776, #1294, #82, #4230, #4652, #990 ),
 ( #2949, #1769, #3821, #4321, #545, #5218, #162, #1858, #3514, #2259, #3943, #3418, #2158, #1816, #3445, #4699, #2646, #1788, #562, #3066, #3872, #2247, #4388, #2701, #5207, #98, #1841, #1397, #5145, #1451, #1755, #3900, #5115, #1368, #3843, #4764, #3500, #3032, #1341, #5230, #3118, #533, #72, #4810, #4733, #1028, #2997, #123, #1421, #504, #976, #4278, #3095, #948, #2618, #3931, #4790, #4310, #3474, #2218, #918 ),
 ( #2190, #5176, #4335, #2590, #1005, #3958, #152, #2678, #177, #4366, #588, #2273, #1872, #3527, #4821, #4920, #3543, #3570, #1068, #3624, #5318, #3156, #5343, #1563, #263, #4893, #4429, #4046, #3231, #1958, #601, #2764, #2739, #4405, #1910, #3130, #2284, #215, #4457, #1041, #4484, #2383, #3647, #241, #4069, #5294, #1538, #1934, #2713, #3973, #707, #291, #1489, #5268, #3181, #4846, #3596, #1982, #190, #1882, #653 ),
 ( #1514, #4869, #5245, #3204, #1148, #1093, #1468, #2816, #626, #2307, #679, #3993, #2335, #4022, #1121, #2358, #2789, #4595, #1624, #2033, #2109, #2511, #5402, #5005, #5057, #1260, #2486, #3702, #4571, #1235, #3285, #2840, #400, #4204, #3340, #3365, #2086, #3761, #5450, #792, #2462, #3672, #1290, #4621, #424, #734, #1681, #2410, #3731, #4126, #5030, #3790, #18, #5429, #4154, #4979, #1708, #4544, #1591, #5370, #2919 ),
 ( #844, #345, #1178, #4094, #818, #4512, #1209, #4175, #374, #317, #2868, #2007, #3255, #2059, #1655, #4948, #2896, #3317, #765, #2435, #4676, #3043, #5214, #3508, #539, #895, #2626, #2198, #2568, #2255, #2537, #4708, #4226, #4256, #2945, #104, #4318, #482, #454, #569, #3939, #1346, #4647, #158, #77, #1852, #2136, #927, #2225, #1317, #3880, #5089, #3910, #3852, #1764, #4742, #132, #2168, #2597, #1733, #3425 ),
 ( #868, #3816, #4287, #1824, #2974, #1794, #5122, #3483, #3007, #512, #955, #5184, #3455, #5152, #1377, #45, #1405, #3074, #3395, #4771, #984, #2654, #4344, #3149, #4062, #4371, #1974, #4861, #2781, #1901, #1877, #1951, #1034, #183, #283, #594, #4393, #3561, #4450, #672, #3985, #700, #2374, #1087, #256, #5261, #2756, #3641, #2350, #1427, #3589, #1482, #5233, #2708, #3963, #3101, #617, #5286, #3534, #5312, #3197 ),
 ( #643, #4039, #1059, #1459, #4796, #1531, #4887, #2299, #205, #4014, #4839, #4421, #1114, #3123, #3174, #2731, #2326, #234, #1506, #4477, #1926, #4815, #1010, #3616, #2682, #2276, #5423, #1201, #4198, #2028, #1140, #5336, #4971, #1171, #2402, #367, #4941, #3724, #785, #1583, #1649, #2105, #419, #2888, #3249, #4999, #4565, #2834, #4615, #4914, #1616, #2808, #4536, #1554, #2456, #1229, #759, #4505, #2914, #4590, #4147 ),
 ( #5393, #3310, #2429, #3694, #3221, #2054, #310, #4116, #5446, #726, #4088, #338, #812, #3336, #1999, #3279, #2481, #2863, #3663, #5363, #5025, #1675, #4172, #394, #2081, #3756, #1256, #839, #2507, #13, #3391, #2563, #4314, #447, #3421, #922, #3361, #3448, #126, #5118, #4643, #1819, #3784, #2132, #3000, #565, #5051, #1313, #1372, #3811, #4282, #3876, #891, #2970, #1400, #3477, #4674, #507, #4339, #536, #1791 ),
 ( #4251, #43, #5148, #5179, #2621, #2650, #3036, #4736, #951, #75, #1758, #2941, #1704, #3903, #3070, #1285, #2221, #864, #4703, #5084, #4767, #980, #2534, #2593, #3846, #478, #4222, #1729, #2162, #1344, #2194, #101, #2250, #1844, #3503, #3935, #5209, #154, #519, #576, #2633, #4354, #4803, #5131, #1354, #3017, #934, #4717, #140, #2206, #4751, #3887, #2262, #2982, #1386, #5161, #2665, #4683, #1773, #4264, #3946 ),
 ( #1803, #963, #1741, #1831, #167, #3462, #903, #1862, #2144, #490, #3053, #4379, #3403, #2605, #5196, #2176, #4325, #2234, #4296, #111, #5222, #3518, #549, #3919, #2689, #1437, #3490, #1411, #3084, #4781, #994, #3859, #3108, #1015, #3826, #54, #5098, #1324, #2575, #85, #3431, #406, #1298, #5066, #3432, #2177, #874, #3768, #1243, #5132, #4718, #2116, #2517, #3827, #4210, #4232, #1355, #3348, #2983, #432, #2951 ),
 ( #849, #5036, #824, #4684, #3463, #3372, #1325, #2544, #112, #4655, #2491, #2903, #462, #3798, #1, #1742, #25, #5099, #2145, #2925, #904, #4601, #1804, #4265, #4628, #2576, #55, #1716, #520, #4183, #3404, #2091, #491, #1687, #3860, #86, #1774, #1270, #4297, #2207, #3018, #935, #3888, #2606, #725, #4326, #1505, #1113, #3560, #671, #1900, #4886, #642, #2325, #5311, #2780, #4420, #3173, #4013, #5162, #2349 ),
 ( #1481, #1530, #1998, #309, #4476, #3148, #699, #4448, #4838, #4504, #4752, #4860, #964, #1058, #1387, #4038, #1973, #233, #5335, #3054, #3920, #1925, #3615, #3220, #550, #2730, #2373, #3588, #141, #5260, #4913, #1553, #2634, #4061, #5285, #1086, #1139, #2755, #2235, #255, #1950, #3196, #282, #3640, #2807, #2400, #4087, #3335, #12, #4998, #4535, #1703, #3662, #2027, #2887, #446, #4940, #1200, #1255, #3693, #4171 ),
 ( #2913, #784, #2940, #4642, #5024, #2506, #2053, #1674, #863, #4614, #5362, #393, #4146, #5392, #4970, #758, #1582, #3278, #2079, #2428, #2104, #3360, #2832, #3723, #5422, #418, #838, #3309, #4115, #3248, #3783, #5050, #4564, #2862, #811, #2455, #1228, #1284, #337, #5445, #366, #1648, #2480, #3755, #2533, #4589, #1615, #1170, #4197, #4221, #4280, #2220, #3447, #1006, #506, #3390, #2131, #1790, #3420, #4673, #2999 ),
 ( #1843, #74, #3810, #41, #1757, #921, #2649, #4250, #5147, #4735, #1728, #1818, #3934, #1371, #2969, #153, #5083, #477, #3035, #4367, #1312, #5117, #5178, #2160, #2620, #3902, #4702, #1343, #5208, #3502, #2592, #4313, #2679, #4338, #125, #2193, #3875, #535, #100, #3845, #3476, #1422, #979, #890, #1399, #3069, #4766, #950, #564, #2249, #3097, #4791, #2562, #2274, #1944, #3960, #5280, #200, #3608, #5329, #1967 ),
 ( #276, #4389, #3119, #1453, #4471, #5305, #4812, #4414, #4854, #2803, #228, #4880, #637, #693, #1079, #2775, #3215, #3556, #5256, #1477, #4834, #3143, #4033, #2319, #3168, #4007, #2369, #1030, #1501, #3582, #1106, #2704, #1893, #611, #178, #1921, #2294, #3982, #2750, #667, #1053, #4441, #2344, #250, #4056, #2723, #3635, #1873, #1525, #3191, #1547, #4907, #1134, #591, #3528, #5231, #4936, #2827, #4191, #832, #5045 ),
 ( #360, #1696, #1193, #720, #389, #2394, #3717, #4108, #2073, #3776, #412, #5416, #4558, #4963, #2098, #4527, #1575, #5357, #2909, #3749, #3243, #2855, #3304, #1278, #4139, #3330, #776, #4610, #4992, #1250, #3354, #2021, #3686, #5385, #3272, #1609, #2474, #2448, #1641, #2045, #2499, #1164, #1223, #2882, #5018, #751, #330, #2422, #4081, #4584, #805, #4167, #5440, #1668, #8, #4498, #302, #1992, #3657, #1751, #3061 ) ),
 .UNSPECIFIED., .F., .F., .F.,
 ( 4, 3, 3, 3, 3, 3, 4 ),
 ( 4, 3, 3, 3, 3, 3, 3, 3, 3, 3, 3, 3, 3, 3, 3, 3, 3, 3, 3, 3, 4 ),
 ( -0.06118512426256277059, -0.02734193054184281407, -0.006370990667999999919, 0.2438043763327739921, 0.4958695842218489580, 0.7479347921109250619, 1.000000000000000000 ),
 ( 0.000000000000000000, 0.06250000000000000000, 0.1250000000000000000, 0.1875000000000000000, 0.2500000000000000000, 0.3125000000000000000, 0.3750000000000000000, 0.4062500000000000000, 0.4375000000000000000, 0.4687500000000000000, 0.5000000000000000000, 0.5312500000000000000, 0.5625000000000000000, 0.5937500000000000000, 0.6250000000000000000, 0.6875000000000000000, 0.7500000000000000000, 0.8125000000000000000, 0.8750000000000000000, 0.9375000000000000000, 1.000000000000000000 ),
 .UNSPECIFIED. ) ;
#3600 = CARTESIAN_POINT ( 'NONE',  ( -0.3486473780000000078, 0.3312646140971359232, -0.0001000000030000007111 ) ) ;
#3601 = VECTOR ( 'NONE', #2150, 100.0000000000000000 ) ;
#3602 = ADVANCED_FACE ( 'NONE', ( #4543 ), #449, .T. ) ;
#3603 = B_SPLINE_CURVE_WITH_KNOTS ( 'NONE', 3,
 ( #4223, #5085, #397, #2082 ),
 .UNSPECIFIED., .F., .F.,
 ( 4, 4 ),
 ( 0.000000000000000000, 1.000000000000000000 ),
 .UNSPECIFIED. ) ;
#3604 = CARTESIAN_POINT ( 'NONE',  ( -0.2286473781499999969, -0.3387353860200000288, -0.1050500000000000184 ) ) ;
#3605 = CARTESIAN_POINT ( 'NONE',  ( 0.2846859554299999706, 0.3412646142200000954, -0.1051000000000000267 ) ) ;
#3606 = CARTESIAN_POINT ( 'NONE',  ( -0.3055696659000000093, -0.09022887699999999900, 0.05000000000000000278 ) ) ;
#3607 = CARTESIAN_POINT ( 'NONE',  ( -0.2353140447211111985, 0.3512646140999999278, -0.1050000000000000100 ) ) ;
#3608 = CARTESIAN_POINT ( 'NONE',  ( 0.02884212850000000133, 0.3202196891999999906, 0.05247108570000000305 ) ) ;
#3609 = VERTEX_POINT ( 'NONE', #5369 ) ;
#3610 = CARTESIAN_POINT ( 'NONE',  ( -0.1700762199000000197, -0.2621504357000000174, 0.05933362749999999269 ) ) ;
#3611 = VERTEX_POINT ( 'NONE', #5401 ) ;
#3612 = PRESENTATION_LAYER_ASSIGNMENT (  '', '', ( #4079 ) ) ;
#3613 = EDGE_CURVE ( 'NONE', #879, #2078, #1784, .T. ) ;
#3614 = CARTESIAN_POINT ( 'NONE',  ( 0.3213526219295664843, -0.3487353859000000278, -4.999999999999999562E-05 ) ) ;
#3615 = CARTESIAN_POINT ( 'NONE',  ( 0.3031374527000000318, -0.1022613664000000117, 0.05495180240000000632 ) ) ;
#3616 = CARTESIAN_POINT ( 'NONE',  ( 0.3021262447999999989, -0.08839596079999999245, 0.05933362749999999269 ) ) ;
#3617 = CARTESIAN_POINT ( 'NONE',  ( -0.05596661759999999736, -0.3131952192999999940, 0.05371144409999999841 ) ) ;
#3618 = CARTESIAN_POINT ( 'NONE',  ( 0.001352622000000000156, -0.3110907091999999818, 0.05980818360000000194 ) ) ;
#3619 = CARTESIAN_POINT ( 'NONE',  ( 0.3147380263999999817, -0.06478035629999999434, 0.05000000000000003053 ) ) ;
#3621 = CARTESIAN_POINT ( 'NONE',  ( -0.1986473779999999856, -0.2285178919074350168, -0.1050500000000000184 ) ) ;
#3620 = FILL_AREA_STYLE_COLOUR ( '', #1826 ) ;
#3622 = CARTESIAN_POINT ( 'NONE',  ( -0.2167059775214496553, 0.2215469202636465296, 0.06000181326483916555 ) ) ;
#3623 = SURFACE_STYLE_USAGE ( .BOTH. , #1147 ) ;
#3624 = CARTESIAN_POINT ( 'NONE',  ( 0.2804326128023020837, -0.1338086720860725831, 0.06000020349665982633 ) ) ;
#3625 = CARTESIAN_POINT ( 'NONE',  ( -0.01185664929999999916, -0.3157578978999999730, 0.05711929249999999486 ) ) ;
#3626 = PRESENTATION_LAYER_ASSIGNMENT (  '', '', ( #2229 ) ) ;
#3627 = CARTESIAN_POINT ( 'NONE',  ( 0.2941476245492288810, 0.1017066729260105301, 0.06000143354000778140 ) ) ;
#3628 = CARTESIAN_POINT ( 'NONE',  ( 0.3213526219999999212, -0.1861870459000000144, 0.05000000000000000278 ) ) ;
#3629 = CARTESIAN_POINT ( 'NONE',  ( -0.1886473779117064931, -0.3487353859000000278, -4.999999999999999562E-05 ) ) ;
#3630 = CARTESIAN_POINT ( 'NONE',  ( -0.3221853575999999997, -0.05461749979999998977, 0.1433801602999998370 ) ) ;
#3631 = CARTESIAN_POINT ( 'NONE',  ( -0.3145033837999999804, 0.05428706710000000268, 0.05118824680000000349 ) ) ;
#3632 = PLANE ( 'NONE',  #3228 ) ;
#3633 = CARTESIAN_POINT ( 'NONE',  ( -0.3015776734000000237, 0.1051835413999999969, 0.05000000000000000278 ) ) ;
#3634 = CARTESIAN_POINT ( 'NONE',  ( -0.3486473780000000078, -0.1787353859000000156, -0.1051000000000000267 ) ) ;
#3635 = CARTESIAN_POINT ( 'NONE',  ( 0.2270760223000000133, 0.2292898845999999935, 0.05118824680000000349 ) ) ;
#3636 = VERTEX_POINT ( 'NONE', #1208 ) ;
#3637 = CARTESIAN_POINT ( 'NONE',  ( -0.1707559144999999945, 0.2657240726999999803, 0.05885548650000001214 ) ) ;
#3638 = EDGE_LOOP ( 'NONE', ( #4966, #3308, #4472, #2472 ) ) ;
#3639 = CARTESIAN_POINT ( 'NONE',  ( -0.3186473779543500529, -0.1587353860500000380, -4.999999999999999562E-05 ) ) ;
#3640 = CARTESIAN_POINT ( 'NONE',  ( 0.2708717253999999852, 0.1733450239000000059, 0.05495180240000000632 ) ) ;
#3641 = CARTESIAN_POINT ( 'NONE',  ( 0.2054247665999999750, 0.2386546598000000019, 0.05980818360000000194 ) ) ;
#3642 = CARTESIAN_POINT ( 'NONE',  ( -0.07169995789999999980, -0.3100177080000000029, 0.05371144409999999841 ) ) ;
#3643 = CARTESIAN_POINT ( 'NONE',  ( -0.04027428220000000419, 0.3120788321999999892, 0.05933362749999999269 ) ) ;
#3644 = CARTESIAN_POINT ( 'NONE',  ( 0.2837055632000000105, 0.1518528494000000173, 0.05000000000000003053 ) ) ;
#3645 = MECHANICAL_DESIGN_GEOMETRIC_PRESENTATION_REPRESENTATION (  '', ( #143 ), #2254 ) ;
#3646 = CARTESIAN_POINT ( 'NONE',  ( -0.3077812640871170902, 0.001264614099999999876, 0.06000181326483916555 ) ) ;
#3647 = CARTESIAN_POINT ( 'NONE',  ( 0.2747152249385955702, 0.1470580023856137841, 0.06000020349665982633 ) ) ;
#3648 = CARTESIAN_POINT ( 'NONE',  ( -0.1888608851000000144, -0.2523533954999999662, 0.05711929249999999486 ) ) ;
#3649 = CARTESIAN_POINT ( 'NONE',  ( 0.05687803694540947974, 0.3058833217969420537, 0.06000143354000778140 ) ) ;
#3650 = CARTESIAN_POINT ( 'NONE',  ( -0.1786473779986773869, 0.3512646140999999833, -0.0001000000022499994944 ) ) ;
#3651 = CARTESIAN_POINT ( 'NONE',  ( -0.06372106456047973988, -0.2423710836972886029, -0.1051000000000000267 ) ) ;
#3652 = CARTESIAN_POINT ( 'NONE',  ( 0.001352621999999999072, -0.09347275080000004566, 0.2708821916000002106 ) ) ;
#3653 = CARTESIAN_POINT ( 'NONE',  ( -0.2690047588999999739, -0.1713510125000000106, 0.05247108570000000305 ) ) ;
#3654 = CARTESIAN_POINT ( 'NONE',  ( -0.1216352161999999931, 0.2973080429999999663, 0.05000000000000000278 ) ) ;
#3655 = CARTESIAN_POINT ( 'NONE',  ( -0.2077140446000000362, 0.2444646140999999773, 0.05000000000000000278 ) ) ;
#3656 =( LENGTH_UNIT ( ) NAMED_UNIT ( * ) SI_UNIT ( .CENTI., .METRE. ) );
#3657 = CARTESIAN_POINT ( 'NONE',  ( 0.02886091030000000057, 0.3204376112000000276, 0.05000000000000000278 ) ) ;
#3658 = ORIENTED_EDGE ( 'NONE', *, *, #221, .T. ) ;
#3659 = CARTESIAN_POINT ( 'NONE',  ( 0.001352622000000000156, 0.3160973028999999879, 0.05885548650000001214 ) ) ;
#3660 = ORIENTED_EDGE ( 'NONE', *, *, #5242, .F. ) ;
#3661 = EDGE_CURVE ( 'NONE', #1614, #1054, #2357, .T. ) ;
#3662 = CARTESIAN_POINT ( 'NONE',  ( 0.1238754086000000004, 0.2961886194000000194, 0.05495180240000000632 ) ) ;
#3663 = CARTESIAN_POINT ( 'NONE',  ( 0.2791461708999999902, -0.1468919453000000208, 0.05885548650000001214 ) ) ;
#3664 = ADVANCED_FACE ( 'NONE', ( #4919 ), #733, .T. ) ;
#3665 = CARTESIAN_POINT ( 'NONE',  ( -0.2920449242000000001, 0.1291073964999999990, 0.05247108570000000305 ) ) ;
#3666 = CARTESIAN_POINT ( 'NONE',  ( -0.2943407853000000185, -0.1001717298999999922, 0.05980818360000000194 ) ) ;
#3667 = CARTESIAN_POINT ( 'NONE',  ( 0.1588142220000000326, 0.2805020840999999931, 0.05000000000000003053 ) ) ;
#3668 = COLOUR_RGB ( '',0.2980392156862745057, 0.2980392156862745057, 0.2980392156862745057 ) ;
#3669 = CARTESIAN_POINT ( 'NONE',  ( -0.2167460273853160091, -0.1743286063750000281, -0.1050500000000000184 ) ) ;
#3670 = CARTESIAN_POINT ( 'NONE',  ( -0.2771174645288378979, 0.1360427097403219265, 0.06000181326483916555 ) ) ;
#3671 = EDGE_CURVE ( 'NONE', #2826, #392, #4985, .T. ) ;
#3672 = CARTESIAN_POINT ( 'NONE',  ( 0.2805217613000000609, 0.1363810477000000076, 0.05999996820000000342 ) ) ;
#3673 = CARTESIAN_POINT ( 'NONE',  ( -0.3036644359000000293, 0.09219015640000000067, 0.05614168759999999675 ) ) ;
#3674 = CARTESIAN_POINT ( 'NONE',  ( -0.2777273687023020243, 0.1363379002776901050, 0.06000020349665982633 ) ) ;
#3675 = CARTESIAN_POINT ( 'NONE',  ( 0.1705204306772356571, -0.2586761650823647951, 0.06000105381499362678 ) ) ;
#3676 = SURFACE_SIDE_STYLE ('',( #711 ) ) ;
#3677 =( BOUNDED_SURFACE ( )  B_SPLINE_SURFACE ( 3, 3, ( 
 ( #4161, #4185, #2066, #5012 ),
 ( #1217, #1634, #3770, #2926 ),
 ( #797, #3349, #381, #1245 ),
 ( #2876, #408, #3, #1689 ) ),
 .UNSPECIFIED., .F., .F., .T. ) 
 B_SPLINE_SURFACE_WITH_KNOTS ( ( 4, 4 ),
 ( 4, 4 ),
 ( 0.1552050819999999942, 0.8447949179999999503 ),
 ( 0.000000000000000000, 1.000000000000000000 ),
 .UNSPECIFIED. ) 
 GEOMETRIC_REPRESENTATION_ITEM ( )  RATIONAL_B_SPLINE_SURFACE ( (
 ( 0.9862292747462950704, 0.3287430915820979682, 0.3287430915820979682, 0.9862292747462950704),
 ( 0.9695813527608919680, 0.3231937842536309891, 0.3231937842536309891, 0.9695813527608919680),
 ( 0.9695813527608919680, 0.3231937842536309891, 0.3231937842536309891, 0.9695813527608919680),
 ( 0.9862292747462950704, 0.3287430915820979682, 0.3287430915820979682, 0.9862292747462950704) ) ) 
 REPRESENTATION_ITEM ( '' )  SURFACE ( )  );
#3678 = CARTESIAN_POINT ( 'NONE',  ( 0.1547185994008399845, -0.1989331852119640143, -0.1051000000000000684 ) ) ;
#3679 = CARTESIAN_POINT ( 'NONE',  ( 0.02468595538333340916, 0.3512646140999999278, -0.1050000000000000100 ) ) ;
#3680 = CARTESIAN_POINT ( 'NONE',  ( -0.3178108272999999873, 0.02793087699999999979, 0.05118824680000000349 ) ) ;
#3681 = CARTESIAN_POINT ( 'NONE',  ( -0.3086473780700000336, -0.3387353860199999733, -0.1050500000000000184 ) ) ;
#3682 =( NAMED_UNIT ( * ) PLANE_ANGLE_UNIT ( ) SI_UNIT ( $, .RADIAN. ) );
#3684 = ORIENTED_EDGE ( 'NONE', *, *, #1271, .F. ) ;
#3683 = CARTESIAN_POINT ( 'NONE',  ( -0.2134298837523104786, -0.1837353858199999856, -0.1050500000000000184 ) ) ;
#3685 = CARTESIAN_POINT ( 'NONE',  ( -0.1296386145348539243, 0.2489067358842261546, -0.1051000000000000267 ) ) ;
#3686 = CARTESIAN_POINT ( 'NONE',  ( 0.3205160714000000466, 0.02793087699999999979, 0.05000000000000000278 ) ) ;
#3687 = B_SPLINE_CURVE_WITH_KNOTS ( 'NONE', 3,
 ( #4983, #4180, #3738, #1595 ),
 .UNSPECIFIED., .F., .F.,
 ( 4, 4 ),
 ( 0.000000000000000000, 1.000000000000000000 ),
 .UNSPECIFIED. ) ;
#3688 = ORIENTED_EDGE ( 'NONE', *, *, #450, .T. ) ;
#3689 = CARTESIAN_POINT ( 'NONE',  ( -0.2753438588999999603, 0.1488360706000000089, 0.05933362749999999269 ) ) ;
#3690 = ORIENTED_EDGE ( 'NONE', *, *, #4692, .F. ) ;
#3691 = PRESENTATION_STYLE_ASSIGNMENT (( #3276 ) ) ;
#3692 = VERTEX_POINT ( 'NONE', #2167 ) ;
#3693 = CARTESIAN_POINT ( 'NONE',  ( 0.01463553829999999882, 0.3200546040000000758, 0.05495180240000000632 ) ) ;
#3694 = CARTESIAN_POINT ( 'NONE',  ( 0.04314457189999999775, -0.3107819445999999708, 0.05885548650000001214 ) ) ;
#3695 = CARTESIAN_POINT ( 'NONE',  ( -0.1731902555000000010, -0.2669354171999999692, 0.05371144409999999841 ) ) ;
#3696 = CARTESIAN_POINT ( 'NONE',  ( -0.2852314410999999827, 0.1261385419000000119, 0.05980818360000000194 ) ) ;
#3697 = DIRECTION ( 'NONE',  ( 0.000000000000000000, -1.000000000000000000, 0.000000000000000000 ) ) ;
#3698 = PRESENTATION_STYLE_ASSIGNMENT (( #2812 ) ) ;
#3699 = ADVANCED_FACE ( 'NONE', ( #1707 ), #3005, .F. ) ;
#3700 = CARTESIAN_POINT ( 'NONE',  ( -0.1677278777733509363, 0.2610712358691625323, 0.06000143353988593442 ) ) ;
#3701 = CARTESIAN_POINT ( 'NONE',  ( -0.1386473779999999878, 0.3512646140999999833, -9.999999999999999124E-05 ) ) ;
#3702 = CARTESIAN_POINT ( 'NONE',  ( 0.3088507867999999990, -0.03732339090000000303, 0.05999996820000000342 ) ) ;
#3703 = CARTESIAN_POINT ( 'NONE',  ( -0.1719530177999999965, -0.2650342958999999943, 0.05711929249999999486 ) ) ;
#3704 = CARTESIAN_POINT ( 'NONE',  ( -0.2989256833712315986, -0.07499654286043420937, 0.06000020349665982633 ) ) ;
#3705 = CARTESIAN_POINT ( 'NONE',  ( 0.2345023750326860057, 0.2047407622738213195, 0.06000105381499362678 ) ) ;
#3706 = CARTESIAN_POINT ( 'NONE',  ( 0.3113526219999995792, -0.1387353859000000633, -0.1050999999999999851 ) ) ;
#3707 = EDGE_CURVE ( 'NONE', #1996, #1056, #3085, .T. ) ;
#3708 = PRESENTATION_LAYER_ASSIGNMENT (  '', '', ( #1798 ) ) ;
#3709 = CARTESIAN_POINT ( 'NONE',  ( -0.2077140446000000362, 0.2444646140999999773, 0.05118824680000000349 ) ) ;
#3710 = CARTESIAN_POINT ( 'NONE',  ( -0.2077140446000000362, 0.2444646140999999773, 0.05000000000000000278 ) ) ;
#3711 = CARTESIAN_POINT ( 'NONE',  ( 0.2709884692309688647, -0.08873538590087567957, -0.1050000000000000100 ) ) ;
#3713 = VERTEX_POINT ( 'NONE', #2197 ) ;
#3712 = SURFACE_SIDE_STYLE ('',( #2095 ) ) ;
#3714 = EDGE_CURVE ( 'NONE', #4362, #4765, #3850, .T. ) ;
#3715 = DIRECTION ( 'NONE',  ( -0.000000000000000000, -0.000000000000000000, -1.000000000000000000 ) ) ;
#3716 = PRODUCT_RELATED_PRODUCT_CATEGORY ( 'part', '', ( #4561 ) ) ;
#3717 = CARTESIAN_POINT ( 'NONE',  ( 0.09095262200000001074, -0.3059353858999999676, 0.05000000000000000278 ) ) ;
#3718 = ORIENTED_EDGE ( 'NONE', *, *, #5189, .T. ) ;
#3719 = CARTESIAN_POINT ( 'NONE',  ( -0.2467909710904988008, 0.1878032145567826161, 0.06000067408997947910 ) ) ;
#3720 = ORIENTED_EDGE ( 'NONE', *, *, #509, .T. ) ;
#3721 = CARTESIAN_POINT ( 'NONE',  ( -0.1786473779999999956, -0.3487353858999999723, -0.1051000000000000267 ) ) ;
#3722 = ORIENTED_EDGE ( 'NONE', *, *, #4194, .F. ) ;
#3723 = CARTESIAN_POINT ( 'NONE',  ( 0.3075898514000000028, -0.09002466110000000021, 0.05371144409999999841 ) ) ;
#3724 = CARTESIAN_POINT ( 'NONE',  ( 0.3021262447999999989, 0.09092518900000000348, 0.05933362749999999269 ) ) ;
#3725 = PRESENTATION_LAYER_ASSIGNMENT (  '', '', ( #919 ) ) ;
#3726 = CARTESIAN_POINT ( 'NONE',  ( -0.3069577056000000193, 0.05302038120000000104, 0.05980818360000000194 ) ) ;
#3727 = CARTESIAN_POINT ( 'NONE',  ( -0.3486473780000000078, 0.3312646141000000211, -0.05255000000000001337 ) ) ;
#3728 = CARTESIAN_POINT ( 'NONE',  ( 0.3513526219999999478, 0.1679312808533334478, -0.1050000000000000100 ) ) ;
#3729 = CARTESIAN_POINT ( 'NONE',  ( -0.2714125714368475495, -0.1442101557724238536, 0.06000181326483916555 ) ) ;
#3730 = FILL_AREA_STYLE_COLOUR ( '', #290 ) ;
#3731 = CARTESIAN_POINT ( 'NONE',  ( 0.1872985711000000053, 0.2491925462000000313, 0.05999996820000000342 ) ) ;
#3732 = EDGE_CURVE ( 'NONE', #5046, #334, #4067, .T. ) ;
#3733 = PRESENTATION_LAYER_ASSIGNMENT (  '', '', ( #4716 ) ) ;
#3734 = CARTESIAN_POINT ( 'NONE',  ( -0.3133090433000000341, 0.05408657430000000238, 0.05495180240000000632 ) ) ;
#3735 = CARTESIAN_POINT ( 'NONE',  ( -0.2919321361650655255, 0.1018746815101414099, 0.06000020349665982633 ) ) ;
#3736 = VECTOR ( 'NONE', #295, 100.0000000000000000 ) ;
#3737 = CARTESIAN_POINT ( 'NONE',  ( 0.05690670884895197845, -0.3035113909146561761, 0.06000105381499362678 ) ) ;
#3738 = CARTESIAN_POINT ( 'NONE',  ( -0.1086473779599999856, -0.3387353859737130546, -0.1051000000000000267 ) ) ;
#3739 = UNCERTAINTY_MEASURE_WITH_UNIT (LENGTH_MEASURE( 1.000000000000000082E-05 ), #3746, 'distance_accuracy_value', 'NONE');
#3740 = CARTESIAN_POINT ( 'NONE',  ( -0.1786473779999999956, 0.3512646140999999833, -0.05255000000000001337 ) ) ;
#3741 = CARTESIAN_POINT ( 'NONE',  ( 0.03446772043224805016, -0.2487280417531018972, -0.1051000000000000545 ) ) ;
#3742 =( LENGTH_UNIT ( ) NAMED_UNIT ( * ) SI_UNIT ( .CENTI., .METRE. ) );
#3743 = STYLED_ITEM ( 'NONE', ( #774 ), #281 ) ;
#3744 = CARTESIAN_POINT ( 'NONE',  ( -0.1045590151999999939, -0.3009502347999999938, 0.05247108570000000305 ) ) ;
#3745 = CARTESIAN_POINT ( 'NONE',  ( -0.05609484190000001147, 0.3164279002000000007, 0.05000000000000000278 ) ) ;
#3746 =( LENGTH_UNIT ( ) NAMED_UNIT ( * ) SI_UNIT ( .CENTI., .METRE. ) );
#3748 = VERTEX_POINT ( 'NONE', #4620 ) ;
#3747 = PLANE ( 'NONE',  #532 ) ;
#3749 = CARTESIAN_POINT ( 'NONE',  ( 0.2896109842000000323, -0.1382509567999999911, 0.05000000000000000278 ) ) ;
#3750 = DIRECTION ( 'NONE',  ( 0.000000000000000000, -1.000000000000000000, 0.000000000000000000 ) ) ;
#3751 = ORIENTED_EDGE ( 'NONE', *, *, #3707, .F. ) ;
#3752 = CARTESIAN_POINT ( 'NONE',  ( -0.3042509148606767910, 0.05256599465589237297, 0.06000067408997947910 ) ) ;
#3753 = B_SPLINE_CURVE_WITH_KNOTS ( 'NONE', 3,
 ( #5191, #4322, #83, #1713 ),
 .UNSPECIFIED., .F., .F.,
 ( 4, 4 ),
 ( 0.000000000000000000, 1.000000000000000000 ),
 .UNSPECIFIED. ) ;
#3754 = ORIENTED_EDGE ( 'NONE', *, *, #46, .F. ) ;
#3755 = CARTESIAN_POINT ( 'NONE',  ( 0.2712908641999999815, 0.1736126322999999860, 0.05371144409999999841 ) ) ;
#3756 = CARTESIAN_POINT ( 'NONE',  ( 0.3096775265999999749, -0.06371387220000000740, 0.05885548650000001214 ) ) ;
#3757 = FILL_AREA_STYLE ('',( #4975 ) ) ;
#3758 = CARTESIAN_POINT ( 'NONE',  ( -0.3286473779990453092, 0.3512646140999999833, -0.1051000000000000267 ) ) ;
#3759 = CARTESIAN_POINT ( 'NONE',  ( -0.2869323534632819972, 0.1133105965759958061, 0.06000143353988593442 ) ) ;
#3760 =( NAMED_UNIT ( * ) PLANE_ANGLE_UNIT ( ) SI_UNIT ( $, .RADIAN. ) );
#3761 = CARTESIAN_POINT ( 'NONE',  ( 0.2985971852000000037, 0.08987317679999999587, 0.05999996820000000342 ) ) ;
#3762 = B_SPLINE_CURVE_WITH_KNOTS ( 'NONE', 3,
 ( #1985, #2387, #3321, #822 ),
 .UNSPECIFIED., .F., .F.,
 ( 4, 4 ),
 ( 0.000000000000000000, 1.000000000000000000 ),
 .UNSPECIFIED. ) ;
#3763 = CARTESIAN_POINT ( 'NONE',  ( -0.2799326630999999788, 0.1512834328999999867, 0.05495180240000000632 ) ) ;
#3764 = CARTESIAN_POINT ( 'NONE',  ( -0.2720973030000000126, 0.1471045742000000045, 0.05999996820000000342 ) ) ;
#3765 = CARTESIAN_POINT ( 'NONE',  ( 0.01425316454726527175, -0.3083484056612838531, 0.06000067408997947910 ) ) ;
#3766 = CARTESIAN_POINT ( 'NONE',  ( -0.2134298837523104786, -0.1837353858199999856, -0.1050500000000000184 ) ) ;
#3767 = CARTESIAN_POINT ( 'NONE',  ( 0.3513526220000000033, -0.1387353859000000078, -0.1051000000000000267 ) ) ;
#3768 = CARTESIAN_POINT ( 'NONE',  ( 0.2084739965000000084, 0.2422017232000000519, 0.05711929249999999486 ) ) ;
#3769 =( NAMED_UNIT ( * ) SI_UNIT ( $, .STERADIAN. ) SOLID_ANGLE_UNIT ( ) );
#3770 = CARTESIAN_POINT ( 'NONE',  ( -0.6593632814000006670, -0.3290933376000002020, 0.01170255740000000592 ) ) ;
#3771 = CARTESIAN_POINT ( 'NONE',  ( -0.1201099495999999878, 0.2936365811000000159, 0.05809689739999999991 ) ) ;
#3772 = CARTESIAN_POINT ( 'NONE',  ( 0.3317744860829819897, 0.3464173120975014286, -0.1051000000000000129 ) ) ;
#3773 = CARTESIAN_POINT ( 'NONE',  ( -0.08824737800000000132, -0.3059353858999999676, 0.05000000000000000278 ) ) ;
#3775 = ORIENTED_EDGE ( 'NONE', *, *, #2702, .F. ) ;
#3774 = PRESENTATION_STYLE_ASSIGNMENT (( #356 ) ) ;
#3776 = CARTESIAN_POINT ( 'NONE',  ( 0.1415773411000000037, -0.2863758352999999923, 0.05000000000000000278 ) ) ;
#3777 =( LENGTH_UNIT ( ) NAMED_UNIT ( * ) SI_UNIT ( .CENTI., .METRE. ) );
#3778 = ORIENTED_EDGE ( 'NONE', *, *, #615, .F. ) ;
#3779 = CARTESIAN_POINT ( 'NONE',  ( -0.1011912100433371015, 0.2938695586147206384, 0.06000067408997947910 ) ) ;
#3780 = CARTESIAN_POINT ( 'NONE',  ( -0.1186473779866665801, 0.3412646141737129546, -0.1050500000000000184 ) ) ;
#3781 = EDGE_CURVE ( 'NONE', #2219, #1838, #3815, .T. ) ;
#3782 = ORIENTED_EDGE ( 'NONE', *, *, #3145, .F. ) ;
#3783 = CARTESIAN_POINT ( 'NONE',  ( 0.3206383736999999789, 0.001264614099999999876, 0.05371144409999999841 ) ) ;
#3784 = CARTESIAN_POINT ( 'NONE',  ( 0.2791461708999999902, 0.1494211735000000041, 0.05885548650000001214 ) ) ;
#3785 = CARTESIAN_POINT ( 'NONE',  ( -0.2603106763341525021, -0.09839640273500002698, -0.1050500000000000184 ) ) ;
#3786 = ADVANCED_FACE ( 'NONE', ( #4594 ), #107, .F. ) ;
#3787 =( GEOMETRIC_REPRESENTATION_CONTEXT ( 3 ) GLOBAL_UNCERTAINTY_ASSIGNED_CONTEXT ( ( #3916 ) ) GLOBAL_UNIT_ASSIGNED_CONTEXT ( ( #5349, #3264, #2415 ) ) REPRESENTATION_CONTEXT ( 'NONE', 'WORKASPACE' ) );
#3788 = CARTESIAN_POINT ( 'NONE',  ( -0.3079409753202218547, 0.01415184726205746119, 0.06000143353988593442 ) ) ;
#3789 =( LENGTH_UNIT ( ) NAMED_UNIT ( * ) SI_UNIT ( .CENTI., .METRE. ) );
#3790 = CARTESIAN_POINT ( 'NONE',  ( 0.1371558432000000161, 0.2798353243999999740, 0.05999996820000000342 ) ) ;
#3791 = CARTESIAN_POINT ( 'NONE',  ( -0.2243707782000000095, -0.2267606564000000380, 0.05000000000000000278 ) ) ;
#3792 = CARTESIAN_POINT ( 'NONE',  ( -0.1555135713000000142, 0.2794462085999999679, 0.05495180240000000632 ) ) ;
#3793 = CARTESIAN_POINT ( 'NONE',  ( -0.2829877943000000395, -0.1226316843999999961, 0.05999996820000000342 ) ) ;
#3794 = CARTESIAN_POINT ( 'NONE',  ( 0.1706077395091350757, -0.2588103225386140793, 0.06000067408997947910 ) ) ;
#3795 = SURFACE_SIDE_STYLE ('',( #5095 ) ) ;
#3796 = UNCERTAINTY_MEASURE_WITH_UNIT (LENGTH_MEASURE( 1.000000000000000082E-05 ), #2471, 'distance_accuracy_value', 'NONE');
#3797 = CARTESIAN_POINT ( 'NONE',  ( -0.3386473781200000088, -0.3087353859633334419, -0.1050500000000000184 ) ) ;
#3798 = CARTESIAN_POINT ( 'NONE',  ( 0.2091215006000000098, -0.2404257139999999848, 0.05614168759999999675 ) ) ;
#3799 = CARTESIAN_POINT ( 'NONE',  ( -0.2648208045000000066, -0.1686796745999999958, 0.05885548650000001214 ) ) ;
#3800 = CARTESIAN_POINT ( 'NONE',  ( 0.001352622000000000156, -0.3187353859000000011, 0.05000000000000000278 ) ) ;
#3802 = ORIENTED_EDGE ( 'NONE', *, *, #15, .F. ) ;
#3801 = CARTESIAN_POINT ( 'NONE',  ( -0.3085748799877490178, -0.1987353859999999861, -0.1051000000000000267 ) ) ;
#3803 = CARTESIAN_POINT ( 'NONE',  ( -0.3486473779999999523, -0.1187353858866665862, -0.1050499999987499627 ) ) ;
#3804 = B_SPLINE_CURVE_WITH_KNOTS ( 'NONE', 3,
 ( #3541, #3489, #3595, #1513 ),
 .UNSPECIFIED., .F., .F.,
 ( 4, 4 ),
 ( 0.000000000000000000, 1.000000000000000000 ),
 .UNSPECIFIED. ) ;
#3805 = CARTESIAN_POINT ( 'NONE',  ( -0.2439007550282971948, -0.1339026021403058875, -0.1051000000000000545 ) ) ;
#3806 = ORIENTED_EDGE ( 'NONE', *, *, #3981, .F. ) ;
#3807 = CARTESIAN_POINT ( 'NONE',  ( -0.1844151898168882586, -0.2464258016139385388, 0.06000067408997947910 ) ) ;
#3808 = CARTESIAN_POINT ( 'NONE',  ( 0.1388074446404551354, 0.2789968275555279043, 0.06000159546079866096 ) ) ;
#3809 = ORIENTED_EDGE ( 'NONE', *, *, #1940, .T. ) ;
#3810 = CARTESIAN_POINT ( 'NONE',  ( 0.02884212850000000133, -0.3176904610000000351, 0.05247108570000000305 ) ) ;
#3811 = CARTESIAN_POINT ( 'NONE',  ( 0.1734611586000000261, 0.2657240726999999803, 0.05885548650000001214 ) ) ;
#3812 = CARTESIAN_POINT ( 'NONE',  ( 0.3313526219937119044, -0.3487353859000000278, -0.1051000000000000267 ) ) ;
#3813 = CARTESIAN_POINT ( 'NONE',  ( -0.1508407049788554055, -0.2686302659583220120, 0.06000143353988593442 ) ) ;
#3814 = STYLED_ITEM ( 'NONE', ( #1024 ), #1666 ) ;
#3815 = LINE ( 'NONE', #2895, #1612 ) ;
#3816 = CARTESIAN_POINT ( 'NONE',  ( 0.01436742719999999952, -0.3110907091999999818, 0.05980818360000000194 ) ) ;
#3817 = CARTESIAN_POINT ( 'NONE',  ( -0.2397432683999999870, -0.2091463447999999947, 0.05000000000000000278 ) ) ;
#3818 =( NAMED_UNIT ( * ) PLANE_ANGLE_UNIT ( ) SI_UNIT ( $, .RADIAN. ) );
#3819 = CARTESIAN_POINT ( 'NONE',  ( -0.1899213718999999967, 0.2562966059999999824, 0.05495180240000000632 ) ) ;
#3820 = CARTESIAN_POINT ( 'NONE',  ( -0.08542215420000000281, -0.2962489043999999572, 0.05999996820000000342 ) ) ;
#3821 = CARTESIAN_POINT ( 'NONE',  ( 0.02797651754335849991, -0.3076469561076188297, 0.06000043879331965618 ) ) ;
#3822 = CARTESIAN_POINT ( 'NONE',  ( -0.1186473778649999866, -0.3420687192824753420, -0.1051000000000000267 ) ) ;
#3823 =( NAMED_UNIT ( * ) SI_UNIT ( $, .STERADIAN. ) SOLID_ANGLE_UNIT ( ) );
#3824 = CARTESIAN_POINT ( 'NONE',  ( -0.2686473780799999433, -0.2287353860499999614, -0.1050500000000000184 ) ) ;
#3825 = AXIS2_PLACEMENT_3D ( 'NONE', #213, #4845, #4378 ) ;
#3826 = CARTESIAN_POINT ( 'NONE',  ( 0.3142696983000000110, 0.05379371180000000474, 0.05711929249999999486 ) ) ;
#3827 = CARTESIAN_POINT ( 'NONE',  ( 0.1063504779999999983, 0.3008720228000000274, 0.05711929249999999486 ) ) ;
#3828 = CARTESIAN_POINT ( 'NONE',  ( -0.2767073191032002333, -0.1355135268098416890, 0.06000159343661030931 ) ) ;
#3829 = CARTESIAN_POINT ( 'NONE',  ( -0.1029199645000000024, -0.2962732656000000020, 0.05885548650000001214 ) ) ;
#3830 = ORIENTED_EDGE ( 'NONE', *, *, #1016, .T. ) ;
#3831 = CARTESIAN_POINT ( 'NONE',  ( 0.2033200941736906242, -0.2336771392996759011, 0.06000181326502192908 ) ) ;
#3833 = VERTEX_POINT ( 'NONE', #641 ) ;
#3832 = CARTESIAN_POINT ( 'NONE',  ( -0.3286473780000001010, 0.3395488852999998808, -9.999999999999999124E-05 ) ) ;
#3834 = CARTESIAN_POINT ( 'NONE',  ( 0.3359865538594998813, -0.1316643182299545856, -0.000000000000000000 ) ) ;
#3835 = CARTESIAN_POINT ( 'NONE',  ( -0.2743283529112989783, -0.08873538605000001744, -0.1050500000000000184 ) ) ;
#3836 = CARTESIAN_POINT ( 'NONE',  ( 0.3513526220000000033, -0.1787353859000000156, -0.05255000000000001337 ) ) ;
#3837 = ORIENTED_EDGE ( 'NONE', *, *, #2169, .T. ) ;
#3838 = MECHANICAL_DESIGN_GEOMETRIC_PRESENTATION_REPRESENTATION (  '', ( #2765 ), #3034 ) ;
#3839 =( BOUNDED_SURFACE ( )  B_SPLINE_SURFACE ( 1, 3, ( 
 ( #1511, #4800, #599, #3539 ),
 ( #1536, #4426, #1955, #4819 ) ),
 .UNSPECIFIED., .F., .F., .F. ) 
 B_SPLINE_SURFACE_WITH_KNOTS ( ( 2, 2 ),
 ( 4, 4 ),
 ( 0.000000000000000000, 1.000000000000000000 ),
 ( 0.000000000000000000, 1.000000000000000000 ),
 .UNSPECIFIED. ) 
 GEOMETRIC_REPRESENTATION_ITEM ( )  RATIONAL_B_SPLINE_SURFACE ( (
 ( 1.000000000000000000, 0.3333333334700689932, 0.3333333334700689932, 1.000000000000000000),
 ( 1.000000000000000000, 0.3333333334700689932, 0.3333333334700689932, 1.000000000000000000) ) ) 
 REPRESENTATION_ITEM ( '' )  SURFACE ( )  );
#3840 = CARTESIAN_POINT ( 'NONE',  ( -0.1844151898168882586, 0.2489550299390860255, 0.06000067408997947910 ) ) ;
#3841 = B_SPLINE_CURVE_WITH_KNOTS ( 'NONE', 3,
 ( #4370, #5259, #3908, #983 ),
 .UNSPECIFIED., .F., .F.,
 ( 4, 4 ),
 ( 0.000000000000000000, 1.000000000000000000 ),
 .UNSPECIFIED. ) ;
#3842 = CARTESIAN_POINT ( 'NONE',  ( 0.08185668360228634532, -0.2979815397309166225, 0.06000159953055968221 ) ) ;
#3843 = CARTESIAN_POINT ( 'NONE',  ( 0.3070538423570195463, 0.05258239270392824766, 0.06000043879331965618 ) ) ;
#3844 = ORIENTED_EDGE ( 'NONE', *, *, #4829, .F. ) ;
#3845 = CARTESIAN_POINT ( 'NONE',  ( 0.2994131270000000011, 0.1171099925000000097, 0.05247108570000000305 ) ) ;
#3846 = CARTESIAN_POINT ( 'NONE',  ( 0.3076600121999999993, -0.07652773890000001689, 0.05809689739999999991 ) ) ;
#3847 =( NAMED_UNIT ( * ) SI_UNIT ( $, .STERADIAN. ) SOLID_ANGLE_UNIT ( ) );
#3848 = EDGE_CURVE ( 'NONE', #5439, #1614, #142, .T. ) ;
#3849 = CARTESIAN_POINT ( 'NONE',  ( -0.3055340210763322073, -0.03724665094054731285, 0.06000143353988593442 ) ) ;
#3850 = LINE ( 'NONE', #5055, #5140 ) ;
#3851 = EDGE_CURVE ( 'NONE', #3216, #978, #3841, .T. ) ;
#3852 = CARTESIAN_POINT ( 'NONE',  ( 0.1043858060999999920, 0.2952659055999999893, 0.05999716119999999597 ) ) ;
#3853 = CARTESIAN_POINT ( 'NONE',  ( -0.3036644359000000293, -0.08966092820000000352, 0.05614168759999999675 ) ) ;
#3854 = CARTESIAN_POINT ( 'NONE',  ( -0.02538977800000000173, 0.3115511680999999977, 0.05999716119999999597 ) ) ;
#3855 = CARTESIAN_POINT ( 'NONE',  ( 0.3014390872885471806, 0.07747704978130263986, 0.06000067408997947910 ) ) ;
#3856 = FILL_AREA_STYLE ('',( #110 ) ) ;
#3857 = UNCERTAINTY_MEASURE_WITH_UNIT (LENGTH_MEASURE( 1.000000000000000082E-05 ), #2845, 'distance_accuracy_value', 'NONE');
#3858 = FACE_OUTER_BOUND ( 'NONE', #3246, .T. ) ;
#3859 = CARTESIAN_POINT ( 'NONE',  ( 0.3183751340000000041, 0.01447388540000000071, 0.05711929249999999486 ) ) ;
#3860 = CARTESIAN_POINT ( 'NONE',  ( 0.3152479415999999701, 0.05395792860000000329, 0.05614168759999999675 ) ) ;
#3861 = CARTESIAN_POINT ( 'NONE',  ( -0.2367532531000000051, 0.2090661051000000104, 0.05809689739999999991 ) ) ;
#3862 = ORIENTED_EDGE ( 'NONE', *, *, #4700, .F. ) ;
#3863 = CARTESIAN_POINT ( 'NONE',  ( 0.3104865079445167098, -0.01161596441625065493, 0.06000181326502192908 ) ) ;
#3865 = ORIENTED_EDGE ( 'NONE', *, *, #3530, .T. ) ;
#3864 = CARTESIAN_POINT ( 'NONE',  ( 0.001352621999999999939, -0.3187353859000000011, 0.05000000000000000278 ) ) ;
#3866 = CARTESIAN_POINT ( 'NONE',  ( -0.3486473780000000078, -0.3487353858999999723, -0.1050000000000000100 ) ) ;
#3867 = PRESENTATION_LAYER_ASSIGNMENT (  '', '', ( #79 ) ) ;
#3868 = CARTESIAN_POINT ( 'NONE',  ( -0.1386473779999999878, 0.3112646140999998923, -0.1051000000000000129 ) ) ;
#3869 = FILL_AREA_STYLE ('',( #2186 ) ) ;
#3870 = ORIENTED_EDGE ( 'NONE', *, *, #3132, .F. ) ;
#3871 = CARTESIAN_POINT ( 'NONE',  ( -0.3043485983737845291, 0.05258239270392824766, 0.06000043879331965618 ) ) ;
#3872 = CARTESIAN_POINT ( 'NONE',  ( 0.2855114386509256530, -0.1225525555331775235, 0.06000043879331965618 ) ) ;
#3873 = EDGE_LOOP ( 'NONE', ( #4908, #438, #386 ) ) ;
#3874 =( BOUNDED_SURFACE ( )  B_SPLINE_SURFACE ( 3, 3, ( 
 ( #1888, #4409, #3551, #1917, #632, #2242, #2314 ),
 ( #4000, #3577, #1001, #3630, #4073, #2038, #4900 ),
 ( #5273, #1963, #5350, #1129, #4134, #5325, #1073 ),
 ( #2796, #1102, #2340, #296, #4875, #3652, #713 ) ),
 .UNSPECIFIED., .F., .F., .T. ) 
 B_SPLINE_SURFACE_WITH_KNOTS ( ( 4, 4 ),
 ( 4, 3, 4 ),
 ( 0.000000000000000000, 1.000000000000000000 ),
 ( 0.000000000000000000, 0.5000000000000000000, 1.000000000000000000 ),
 .UNSPECIFIED. ) 
 GEOMETRIC_REPRESENTATION_ITEM ( )  RATIONAL_B_SPLINE_SURFACE ( (
 ( 1.000000000000000000, 0.8047378540760219412, 0.8047378540760219412, 1.000000000000000000, 0.8047378540760219412, 0.8047378540760219412, 1.000000000000000000),
 ( 0.8065336341146810417, 0.6490481459575839773, 0.6490481459575839773, 0.8065336341146810417, 0.6490481459575839773, 0.6490481459575839773, 0.8065336341146810417),
 ( 0.8065336341146810417, 0.6490481459575839773, 0.6490481459575839773, 0.8065336341146810417, 0.6490481459575839773, 0.6490481459575839773, 0.8065336341146810417),
 ( 1.000000000000000000, 0.8047378540760219412, 0.8047378540760219412, 1.000000000000000000, 0.8047378540760219412, 0.8047378540760219412, 1.000000000000000000) ) ) 
 REPRESENTATION_ITEM ( '' )  SURFACE ( )  );
#3875 = CARTESIAN_POINT ( 'NONE',  ( 0.3112947042000000497, 0.07998006359999999815, 0.05247108570000000305 ) ) ;
#3876 = CARTESIAN_POINT ( 'NONE',  ( 0.1393130137000000157, 0.2842602893999999769, 0.05885548650000001214 ) ) ;
#3877 = PRESENTATION_LAYER_ASSIGNMENT (  '', '', ( #2453 ) ) ;
#3878 = CARTESIAN_POINT ( 'NONE',  ( -0.2825688606026056648, 0.1249783696397759325, 0.06000105381493271023 ) ) ;
#3879 = PRESENTATION_STYLE_ASSIGNMENT (( #4646 ) ) ;
#3880 = CARTESIAN_POINT ( 'NONE',  ( 0.1544301620999999902, 0.2727275296000000182, 0.05999716119999999597 ) ) ;
#3881 = CARTESIAN_POINT ( 'NONE',  ( -0.3178108272999999873, -0.02540164879999999917, 0.05000000000000000278 ) ) ;
#3882 = CARTESIAN_POINT ( 'NONE',  ( -0.07169995789999999980, 0.3125469362000000140, 0.05371144409999999841 ) ) ;
#3883 = CARTESIAN_POINT ( 'NONE',  ( -0.1511439750000000137, 0.2716973036000000508, 0.05999996820000000342 ) ) ;
#3884 = CARTESIAN_POINT ( 'NONE',  ( -0.1786856959466652794, 0.2157844749726418876, -0.1051000000000000545 ) ) ;
#3885 = CARTESIAN_POINT ( 'NONE',  ( 0.3085562019118628929, 0.03981565158896511331, 0.06000067408997947910 ) ) ;
#3886 = CARTESIAN_POINT ( 'NONE',  ( -0.3486473780000000078, -0.3287353858961812314, -0.0001000000030000006840 ) ) ;
#3887 = CARTESIAN_POINT ( 'NONE',  ( 0.1398383066999999980, 0.2853378134000000288, 0.05809689739999999991 ) ) ;
#3888 = CARTESIAN_POINT ( 'NONE',  ( 0.2819528482000000502, 0.1509180681000000246, 0.05614168759999999675 ) ) ;
#3889 = CARTESIAN_POINT ( 'NONE',  ( -0.3058504152957500777, 0.04193064950277038128, 0.06000159328483291310 ) ) ;
#3890 = CARTESIAN_POINT ( 'NONE',  ( -0.07095537009999999811, 0.3093741937999999747, 0.05809689739999999991 ) ) ;
#3891 = EDGE_CURVE ( 'NONE', #3033, #1056, #3301, .T. ) ;
#3892 = CARTESIAN_POINT ( 'NONE',  ( 0.02792682218953975587, -0.3070703512242797251, 0.06000181326502192908 ) ) ;
#3893 = CARTESIAN_POINT ( 'NONE',  ( 0.001352622000000000156, -0.3175253757000000010, 0.05495180240000000632 ) ) ;
#3894 = CARTESIAN_POINT ( 'NONE',  ( -0.1386473779999999878, 0.3512646140999999833, -0.1051000000000000267 ) ) ;
#3895 = CARTESIAN_POINT ( 'NONE',  ( -0.2284851054854315500, -0.1585059138977214510, -0.1051000000000000545 ) ) ;
#3896 =( LENGTH_UNIT ( ) NAMED_UNIT ( * ) SI_UNIT ( .CENTI., .METRE. ) );
#3897 = ORIENTED_EDGE ( 'NONE', *, *, #2623, .F. ) ;
#3898 = CARTESIAN_POINT ( 'NONE',  ( -0.3075497073088960254, -0.02454432728135854877, 0.06000043879331965618 ) ) ;
#3899 = CARTESIAN_POINT ( 'NONE',  ( -0.1086473780411110202, 0.3412646141737130101, -0.1051000000000000267 ) ) ;
#3900 = CARTESIAN_POINT ( 'NONE',  ( 0.3110646068741892978, 0.01416928009817684797, 0.06000043879331965618 ) ) ;
#3901 = ORIENTED_EDGE ( 'NONE', *, *, #2554, .F. ) ;
#3902 = CARTESIAN_POINT ( 'NONE',  ( 0.3145240559999999963, -0.06473526270000000415, 0.05247108570000000305 ) ) ;
#3903 = CARTESIAN_POINT ( 'NONE',  ( 0.2078264924000000069, -0.2389192759000000055, 0.05809689739999999991 ) ) ;
#3904 =( GEOMETRIC_REPRESENTATION_CONTEXT ( 3 ) GLOBAL_UNCERTAINTY_ASSIGNED_CONTEXT ( ( #51 ) ) GLOBAL_UNIT_ASSIGNED_CONTEXT ( ( #5309, #2754, #4447 ) ) REPRESENTATION_CONTEXT ( 'NONE', 'WORKASPACE' ) );
#3905 = CARTESIAN_POINT ( 'NONE',  ( -0.3286473780000003786, -0.3370196571000003138, -0.0001000000000000000048 ) ) ;
#3906 =( BOUNDED_CURVE ( )  B_SPLINE_CURVE ( 3, ( #4166, #2175, #2881, #962 ),
 .UNSPECIFIED., .F., .T. ) 
 B_SPLINE_CURVE_WITH_KNOTS ( ( 4, 4 ),
 ( 0.000000000000000000, 0.002643679619656735553 ),
 .UNSPECIFIED. ) 
 CURVE ( )  GEOMETRIC_REPRESENTATION_ITEM ( )  RATIONAL_B_SPLINE_CURVE ( ( 0.9862292747462950704, 0.7942779048380389506, 0.6583662348552405952, 0.5784942647979000041 ) ) 
 REPRESENTATION_ITEM ( '' )  );
#3907 = CARTESIAN_POINT ( 'NONE',  ( -0.2317971309519911705, -0.2022115340906694425, 0.06000105381493271023 ) ) ;
#3908 = CARTESIAN_POINT ( 'NONE',  ( 0.3246859553744445015, 0.3512646140999999833, -0.1051000000000000267 ) ) ;
#3909 = STYLED_ITEM ( 'NONE', ( #1234 ), #3602 ) ;
#3910 = CARTESIAN_POINT ( 'NONE',  ( 0.1209162218999999955, 0.2890655752999999883, 0.05999716119999999597 ) ) ;
#3911 = CARTESIAN_POINT ( 'NONE',  ( -0.1899213718999999967, -0.2537673777999999714, 0.05495180240000000632 ) ) ;
#3912 = CARTESIAN_POINT ( 'NONE',  ( -0.08575272670000000375, 0.2999115243000000097, 0.05999716119999999597 ) ) ;
#3913 = CARTESIAN_POINT ( 'NONE',  ( -0.1850125755637322122, 0.2151093117336088656, -0.1051000000000000267 ) ) ;
#3914 = CARTESIAN_POINT ( 'NONE',  ( 0.1871204339168882624, -0.2464258016139385388, 0.06000067408997947910 ) ) ;
#3915 = PRESENTATION_STYLE_ASSIGNMENT (( #961 ) ) ;
#3916 = UNCERTAINTY_MEASURE_WITH_UNIT (LENGTH_MEASURE( 1.000000000000000082E-05 ), #5349, 'distance_accuracy_value', 'NONE');
#3917 = CARTESIAN_POINT ( 'NONE',  ( 0.2409663359512567160, 0.2424298684698674711, 4.947954361189391479E-05 ) ) ;
#3918 = CARTESIAN_POINT ( 'NONE',  ( 0.3313526219961812069, -0.3487353859000000278, -0.0001000000030000006840 ) ) ;
#3919 = CARTESIAN_POINT ( 'NONE',  ( 0.3054191055000000099, -0.08937756210000000201, 0.05711929249999999486 ) ) ;
#3920 = CARTESIAN_POINT ( 'NONE',  ( 0.2938404517000000049, -0.1261817754000000014, 0.05495180240000000632 ) ) ;
#3921 = CARTESIAN_POINT ( 'NONE',  ( -0.2833308267999999908, -0.1365207170999999942, 0.05809689739999999991 ) ) ;
#3922 =( NAMED_UNIT ( * ) PLANE_ANGLE_UNIT ( ) SI_UNIT ( $, .RADIAN. ) );
#3923 = CARTESIAN_POINT ( 'NONE',  ( -0.3286473779961812114, 0.3512646140999999833, -0.0001000000030000006840 ) ) ;
#3924 = SURFACE_STYLE_USAGE ( .BOTH. , #1391 ) ;
#3925 = CARTESIAN_POINT ( 'NONE',  ( -0.2743283529112989783, -0.08873538605000001744, -0.1050500000000000184 ) ) ;
#3926 = CARTESIAN_POINT ( 'NONE',  ( 0.001352621999999999939, -0.2744800230000003505, 0.2157216350999998922 ) ) ;
#3927 = CARTESIAN_POINT ( 'NONE',  ( -0.08864737799999999890, -0.2127065868000000137, -0.1051000000000000267 ) ) ;
#3928 = ORIENTED_EDGE ( 'NONE', *, *, #1436, .F. ) ;
#3929 = CARTESIAN_POINT ( 'NONE',  ( -0.2918384501301310996, 0.1018425429202828303, 0.06000043879331965618 ) ) ;
#3930 = SURFACE_STYLE_FILL_AREA ( #608 ) ;
#3931 = CARTESIAN_POINT ( 'NONE',  ( 0.07221472414915211524, 0.3032131519226256011, 0.06000043879331965618 ) ) ;
#3932 = ORIENTED_EDGE ( 'NONE', *, *, #214, .T. ) ;
#3933 = MECHANICAL_DESIGN_GEOMETRIC_PRESENTATION_REPRESENTATION (  '', ( #1021 ), #53 ) ;
#3934 = CARTESIAN_POINT ( 'NONE',  ( 0.1932215301000000107, -0.2545605965999999665, 0.05247108570000000305 ) ) ;
#3935 = CARTESIAN_POINT ( 'NONE',  ( 0.3108514933000000036, 0.06649051010000001094, 0.05809689739999999991 ) ) ;
#3936 =( NAMED_UNIT ( * ) SI_UNIT ( $, .STERADIAN. ) SOLID_ANGLE_UNIT ( ) );
#3937 = CARTESIAN_POINT ( 'NONE',  ( -0.1678151865912430041, -0.2586761651038883003, 0.06000105381493271023 ) ) ;
#3938 = CARTESIAN_POINT ( 'NONE',  ( 0.001352621999999999072, 0.3316225658000001020, 0.01170255740000001286 ) ) ;
#3939 = CARTESIAN_POINT ( 'NONE',  ( 0.2867762464999999983, 0.1256329014000000244, 0.05999716119999999597 ) ) ;
#3940 = CARTESIAN_POINT ( 'NONE',  ( -0.3048846072999999990, 0.09255388940000000564, 0.05371144409999999841 ) ) ;
#3941 = CARTESIAN_POINT ( 'NONE',  ( -0.1016805620000000299, -0.2927366774000000338, 0.05999716119999999597 ) ) ;
#3942 =( NAMED_UNIT ( * ) SI_UNIT ( $, .STERADIAN. ) SOLID_ANGLE_UNIT ( ) );
#3943 = CARTESIAN_POINT ( 'NONE',  ( 0.1537518240537236180, -0.2689953581124078230, 0.06000043879331965618 ) ) ;
#3944 = CARTESIAN_POINT ( 'NONE',  ( -0.1319807113288888611, 0.3512646140999999833, -0.1051000000000000267 ) ) ;
#3945 = CARTESIAN_POINT ( 'NONE',  ( 0.2937893383118849733, 0.2315824286838182311, -0.000000000000000000 ) ) ;
#3946 = CARTESIAN_POINT ( 'NONE',  ( 0.001352622000000000156, 0.3172960484000000303, 0.05809689739999999991 ) ) ;
#3947 = CARTESIAN_POINT ( 'NONE',  ( -0.2886042500000000066, -0.1250789555000000053, 0.05809689739999999991 ) ) ;
#3948 = CARTESIAN_POINT ( 'NONE',  ( 0.1703458130134367920, 0.2609370783698662377, 0.06000181326502192908 ) ) ;
#3949 = DIRECTION ( 'NONE',  ( 1.000000000000000000, 0.000000000000000000, 0.000000000000000000 ) ) ;
#3950 = FILL_AREA_STYLE_COLOUR ( '', #1287 ) ;
#3951 = CARTESIAN_POINT ( 'NONE',  ( 0.3433906022754383836, -0.3187353857999634665, 0.000000000000000000 ) ) ;
#3952 = B_SPLINE_CURVE_WITH_KNOTS ( 'NONE', 3,
 ( #5236, #1464, #3126, #4818, #2303, #930, #2734, #5289, #2330, #1905, #5315, #4018, #3592, #259, #286, #1509, #3152, #3564, #3177, #2003, #4453, #3252, #1174, #4042, #1954, #3619, #4842, #675, #1064, #1534, #1558, #237, #5366, #4065, #2353, #4424, #1090, #1977, #3224, #4864, #4917, #2759, #3644, #3200, #729, #1929, #4890, #2784, #5264, #5340, #3667, #1117, #646, #1586, #208, #4480, #703, #2432, #1485, #2377, #1143 ),
 .UNSPECIFIED., .F., .F.,
 ( 4, 3, 3, 3, 3, 3, 3, 3, 3, 3, 3, 3, 3, 3, 3, 3, 3, 3, 3, 3, 4 ),
 ( 0.000000000000000000, 0.06250000000000000000, 0.1250000000000000000, 0.1875000000000000000, 0.2500000000000000000, 0.3125000000000000000, 0.3750000000000000000, 0.4062500000000000000, 0.4375000000000000000, 0.4687500000000000000, 0.5000000000000000000, 0.5312500000000000000, 0.5625000000000000000, 0.5937500000000000000, 0.6250000000000000000, 0.6875000000000000000, 0.7500000000000000000, 0.8125000000000000000, 0.8750000000000000000, 0.9375000000000000000, 1.000000000000000000 ),
 .UNSPECIFIED. ) ;
#3953 = CARTESIAN_POINT ( 'NONE',  ( 0.3513526219999999478, 0.3312646140990452848, -0.1051000000000000267 ) ) ;
#3954 = CARTESIAN_POINT ( 'NONE',  ( 0.001352621999999999505, -0.3187353859000000011, 0.04000000000000000083 ) ) ;
#3955 = ORIENTED_EDGE ( 'NONE', *, *, #4666, .F. ) ;
#3956 = CARTESIAN_POINT ( 'NONE',  ( -0.1844745688779255155, -0.2465049737092923632, 0.06000043879331965618 ) ) ;
#3957 = CARTESIAN_POINT ( 'NONE',  ( -0.1469316492000002083, -0.3287353859000000655, -0.1050999999999999851 ) ) ;
#3958 = CARTESIAN_POINT ( 'NONE',  ( 0.07223736737457606139, -0.3007804081113127914, 0.06000020349665982633 ) ) ;
#3959 = AXIS2_PLACEMENT_3D ( 'NONE', #3297, #1219, #4075 ) ;
#3960 = CARTESIAN_POINT ( 'NONE',  ( 0.07451863229999999838, 0.3130302709000000183, 0.05247108570000000305 ) ) ;
#3961 = EDGE_CURVE ( 'NONE', #882, #1694, #3039, .T. ) ;
#3962 = CARTESIAN_POINT ( 'NONE',  ( -0.1819807113016978228, -0.3487353858999999723, -9.999999999999999124E-05 ) ) ;
#3963 = CARTESIAN_POINT ( 'NONE',  ( 0.08881211249999999835, 0.3011257244000000166, 0.05980818360000000194 ) ) ;
#3964 = CARTESIAN_POINT ( 'NONE',  ( -0.2388316168999999878, -0.2083507217000000189, 0.05495180240000000632 ) ) ;
#3965 = CARTESIAN_POINT ( 'NONE',  ( -0.2970243081000000229, -0.08768150710000000014, 0.05999716119999999597 ) ) ;
#3966 = CARTESIAN_POINT ( 'NONE',  ( -0.1786473779973334064, 0.3512646140999999833, -0.1051000000000000267 ) ) ;
#3967 = EDGE_CURVE ( 'NONE', #4391, #4234, #809, .T. ) ;
#3968 = CARTESIAN_POINT ( 'NONE',  ( -0.3286473779946666451, -0.3487353859000000278, -0.1051000000000000267 ) ) ;
#3969 = STYLED_ITEM ( 'NONE', ( #1071 ), #4493 ) ;
#3970 = SURFACE_STYLE_FILL_AREA ( #3179 ) ;
#3971 = CARTESIAN_POINT ( 'NONE',  ( 0.2516791672870430929, 0.2312889359852038917, 4.947955007314934820E-05 ) ) ;
#3972 = PRESENTATION_STYLE_ASSIGNMENT (( #3083 ) ) ;
#3973 = CARTESIAN_POINT ( 'NONE',  ( 0.1707159413697116879, 0.2615058121128713831, 0.06000020349665982633 ) ) ;
#3974 = CARTESIAN_POINT ( 'NONE',  ( -0.3027138614000000061, 0.09190679029999999916, 0.05711929249999999486 ) ) ;
#3975 = CARTESIAN_POINT ( 'NONE',  ( 0.1037906613745608747, 0.2935676830183657215, 0.06000143354000778140 ) ) ;
#3976 = CARTESIAN_POINT ( 'NONE',  ( -0.3286473779961812114, 0.3512646140999999833, -0.0001000000030000006840 ) ) ;
#3977 = CARTESIAN_POINT ( 'NONE',  ( -0.08864737815000001131, -0.2744163608386165354, -0.1050500000000000184 ) ) ;
#3978 = PRESENTATION_STYLE_ASSIGNMENT (( #1473 ) ) ;
#3979 = CARTESIAN_POINT ( 'NONE',  ( -0.2468702880269992017, -0.1853336118045217362, 0.06000043879331965618 ) ) ;
#3980 = CARTESIAN_POINT ( 'NONE',  ( -0.2551157585000000116, 0.1940612613999999903, 0.05000000000000000278 ) ) ;
#3981 = EDGE_CURVE ( 'NONE', #3636, #1573, #2769, .T. ) ;
#3982 = CARTESIAN_POINT ( 'NONE',  ( 0.3082749100000000131, 0.09275810520000001003, 0.05118824680000000349 ) ) ;
#3983 = ORIENTED_EDGE ( 'NONE', *, *, #4730, .T. ) ;
#3984 = CARTESIAN_POINT ( 'NONE',  ( -0.3086473780633335329, 0.3479312808066666318, -0.1051000000000000267 ) ) ;
#3985 = CARTESIAN_POINT ( 'NONE',  ( 0.2879366851999999866, 0.1261385419000000119, 0.05980818360000000194 ) ) ;
#3986 = CARTESIAN_POINT ( 'NONE',  ( -0.3154484155000000234, -0.03849081020000000297, 0.05371144409999999841 ) ) ;
#3987 = CARTESIAN_POINT ( 'NONE',  ( -0.2731390233000000056, 0.1476601583000000106, 0.05999716119999999597 ) ) ;
#3988 = CARTESIAN_POINT ( 'NONE',  ( -0.3186473778999632800, -0.3407733661755716903, 0.000000000000000000 ) ) ;
#3989 = CARTESIAN_POINT ( 'NONE',  ( -0.3153140447088890186, -0.3487353858999999723, -0.1051000000000000267 ) ) ;
#3990 = CARTESIAN_POINT ( 'NONE',  ( -0.3286473779971358922, -0.3487353859000000278, -0.0001000000030000006840 ) ) ;
#3991 = CARTESIAN_POINT ( 'NONE',  ( -0.02522157809614772664, 0.3095995795009505724, 0.06000181326483916555 ) ) ;
#3992 = PLANE ( 'NONE',  #2667 ) ;
#3993 = CARTESIAN_POINT ( 'NONE',  ( 0.1707700423000000078, -0.2590597145999999906, 0.05999996820000000342 ) ) ;
#3994 = CARTESIAN_POINT ( 'NONE',  ( -0.2774986435000000307, -0.1474560607999999828, 0.05809689739999999991 ) ) ;
#3995 = CARTESIAN_POINT ( 'NONE',  ( 0.01423320061625064914, 0.3103985000445166897, 0.06000181326502192908 ) ) ;
#3996 = SURFACE_STYLE_FILL_AREA ( #3546 ) ;
#3997 = EDGE_CURVE ( 'NONE', #2022, #3092, #5387, .T. ) ;
#3998 = CARTESIAN_POINT ( 'NONE',  ( 0.2394464161231072141, -0.1464215764603890302, -0.1050000000000000100 ) ) ;
#3999 = MECHANICAL_DESIGN_GEOMETRIC_PRESENTATION_REPRESENTATION (  '', ( #919 ), #1457 ) ;
#4000 = CARTESIAN_POINT ( 'NONE',  ( 0.001352621999999999939, 0.2548688158999998232, 0.2376937047000002023 ) ) ;
#4001 = CARTESIAN_POINT ( 'NONE',  ( -0.2957970204826874117, -0.08731565277258793167, 0.06000020349665982633 ) ) ;
#4002 = CARTESIAN_POINT ( 'NONE',  ( 0.001352622027940687897, -0.3081732468472911379, 0.05994361438772570494 ) ) ;
#4003 = CARTESIAN_POINT ( 'NONE',  ( -0.02615566629999999809, 0.3204376112000000276, 0.05000000000000000278 ) ) ;
#4004 = B_SPLINE_CURVE_WITH_KNOTS ( 'NONE', 3,
 ( #4263, #358, #3685, #5384, #1353, #489 ),
 .UNSPECIFIED., .F., .F.,
 ( 4, 2, 4 ),
 ( 0.000000000000000000, 0.5000000000000000000, 1.000000000000000000 ),
 .UNSPECIFIED. ) ;
#4005 = FACE_OUTER_BOUND ( 'NONE', #2831, .T. ) ;
#4006 =( GEOMETRIC_REPRESENTATION_CONTEXT ( 3 ) GLOBAL_UNCERTAINTY_ASSIGNED_CONTEXT ( ( #1215 ) ) GLOBAL_UNIT_ASSIGNED_CONTEXT ( ( #3656, #1078, #2774 ) ) REPRESENTATION_CONTEXT ( 'NONE', 'WORKASPACE' ) );
#4007 = CARTESIAN_POINT ( 'NONE',  ( 0.3147380263999999817, -0.06478035629999999434, 0.05118824680000000349 ) ) ;
#4008 = ORIENTED_EDGE ( 'NONE', *, *, #1328, .T. ) ;
#4009 = CARTESIAN_POINT ( 'NONE',  ( -0.2909363147000000316, -0.1123375637000000038, 0.05933362749999999269 ) ) ;
#4010 = ORIENTED_EDGE ( 'NONE', *, *, #590, .F. ) ;
#4011 = COLOUR_RGB ( '',0.2980392156862745057, 0.2980392156862745057, 0.2980392156862745057 ) ;
#4012 = CARTESIAN_POINT ( 'NONE',  ( -0.08864737815000001131, -0.2744163608386165354, -0.1050500000000000184 ) ) ;
#4013 = CARTESIAN_POINT ( 'NONE',  ( 0.02869015179999999735, 0.3184563344999999934, 0.05614168759999999675 ) ) ;
#4014 = CARTESIAN_POINT ( 'NONE',  ( 0.1387681776999999950, -0.2806134489000000065, 0.05933362749999999269 ) ) ;
#4015 = B_SPLINE_CURVE_WITH_KNOTS ( 'NONE', 3,
 ( #4239, #4691, #469, #912 ),
 .UNSPECIFIED., .F., .F.,
 ( 4, 4 ),
 ( 0.000000000000000000, 1.000000000000000000 ),
 .UNSPECIFIED. ) ;
#4016 = CARTESIAN_POINT ( 'NONE',  ( -0.2242166609000000033, 0.2291341956999999874, 0.05247108570000000305 ) ) ;
#4017 = CARTESIAN_POINT ( 'NONE',  ( -0.2018931918000000381, -0.2351641897000000259, 0.05999716119999999597 ) ) ;
#4018 = CARTESIAN_POINT ( 'NONE',  ( 0.1762859553999999995, -0.2675353859000000334, 0.05000000000000003053 ) ) ;
#4019 = EDGE_CURVE ( 'NONE', #1785, #4696, #2440, .T. ) ;
#4020 = CARTESIAN_POINT ( 'NONE',  ( 0.001352622000000000156, 0.3200546040000000758, 0.05495180240000000632 ) ) ;
#4021 = CARTESIAN_POINT ( 'NONE',  ( -0.3486473780000000078, -0.1387353859000000078, -9.999999999999999124E-05 ) ) ;
#4022 = CARTESIAN_POINT ( 'NONE',  ( 0.2038270999000000028, -0.2342669213999999944, 0.05999996820000000342 ) ) ;
#4023 = APPLICATION_CONTEXT ( 'automotive_design' ) ;
#4024 = CARTESIAN_POINT ( 'NONE',  ( -0.3017632869000000384, -0.08909419600000001438, 0.05809689739999999991 ) ) ;
#4025 = CARTESIAN_POINT ( 'NONE',  ( 0.2492402096453524840, 0.1876107658071644035, 0.06000143354000778140 ) ) ;
#4026 = CARTESIAN_POINT ( 'NONE',  ( -0.3386473781200000088, -0.3087353859633334419, -0.1050500000000000184 ) ) ;
#4027 = CARTESIAN_POINT ( 'NONE',  ( 0.3413526221200000044, 0.3112646142233334023, -0.1050500000000000184 ) ) ;
#4028 = FILL_AREA_STYLE ('',( #1496 ) ) ;
#4029 = CARTESIAN_POINT ( 'NONE',  ( -0.3020543461513933159, 0.06520666113989799506, 0.06000020349665982633 ) ) ;
#4030 = FACE_OUTER_BOUND ( 'NONE', #1135, .T. ) ;
#4031 = CARTESIAN_POINT ( 'NONE',  ( -0.3178108272999999873, -0.02540164879999999917, 0.05000000000000000278 ) ) ;
#4032 = CARTESIAN_POINT ( 'NONE',  ( -0.3486473779999999523, -0.1187353858866665862, -0.1050499999987499627 ) ) ;
#4033 = CARTESIAN_POINT ( 'NONE',  ( 0.3042829175000000275, -0.1026543130999999914, 0.05118824680000000349 ) ) ;
#4034 = B_SPLINE_CURVE_WITH_KNOTS ( 'NONE', 3,
 ( #4924, #1152, #2819, #4515 ),
 .UNSPECIFIED., .F., .F.,
 ( 4, 4 ),
 ( 0.000000000000000000, 1.000000000000000000 ),
 .UNSPECIFIED. ) ;
#4035 = CARTESIAN_POINT ( 'NONE',  ( -0.2994210006999999951, 0.09092518900000000348, 0.05933362749999999269 ) ) ;
#4036 = VERTEX_POINT ( 'NONE', #3614 ) ;
#4037 = DIRECTION ( 'NONE',  ( 0.000000000000000000, -1.000000000000000000, 0.000000000000000000 ) ) ;
#4038 = CARTESIAN_POINT ( 'NONE',  ( 0.2415368609999999916, -0.2083507217000000189, 0.05495180240000000632 ) ) ;
#4039 = CARTESIAN_POINT ( 'NONE',  ( 0.01441884480000000038, -0.3123247309000000138, 0.05933362749999999269 ) ) ;
#4040 = CARTESIAN_POINT ( 'NONE',  ( -0.1387763556999999925, 0.2887086710999999806, 0.05247108570000000305 ) ) ;
#4041 = CARTESIAN_POINT ( 'NONE',  ( -0.07011427589999999488, -0.3032610024000000348, 0.05980818360000000194 ) ) ;
#4042 = CARTESIAN_POINT ( 'NONE',  ( 0.3082749100000000131, -0.09022887699999999900, 0.05000000000000003053 ) ) ;
#4043 = CARTESIAN_POINT ( 'NONE',  ( -0.3369316492000000163, -0.3287353859000000655, -9.999999999999999124E-05 ) ) ;
#4044 = CARTESIAN_POINT ( 'NONE',  ( -0.2006148501239121418, 0.2362063674923658430, 0.06000181326483916555 ) ) ;
#4045 = FILL_AREA_STYLE ('',( #1590 ) ) ;
#4046 = CARTESIAN_POINT ( 'NONE',  ( 0.3087525918372876488, -0.03731106839632170047, 0.06000020349665982633 ) ) ;
#4047 =( BOUNDED_CURVE ( )  B_SPLINE_CURVE ( 3, ( #4359, #5408, #1154, #2013 ),
 .UNSPECIFIED., .F., .T. ) 
 B_SPLINE_CURVE_WITH_KNOTS ( ( 4, 4 ),
 ( 0.000000000000000000, 1.000000000000000000 ),
 .UNSPECIFIED. ) 
 CURVE ( )  GEOMETRIC_REPRESENTATION_ITEM ( )  RATIONAL_B_SPLINE_CURVE ( ( 1.000000000000000000, 0.8047378540336930230, 0.8047378540336930230, 1.000000000000000000 ) ) 
 REPRESENTATION_ITEM ( '' )  );
#4048 = CARTESIAN_POINT ( 'NONE',  ( -0.3132027887000000121, -0.03820900609999999809, 0.05711929249999999486 ) ) ;
#4049 = CARTESIAN_POINT ( 'NONE',  ( 0.2980060549297530170, 0.08969696092005198518, 0.06000143354000778140 ) ) ;
#4050 = CARTESIAN_POINT ( 'NONE',  ( -0.3486473779999999523, -0.1987353859666666778, -0.1050499999987500044 ) ) ;
#4051 = SURFACE_STYLE_FILL_AREA ( #2364 ) ;
#4052 = CARTESIAN_POINT ( 'NONE',  ( -0.08818620169999999425, -0.3057256387000000242, 0.05247108570000000305 ) ) ;
#4053 = CARTESIAN_POINT ( 'NONE',  ( -0.3286473780021572089, -0.1587353858946666252, -0.1051000000000000267 ) ) ;
#4054 = CARTESIAN_POINT ( 'NONE',  ( -0.2869057401000000285, -0.1382509567999999911, 0.05000000000000000278 ) ) ;
#4055 = CARTESIAN_POINT ( 'NONE',  ( -0.1986473780666667133, 0.3512646140999999833, -0.1050499999987500044 ) ) ;
#4056 = CARTESIAN_POINT ( 'NONE',  ( 0.2578210026000000155, 0.1940612613999999903, 0.05118824680000000349 ) ) ;
#4057 = ORIENTED_EDGE ( 'NONE', *, *, #748, .F. ) ;
#4058 = CARTESIAN_POINT ( 'NONE',  ( -0.3114169312000000245, -0.02486743569999999917, 0.05933362749999999269 ) ) ;
#4059 = VERTEX_POINT ( 'NONE', #364 ) ;
#4060 = CARTESIAN_POINT ( 'NONE',  ( -0.08864737814999998355, 0.2769455890386165464, -0.1050500000000000184 ) ) ;
#4061 = CARTESIAN_POINT ( 'NONE',  ( 0.3176617560000000173, 0.04095830930000000231, 0.05495180240000000632 ) ) ;
#4062 = CARTESIAN_POINT ( 'NONE',  ( 0.3040970123000000247, -0.07562285009999999974, 0.05980818360000000194 ) ) ;
#4063 = CARTESIAN_POINT ( 'NONE',  ( -0.3175929118999999967, 0.02791267010000000187, 0.05247108570000000305 ) ) ;
#4064 = CARTESIAN_POINT ( 'NONE',  ( -0.2627263306000000020, 0.1698716398000000016, 0.05980818360000000194 ) ) ;
#4065 = CARTESIAN_POINT ( 'NONE',  ( 0.3188623496999999918, 0.04110897210000000190, 0.05000000000000003053 ) ) ;
#4066 = SURFACE_SIDE_STYLE ('',( #1620 ) ) ;
#4067 = B_SPLINE_CURVE_WITH_KNOTS ( 'NONE', 3,
 ( #1316, #2536, #2918, #4225 ),
 .UNSPECIFIED., .F., .F.,
 ( 4, 4 ),
 ( 0.000000000000000000, 1.000000000000000000 ),
 .UNSPECIFIED. ) ;
#4068 = CARTESIAN_POINT ( 'NONE',  ( -0.2315564701779185830, -0.2020015029026192566, 0.06000181326483916555 ) ) ;
#4069 = CARTESIAN_POINT ( 'NONE',  ( 0.2496548490634996065, 0.1879224654522608784, 0.06000020349665982633 ) ) ;
#4070 = CARTESIAN_POINT ( 'NONE',  ( -0.2527294099999999877, -0.1897381278000000171, 0.05711929249999999486 ) ) ;
#4071 = CARTESIAN_POINT ( 'NONE',  ( 0.2980060549297530170, -0.08716773272005197415, 0.06000143354000778140 ) ) ;
#4072 = AXIS2_PLACEMENT_3D ( 'NONE', #4779, #4404, #166 ) ;
#4073 = CARTESIAN_POINT ( 'NONE',  ( -0.3221853575999996666, -0.2359103861999999052, 0.08813256519999999872 ) ) ;
#4074 = CARTESIAN_POINT ( 'NONE',  ( -0.3120327823000000333, -0.06478035629999999434, 0.05118824680000000349 ) ) ;
#4075 = DIRECTION ( 'NONE',  ( 5.293955920339377119E-19, -1.000000000000000000, 1.694065894508600678E-17 ) ) ;
#4076 = CARTESIAN_POINT ( 'NONE',  ( -0.2243707782000000095, -0.2267606564000000380, 0.05000000000000000278 ) ) ;
#4077 = VERTEX_POINT ( 'NONE', #2779 ) ;
#4078 = EDGE_CURVE ( 'NONE', #3063, #2580, #4826, .T. ) ;
#4079 = STYLED_ITEM ( 'NONE', ( #826 ), #1778 ) ;
#4080 = ADVANCED_FACE ( 'NONE', ( #2025 ), #5390, .F. ) ;
#4081 = CARTESIAN_POINT ( 'NONE',  ( 0.1933526220000000018, 0.2572646141000000108, 0.05000000000000000278 ) ) ;
#4082 = ORIENTED_EDGE ( 'NONE', *, *, #4252, .F. ) ;
#4083 = CARTESIAN_POINT ( 'NONE',  ( -0.1025081689999999962, -0.2950982228999999846, 0.05933362749999999269 ) ) ;
#4084 = ORIENTED_EDGE ( 'NONE', *, *, #2749, .T. ) ;
#4085 = ADVANCED_FACE ( 'NONE', ( #1085 ), #663, .T. ) ;
#4086 = CARTESIAN_POINT ( 'NONE',  ( -0.1386473779999999323, -0.3370196571000003138, -0.1050999999999999851 ) ) ;
#4087 = CARTESIAN_POINT ( 'NONE',  ( 0.2262224985000000077, 0.2284276568999999979, 0.05495180240000000632 ) ) ;
#4088 = CARTESIAN_POINT ( 'NONE',  ( 0.1562715561000000142, -0.2734637717999999773, 0.05885548650000001214 ) ) ;
#4089 = CARTESIAN_POINT ( 'NONE',  ( -0.3137983850000000130, -0.05163949140000000104, 0.05371144409999999841 ) ) ;
#4090 = CARTESIAN_POINT ( 'NONE',  ( -0.2027195224999999712, -0.2361254315000000104, 0.05980818360000000194 ) ) ;
#4091 = CARTESIAN_POINT ( 'NONE',  ( 0.3113526219999995792, -0.1787353858999999323, -0.0001000000000000000319 ) ) ;
#4092 = CARTESIAN_POINT ( 'NONE',  ( -0.2714125714368475495, 0.1467393840724238452, 0.06000181326483916555 ) ) ;
#4093 = DIRECTION ( 'NONE',  ( -0.000000000000000000, -0.000000000000000000, -1.000000000000000000 ) ) ;
#4094 = CARTESIAN_POINT ( 'NONE',  ( 0.04264782530000000432, -0.3070729036999999551, 0.05999716119999999597 ) ) ;
#4095 = PRESENTATION_LAYER_ASSIGNMENT (  '', '', ( #1021 ) ) ;
#4096 = CARTESIAN_POINT ( 'NONE',  ( -0.1724948070000000000, 0.2683960294000000135, 0.05614168759999999675 ) ) ;
#4097 = CARTESIAN_POINT ( 'NONE',  ( 0.02795428083987175003, -0.3073889482490453906, 0.06000105381499362678 ) ) ;
#4098 = CARTESIAN_POINT ( 'NONE',  ( -0.3386473781200000088, 0.2579312808899998921, -0.1051000000000000267 ) ) ;
#4099 = FACE_OUTER_BOUND ( 'NONE', #2557, .T. ) ;
#4100 = CARTESIAN_POINT ( 'NONE',  ( 0.2313526221500000479, -0.2687353859799999634, -0.1050500000000000184 ) ) ;
#4101 = CARTESIAN_POINT ( 'NONE',  ( -0.3330512410785852473, 0.3244313508459056861, -0.000000000000000000 ) ) ;
#4102 = CARTESIAN_POINT ( 'NONE',  ( -0.2869057401000000285, -0.1382509567999999911, 0.05118824680000000349 ) ) ;
#4103 = CARTESIAN_POINT ( 'NONE',  ( -0.1388720971000000082, 0.2889050636000000116, 0.05000000000000000278 ) ) ;
#4104 = DIRECTION ( 'NONE',  ( 0.000000000000000000, -1.000000000000000000, 0.000000000000000000 ) ) ;
#4106 = VERTEX_POINT ( 'NONE', #2121 ) ;
#4105 = CARTESIAN_POINT ( 'NONE',  ( 0.1276206515428177923, 0.2195686829434277954, -0.1051000000000000545 ) ) ;
#4107 = B_SPLINE_CURVE_WITH_KNOTS ( 'NONE', 3,
 ( #2016, #4550, #771, #4101, #5378, #1185 ),
 .UNSPECIFIED., .F., .F.,
 ( 4, 2, 4 ),
 ( 0.000000000000000000, 0.5000000000000000000, 1.000000000000000000 ),
 .UNSPECIFIED. ) ;
#4108 = CARTESIAN_POINT ( 'NONE',  ( 0.1073366220000000065, -0.3011567191999999782, 0.05000000000000000278 ) ) ;
#4109 = VERTEX_POINT ( 'NONE', #3240 ) ;
#4110 = EDGE_CURVE ( 'NONE', #5232, #5078, #5017, .T. ) ;
#4111 = CARTESIAN_POINT ( 'NONE',  ( -0.1029199645000000024, 0.2988024938000000130, 0.05885548650000001214 ) ) ;
#4112 = ORIENTED_EDGE ( 'NONE', *, *, #3961, .T. ) ;
#4113 = SURFACE_STYLE_USAGE ( .BOTH. , #4859 ) ;
#4114 = ORIENTED_EDGE ( 'NONE', *, *, #1494, .T. ) ;
#4115 = CARTESIAN_POINT ( 'NONE',  ( 0.3198036901999999904, -0.02534212900000000143, 0.05371144409999999841 ) ) ;
#4116 = CARTESIAN_POINT ( 'NONE',  ( 0.1056252086000000062, -0.2962732656000000020, 0.05885548650000001214 ) ) ;
#4117 = EDGE_CURVE ( 'NONE', #1817, #1605, #2384, .T. ) ;
#4118 = CARTESIAN_POINT ( 'NONE',  ( -0.3081089525999999856, -0.07732880170000000497, 0.05371144409999999841 ) ) ;
#4119 = CARTESIAN_POINT ( 'NONE',  ( -0.3101861354000000071, 0.02729383030000000210, 0.05980818360000000194 ) ) ;
#4120 = CARTESIAN_POINT ( 'NONE',  ( -0.3486473780000000078, 0.3279312807400064922, -9.999999999999999124E-05 ) ) ;
#4121 = B_SPLINE_CURVE_WITH_KNOTS ( 'NONE', 3,
 ( #3629, #1962, #245, #3115, #1519, #631, #2770, #4786, #1000, #4463, #2673, #2268 ),
 .UNSPECIFIED., .F., .F.,
 ( 4, 2, 2, 2, 2, 4 ),
 ( 0.000000000000000000, 0.2499999999999998890, 0.4999999999999997780, 0.6249999999999997780, 0.7499999999999996669, 1.000000000000000000 ),
 .UNSPECIFIED. ) ;
#4122 = MECHANICAL_DESIGN_GEOMETRIC_PRESENTATION_REPRESENTATION (  '', ( #79 ), #2706 ) ;
#4123 =( NAMED_UNIT ( * ) SI_UNIT ( $, .STERADIAN. ) SOLID_ANGLE_UNIT ( ) );
#4124 = CARTESIAN_POINT ( 'NONE',  ( -0.03970405018686021248, 0.3078210998914935881, 0.06000143353988593442 ) ) ;
#4125 = SURFACE_STYLE_USAGE ( .BOTH. , #4947 ) ;
#4126 = CARTESIAN_POINT ( 'NONE',  ( 0.1707700423000000078, 0.2615889428000000017, 0.05999996820000000342 ) ) ;
#4127 = EDGE_CURVE ( 'NONE', #4663, #1817, #740, .T. ) ;
#4128 = CARTESIAN_POINT ( 'NONE',  ( -0.3068759340999999696, 0.07954488229999999438, 0.05614168759999999675 ) ) ;
#4129 = CARTESIAN_POINT ( 'NONE',  ( -0.3020543461513933159, -0.06267743283989798964, 0.06000020349665982633 ) ) ;
#4130 = CARTESIAN_POINT ( 'NONE',  ( 0.2629780835676837070, -0.1657759260239498322, 0.06000105381499362678 ) ) ;
#4131 = DIRECTION ( 'NONE',  ( -0.000000000000000000, 1.000000000000000000, 0.000000000000000000 ) ) ;
#4132 = FILL_AREA_STYLE_COLOUR ( '', #5332 ) ;
#4133 = FACE_OUTER_BOUND ( 'NONE', #5173, .T. ) ;
#4134 = CARTESIAN_POINT ( 'NONE',  ( -0.1878729565999999462, -0.1995043560000000216, 0.2385698856999996786 ) ) ;
#4135 = CARTESIAN_POINT ( 'NONE',  ( -0.1735807112999999957, 0.2700646140999999889, 0.05118824680000000349 ) ) ;
#4136 = CARTESIAN_POINT ( 'NONE',  ( 0.001352621950000000139, 0.3212646141000000122, 0.05000000000000000278 ) ) ;
#4137 = CARTESIAN_POINT ( 'NONE',  ( -0.1388720971000000082, -0.2863758352999999923, 0.05000000000000000278 ) ) ;
#4138 = ORIENTED_EDGE ( 'NONE', *, *, #755, .T. ) ;
#4139 = CARTESIAN_POINT ( 'NONE',  ( 0.3115064681999999974, -0.07750461670000000081, 0.05000000000000000278 ) ) ;
#4140 = ORIENTED_EDGE ( 'NONE', *, *, #3851, .T. ) ;
#4141 = CARTESIAN_POINT ( 'NONE',  ( -0.1509978824305854006, 0.2714382276434643138, 0.06000067408997947910 ) ) ;
#4142 = ORIENTED_EDGE ( 'NONE', *, *, #2129, .F. ) ;
#4143 = EDGE_CURVE ( 'NONE', #3833, #1224, #1814, .T. ) ;
#4144 = CARTESIAN_POINT ( 'NONE',  ( -0.3406953350223220767, -0.1287353860999057853, 0.000000000000000000 ) ) ;
#4145 = ORIENTED_EDGE ( 'NONE', *, *, #3891, .F. ) ;
#4146 = CARTESIAN_POINT ( 'NONE',  ( 0.1929240730000000015, -0.2541639871999999967, 0.05371144409999999841 ) ) ;
#4147 = CARTESIAN_POINT ( 'NONE',  ( 0.001352622000000000156, 0.3148539592000000331, 0.05933362749999999269 ) ) ;
#4148 = CARTESIAN_POINT ( 'NONE',  ( -0.2808075367999999794, -0.1492208039000000042, 0.05247108570000000305 ) ) ;
#4149 = CARTESIAN_POINT ( 'NONE',  ( -0.08610686839999999453, -0.2985964962000000056, 0.05980818360000000194 ) ) ;
#4150 = SURFACE_STYLE_FILL_AREA ( #3757 ) ;
#4151 = CARTESIAN_POINT ( 'NONE',  ( 0.001352621999999999072, -0.3223122028000001138, 0.02526482689999998144 ) ) ;
#4152 = CARTESIAN_POINT ( 'NONE',  ( 0.001352622000000000156, -0.3078692719213863005, 0.06000181326483916555 ) ) ;
#4153 = CARTESIAN_POINT ( 'NONE',  ( -0.1386473779999999878, 0.3512646140999999833, -0.1051000000000000267 ) ) ;
#4154 = CARTESIAN_POINT ( 'NONE',  ( 0.08812739830000000663, 0.2987781326000000237, 0.05999996820000000342 ) ) ;
#4155 = CARTESIAN_POINT ( 'NONE',  ( -0.3141861537000000260, 0.04086163699999999926, 0.05614168759999999675 ) ) ;
#4156 = CARTESIAN_POINT ( 'NONE',  ( -0.2605752053279475899, -0.1659689781846961643, 0.06000020349665982633 ) ) ;
#4157 = CARTESIAN_POINT ( 'NONE',  ( 0.04243049493308711367, 0.3079793977431754537, 0.06000105381499362678 ) ) ;
#4158 = CARTESIAN_POINT ( 'NONE',  ( 0.3313526220000000411, 0.3512646140999999833, -0.05255000000000001337 ) ) ;
#4159 = MECHANICAL_DESIGN_GEOMETRIC_PRESENTATION_REPRESENTATION (  '', ( #1077 ), #4509 ) ;
#4160 = CARTESIAN_POINT ( 'NONE',  ( 0.2313526221500000479, -0.2920687193266666704, -0.1050000000000000100 ) ) ;
#4161 = CARTESIAN_POINT ( 'NONE',  ( 0.001352621999999998638, 0.3412646141000001965, 0.000000000000000000 ) ) ;
#4162 = CARTESIAN_POINT ( 'NONE',  ( -0.2075712999999999864, -0.2417693360000000569, 0.05247108570000000305 ) ) ;
#4163 = CARTESIAN_POINT ( 'NONE',  ( -0.3460731717154478249, -0.1387353858999999801, -0.1051000000000000129 ) ) ;
#4165 = ORIENTED_EDGE ( 'NONE', *, *, #1768, .F. ) ;
#4164 = CARTESIAN_POINT ( 'NONE',  ( -0.2149183598862195732, -0.1914130555380564036, -0.1051000000000000267 ) ) ;
#4166 = CARTESIAN_POINT ( 'NONE',  ( 0.001352621999999999939, 0.3412646141222223095, 0.000000000000000000 ) ) ;
#4167 = CARTESIAN_POINT ( 'NONE',  ( 0.1415773411000000037, 0.2889050636000000116, 0.05000000000000000278 ) ) ;
#4168 = ORIENTED_EDGE ( 'NONE', *, *, #3542, .F. ) ;
#4169 = CARTESIAN_POINT ( 'NONE',  ( -0.1343204989993498077, 0.2795684521941829148, 0.06000067408997947910 ) ) ;
#4170 = EDGE_LOOP ( 'NONE', ( #3684, #4057, #5306, #2070, #3955, #3722, #2753, #3471, #4969, #2939 ) ) ;
#4171 = CARTESIAN_POINT ( 'NONE',  ( 0.001352622000000000156, 0.3200546040000000758, 0.05495180240000000632 ) ) ;
#4172 = CARTESIAN_POINT ( 'NONE',  ( 0.2993912452999999974, -0.1009762461000000139, 0.05885548650000001214 ) ) ;
#4173 = CARTESIAN_POINT ( 'NONE',  ( -0.1868009850000000027, 0.2521360901999999959, 0.05933362749999999269 ) ) ;
#4174 = CARTESIAN_POINT ( 'NONE',  ( -0.2317971309519911705, 0.2047407622906694813, 0.06000105381493271023 ) ) ;
#4175 = CARTESIAN_POINT ( 'NONE',  ( 0.1043858060999999920, -0.2927366774000000338, 0.05999716119999999597 ) ) ;
#4176 = CARTESIAN_POINT ( 'NONE',  ( -0.3174373677999999810, 0.01454753039999999963, 0.05495180240000000632 ) ) ;
#4177 = CARTESIAN_POINT ( 'NONE',  ( -0.2320665868463424875, -0.2024466955615648600, 0.06000020349665982633 ) ) ;
#4178 = ADVANCED_FACE ( 'NONE', ( #4189 ), #3747, .F. ) ;
#4179 = CARTESIAN_POINT ( 'NONE',  ( 0.001352622000000000156, 0.3107179225890281393, 0.06000105381499362678 ) ) ;
#4180 = CARTESIAN_POINT ( 'NONE',  ( -0.09864737805500001233, -0.3387353859737129991, -0.1051000000000000267 ) ) ;
#4181 = UNCERTAINTY_MEASURE_WITH_UNIT (LENGTH_MEASURE( 1.000000000000000082E-05 ), #2258, 'distance_accuracy_value', 'NONE');
#4182 =( GEOMETRIC_REPRESENTATION_CONTEXT ( 3 ) GLOBAL_UNCERTAINTY_ASSIGNED_CONTEXT ( ( #2736 ) ) GLOBAL_UNIT_ASSIGNED_CONTEXT ( ( #2639, #5167, #2552 ) ) REPRESENTATION_CONTEXT ( 'NONE', 'WORKASPACE' ) );
#4183 = CARTESIAN_POINT ( 'NONE',  ( 0.3193662117000000134, -0.01198595209999999897, 0.05614168759999999675 ) ) ;
#4184 = CARTESIAN_POINT ( 'NONE',  ( -0.2486473778879999819, 0.001264614100000014188, -0.1050500000000000184 ) ) ;
#4185 = CARTESIAN_POINT ( 'NONE',  ( -0.6786473779999994127, 0.3412646140999999744, 0.000000000000000000 ) ) ;
#4186 = CARTESIAN_POINT ( 'NONE',  ( -0.04043932780000000088, -0.3107819445999999708, 0.05885548650000001214 ) ) ;
#4187 = CARTESIAN_POINT ( 'NONE',  ( -0.1986473780999999939, 0.2310471201074350556, -0.1050500000000000184 ) ) ;
#4188 = FACE_OUTER_BOUND ( 'NONE', #1111, .T. ) ;
#4190 = ORIENTED_EDGE ( 'NONE', *, *, #2520, .F. ) ;
#4189 = FACE_OUTER_BOUND ( 'NONE', #4170, .T. ) ;
#4191 = CARTESIAN_POINT ( 'NONE',  ( 0.02886091030000000057, 0.3204376112000000276, 0.05118824680000000349 ) ) ;
#4192 = ORIENTED_EDGE ( 'NONE', *, *, #3961, .F. ) ;
#4193 = CARTESIAN_POINT ( 'NONE',  ( -0.2009278841743464550, -0.2340412809647055281, 0.06000067408997947910 ) ) ;
#4194 = EDGE_CURVE ( 'NONE', #879, #3214, #875, .T. ) ;
#4195 = CARTESIAN_POINT ( 'NONE',  ( 0.3105776958879465921, -0.01891955158635013831, 0.06000159538431790174 ) ) ;
#4196 = VERTEX_POINT ( 'NONE', #4988 ) ;
#4197 = CARTESIAN_POINT ( 'NONE',  ( 0.1929240730000000015, 0.2566932154000000077, 0.05371144409999999841 ) ) ;
#4198 = CARTESIAN_POINT ( 'NONE',  ( 0.3141221753000000283, -0.02486743569999999917, 0.05933362749999999269 ) ) ;
#4199 = CARTESIAN_POINT ( 'NONE',  ( -0.3486473780000000078, 0.3245979473847865338, -9.999999999999999124E-05 ) ) ;
#4200 = CARTESIAN_POINT ( 'NONE',  ( -0.3079409753202218547, -0.01162261906205746230, 0.06000143353988593442 ) ) ;
#4201 = B_SPLINE_CURVE_WITH_KNOTS ( 'NONE', 3,
 ( #4954, #2468, #4489, #1567 ),
 .UNSPECIFIED., .F., .F.,
 ( 4, 4 ),
 ( 0.000000000000000000, 1.000000000000000000 ),
 .UNSPECIFIED. ) ;
#4202 = SURFACE_SIDE_STYLE ('',( #1680 ) ) ;
#4203 = VECTOR ( 'NONE', #1396, 100.0000000000000000 ) ;
#4204 = CARTESIAN_POINT ( 'NONE',  ( 0.3088507867999999990, 0.03985261910000000712, 0.05999996820000000342 ) ) ;
#4205 = CARTESIAN_POINT ( 'NONE',  ( -0.08769118310000000027, -0.3040284320000000151, 0.05614168759999999675 ) ) ;
#4206 = CARTESIAN_POINT ( 'NONE',  ( -0.2920258221999999515, 0.1019068201000000035, 0.05999996820000000342 ) ) ;
#4207 = PRESENTATION_LAYER_ASSIGNMENT (  '', '', ( #684 ) ) ;
#4208 = CARTESIAN_POINT ( 'NONE',  ( 0.001352622000000000156, 0.3105582113167724145, 0.06000143354000778140 ) ) ;
#4209 = CARTESIAN_POINT ( 'NONE',  ( 0.001352621999999996253, -0.3387353859111111309, 0.000000000000000000 ) ) ;
#4210 = CARTESIAN_POINT ( 'NONE',  ( 0.09011892540000000784, 0.3056062256000000033, 0.05711929249999999486 ) ) ;
#4211 = CARTESIAN_POINT ( 'NONE',  ( -0.2966860011999999935, 0.1035054743999999916, 0.05885548650000001214 ) ) ;
#4212 = CARTESIAN_POINT ( 'NONE',  ( 0.3313526219946666407, 0.3512646140999999833, -0.1051000000000000267 ) ) ;
#4213 = VERTEX_POINT ( 'NONE', #5105 ) ;
#4214 = CARTESIAN_POINT ( 'NONE',  ( -0.3153140447088890186, 0.3512646140999999833, -0.1051000000000000267 ) ) ;
#4215 = SURFACE_STYLE_USAGE ( .BOTH. , #5109 ) ;
#4216 = ORIENTED_EDGE ( 'NONE', *, *, #114, .F. ) ;
#4217 = CARTESIAN_POINT ( 'NONE',  ( 0.001352622000000000156, -0.3081886944146513541, 0.06000105381493271023 ) ) ;
#4218 = CARTESIAN_POINT ( 'NONE',  ( 0.04210901527476564044, 0.3084606352077182145, 0.06000159673248984388 ) ) ;
#4219 = COLOUR_RGB ( '',0.2980392156862745057, 0.2980392156862745057, 0.2980392156862745057 ) ;
#4220 = ORIENTED_EDGE ( 'NONE', *, *, #214, .F. ) ;
#4221 = CARTESIAN_POINT ( 'NONE',  ( 0.1758954996000000048, 0.2694646454999999885, 0.05371144409999999841 ) ) ;
#4222 = CARTESIAN_POINT ( 'NONE',  ( 0.3132914551000000603, -0.05110026680000000210, 0.05809689739999999991 ) ) ;
#4223 = CARTESIAN_POINT ( 'NONE',  ( -0.1886473779117064931, 0.3512646140999999833, -5.000000124996760686E-05 ) ) ;
#4224 = CARTESIAN_POINT ( 'NONE',  ( -0.2008235394908683691, 0.2364491285904939677, 0.06000105381493271023 ) ) ;
#4225 = CARTESIAN_POINT ( 'NONE',  ( -0.3386473780700374747, -0.08873538605000004520, -0.1050500000000000184 ) ) ;
#4226 = CARTESIAN_POINT ( 'NONE',  ( 0.3116298941000000267, 0.02718843259999999956, 0.05999716119999999597 ) ) ;
#4227 = CARTESIAN_POINT ( 'NONE',  ( -0.1388720971000000082, -0.2863758352999999923, 0.05000000000000000278 ) ) ;
#4228 = CARTESIAN_POINT ( 'NONE',  ( -0.05573823490000000269, -0.3119422857000000437, 0.05614168759999999675 ) ) ;
#4229 = CARTESIAN_POINT ( 'NONE',  ( -0.1511439750000000137, -0.2691680754000000397, 0.05999996820000000342 ) ) ;
#4230 = CARTESIAN_POINT ( 'NONE',  ( 0.02796801016503774884, 0.3100774749614282899, 0.06000067408997947910 ) ) ;
#4231 = UNCERTAINTY_MEASURE_WITH_UNIT (LENGTH_MEASURE( 1.000000000000000082E-05 ), #1385, 'distance_accuracy_value', 'NONE');
#4232 = CARTESIAN_POINT ( 'NONE',  ( 0.07388737280000000351, 0.3103404283999999791, 0.05711929249999999486 ) ) ;
#4233 = CARTESIAN_POINT ( 'NONE',  ( -0.3134800667000000041, 0.001264614099999999876, 0.05885548650000001214 ) ) ;
#4234 = VERTEX_POINT ( 'NONE', #2550 ) ;
#4235 = CARTESIAN_POINT ( 'NONE',  ( 0.07208245506969954142, 0.3026495439986545133, 0.06000181326502192908 ) ) ;
#4237 = ORIENTED_EDGE ( 'NONE', *, *, #1150, .T. ) ;
#4236 = CARTESIAN_POINT ( 'NONE',  ( -0.1586473780000000056, -0.3287353859000000100, -9.999999999999999124E-05 ) ) ;
#4238 = CARTESIAN_POINT ( 'NONE',  ( 0.3313526219971358877, 0.3512646140999999833, -0.0001000000030000006840 ) ) ;
#4239 = CARTESIAN_POINT ( 'NONE',  ( -0.1286473780316265692, -0.3487353859000000278, -5.000000124997849632E-05 ) ) ;
#4240 = PRESENTATION_LAYER_ASSIGNMENT (  '', '', ( #5399 ) ) ;
#4241 = CARTESIAN_POINT ( 'NONE',  ( -0.3486473780000000078, -0.3220687192544445243, -0.1051000000000000267 ) ) ;
#4242 = CARTESIAN_POINT ( 'NONE',  ( -0.2686473780799999433, 0.2312646142500000834, -0.1050500000000000184 ) ) ;
#4243 = EDGE_LOOP ( 'NONE', ( #4989, #5258, #3720, #1756, #2675, #62, #467, #668, #2297, #2149 ) ) ;
#4244 = CARTESIAN_POINT ( 'NONE',  ( -0.1679024954091350719, 0.2613395507386140904, 0.06000067408997947910 ) ) ;
#4245 = CARTESIAN_POINT ( 'NONE',  ( 0.1011118907950079165, -0.2921253712121448798, 0.06000159860213194474 ) ) ;
#4246 = EDGE_CURVE ( 'NONE', #945, #882, #1022, .T. ) ;
#4247 = EDGE_CURVE ( 'NONE', #4077, #1613, #1780, .T. ) ;
#4248 = ORIENTED_EDGE ( 'NONE', *, *, #2062, .T. ) ;
#4249 =( BOUNDED_CURVE ( )  B_SPLINE_CURVE ( 3, ( #3990, #1014, #4043, #1432 ),
 .UNSPECIFIED., .F., .F. ) 
 B_SPLINE_CURVE_WITH_KNOTS ( ( 4, 4 ),
 ( 0.000000000000000000, 1.000000000000000000 ),
 .UNSPECIFIED. ) 
 CURVE ( )  GEOMETRIC_REPRESENTATION_ITEM ( )  RATIONAL_B_SPLINE_CURVE ( ( 1.000000000000000000, 0.8047378540760219412, 0.8047378540760219412, 1.000000000000000000 ) ) 
 REPRESENTATION_ITEM ( '' )  );
#4250 = CARTESIAN_POINT ( 'NONE',  ( 0.1072642592999999978, -0.3009502347999999938, 0.05247108570000000305 ) ) ;
#4251 = CARTESIAN_POINT ( 'NONE',  ( 0.001352622000000000156, -0.3147668200999999555, 0.05809689739999999991 ) ) ;
#4252 = EDGE_CURVE ( 'NONE', #882, #68, #3088, .T. ) ;
#4253 = CARTESIAN_POINT ( 'NONE',  ( -0.1186473779866666217, 0.3479312807912375849, -0.1051000000000000267 ) ) ;
#4254 = CARTESIAN_POINT ( 'NONE',  ( -0.3039356288938170336, -0.04998383972173074674, 0.06000143353988593442 ) ) ;
#4255 = COLOUR_RGB ( '',0.2980392156862745057, 0.2980392156862745057, 0.2980392156862745057 ) ;
#4256 = CARTESIAN_POINT ( 'NONE',  ( 0.3100222154999999757, 0.03999962189999999723, 0.05999716119999999597 ) ) ;
#4257 = CARTESIAN_POINT ( 'NONE',  ( -0.3015776734000000237, 0.1051835413999999969, 0.05000000000000000278 ) ) ;
#4258 = CARTESIAN_POINT ( 'NONE',  ( -0.3141861537000000260, -0.03833240870000000078, 0.05614168759999999675 ) ) ;
#4259 = CARTESIAN_POINT ( 'NONE',  ( -0.1177572233000000190, -0.2854441168999999889, 0.05999996820000000342 ) ) ;
#4260 = CARTESIAN_POINT ( 'NONE',  ( 0.08804426762125387718, 0.2984931130617557993, 0.06000067408997947910 ) ) ;
#4261 =( NAMED_UNIT ( * ) PLANE_ANGLE_UNIT ( ) SI_UNIT ( $, .RADIAN. ) );
#4262 = STYLED_ITEM ( 'NONE', ( #592 ), #56 ) ;
#4263 = CARTESIAN_POINT ( 'NONE',  ( -0.09830839483500003473, 0.2629279124666220047, -0.1050500000000000184 ) ) ;
#4264 = CARTESIAN_POINT ( 'NONE',  ( 0.01452059850000000235, 0.3172960484000000303, 0.05809689739999999991 ) ) ;
#4265 = CARTESIAN_POINT ( 'NONE',  ( 0.3063696800000000331, -0.08966092820000000352, 0.05614168759999999675 ) ) ;
#4266 = CARTESIAN_POINT ( 'NONE',  ( -0.1535663120000000104, -0.2734637717999999773, 0.05885548650000001214 ) ) ;
#4267 = ORIENTED_EDGE ( 'NONE', *, *, #3714, .T. ) ;
#4268 = CARTESIAN_POINT ( 'NONE',  ( 0.2741178154690214752, 0.1467393840362499202, 0.06000181326502192908 ) ) ;
#4270 = ORIENTED_EDGE ( 'NONE', *, *, #5274, .F. ) ;
#4269 = CARTESIAN_POINT ( 'NONE',  ( 0.3113526221055556986, 0.3512646140999999833, -0.1050499999987499627 ) ) ;
#4271 = CARTESIAN_POINT ( 'NONE',  ( 0.001352622000000000156, -0.09347275080000000402, 0.2708821915999999885 ) ) ;
#4272 = VECTOR ( 'NONE', #2068, 100.0000000000000000 ) ;
#4273 = B_SPLINE_CURVE_WITH_KNOTS ( 'NONE', 3,
 ( #4634, #1362, #5044, #1750 ),
 .UNSPECIFIED., .F., .F.,
 ( 4, 4 ),
 ( 0.000000000000000000, 1.000000000000000000 ),
 .UNSPECIFIED. ) ;
#4274 = FACE_OUTER_BOUND ( 'NONE', #1331, .T. ) ;
#4275 = VERTEX_POINT ( 'NONE', #2182 ) ;
#4276 = CARTESIAN_POINT ( 'NONE',  ( -0.2828061945509257047, 0.1250817837164125423, 0.06000043879331965618 ) ) ;
#4277 = CARTESIAN_POINT ( 'NONE',  ( 0.1565906466088949622, -0.2669280252499290906, 0.06000159485149843264 ) ) ;
#4278 = CARTESIAN_POINT ( 'NONE',  ( 0.1370691097161349237, 0.2796574095961219530, 0.06000043879331965618 ) ) ;
#4279 = VERTEX_POINT ( 'NONE', #2988 ) ;
#4280 = CARTESIAN_POINT ( 'NONE',  ( 0.1584627636000000006, 0.2798788187999999844, 0.05371144409999999841 ) ) ;
#4281 = EDGE_CURVE ( 'NONE', #2532, #2610, #1579, .T. ) ;
#4282 = CARTESIAN_POINT ( 'NONE',  ( 0.1562715561000000142, 0.2759929999999999883, 0.05885548650000001214 ) ) ;
#4283 = STYLED_ITEM ( 'NONE', ( #274 ), #3206 ) ;
#4284 = CARTESIAN_POINT ( 'NONE',  ( -0.03970405018686021248, -0.3052918715914939018, 0.06000143353988593442 ) ) ;
#4285 = CARTESIAN_POINT ( 'NONE',  ( -0.1853140446078043180, 0.3512646140999999833, -9.999999999999999124E-05 ) ) ;
#4286 = FILL_AREA_STYLE_COLOUR ( '', #1667 ) ;
#4287 = CARTESIAN_POINT ( 'NONE',  ( 0.02820374789999999937, -0.3102834630000000371, 0.05980818360000000194 ) ) ;
#4288 = CARTESIAN_POINT ( 'NONE',  ( -0.3088012240999999936, 0.08003384489999999796, 0.05000000000000000278 ) ) ;
#4289 = CARTESIAN_POINT ( 'NONE',  ( -0.1042306226000000030, -0.3000131790000000187, 0.05495180240000000632 ) ) ;
#4290 = CARTESIAN_POINT ( 'NONE',  ( -0.2011218557999999990, 0.2367961495999999777, 0.05999996820000000342 ) ) ;
#4291 = CARTESIAN_POINT ( 'NONE',  ( -0.3286473780000001010, 0.3395488852999998253, -0.1050999999999999435 ) ) ;
#4292 = CARTESIAN_POINT ( 'NONE',  ( 0.2899353234357925357, 0.1134263118776690088, 0.06000067408997947910 ) ) ;
#4293 = CARTESIAN_POINT ( 'NONE',  ( 0.3180192887733333529, -0.2287353860499999891, -0.1050000000000000100 ) ) ;
#4294 = UNCERTAINTY_MEASURE_WITH_UNIT (LENGTH_MEASURE( 1.000000000000000082E-05 ), #137, 'distance_accuracy_value', 'NONE');
#4295 = SURFACE_SIDE_STYLE ('',( #4715 ) ) ;
#4296 = CARTESIAN_POINT ( 'NONE',  ( 0.2810783679000000146, -0.1479224503000000079, 0.05711929249999999486 ) ) ;
#4297 = CARTESIAN_POINT ( 'NONE',  ( 0.3024024679000000271, 0.1045384613000000101, 0.05614168759999999675 ) ) ;
#4298 = CARTESIAN_POINT ( 'NONE',  ( -0.03940377123985527863, -0.3059314070179600664, 0.06000159673235706120 ) ) ;
#4299 = CARTESIAN_POINT ( 'NONE',  ( -0.07068109710000000656, -0.3056762686000000229, 0.05885548650000001214 ) ) ;
#4300 = CARTESIAN_POINT ( 'NONE',  ( 0.2849810364845125066, -0.1223214422050898642, 0.06000181326502192908 ) ) ;
#4302 = ORIENTED_EDGE ( 'NONE', *, *, #1032, .F. ) ;
#4301 = CARTESIAN_POINT ( 'NONE',  ( -0.1464184605673078399, -0.2367642956795319720, -0.1051000000000000267 ) ) ;
#4303 = PRESENTATION_STYLE_ASSIGNMENT (( #3089 ) ) ;
#4304 = CARTESIAN_POINT ( 'NONE',  ( -0.3364952620648308801, -0.3327835931635156341, -0.1051000000000000545 ) ) ;
#4305 = CARTESIAN_POINT ( 'NONE',  ( 0.3113526220966667535, -0.3487353859000000278, -0.1050499999987500044 ) ) ;
#4306 = FILL_AREA_STYLE ('',( #528 ) ) ;
#4307 = ORIENTED_EDGE ( 'NONE', *, *, #4247, .F. ) ;
#4308 = CARTESIAN_POINT ( 'NONE',  ( -0.3083593628909542250, 0.01416928009817684797, 0.06000043879331965618 ) ) ;
#4309 = CARTESIAN_POINT ( 'NONE',  ( 0.3513526220000000033, -0.3187353858529000661, -5.000000124998981945E-05 ) ) ;
#4310 = CARTESIAN_POINT ( 'NONE',  ( 0.04246483248927572507, 0.3082357849637668012, 0.06000043879331965618 ) ) ;
#4311 = B_SPLINE_CURVE_WITH_KNOTS ( 'NONE', 3,
 ( #2416, #3679, #3265, #686 ),
 .UNSPECIFIED., .F., .F.,
 ( 4, 4 ),
 ( 0.000000000000000000, 1.000000000000000000 ),
 .UNSPECIFIED. ) ;
#4312 = ORIENTED_EDGE ( 'NONE', *, *, #4517, .T. ) ;
#4313 = CARTESIAN_POINT ( 'NONE',  ( 0.3211341354000000203, 0.01458884380000000092, 0.05247108570000000305 ) ) ;
#4314 = CARTESIAN_POINT ( 'NONE',  ( 0.3153622685999999953, 0.02750027430000000217, 0.05885548650000001214 ) ) ;
#4315 = CARTESIAN_POINT ( 'NONE',  ( 0.3513526220000000033, -0.3220687192003421906, -9.999999999999999124E-05 ) ) ;
#4316 = CARTESIAN_POINT ( 'NONE',  ( -0.3072917071882987905, 0.02705199942812711381, 0.06000105381493271023 ) ) ;
#4317 = CARTESIAN_POINT ( 'NONE',  ( 0.001352621999999998638, -0.3387353859000000189, 0.000000000000000000 ) ) ;
#4318 = CARTESIAN_POINT ( 'NONE',  ( 0.3028711371000000208, 0.07784074489999999458, 0.05999716119999999597 ) ) ;
#4319 = CARTESIAN_POINT ( 'NONE',  ( -0.02605164970000000552, -0.3167015000000000247, 0.05495180240000000632 ) ) ;
#4320 = CARTESIAN_POINT ( 'NONE',  ( -0.3045439654000000052, -0.05008596059999999295, 0.05999996820000000342 ) ) ;
#4321 = CARTESIAN_POINT ( 'NONE',  ( 0.04246483248927572507, -0.3057065566637669485, 0.06000043879331965618 ) ) ;
#4322 = CARTESIAN_POINT ( 'NONE',  ( -0.1353140446772088668, -0.3487353858999999723, -9.999999999999999124E-05 ) ) ;
#4323 = CARTESIAN_POINT ( 'NONE',  ( 0.001352622000000000156, 0.3103985001213863115, 0.06000181326483916555 ) ) ;
#4324 = PRESENTATION_STYLE_ASSIGNMENT (( #5097 ) ) ;
#4325 = CARTESIAN_POINT ( 'NONE',  ( 0.2554346540999999915, -0.1897381278000000171, 0.05711929249999999486 ) ) ;
#4326 = CARTESIAN_POINT ( 'NONE',  ( 0.2409519019000000151, 0.2103694401999999797, 0.05614168759999999675 ) ) ;
#4327 = CARTESIAN_POINT ( 'NONE',  ( -0.07911770250713655306, -0.2979928090147011543, 0.06000159955546032625 ) ) ;
#4328 = CARTESIAN_POINT ( 'NONE',  ( -0.1204908574000000121, 0.2945534625000000295, 0.05711929249999999486 ) ) ;
#4329 = CARTESIAN_POINT ( 'NONE',  ( 0.3513526220000000033, -0.1787353859000000156, -9.999999999999999124E-05 ) ) ;
#4330 = CARTESIAN_POINT ( 'NONE',  ( 0.6513174352000006273, 0.3114094588999998803, 0.05711276640000004928 ) ) ;
#4331 = SURFACE_SIDE_STYLE ('',( #1837 ) ) ;
#4332 = VERTEX_POINT ( 'NONE', #3409 ) ;
#4333 = CARTESIAN_POINT ( 'NONE',  ( -0.1844745688779255155, 0.2490342020260573608, 0.06000043879331965618 ) ) ;
#4334 =( NAMED_UNIT ( * ) PLANE_ANGLE_UNIT ( ) SI_UNIT ( $, .RADIAN. ) );
#4335 = CARTESIAN_POINT ( 'NONE',  ( 0.02798502492167925099, -0.3077456654538093805, 0.06000020349665982633 ) ) ;
#4336 = B_SPLINE_CURVE_WITH_KNOTS ( 'NONE', 3,
 ( #3797, #4654, #5096, #1739 ),
 .UNSPECIFIED., .F., .F.,
 ( 4, 4 ),
 ( 0.000000000000000000, 1.000000000000000000 ),
 .UNSPECIFIED. ) ;
#4337 = ORIENTED_EDGE ( 'NONE', *, *, #3324, .F. ) ;
#4338 = CARTESIAN_POINT ( 'NONE',  ( 0.3186455632999999898, 0.04108176750000000488, 0.05247108570000000305 ) ) ;
#4339 = CARTESIAN_POINT ( 'NONE',  ( 0.02841671070000000021, 0.3152836542999999936, 0.05885548650000001214 ) ) ;
#4340 = CARTESIAN_POINT ( 'NONE',  ( -0.3286473779999999900, -0.1587353859000000256, -9.999999999999999124E-05 ) ) ;
#4341 = CARTESIAN_POINT ( 'NONE',  ( -0.2774052026475500310, 0.1361819735354874994, 0.06000105381493271023 ) ) ;
#4342 = CARTESIAN_POINT ( 'NONE',  ( 0.6485062558999995508, 0.3248414310000001248, 0.02526482689999999184 ) ) ;
#4343 = MECHANICAL_DESIGN_GEOMETRIC_PRESENTATION_REPRESENTATION (  '', ( #33 ), #1452 ) ;
#4344 = CARTESIAN_POINT ( 'NONE',  ( 0.2970460294000000223, -0.1001717298999999922, 0.05980818360000000194 ) ) ;
#4345 = CARTESIAN_POINT ( 'NONE',  ( -0.2397432683999999870, 0.2116755729999999780, 0.05000000000000000278 ) ) ;
#4346 = CARTESIAN_POINT ( 'NONE',  ( -0.1555135713000000142, -0.2769169804000000124, 0.05495180240000000632 ) ) ;
#4347 = CARTESIAN_POINT ( 'NONE',  ( -0.3089246500000000228, -0.02465920430000000108, 0.05999716119999999597 ) ) ;
#4348 = CARTESIAN_POINT ( 'NONE',  ( 0.3213526218999795958, 0.3433025943706484728, 0.000000000000000000 ) ) ;
#4349 = CARTESIAN_POINT ( 'NONE',  ( 0.1706077395091350757, 0.2613395507386140904, 0.06000067408997947910 ) ) ;
#4350 = CARTESIAN_POINT ( 'NONE',  ( 0.001352622000000000156, 0.3123551454999999866, 0.05999716119999999597 ) ) ;
#4351 = UNCERTAINTY_MEASURE_WITH_UNIT (LENGTH_MEASURE( 1.000000000000000082E-05 ), #4400, 'distance_accuracy_value', 'NONE');
#4352 = CARTESIAN_POINT ( 'NONE',  ( 0.2364250758570706212, 0.2499154809773086183, 0.000000000000000000 ) ) ;
#4353 = FACE_OUTER_BOUND ( 'NONE', #1276, .T. ) ;
#4354 = CARTESIAN_POINT ( 'NONE',  ( 0.2860360708999999946, 0.1390499453000000052, 0.05809689739999999991 ) ) ;
#4355 = CARTESIAN_POINT ( 'NONE',  ( -0.3122194235999999901, -0.03808560339999999406, 0.05809689739999999991 ) ) ;
#4356 = CARTESIAN_POINT ( 'NONE',  ( 0.08791011017853239684, -0.2955039164422866849, 0.06000181326502192908 ) ) ;
#4357 = CARTESIAN_POINT ( 'NONE',  ( -0.1786473779986773869, -0.3487353859000000278, -0.0001000000030000006840 ) ) ;
#4358 = CARTESIAN_POINT ( 'NONE',  ( 0.3396368931999997343, 0.3312646141000002986, -9.999999999999999124E-05 ) ) ;
#4359 = CARTESIAN_POINT ( 'NONE',  ( -0.3286473780021572089, -0.1587353858946666252, -0.1051000000000000267 ) ) ;
#4360 = CARTESIAN_POINT ( 'NONE',  ( 0.001352621999999999072, -0.09347275089999998454, 0.2708821916000000996 ) ) ;
#4361 =( LENGTH_UNIT ( ) NAMED_UNIT ( * ) SI_UNIT ( .CENTI., .METRE. ) );
#4362 = VERTEX_POINT ( 'NONE', #3493 ) ;
#4363 = EDGE_CURVE ( 'NONE', #4332, #3216, #5086, .T. ) ;
#4364 = CARTESIAN_POINT ( 'NONE',  ( -0.2604915358558952398, 0.1684447858861573277, 0.06000043879331965618 ) ) ;
#4365 = CARTESIAN_POINT ( 'NONE',  ( -0.1386473779999999878, -0.3487353858999999723, -0.05255000000000001337 ) ) ;
#4366 = CARTESIAN_POINT ( 'NONE',  ( 0.1371124764580674560, -0.2772171386980609720, 0.06000020349665982633 ) ) ;
#4367 = CARTESIAN_POINT ( 'NONE',  ( 0.2894141698000000096, -0.1381556996999999953, 0.05247108570000000305 ) ) ;
#4368 = ORIENTED_EDGE ( 'NONE', *, *, #3105, .T. ) ;
#4369 = EDGE_CURVE ( 'NONE', #2857, #1785, #551, .T. ) ;
#4370 = CARTESIAN_POINT ( 'NONE',  ( 0.3113526221055556986, 0.3512646140999999833, -0.1050499999987499627 ) ) ;
#4371 = CARTESIAN_POINT ( 'NONE',  ( 0.3072513698000000071, -0.06320256729999999823, 0.05980818360000000194 ) ) ;
#4372 = MECHANICAL_DESIGN_GEOMETRIC_PRESENTATION_REPRESENTATION (  '', ( #2933 ), #2693 ) ;
#4373 = CARTESIAN_POINT ( 'NONE',  ( -0.3179331296000000306, -0.01203895889999999878, 0.05371144409999999841 ) ) ;
#4374 = CARTESIAN_POINT ( 'NONE',  ( -0.2788800249999999759, 0.1368957801000000030, 0.05999716119999999597 ) ) ;
#4375 = CARTESIAN_POINT ( 'NONE',  ( 0.3513526220000000033, 0.3212646140295670194, -4.999999999999858616E-05 ) ) ;
#4376 = CARTESIAN_POINT ( 'NONE',  ( -0.1386473780066666273, -0.3487353859000000278, -0.1051000000000000267 ) ) ;
#4377 = B_SPLINE_CURVE_WITH_KNOTS ( 'NONE', 3,
 ( #4100, #4160, #3322, #380 ),
 .UNSPECIFIED., .F., .F.,
 ( 4, 4 ),
 ( 0.000000000000000000, 1.000000000000000000 ),
 .UNSPECIFIED. ) ;
#4378 = DIRECTION ( 'NONE',  ( 0.000000000000000000, -1.000000000000000000, 0.000000000000000000 ) ) ;
#4379 = CARTESIAN_POINT ( 'NONE',  ( 0.1746582619000000003, -0.2650342958999999943, 0.05711929249999999486 ) ) ;
#4380 = CARTESIAN_POINT ( 'NONE',  ( -0.2374999554999999984, 0.2097177726999999992, 0.05711929249999999486 ) ) ;
#4381 = CARTESIAN_POINT ( 'NONE',  ( 0.3011294931150360066, -0.07486919450507760476, 0.06000143354000778140 ) ) ;
#4382 = CARTESIAN_POINT ( 'NONE',  ( -0.3286473780021572089, -0.1587353858946666252, -0.1051000000000000267 ) ) ;
#4383 = CARTESIAN_POINT ( 'NONE',  ( 0.001352621999999999072, -0.09347275089999998454, 0.2708821916000000996 ) ) ;
#4384 = CARTESIAN_POINT ( 'NONE',  ( -0.3086473780700000336, -0.3387353860199999733, -0.1050500000000000184 ) ) ;
#4385 = CARTESIAN_POINT ( 'NONE',  ( -0.2918384501301310996, -0.09931331473704779755, 0.06000043879331965618 ) ) ;
#4386 = B_SPLINE_CURVE_WITH_KNOTS ( 'NONE', 3,
 ( #3835, #1722, #3440, #2555 ),
 .UNSPECIFIED., .F., .F.,
 ( 4, 4 ),
 ( 0.000000000000000000, 1.000000000000000000 ),
 .UNSPECIFIED. ) ;
#4387 = PLANE ( 'NONE',  #416 ) ;
#4388 = CARTESIAN_POINT ( 'NONE',  ( 0.2945436942301311034, -0.09931331473704779755, 0.06000043879331965618 ) ) ;
#4389 = CARTESIAN_POINT ( 'NONE',  ( 0.01468595540000000067, -0.3187353859000000011, 0.05118824680000000349 ) ) ;
#4390 = CARTESIAN_POINT ( 'NONE',  ( -0.1386473780013226242, 0.3512646140999999833, -0.0001000000030000006840 ) ) ;
#4391 = VERTEX_POINT ( 'NONE', #2582 ) ;
#4392 = CARTESIAN_POINT ( 'NONE',  ( 0.001352621999999998638, -0.3187353859000000011, 0.03999999999999998695 ) ) ;
#4393 = CARTESIAN_POINT ( 'NONE',  ( 0.3040970123000000247, 0.07815207829999999689, 0.05980818360000000194 ) ) ;
#4394 = CARTESIAN_POINT ( 'NONE',  ( -0.3154484155000000234, 0.04102003840000000012, 0.05371144409999999841 ) ) ;
#4395 = CARTESIAN_POINT ( 'NONE',  ( -0.1853016966999999904, 0.2501370392000000220, 0.05999716119999999597 ) ) ;
#4396 =( BOUNDED_CURVE ( )  B_SPLINE_CURVE ( 3, ( #581, #1886, #2312, #267 ),
 .UNSPECIFIED., .F., .T. ) 
 B_SPLINE_CURVE_WITH_KNOTS ( ( 4, 4 ),
 ( 0.000000000000000000, 1.000000000000000000 ),
 .UNSPECIFIED. ) 
 CURVE ( )  GEOMETRIC_REPRESENTATION_ITEM ( )  RATIONAL_B_SPLINE_CURVE ( ( 0.9862292747462950704, 0.9695813527608919680, 0.9695813527608918569, 0.9862292747462950704 ) ) 
 REPRESENTATION_ITEM ( '' )  );
#4397 = CARTESIAN_POINT ( 'NONE',  ( 0.3213526219295669839, 0.3512646140999999833, -5.000000124999707683E-05 ) ) ;
#4398 = CARTESIAN_POINT ( 'NONE',  ( 0.001352621999999999939, -0.3187353859000000011, 0.05000000000000000278 ) ) ;
#4399 = STYLED_ITEM ( 'NONE', ( #3159 ), #4526 ) ;
#4400 =( LENGTH_UNIT ( ) NAMED_UNIT ( * ) SI_UNIT ( .CENTI., .METRE. ) );
#4401 = UNCERTAINTY_MEASURE_WITH_UNIT (LENGTH_MEASURE( 1.000000000000000082E-05 ), #4784, 'distance_accuracy_value', 'NONE');
#4402 = B_SPLINE_CURVE_WITH_KNOTS ( 'NONE', 3,
 ( #1013, #515, #135, #572, #3988, #3078 ),
 .UNSPECIFIED., .F., .F.,
 ( 4, 2, 4 ),
 ( 0.000000000000000000, 0.5000000000000000000, 1.000000000000000000 ),
 .UNSPECIFIED. ) ;
#4403 = CARTESIAN_POINT ( 'NONE',  ( -0.1174589666296898260, 0.2872554129524090283, 0.06000181326483916555 ) ) ;
#4404 = DIRECTION ( 'NONE',  ( -0.000000000000000000, -0.000000000000000000, -1.000000000000000000 ) ) ;
#4405 = CARTESIAN_POINT ( 'NONE',  ( 0.3087525918372876488, 0.03984029659632171150, 0.06000020349665982633 ) ) ;
#4406 = CARTESIAN_POINT ( 'NONE',  ( -0.3146788121999999910, 0.001264614099999999876, 0.05809689739999999991 ) ) ;
#4407 = CARTESIAN_POINT ( 'NONE',  ( 0.07211899702104242194, 0.3028052518437491791, 0.06000143354000778140 ) ) ;
#4408 = CARTESIAN_POINT ( 'NONE',  ( 0.2494503561861820540, -0.1283613646459024760, -0.1050000000000000100 ) ) ;
#4409 = CARTESIAN_POINT ( 'NONE',  ( -0.1890176643000001100, 0.3114094591000003964, 0.05711276649999998123 ) ) ;
#4410 = CARTESIAN_POINT ( 'NONE',  ( -0.1012567645477790435, -0.2915273876715735457, 0.06000020349665982633 ) ) ;
#4411 = CARTESIAN_POINT ( 'NONE',  ( -0.3369316493000001356, -0.1787353858999999878, -9.999999999999999124E-05 ) ) ;
#4412 = CARTESIAN_POINT ( 'NONE',  ( -0.3055696659000000093, 0.09275810520000001003, 0.05000000000000000278 ) ) ;
#4413 = PRESENTATION_STYLE_ASSIGNMENT (( #1052 ) ) ;
#4414 = CARTESIAN_POINT ( 'NONE',  ( 0.1073366220000000065, -0.3011567191999999782, 0.05118824680000000349 ) ) ;
#4415 = CARTESIAN_POINT ( 'NONE',  ( -0.1186473779258332972, -0.3487353859000000278, -0.1050499999987499627 ) ) ;
#4416 = EDGE_CURVE ( 'NONE', #4077, #3692, #3565, .T. ) ;
#4417 = CARTESIAN_POINT ( 'NONE',  ( -0.2955089808999999956, 0.1031017027000000058, 0.05933362749999999269 ) ) ;
#4418 = ORIENTED_EDGE ( 'NONE', *, *, #748, .T. ) ;
#4419 = CARTESIAN_POINT ( 'NONE',  ( -0.3086473780633335329, 0.3445979475133333358, -0.1051000000000000267 ) ) ;
#4420 = CARTESIAN_POINT ( 'NONE',  ( 0.05844347899999999957, 0.3144715138999999993, 0.05614168759999999675 ) ) ;
#4421 = CARTESIAN_POINT ( 'NONE',  ( 0.1727814639999999957, -0.2621504357000000174, 0.05933362749999999269 ) ) ;
#4422 = CARTESIAN_POINT ( 'NONE',  ( -0.2808075367999999794, 0.1517500322000000235, 0.05247108570000000305 ) ) ;
#4423 = CARTESIAN_POINT ( 'NONE',  ( -0.02538977800000000173, -0.3090219398999999867, 0.05999716119999999597 ) ) ;
#4424 = CARTESIAN_POINT ( 'NONE',  ( 0.3147380263999999817, 0.06730958449999999149, 0.05000000000000003053 ) ) ;
#4425 = CARTESIAN_POINT ( 'NONE',  ( -0.3086473780655556998, -0.3487353858999999723, -0.1050499999987500044 ) ) ;
#4426 = CARTESIAN_POINT ( 'NONE',  ( -0.6386473779000002571, 0.3212646137999996543, 0.05000000000000000278 ) ) ;
#4427 = CARTESIAN_POINT ( 'NONE',  ( 0.2656267353896982208, 0.2976989896928760593, 0.000000000000000000 ) ) ;
#4428 = FILL_AREA_STYLE_COLOUR ( '', #1461 ) ;
#4429 = CARTESIAN_POINT ( 'NONE',  ( 0.3071515258785098013, -0.05006956256034661434, 0.06000020349665982633 ) ) ;
#4430 = CARTESIAN_POINT ( 'NONE',  ( -0.1201099495999999878, -0.2911073527999999966, 0.05809689739999999991 ) ) ;
#4431 = CARTESIAN_POINT ( 'NONE',  ( 0.2896375975155165983, 0.1133105965574311008, 0.06000143354000778140 ) ) ;
#4432 = CARTESIAN_POINT ( 'NONE',  ( 0.3213526219999999212, -0.1861870459000000144, 0.04000000000000002859 ) ) ;
#4433 = LINE ( 'NONE', #3137, #2498 ) ;
#4434 = CARTESIAN_POINT ( 'NONE',  ( -0.09830839483500000697, -0.2603986842666225487, -0.1050500000000000184 ) ) ;
#4435 = CARTESIAN_POINT ( 'NONE',  ( 0.3413526221200000044, 0.2579312809077776714, -0.1051000000000000267 ) ) ;
#4436 = CARTESIAN_POINT ( 'NONE',  ( -0.2720099808385955664, 0.1470580023856137841, 0.06000020349665982633 ) ) ;
#4437 = CARTESIAN_POINT ( 'NONE',  ( 0.3513526220000000033, -0.1187353858866665723, -0.1050499999987499627 ) ) ;
#4438 = CARTESIAN_POINT ( 'NONE',  ( -0.2397432683999999870, 0.2116755729999999780, 0.05000000000000000278 ) ) ;
#4439 = CARTESIAN_POINT ( 'NONE',  ( 0.3113526221055556986, 0.3512646140999999833, -0.1050499999987499627 ) ) ;
#4440 = B_SPLINE_CURVE_WITH_KNOTS ( 'NONE', 3,
 ( #3019, #1805, #4298, #4327, #4719, #936, #521, #57, #1743, #4656, #5100, #965, #3828, #2, #2209, #1688, #4685, #3374, #3889, #4753, #5163, #905, #877, #1327, #113, #434, #1776, #2545, #3405, #2577, #492, #3464, #5067, #2118 ),
 .UNSPECIFIED., .F., .F.,
 ( 4, 2, 2, 2, 2, 2, 2, 2, 2, 2, 2, 2, 2, 2, 2, 2, 4 ),
 ( 0.000000000000000000, 0.0006121664318928442218, 0.001224332863785688444, 0.001836499295678532557, 0.002448665727571376887, 0.003060832159464220784, 0.003672998591357065114, 0.004285165023249909444, 0.004897331455142753774, 0.005509497887035597237, 0.006121664318928441567, 0.006733830750821285897, 0.007345997182714130228, 0.007958163614606973690, 0.008570330046499815418, 0.009182496478392658881, 0.009794662910285502344 ),
 .UNSPECIFIED. ) ;
#4441 = CARTESIAN_POINT ( 'NONE',  ( 0.2896109842000000323, 0.1407801850000000021, 0.05118824680000000349 ) ) ;
#4442 = ORIENTED_EDGE ( 'NONE', *, *, #5093, .T. ) ;
#4443 = CARTESIAN_POINT ( 'NONE',  ( -0.05516718900000000536, 0.3113386914999999866, 0.05885548650000001214 ) ) ;
#4444 = COLOUR_RGB ( '',0.2980392156862745057, 0.2980392156862745057, 0.2980392156862745057 ) ;
#4445 = VERTEX_POINT ( 'NONE', #3023 ) ;
#4446 = PRESENTATION_LAYER_ASSIGNMENT (  '', '', ( #4726 ) ) ;
#4447 =( NAMED_UNIT ( * ) SI_UNIT ( $, .STERADIAN. ) SOLID_ANGLE_UNIT ( ) );
#4448 = CARTESIAN_POINT ( 'NONE',  ( 0.1069358667000000068, -0.3000131790000000187, 0.05495180240000000632 ) ) ;
#4449 = STYLED_ITEM ( 'NONE', ( #801 ), #184 ) ;
#4450 = CARTESIAN_POINT ( 'NONE',  ( 0.2970460294000000223, 0.1027009581999999976, 0.05980818360000000194 ) ) ;
#4451 = CARTESIAN_POINT ( 'NONE',  ( -0.05605561839999999296, 0.3162127158999999965, 0.05247108570000000305 ) ) ;
#4452 = CARTESIAN_POINT ( 'NONE',  ( -0.3069577056000000193, -0.05049115290000000950, 0.05980818360000000194 ) ) ;
#4453 = CARTESIAN_POINT ( 'NONE',  ( 0.2949506284999999783, -0.1266655151999999951, 0.05000000000000003053 ) ) ;
#4454 = B_SPLINE_CURVE_WITH_KNOTS ( 'NONE', 3,
 ( #4434, #606, #4828, #3977 ),
 .UNSPECIFIED., .F., .F.,
 ( 4, 4 ),
 ( 0.000000000000000000, 1.000000000000000000 ),
 .UNSPECIFIED. ) ;
#4455 = CARTESIAN_POINT ( 'NONE',  ( -0.3486473779999999523, 0.3112646142055556786, -0.1050499999987499766 ) ) ;
#4456 = CARTESIAN_POINT ( 'NONE',  ( -0.1507621162529904357, -0.2684908992031770913, 0.06000181326483916555 ) ) ;
#4457 = CARTESIAN_POINT ( 'NONE',  ( 0.2946373802650655294, 0.1018746815101414099, 0.06000020349665982633 ) ) ;
#4458 = CARTESIAN_POINT ( 'NONE',  ( -0.3091168408000000145, 0.06669505920000000365, 0.05711929249999999486 ) ) ;
#4459 = CARTESIAN_POINT ( 'NONE',  ( 0.1535459490536387472, -0.2686302659136035054, 0.06000143354000778140 ) ) ;
#4460 =( LENGTH_UNIT ( ) NAMED_UNIT ( * ) SI_UNIT ( .CENTI., .METRE. ) );
#4461 = CARTESIAN_POINT ( 'NONE',  ( -0.3253140446477842951, -0.3487353858999999723, -9.999999999999999124E-05 ) ) ;
#4462 =( BOUNDED_CURVE ( )  B_SPLINE_CURVE ( 3, ( #4508, #2405, #4091, #313 ),
 .UNSPECIFIED., .F., .T. ) 
 B_SPLINE_CURVE_WITH_KNOTS ( ( 4, 4 ),
 ( 0.000000000000000000, 1.000000000000000000 ),
 .UNSPECIFIED. ) 
 CURVE ( )  GEOMETRIC_REPRESENTATION_ITEM ( )  RATIONAL_B_SPLINE_CURVE ( ( 1.000000000000000000, 0.3333333335299309974, 0.3333333335299309974, 1.000000000000000000 ) ) 
 REPRESENTATION_ITEM ( '' )  );
#4463 = CARTESIAN_POINT ( 'NONE',  ( -0.1315763103299545378, -0.3333693177593719525, -0.000000000000000000 ) ) ;
#4464 = FILL_AREA_STYLE_COLOUR ( '', #2833 ) ;
#4465 = CARTESIAN_POINT ( 'NONE',  ( -0.04112525409999999437, 0.3184327556999999587, 0.05118824680000000349 ) ) ;
#4466 = CARTESIAN_POINT ( 'NONE',  ( -0.3364952620648303805, -0.1427835931635165756, -0.1051000000000000545 ) ) ;
#4467 = CARTESIAN_POINT ( 'NONE',  ( -0.05609484190000001147, -0.3138986719999999897, 0.05118824680000000349 ) ) ;
#4468 = B_SPLINE_CURVE_WITH_KNOTS ( 'NONE', 3,
 ( #1820, #128, #4315, #923 ),
 .UNSPECIFIED., .F., .F.,
 ( 4, 4 ),
 ( 0.000000000000000000, 1.000000000000000000 ),
 .UNSPECIFIED. ) ;
#4469 = CARTESIAN_POINT ( 'NONE',  ( -0.3486473779999999523, -0.3087353859633334419, -0.1050499999987500044 ) ) ;
#4470 = STYLED_ITEM ( 'NONE', ( #975 ), #1158 ) ;
#4471 = CARTESIAN_POINT ( 'NONE',  ( 0.05880008600000000141, -0.3138986719999999897, 0.05118824680000000349 ) ) ;
#4472 = ORIENTED_EDGE ( 'NONE', *, *, #3303, .T. ) ;
#4473 = CARTESIAN_POINT ( 'NONE',  ( -0.02571146659999999987, 0.3152836542999999936, 0.05885548650000001214 ) ) ;
#4474 = ORIENTED_EDGE ( 'NONE', *, *, #2641, .T. ) ;
#4475 = CARTESIAN_POINT ( 'NONE',  ( 0.001352622000000000156, 0.2527412357837842682, 0.2388094977298878541 ) ) ;
#4476 = CARTESIAN_POINT ( 'NONE',  ( 0.05858286089999999863, -0.3127069507999999942, 0.05495180240000000632 ) ) ;
#4477 = CARTESIAN_POINT ( 'NONE',  ( 0.2838362188999999924, -0.1354560000000000208, 0.05933362749999999269 ) ) ;
#4478 = CARTESIAN_POINT ( 'NONE',  ( -0.1905162860000000069, 0.2570898248000000330, 0.05247108570000000305 ) ) ;
#4479 = CARTESIAN_POINT ( 'NONE',  ( -0.2943407853000000185, 0.1027009581999999976, 0.05980818360000000194 ) ) ;
#4480 = CARTESIAN_POINT ( 'NONE',  ( 0.07456862200000000107, 0.3132432807999999680, 0.05000000000000003053 ) ) ;
#4481 = FILL_AREA_STYLE_COLOUR ( '', #841 ) ;
#4482 = CARTESIAN_POINT ( 'NONE',  ( -0.2912911886990141030, 0.1016548072487667709, 0.06000181326483916555 ) ) ;
#4483 = CARTESIAN_POINT ( 'NONE',  ( 0.3513526220000000033, -0.2354020526211111630, -0.1050000000000000100 ) ) ;
#4484 = CARTESIAN_POINT ( 'NONE',  ( 0.2856022385254628482, 0.1251213481582062748, 0.06000020349665982633 ) ) ;
#4485 = CARTESIAN_POINT ( 'NONE',  ( -0.3059153511000000103, -0.07677169650000001400, 0.05711929249999999486 ) ) ;
#4486 = EDGE_CURVE ( 'NONE', #3024, #1504, #4768, .T. ) ;
#4487 = CARTESIAN_POINT ( 'NONE',  ( 0.2628430566263771362, -0.1656897150938111130, 0.06000143354000778140 ) ) ;
#4488 = CARTESIAN_POINT ( 'NONE',  ( -0.3486473780000000078, -0.3187353858529000661, -4.999999999999999562E-05 ) ) ;
#4489 = CARTESIAN_POINT ( 'NONE',  ( 0.3513526220000000033, -0.3220687192544445243, -0.1051000000000000267 ) ) ;
#4490 = SURFACE_SIDE_STYLE ('',( #1660 ) ) ;
#4491 = SURFACE_STYLE_FILL_AREA ( #4028 ) ;
#4492 = CARTESIAN_POINT ( 'NONE',  ( -0.3161571056000000435, -0.03857974389999999781, 0.05118824680000000349 ) ) ;
#4493 = ADVANCED_FACE ( 'NONE', ( #1390 ), #3467, .F. ) ;
#4494 = CARTESIAN_POINT ( 'NONE',  ( -0.3486473780000000078, 0.2312646141000000155, -0.1051000000000000267 ) ) ;
#4495 = CARTESIAN_POINT ( 'NONE',  ( -0.3120327823000000333, -0.06478035629999999434, 0.05000000000000000278 ) ) ;
#4496 = ORIENTED_EDGE ( 'NONE', *, *, #3105, .F. ) ;
#4497 = CARTESIAN_POINT ( 'NONE',  ( -0.3286473779999999900, -0.1587353859000000256, -9.999999999999999124E-05 ) ) ;
#4498 = CARTESIAN_POINT ( 'NONE',  ( 0.07456862200000000107, 0.3132432807999999680, 0.05000000000000000278 ) ) ;
#4499 = ORIENTED_EDGE ( 'NONE', *, *, #3732, .F. ) ;
#4500 = CARTESIAN_POINT ( 'NONE',  ( -0.2764409267999999864, 0.1494211735000000041, 0.05885548650000001214 ) ) ;
#4501 = ORIENTED_EDGE ( 'NONE', *, *, #3267, .T. ) ;
#4502 = MECHANICAL_DESIGN_GEOMETRIC_PRESENTATION_REPRESENTATION (  '', ( #4079 ), #3346 ) ;
#4503 =( NAMED_UNIT ( * ) SI_UNIT ( $, .STERADIAN. ) SOLID_ANGLE_UNIT ( ) );
#4504 = CARTESIAN_POINT ( 'NONE',  ( 0.1410471120000000023, -0.2852881857999999826, 0.05495180240000000632 ) ) ;
#4505 = CARTESIAN_POINT ( 'NONE',  ( 0.04297952630000000107, 0.3120788321999999892, 0.05933362749999999269 ) ) ;
#4506 = CARTESIAN_POINT ( 'NONE',  ( -0.2867089258000000140, 0.1406849279000000064, 0.05247108570000000305 ) ) ;
#4507 = CARTESIAN_POINT ( 'NONE',  ( -0.3110027012000000091, 0.001264614099999999876, 0.05980818360000000194 ) ) ;
#4508 = CARTESIAN_POINT ( 'NONE',  ( 0.3513526219999999478, -0.1387353859013226720, -0.0001000000029999979735 ) ) ;
#4509 =( GEOMETRIC_REPRESENTATION_CONTEXT ( 3 ) GLOBAL_UNCERTAINTY_ASSIGNED_CONTEXT ( ( #5192 ) ) GLOBAL_UNIT_ASSIGNED_CONTEXT ( ( #3789, #481, #5151 ) ) REPRESENTATION_CONTEXT ( 'NONE', 'WORKASPACE' ) );
#4510 = CARTESIAN_POINT ( 'NONE',  ( -0.05417279285460939453, 0.3058833218474139581, 0.06000143353988593442 ) ) ;
#4511 = CARTESIAN_POINT ( 'NONE',  ( -0.1786473779999999956, 0.3512646140999999833, -0.1051000000000000267 ) ) ;
#4512 = CARTESIAN_POINT ( 'NONE',  ( 0.07253013569999999799, -0.3020279147000000108, 0.05999716119999999597 ) ) ;
#4513 = CARTESIAN_POINT ( 'NONE',  ( -0.2057687524000000046, -0.2396724949999999854, 0.05711929249999999486 ) ) ;
#4514 = CARTESIAN_POINT ( 'NONE',  ( 0.2897864604756545392, 0.1133684542175500548, 0.06000105381499362678 ) ) ;
#4515 = CARTESIAN_POINT ( 'NONE',  ( -0.2286473781499999969, 0.3412646142199999844, -0.1050500000000000184 ) ) ;
#4516 = DIRECTION ( 'NONE',  ( -0.000000000000000000, -0.000000000000000000, -1.000000000000000000 ) ) ;
#4517 = EDGE_CURVE ( 'NONE', #1199, #2505, #1606, .T. ) ;
#4518 = CARTESIAN_POINT ( 'NONE',  ( 0.2015400352951598473, -0.1520909772840361440, -0.1051000000000000545 ) ) ;
#4519 = CARTESIAN_POINT ( 'NONE',  ( -0.1386473779999999878, 0.3512646140999999833, 0.000000000000000000 ) ) ;
#4520 = CARTESIAN_POINT ( 'NONE',  ( -0.3186473779999999811, 0.001264614099999999876, 0.05118824680000000349 ) ) ;
#4521 = CARTESIAN_POINT ( 'NONE',  ( -0.3387553425419289610, -0.1412990497012284741, -0.1051000000000000129 ) ) ;
#4523 = VERTEX_POINT ( 'NONE', #4488 ) ;
#4522 = CARTESIAN_POINT ( 'NONE',  ( -0.3486473780000000078, -0.1787353858986773791, -0.0001000000022499994944 ) ) ;
#4524 = STYLED_ITEM ( 'NONE', ( #1568 ), #1730 ) ;
#4525 =( NAMED_UNIT ( * ) PLANE_ANGLE_UNIT ( ) SI_UNIT ( $, .RADIAN. ) );
#4526 = ADVANCED_FACE ( 'NONE', ( #1471 ), #3256, .F. ) ;
#4527 = CARTESIAN_POINT ( 'NONE',  ( 0.2424485124999999908, -0.2091463447999999947, 0.05000000000000000278 ) ) ;
#4528 = VERTEX_POINT ( 'NONE', #5297 ) ;
#4529 = CARTESIAN_POINT ( 'NONE',  ( -0.3122367229999999938, -0.01180160859999999923, 0.05933362749999999269 ) ) ;
#4530 = VERTEX_POINT ( 'NONE', #1098 ) ;
#4531 = STYLED_ITEM ( 'NONE', ( #1191 ), #3505 ) ;
#4532 = EDGE_CURVE ( 'NONE', #1605, #1745, #1072, .T. ) ;
#4533 = SURFACE_SIDE_STYLE ('',( #2426 ) ) ;
#4534 = ORIENTED_EDGE ( 'NONE', *, *, #1025, .T. ) ;
#4535 = CARTESIAN_POINT ( 'NONE',  ( 0.1582188153000000097, 0.2794462085999999679, 0.05495180240000000632 ) ) ;
#4536 = CARTESIAN_POINT ( 'NONE',  ( 0.1218766083999999889, 0.2913773170999999773, 0.05933362749999999269 ) ) ;
#4537 = CARTESIAN_POINT ( 'NONE',  ( -0.2690047588999999739, 0.1738802406999999939, 0.05247108570000000305 ) ) ;
#4538 = CARTESIAN_POINT ( 'NONE',  ( -0.2982374107000000385, 0.09057236100000000401, 0.05980818360000000194 ) ) ;
#4539 = DIRECTION ( 'NONE',  ( 0.000000000000000000, 0.000000000000000000, -1.000000000000000000 ) ) ;
#4541 = CARTESIAN_POINT ( 'NONE',  ( 0.3513526220000000033, 0.3112646142233334579, -0.1050499999987500044 ) ) ;
#4540 = PRESENTATION_STYLE_ASSIGNMENT (( #1535 ) ) ;
#4542 = CARTESIAN_POINT ( 'NONE',  ( -0.3037779859103871272, 0.05248660447634535126, 0.06000181326483916555 ) ) ;
#4543 = FACE_OUTER_BOUND ( 'NONE', #2806, .T. ) ;
#4544 = CARTESIAN_POINT ( 'NONE',  ( 0.04249110639999999911, 0.3084319635999999698, 0.05999996820000000342 ) ) ;
#4545 = CARTESIAN_POINT ( 'NONE',  ( -0.2996972238000000233, 0.1045384613000000101, 0.05614168759999999675 ) ) ;
#4546 = CARTESIAN_POINT ( 'NONE',  ( -0.3044462818868922671, 0.05259879075196412235, 0.06000020349665982633 ) ) ;
#4547 = CARTESIAN_POINT ( 'NONE',  ( 0.2493682124179256443, -0.1851777619819734988, 0.06000105381499362678 ) ) ;
#4548 = CARTESIAN_POINT ( 'NONE',  ( -0.1386473780013226242, 0.3512646140999999833, -0.0001000000030000006840 ) ) ;
#4549 = PLANE ( 'NONE',  #2642 ) ;
#4550 = CARTESIAN_POINT ( 'NONE',  ( -0.3186473779000295048, 0.3433125714416411234, 0.000000000000000000 ) ) ;
#4551 = CARTESIAN_POINT ( 'NONE',  ( -0.05605561839999999296, -0.3136834876999999855, 0.05247108570000000305 ) ) ;
#4552 = B_SPLINE_CURVE_WITH_KNOTS ( 'NONE', 3,
 ( #5128, #3822, #517, #2203 ),
 .UNSPECIFIED., .F., .F.,
 ( 4, 4 ),
 ( 0.000000000000000000, 1.000000000000000000 ),
 .UNSPECIFIED. ) ;
#4553 = COLOUR_RGB ( '',0.2980392156862745057, 0.2980392156862745057, 0.2980392156862745057 ) ;
#4554 = CARTESIAN_POINT ( 'NONE',  ( -0.1986473780666667133, 0.3512646140999999833, -0.1050499999987500044 ) ) ;
#4556 = ORIENTED_EDGE ( 'NONE', *, *, #1856, .T. ) ;
#4555 = CARTESIAN_POINT ( 'NONE',  ( -0.3486473780000000078, -0.1854020525078043380, -9.999999999999999124E-05 ) ) ;
#4557 = SURFACE_STYLE_FILL_AREA ( #3302 ) ;
#4558 = CARTESIAN_POINT ( 'NONE',  ( 0.1933526220000000018, -0.2547353858999999998, 0.05000000000000000278 ) ) ;
#4559 = ORIENTED_EDGE ( 'NONE', *, *, #3613, .F. ) ;
#4560 = CARTESIAN_POINT ( 'NONE',  ( -0.2987338433136947913, 0.07747704978130263986, 0.06000067408997947910 ) ) ;
#4561 = PRODUCT ( 'LZ4_00UBH0_20220928_geometry', 'LZ4_00UBH0_20220928_geometry', '', ( #1144 ) ) ;
#4562 = ORIENTED_EDGE ( 'NONE', *, *, #114, .T. ) ;
#4563 = ORIENTED_EDGE ( 'NONE', *, *, #1045, .T. ) ;
#4564 = CARTESIAN_POINT ( 'NONE',  ( 0.3198036901999999904, 0.02787135719999999858, 0.05371144409999999841 ) ) ;
#4565 = CARTESIAN_POINT ( 'NONE',  ( 0.2225540384999999954, 0.2247217868000000451, 0.05933362749999999269 ) ) ;
#4566 = CARTESIAN_POINT ( 'NONE',  ( -0.2920449242000000001, -0.1265781682999999880, 0.05247108570000000305 ) ) ;
#4567 = CARTESIAN_POINT ( 'NONE',  ( -0.2852314410999999827, -0.1236093137000000008, 0.05980818360000000194 ) ) ;
#4568 =( GEOMETRIC_REPRESENTATION_CONTEXT ( 3 ) GLOBAL_UNCERTAINTY_ASSIGNED_CONTEXT ( ( #2516 ) ) GLOBAL_UNIT_ASSIGNED_CONTEXT ( ( #1231, #2106, #342 ) ) REPRESENTATION_CONTEXT ( 'NONE', 'WORKASPACE' ) );
#4569 = CARTESIAN_POINT ( 'NONE',  ( 0.001352621999999999505, -0.3187353859000000011, 0.04000000000000000083 ) ) ;
#4570 = CARTESIAN_POINT ( 'NONE',  ( -0.01152795651945354334, -0.3078692719213863005, 0.06000181326483916555 ) ) ;
#4571 = CARTESIAN_POINT ( 'NONE',  ( 0.3104523641999999972, -0.02456082119999999924, 0.05999996820000000342 ) ) ;
#4572 = CARTESIAN_POINT ( 'NONE',  ( -0.1039734788999999993, 0.3018086573000000605, 0.05614168759999999675 ) ) ;
#4573 = CARTESIAN_POINT ( 'NONE',  ( -0.1510952774768618001, 0.2716109449478214533, 0.06000020349665982633 ) ) ;
#4574 = CARTESIAN_POINT ( 'NONE',  ( 0.3012842902017915936, 0.07743773624319012783, 0.06000105381499362678 ) ) ;
#4575 = CARTESIAN_POINT ( 'NONE',  ( -0.3186473779543500529, -0.1587353860500000380, -4.999999999999999562E-05 ) ) ;
#4576 = B_SPLINE_CURVE_WITH_KNOTS ( 'NONE', 3,
 ( #1279, #2527, #3414, #4636 ),
 .UNSPECIFIED., .F., .F.,
 ( 4, 4 ),
 ( 0.000000000000000000, 1.000000000000000000 ),
 .UNSPECIFIED. ) ;
#4577 = CARTESIAN_POINT ( 'NONE',  ( 0.3513526219999999478, -0.1387353859013226720, -0.0001000000029999979735 ) ) ;
#4578 = CARTESIAN_POINT ( 'NONE',  ( -0.3486473779999999523, -0.1287353859316266169, -4.999999999999999562E-05 ) ) ;
#4579 = CARTESIAN_POINT ( 'NONE',  ( -0.2969115288999999991, 0.1171891424000000015, 0.05118824680000000349 ) ) ;
#4580 = CARTESIAN_POINT ( 'NONE',  ( -0.3286473779999999345, -0.1562237539535768771, -0.1051000000000000545 ) ) ;
#4582 = VERTEX_POINT ( 'NONE', #2692 ) ;
#4581 = CARTESIAN_POINT ( 'NONE',  ( 0.2513526218758755926, 0.03443587663329433779, -0.1051000000000000545 ) ) ;
#4583 = MECHANICAL_DESIGN_GEOMETRIC_PRESENTATION_REPRESENTATION (  '', ( #2453 ), #2165 ) ;
#4584 = CARTESIAN_POINT ( 'NONE',  ( 0.1762859553999999995, 0.2700646140999999889, 0.05000000000000000278 ) ) ;
#4585 = ORIENTED_EDGE ( 'NONE', *, *, #3132, .T. ) ;
#4586 = CARTESIAN_POINT ( 'NONE',  ( 0.001352622000000000156, 0.3108776338612838641, 0.06000067408997947910 ) ) ;
#4587 = ORIENTED_EDGE ( 'NONE', *, *, #1847, .T. ) ;
#4588 = EDGE_CURVE ( 'NONE', #3713, #1370, #3114, .T. ) ;
#4589 = CARTESIAN_POINT ( 'NONE',  ( 0.2419103800999999887, 0.2112059302000000027, 0.05371144409999999841 ) ) ;
#4590 = CARTESIAN_POINT ( 'NONE',  ( 0.01441884480000000038, 0.3148539592000000331, 0.05933362749999999269 ) ) ;
#4591 = CARTESIAN_POINT ( 'NONE',  ( -0.2349133229000000267, 0.2074603479000000084, 0.05933362749999999269 ) ) ;
#4592 = PLANE ( 'NONE',  #2191 ) ;
#4593 = CARTESIAN_POINT ( 'NONE',  ( -0.2715534931298272392, 0.1468145423005630112, 0.06000143353988593442 ) ) ;
#4594 = FACE_OUTER_BOUND ( 'NONE', #2395, .T. ) ;
#4595 = CARTESIAN_POINT ( 'NONE',  ( 0.2633641188999999994, -0.1660223987999999984, 0.05999996820000000342 ) ) ;
#4596 = CARTESIAN_POINT ( 'NONE',  ( -0.3158296099000000301, -0.02523611710000000022, 0.05614168759999999675 ) ) ;
#4597 = CARTESIAN_POINT ( 'NONE',  ( -0.08539444397375128837, -0.2961538978956343993, 0.06000020349665982633 ) ) ;
#4598 = B_SPLINE_CURVE_WITH_KNOTS ( 'NONE', 3,
 ( #5348, #2439, #3235, #2414 ),
 .UNSPECIFIED., .F., .F.,
 ( 4, 4 ),
 ( 0.000000000000000000, 1.000000000000000000 ),
 .UNSPECIFIED. ) ;
#4599 = CARTESIAN_POINT ( 'NONE',  ( 0.2801104467244684981, 0.1361819735243161300, 0.06000105381499362678 ) ) ;
#4600 = DIRECTION ( 'NONE',  ( 0.000000000000000000, 0.000000000000000000, -1.000000000000000000 ) ) ;
#4601 = CARTESIAN_POINT ( 'NONE',  ( 0.2977652886999999637, -0.1139403089000000091, 0.05614168759999999675 ) ) ;
#4602 = EDGE_CURVE ( 'NONE', #3328, #1338, #277, .T. ) ;
#4603 = STYLED_ITEM ( 'NONE', ( #423 ), #3786 ) ;
#4604 = SURFACE_STYLE_USAGE ( .BOTH. , #2904 ) ;
#4605 = CARTESIAN_POINT ( 'NONE',  ( -0.1033169889999999980, 0.2999353882999999943, 0.05809689739999999991 ) ) ;
#4606 = FILL_AREA_STYLE ('',( #5014 ) ) ;
#4608 = ORIENTED_EDGE ( 'NONE', *, *, #46, .T. ) ;
#4607 = CARTESIAN_POINT ( 'NONE',  ( -0.2169514474817190453, 0.1275326430045104209, -0.1051000000000000684 ) ) ;
#4609 = PRESENTATION_LAYER_ASSIGNMENT (  '', '', ( #3110 ) ) ;
#4610 = CARTESIAN_POINT ( 'NONE',  ( 0.3188623496999999918, -0.03857974389999999781, 0.05000000000000000278 ) ) ;
#4611 = VERTEX_POINT ( 'NONE', #4382 ) ;
#4612 = CARTESIAN_POINT ( 'NONE',  ( -0.2319174613390274642, -0.2023165496846945355, 0.06000067408997947910 ) ) ;
#4613 = ORIENTED_EDGE ( 'NONE', *, *, #1369, .F. ) ;
#4614 = CARTESIAN_POINT ( 'NONE',  ( 0.1412643558999999993, -0.2857338142999999997, 0.05371144409999999841 ) ) ;
#4615 = CARTESIAN_POINT ( 'NONE',  ( 0.1895062291000000343, 0.2521360901999999959, 0.05933362749999999269 ) ) ;
#4616 = PRESENTATION_STYLE_ASSIGNMENT (( #814 ) ) ;
#4617 = B_SPLINE_CURVE_WITH_KNOTS ( 'NONE', 3,
 ( #1770, #546, #1738, #2603 ),
 .UNSPECIFIED., .F., .F.,
 ( 4, 4 ),
 ( 0.000000000000000000, 1.000000000000000000 ),
 .UNSPECIFIED. ) ;
#4618 = CARTESIAN_POINT ( 'NONE',  ( 0.3313526220000003186, 0.3395488852999997698, -0.1050999999999999851 ) ) ;
#4619 = CARTESIAN_POINT ( 'NONE',  ( 0.001352622000000000156, 0.3107179226146513651, 0.06000105381493271023 ) ) ;
#4620 = CARTESIAN_POINT ( 'NONE',  ( 0.3513526219999999478, -0.3287353858946666096, -0.1051000000000000267 ) ) ;
#4621 = CARTESIAN_POINT ( 'NONE',  ( 0.2633641188999999994, 0.1685516270999999899, 0.05999996820000000342 ) ) ;
#4622 = CARTESIAN_POINT ( 'NONE',  ( 0.001352622000000000156, -0.3167489755999999823, 0.05614168759999999675 ) ) ;
#4623 = CARTESIAN_POINT ( 'NONE',  ( -0.3085572931000000185, 0.01417752719999999800, 0.05999996820000000342 ) ) ;
#4624 = CARTESIAN_POINT ( 'NONE',  ( 0.3083977335186738333, 0.03979576536156578803, 0.06000105381499362678 ) ) ;
#4625 = UNCERTAINTY_MEASURE_WITH_UNIT (LENGTH_MEASURE( 1.000000000000000082E-05 ), #5415, 'distance_accuracy_value', 'NONE');
#4626 =( NAMED_UNIT ( * ) PLANE_ANGLE_UNIT ( ) SI_UNIT ( $, .RADIAN. ) );
#4627 = AXIS2_PLACEMENT_3D ( 'NONE', #3866, #4757, #3059 ) ;
#4628 = CARTESIAN_POINT ( 'NONE',  ( 0.3095811781999999734, -0.07701565410000001111, 0.05614168759999999675 ) ) ;
#4629 = PLANE ( 'NONE',  #2124 ) ;
#4630 = CARTESIAN_POINT ( 'NONE',  ( -0.3110300068999999890, 0.04046557149999999853, 0.05885548650000001214 ) ) ;
#4631 = CARTESIAN_POINT ( 'NONE',  ( 0.3313526219937119044, -0.3487353859000000278, -0.1051000000000000267 ) ) ;
#4632 = FACE_OUTER_BOUND ( 'NONE', #1578, .T. ) ;
#4633 = ORIENTED_EDGE ( 'NONE', *, *, #5064, .T. ) ;
#4634 = CARTESIAN_POINT ( 'NONE',  ( -0.1986473780249999876, -0.3487353859000000278, -0.1050499999987500044 ) ) ;
#4635 = CARTESIAN_POINT ( 'NONE',  ( -0.3486473779999999523, -0.3087353859633334419, -0.1050499999987500044 ) ) ;
#4636 = CARTESIAN_POINT ( 'NONE',  ( -0.3086473780655556998, -0.3487353858999999723, -0.1050499999987500044 ) ) ;
#4637 = ORIENTED_EDGE ( 'NONE', *, *, #4127, .F. ) ;
#4638 = CARTESIAN_POINT ( 'NONE',  ( -0.2917447640951966736, 0.1018104043304242506, 0.06000067408997947910 ) ) ;
#4639 = B_SPLINE_CURVE_WITH_KNOTS ( 'NONE', 3,
 ( #3780, #3899, #1815, #4669 ),
 .UNSPECIFIED., .F., .F.,
 ( 4, 4 ),
 ( 0.000000000000000000, 1.000000000000000000 ),
 .UNSPECIFIED. ) ;
#4640 = VERTEX_POINT ( 'NONE', #2090 ) ;
#4641 =( BOUNDED_CURVE ( )  B_SPLINE_CURVE ( 3, ( #3758, #730, #2407, #314 ),
 .UNSPECIFIED., .F., .T. ) 
 B_SPLINE_CURVE_WITH_KNOTS ( ( 4, 4 ),
 ( 0.000000000000000000, 1.000000000000000000 ),
 .UNSPECIFIED. ) 
 CURVE ( )  GEOMETRIC_REPRESENTATION_ITEM ( )  RATIONAL_B_SPLINE_CURVE ( ( 1.000000000000000000, 0.8047378540336930230, 0.8047378540336930230, 1.000000000000000000 ) ) 
 REPRESENTATION_ITEM ( '' )  );
#4642 = CARTESIAN_POINT ( 'NONE',  ( 0.04373568640000000118, -0.3151955999000000119, 0.05371144409999999841 ) ) ;
#4643 = CARTESIAN_POINT ( 'NONE',  ( 0.2902096525999999788, 0.1271289472000000087, 0.05885548650000001214 ) ) ;
#4644 = SURFACE_STYLE_USAGE ( .BOTH. , #3392 ) ;
#4645 = CARTESIAN_POINT ( 'NONE',  ( -0.2914423804977416266, -0.09917744479485562925, 0.06000143353988593442 ) ) ;
#4646 = SURFACE_STYLE_USAGE ( .BOTH. , #4202 ) ;
#4647 = CARTESIAN_POINT ( 'NONE',  ( 0.2758442674000000094, 0.1476601583000000106, 0.05999716119999999597 ) ) ;
#4648 = CARTESIAN_POINT ( 'NONE',  ( -0.08824737800000000132, -0.3059353858999999676, 0.05000000000000000278 ) ) ;
#4649 = CARTESIAN_POINT ( 'NONE',  ( -0.07140888730000000129, -0.3087774348999999807, 0.05614168759999999675 ) ) ;
#4650 = CARTESIAN_POINT ( 'NONE',  ( -0.2321411495999999852, -0.2025117685000000223, 0.05999996820000000342 ) ) ;
#4651 =( GEOMETRIC_REPRESENTATION_CONTEXT ( 3 ) GLOBAL_UNCERTAINTY_ASSIGNED_CONTEXT ( ( #2901 ) ) GLOBAL_UNIT_ASSIGNED_CONTEXT ( ( #1236, #3818, #1440 ) ) REPRESENTATION_CONTEXT ( 'NONE', 'WORKASPACE' ) );
#4652 = CARTESIAN_POINT ( 'NONE',  ( 0.01425316454726527175, 0.3108776338612838641, 0.06000067408997947910 ) ) ;
#4653 = CARTESIAN_POINT ( 'NONE',  ( -0.3419807114133333048, 0.3112646141699999536, -0.1051000000000000267 ) ) ;
#4654 = CARTESIAN_POINT ( 'NONE',  ( -0.3386473781200000088, -0.2820687193255555503, -0.1051000000000000267 ) ) ;
#4655 = CARTESIAN_POINT ( 'NONE',  ( 0.1407068917000000308, -0.2845902980000000193, 0.05614168759999999675 ) ) ;
#4656 = CARTESIAN_POINT ( 'NONE',  ( -0.2317761442965664276, -0.2028849647694955516, 0.06000159598988356185 ) ) ;
#4657 = EDGE_CURVE ( 'NONE', #4234, #910, #3687, .T. ) ;
#4658 = CARTESIAN_POINT ( 'NONE',  ( -0.2920952048000000079, -0.1127879826000000030, 0.05885548650000001214 ) ) ;
#4659 = EDGE_CURVE ( 'NONE', #2886, #1642, #5433, .T. ) ;
#4660 = ORIENTED_EDGE ( 'NONE', *, *, #1436, .T. ) ;
#4661 = CARTESIAN_POINT ( 'NONE',  ( 0.01423320061625064914, -0.3078692718445166787, 0.06000181326502192908 ) ) ;
#4663 = VERTEX_POINT ( 'NONE', #3766 ) ;
#4662 = CARTESIAN_POINT ( 'NONE',  ( 0.001352622000000000156, -0.3110907091999999818, 0.05980818360000000194 ) ) ;
#4664 = CARTESIAN_POINT ( 'NONE',  ( 0.3251482944753821824, -0.1435949932914532545, -0.000000000000000000 ) ) ;
#4665 = PRESENTATION_STYLE_ASSIGNMENT (( #4759 ) ) ;
#4666 = EDGE_CURVE ( 'NONE', #3214, #365, #3762, .T. ) ;
#4667 = ORIENTED_EDGE ( 'NONE', *, *, #1016, .F. ) ;
#4668 = CARTESIAN_POINT ( 'NONE',  ( -0.3042509148606767910, -0.05003676648103986407, 0.06000067408997947910 ) ) ;
#4669 = CARTESIAN_POINT ( 'NONE',  ( -0.08864737814999996968, 0.3412646141737130101, -0.1050500000000000184 ) ) ;
#4670 =( GEOMETRIC_REPRESENTATION_CONTEXT ( 3 ) GLOBAL_UNCERTAINTY_ASSIGNED_CONTEXT ( ( #430 ) ) GLOBAL_UNIT_ASSIGNED_CONTEXT ( ( #1275, #1190, #437 ) ) REPRESENTATION_CONTEXT ( 'NONE', 'WORKASPACE' ) );
#4671 = B_SPLINE_CURVE_WITH_KNOTS ( 'NONE', 3,
 ( #1350, #3884, #3913, #3486, #3537, #3011 ),
 .UNSPECIFIED., .F., .F.,
 ( 4, 2, 4 ),
 ( 0.000000000000000000, 0.5000000000000000000, 1.000000000000000000 ),
 .UNSPECIFIED. ) ;
#4672 = ORIENTED_EDGE ( 'NONE', *, *, #450, .F. ) ;
#4673 = CARTESIAN_POINT ( 'NONE',  ( 0.01465619499999999860, 0.3205503657000000062, 0.05371144409999999841 ) ) ;
#4674 = CARTESIAN_POINT ( 'NONE',  ( 0.05787243309999999530, 0.3113386914999999866, 0.05885548650000001214 ) ) ;
#4675 = CARTESIAN_POINT ( 'NONE',  ( -0.1175203495674488063, -0.2848739393165728440, 0.06000143353988593442 ) ) ;
#4676 = CARTESIAN_POINT ( 'NONE',  ( 0.2867762464999999983, -0.1231036730999999912, 0.05999716119999999597 ) ) ;
#4677 = CARTESIAN_POINT ( 'NONE',  ( -0.2957837081000000423, 0.1167507991000000106, 0.05495180240000000632 ) ) ;
#4678 = CARTESIAN_POINT ( 'NONE',  ( -0.2990216034000000023, 0.07755013170000001066, 0.05999996820000000342 ) ) ;
#4679 = CARTESIAN_POINT ( 'NONE',  ( 0.2197491956875561314, -0.2193591127120164685, 0.06000067408997947910 ) ) ;
#4680 = CARTESIAN_POINT ( 'NONE',  ( -0.3486473779999999523, -0.3087353859633334419, -0.1050499999987500044 ) ) ;
#4681 = UNCERTAINTY_MEASURE_WITH_UNIT (LENGTH_MEASURE( 1.000000000000000082E-05 ), #4460, 'distance_accuracy_value', 'NONE');
#4682 = CARTESIAN_POINT ( 'NONE',  ( -0.3486473779999999523, 0.3112646142055556786, -0.1050499999987499766 ) ) ;
#4683 = CARTESIAN_POINT ( 'NONE',  ( 0.04330369740000000051, 0.3144993100000000319, 0.05809689739999999991 ) ) ;
#4684 = CARTESIAN_POINT ( 'NONE',  ( 0.04356681540000000019, -0.3139346960000000131, 0.05614168759999999675 ) ) ;
#4685 = CARTESIAN_POINT ( 'NONE',  ( -0.3078733523787049453, -0.01890575090231519373, 0.06000159539275498610 ) ) ;
#4686 = CARTESIAN_POINT ( 'NONE',  ( -0.1196492273000000217, -0.2899983505999999545, 0.05885548650000001214 ) ) ;
#4687 = ORIENTED_EDGE ( 'NONE', *, *, #860, .T. ) ;
#4688 = CARTESIAN_POINT ( 'NONE',  ( 0.2194112215672269772, 0.2215469202088709288, 0.06000181326502192908 ) ) ;
#4690 = EDGE_LOOP ( 'NONE', ( #2479, #2425, #803, #2705, #4562, #2372, #2159, #4220 ) ) ;
#4689 = CARTESIAN_POINT ( 'NONE',  ( -0.3486473780000000078, 0.3312646140971359232, -0.0001000000030000007111 ) ) ;
#4691 = CARTESIAN_POINT ( 'NONE',  ( 0.02135262195543780744, -0.3487353858999999723, 0.000000000000000000 ) ) ;
#4692 = EDGE_CURVE ( 'NONE', #2994, #3609, #1264, .T. ) ;
#4693 = VECTOR ( 'NONE', #1981, 100.0000000000000000 ) ;
#4694 = FILL_AREA_STYLE ('',( #2992 ) ) ;
#4695 = CARTESIAN_POINT ( 'NONE',  ( -0.1186473779866666217, 0.3512646140999999833, -0.1050499999987498934 ) ) ;
#4696 = VERTEX_POINT ( 'NONE', #4575 ) ;
#4697 = CARTESIAN_POINT ( 'NONE',  ( -0.05424790320166299196, 0.3062953856366797956, 0.06000043879331965618 ) ) ;
#4698 = CARTESIAN_POINT ( 'NONE',  ( 0.2473054256907806225, -0.1872368086619433936, 0.06000158112510575042 ) ) ;
#4699 = CARTESIAN_POINT ( 'NONE',  ( 0.2346972681926849658, -0.2023816226231296977, 0.06000043879331965618 ) ) ;
#4700 = EDGE_CURVE ( 'NONE', #4445, #1694, #96, .T. ) ;
#4701 = VERTEX_POINT ( 'NONE', #3344 ) ;
#4702 = CARTESIAN_POINT ( 'NONE',  ( 0.3169929707000000429, -0.05172163669999999686, 0.05247108570000000305 ) ) ;
#4703 = CARTESIAN_POINT ( 'NONE',  ( 0.2802038876000000345, -0.1474560607999999828, 0.05809689739999999991 ) ) ;
#4704 =( LENGTH_UNIT ( ) NAMED_UNIT ( * ) SI_UNIT ( .CENTI., .METRE. ) );
#4705 = ADVANCED_FACE ( 'NONE', ( #350 ), #5009, .F. ) ;
#4706 = CARTESIAN_POINT ( 'NONE',  ( -0.05417279285460939453, -0.3033540936996169668, 0.06000143353988593442 ) ) ;
#4707 =( LENGTH_UNIT ( ) NAMED_UNIT ( * ) SI_UNIT ( .CENTI., .METRE. ) );
#4708 = CARTESIAN_POINT ( 'NONE',  ( 0.3124431534000000066, 0.01422671959999999812, 0.05999716119999999597 ) ) ;
#4709 = CARTESIAN_POINT ( 'NONE',  ( -0.3145033837999999804, -0.05175783889999999166, 0.05000000000000000278 ) ) ;
#4710 = CARTESIAN_POINT ( 'NONE',  ( -0.3108477837999999993, 0.06705984990000000978, 0.05495180240000000632 ) ) ;
#4711 = CARTESIAN_POINT ( 'NONE',  ( 0.001352622000000000156, -0.3086453009999999830, 0.05999996820000000342 ) ) ;
#4712 = CARTESIAN_POINT ( 'NONE',  ( 0.2712076260049566256, -0.1987353858999999778, -0.1050000000000000100 ) ) ;
#4713 = CARTESIAN_POINT ( 'NONE',  ( 0.3069561588355293469, 0.05256599465589237297, 0.06000067408997947910 ) ) ;
#4714 = CARTESIAN_POINT ( 'NONE',  ( 0.2947673976089753567, -0.3387353858999995748, 5.834680458879354746E-16 ) ) ;
#4715 = SURFACE_STYLE_FILL_AREA ( #3016 ) ;
#4716 = STYLED_ITEM ( 'NONE', ( #4324 ), #3293 ) ;
#4717 = CARTESIAN_POINT ( 'NONE',  ( 0.2078264924000000069, 0.2414485041999999970, 0.05809689739999999991 ) ) ;
#4718 = CARTESIAN_POINT ( 'NONE',  ( 0.1573490968999999851, 0.2779038772000000379, 0.05711929249999999486 ) ) ;
#4719 = CARTESIAN_POINT ( 'NONE',  ( -0.09877730819069772961, -0.2919980789022902368, 0.06000159864210025812 ) ) ;
#4720 = CARTESIAN_POINT ( 'NONE',  ( -0.2833308267999999908, 0.1390499453000000052, 0.05809689739999999991 ) ) ;
#4721 = CARTESIAN_POINT ( 'NONE',  ( 0.2939964327262449828, -0.09912557908953441299, 0.06000181326502192908 ) ) ;
#4723 = ORIENTED_EDGE ( 'NONE', *, *, #275, .T. ) ;
#4722 = CARTESIAN_POINT ( 'NONE',  ( -0.1742405984750000358, -0.2168340353337984694, -0.1050500000000000184 ) ) ;
#4724 = CARTESIAN_POINT ( 'NONE',  ( 0.3396368931999997343, 0.3312646141000002986, -0.1050999999999999851 ) ) ;
#4725 = CARTESIAN_POINT ( 'NONE',  ( 0.3113526219999995792, -0.1787353858999999323, -0.1050999999999999851 ) ) ;
#4726 = STYLED_ITEM ( 'NONE', ( #4303 ), #5405 ) ;
#4727 =( GEOMETRIC_REPRESENTATION_CONTEXT ( 3 ) GLOBAL_UNCERTAINTY_ASSIGNED_CONTEXT ( ( #3401 ) ) GLOBAL_UNIT_ASSIGNED_CONTEXT ( ( #2688, #1039, #4778 ) ) REPRESENTATION_CONTEXT ( 'NONE', 'WORKASPACE' ) );
#4728 = PLANE ( 'NONE',  #1895 ) ;
#4729 = EDGE_LOOP ( 'NONE', ( #3218, #2986, #59, #2122 ) ) ;
#4730 = EDGE_CURVE ( 'NONE', #978, #5439, #2900, .T. ) ;
#4731 = CARTESIAN_POINT ( 'NONE',  ( -0.05423013665249448723, -0.3036686881801671789, 0.06000067408997947910 ) ) ;
#4732 = CARTESIAN_POINT ( 'NONE',  ( 0.001352622027940687897, -0.3081732468472911379, 0.05994361438772570494 ) ) ;
#4733 = CARTESIAN_POINT ( 'NONE',  ( 0.2495755321269992055, 0.1878628400045217473, 0.06000043879331965618 ) ) ;
#4734 = ORIENTED_EDGE ( 'NONE', *, *, #2966, .F. ) ;
#4735 = CARTESIAN_POINT ( 'NONE',  ( 0.1414815997999999964, -0.2861794429000000251, 0.05247108570000000305 ) ) ;
#4736 = CARTESIAN_POINT ( 'NONE',  ( 0.1060222331000000157, -0.2974061599999999750, 0.05809689739999999991 ) ) ;
#4737 = B_SPLINE_CURVE_WITH_KNOTS ( 'NONE', 3,
 ( #3918, #5267, #139, #625 ),
 .UNSPECIFIED., .F., .F.,
 ( 4, 4 ),
 ( 0.000000000000000000, 1.000000000000000000 ),
 .UNSPECIFIED. ) ;
#4738 = CARTESIAN_POINT ( 'NONE',  ( -0.3369316492000000163, -0.3287353859000000655, -0.0001000000000000000048 ) ) ;
#4739 = CARTESIAN_POINT ( 'NONE',  ( -0.3081006865533266192, 0.001264614099999999876, 0.06000105381493271023 ) ) ;
#4740 = CARTESIAN_POINT ( 'NONE',  ( 0.6620685254999998381, 0.3316225658000003240, 0.01170255740000000592 ) ) ;
#4741 = FACE_BOUND ( 'NONE', #3638, .T. ) ;
#4742 = CARTESIAN_POINT ( 'NONE',  ( 0.07253013569999999799, 0.3045571429000000219, 0.05999716119999999597 ) ) ;
#4743 = CARTESIAN_POINT ( 'NONE',  ( -0.2969115288999999991, 0.1171891424000000015, 0.05000000000000000278 ) ) ;
#4744 = CARTESIAN_POINT ( 'NONE',  ( -0.1557575194999999968, 0.2798788187999999844, 0.05371144409999999841 ) ) ;
#4745 = CARTESIAN_POINT ( 'NONE',  ( -0.2470289219000000036, -0.1854528626999999985, 0.05999996820000000342 ) ) ;
#4746 = CARTESIAN_POINT ( 'NONE',  ( -0.1853140446833333177, 0.3512646140999999833, -0.1051000000000000267 ) ) ;
#4747 = CARTESIAN_POINT ( 'NONE',  ( 0.1203483595429667569, -0.2851694484449014966, 0.06000067408997947910 ) ) ;
#4748 = CARTESIAN_POINT ( 'NONE',  ( -0.2286473781500000246, 0.3179312808733332774, -0.1051000000000000267 ) ) ;
#4749 = UNCERTAINTY_MEASURE_WITH_UNIT (LENGTH_MEASURE( 1.000000000000000082E-05 ), #3896, 'distance_accuracy_value', 'NONE');
#4750 = CARTESIAN_POINT ( 'NONE',  ( 0.2683556443958876048, 0.2243467240069698665, -0.000000000000000000 ) ) ;
#4751 = CARTESIAN_POINT ( 'NONE',  ( 0.1568614197999999849, 0.2770390457999999945, 0.05809689739999999991 ) ) ;
#4752 = CARTESIAN_POINT ( 'NONE',  ( 0.1582188153000000097, -0.2769169804000000124, 0.05495180240000000632 ) ) ;
#4753 = CARTESIAN_POINT ( 'NONE',  ( -0.2979625278632409557, 0.08150097296231047228, 0.06000159498604928227 ) ) ;
#4754 = CARTESIAN_POINT ( 'NONE',  ( -0.01185664929999999916, 0.3182871261000000396, 0.05711929249999999486 ) ) ;
#4755 = CARTESIAN_POINT ( 'NONE',  ( 0.2894887345553786018, 0.1132527388973121468, 0.06000181326502192908 ) ) ;
#4756 = FILL_AREA_STYLE ('',( #3058 ) ) ;
#4757 = DIRECTION ( 'NONE',  ( 0.000000000000000000, 0.000000000000000000, 1.000000000000000000 ) ) ;
#4758 = CARTESIAN_POINT ( 'NONE',  ( -0.3286473780000000455, -0.3462237539535767405, -0.1051000000000000545 ) ) ;
#4759 = SURFACE_STYLE_USAGE ( .BOTH. , #2643 ) ;
#4760 = B_SPLINE_CURVE_WITH_KNOTS ( 'NONE', 3,
 ( #2711, #621, #2304, #3515, #4350, #574, #5265, #209, #3567, #1065, #648, #4020, #1932, #5292, #2083, #371 ),
 .UNSPECIFIED., .F., .F.,
 ( 4, 3, 3, 3, 3, 4 ),
 ( -0.02734193054185496408, -0.006370990667999999052, 0.2438043763329189595, 0.4958695842219460470, 0.7479347921109730235, 1.000000000000000000 ),
 .UNSPECIFIED. ) ;
#4761 = VERTEX_POINT ( 'NONE', #1685 ) ;
#4762 = CARTESIAN_POINT ( 'NONE',  ( -0.02527127344335850651, 0.3101761843076188407, 0.06000043879331965618 ) ) ;
#4763 = CARTESIAN_POINT ( 'NONE',  ( -0.3386473781199999533, -0.2287353860499999614, -0.1050500000000000184 ) ) ;
#4764 = CARTESIAN_POINT ( 'NONE',  ( 0.3046626708027866393, 0.06518623567979597855, 0.06000043879331965618 ) ) ;
#4765 = VERTEX_POINT ( 'NONE', #5347 ) ;
#4766 = CARTESIAN_POINT ( 'NONE',  ( 0.2269219050000000071, 0.2291341956999999874, 0.05247108570000000305 ) ) ;
#4767 = CARTESIAN_POINT ( 'NONE',  ( 0.2913094941000000104, -0.1250789555000000053, 0.05809689739999999991 ) ) ;
#4768 = B_SPLINE_CURVE_WITH_KNOTS ( 'NONE', 3,
 ( #4722, #2609, #4301, #524, #117, #1808 ),
 .UNSPECIFIED., .F., .F.,
 ( 4, 2, 4 ),
 ( 0.000000000000000000, 0.5000000000000000000, 1.000000000000000000 ),
 .UNSPECIFIED. ) ;
#4769 = CARTESIAN_POINT ( 'NONE',  ( -0.2466629683384616856, -0.1851777619974112055, 0.06000105381493271023 ) ) ;
#4770 = CARTESIAN_POINT ( 'NONE',  ( -0.08864737815000001131, -0.3387353859737129991, -0.1050500000000000184 ) ) ;
#4771 = CARTESIAN_POINT ( 'NONE',  ( 0.2827246030000000188, -0.1349179835999999855, 0.05980818360000000194 ) ) ;
#4772 = CARTESIAN_POINT ( 'NONE',  ( -0.3088012240999999936, -0.07750461670000000081, 0.05000000000000000278 ) ) ;
#4773 = CARTESIAN_POINT ( 'NONE',  ( 0.001352622000000000156, -0.3175253757000000010, 0.05495180240000000632 ) ) ;
#4774 = CARTESIAN_POINT ( 'NONE',  ( -0.2479751429000000007, -0.1861641716999999918, 0.05999716119999999597 ) ) ;
#4775 = CARTESIAN_POINT ( 'NONE',  ( -0.3486473780000000078, 0.3312646141000000211, -0.1051000000000000267 ) ) ;
#4776 = CARTESIAN_POINT ( 'NONE',  ( 0.07219208092372816910, 0.3031166675339384553, 0.06000067408997947910 ) ) ;
#4777 =( NAMED_UNIT ( * ) SI_UNIT ( $, .STERADIAN. ) SOLID_ANGLE_UNIT ( ) );
#4778 =( NAMED_UNIT ( * ) SI_UNIT ( $, .STERADIAN. ) SOLID_ANGLE_UNIT ( ) );
#4779 = CARTESIAN_POINT ( 'NONE',  ( 0.2543526219999999727, 0.2542646141000000082, -0.1051000000000000267 ) ) ;
#4780 = EDGE_CURVE ( 'NONE', #1573, #4059, #4034, .T. ) ;
#4781 = CARTESIAN_POINT ( 'NONE',  ( 0.3183751340000000041, -0.01194465720000000009, 0.05711929249999999486 ) ) ;
#4782 = CARTESIAN_POINT ( 'NONE',  ( -0.2527294099999999877, 0.1922673560000000004, 0.05711929249999999486 ) ) ;
#4783 = CARTESIAN_POINT ( 'NONE',  ( -0.3486473780000000078, 0.02126461405543775274, 0.000000000000000000 ) ) ;
#4784 =( LENGTH_UNIT ( ) NAMED_UNIT ( * ) SI_UNIT ( .CENTI., .METRE. ) );
#4785 = ADVANCED_FACE ( 'NONE', ( #3234 ), #3013, .F. ) ;
#4786 = CARTESIAN_POINT ( 'NONE',  ( -0.1435069853915118265, -0.3225310583753858151, -0.000000000000000000 ) ) ;
#4787 = CARTESIAN_POINT ( 'NONE',  ( 0.2446193530672333971, 0.2387951043895279457, 9.999999999999999124E-05 ) ) ;
#4788 = ORIENTED_EDGE ( 'NONE', *, *, #4363, .F. ) ;
#4789 = CARTESIAN_POINT ( 'NONE',  ( -0.06950948004915211142, 0.3032131519226256011, 0.06000043879331965618 ) ) ;
#4790 = CARTESIAN_POINT ( 'NONE',  ( 0.05695314730166298189, 0.3062953856366797956, 0.06000043879331965618 ) ) ;
#4791 = CARTESIAN_POINT ( 'NONE',  ( 0.1414815997999999964, 0.2887086710999999806, 0.05247108570000000305 ) ) ;
#4792 = ORIENTED_EDGE ( 'NONE', *, *, #1555, .T. ) ;
#4793 = CARTESIAN_POINT ( 'NONE',  ( -0.2915935722964691501, -0.09922931047521366121, 0.06000105381493271023 ) ) ;
#4794 = CARTESIAN_POINT ( 'NONE',  ( -0.1507275009669827859, 0.3212718735025014705, 0.000000000000000000 ) ) ;
#4795 =( GEOMETRIC_REPRESENTATION_CONTEXT ( 3 ) GLOBAL_UNCERTAINTY_ASSIGNED_CONTEXT ( ( #3345 ) ) GLOBAL_UNIT_ASSIGNED_CONTEXT ( ( #2233, #1040, #2663 ) ) REPRESENTATION_CONTEXT ( 'NONE', 'WORKASPACE' ) );
#4796 = CARTESIAN_POINT ( 'NONE',  ( 0.05764922389999999758, -0.3075849123999999657, 0.05933362749999999269 ) ) ;
#4797 = CARTESIAN_POINT ( 'NONE',  ( -0.2685856200999999777, 0.1736126322999999860, 0.05371144409999999841 ) ) ;
#4798 = CARTESIAN_POINT ( 'NONE',  ( -0.2479751429000000007, 0.1886933999000000028, 0.05999716119999999597 ) ) ;
#4799 = CARTESIAN_POINT ( 'NONE',  ( -0.2686473780799999433, -0.2287353860499999614, -0.1050500000000000184 ) ) ;
#4800 = CARTESIAN_POINT ( 'NONE',  ( -0.6386473779000002571, 0.3212646137999996543, 0.04000000000000000083 ) ) ;
#4801 =( GEOMETRIC_REPRESENTATION_CONTEXT ( 3 ) GLOBAL_UNCERTAINTY_ASSIGNED_CONTEXT ( ( #4749 ) ) GLOBAL_UNIT_ASSIGNED_CONTEXT ( ( #3896, #2719, #5172 ) ) REPRESENTATION_CONTEXT ( 'NONE', 'WORKASPACE' ) );
#4802 =( LENGTH_UNIT ( ) NAMED_UNIT ( * ) SI_UNIT ( .CENTI., .METRE. ) );
#4803 = CARTESIAN_POINT ( 'NONE',  ( 0.2802038876000000345, 0.1499852891000000021, 0.05809689739999999991 ) ) ;
#4804 = CARTESIAN_POINT ( 'NONE',  ( -0.08741368130000000403, 0.3056062256000000033, 0.05711929249999999486 ) ) ;
#4805 = CARTESIAN_POINT ( 'NONE',  ( 0.1869287804118258400, 0.2486994919142990201, 0.06000143354000778140 ) ) ;
#4806 = CARTESIAN_POINT ( 'NONE',  ( -0.3486473780000000078, -0.1787353858973333987, -0.1051000000000000267 ) ) ;
#4807 = CARTESIAN_POINT ( 'NONE',  ( 0.2630159203666225243, -0.09839640273499999923, -0.1050500000000000184 ) ) ;
#4808 = CARTESIAN_POINT ( 'NONE',  ( -0.2957020998653748234, 0.08981658514517587566, 0.06000043879331965618 ) ) ;
#4809 = CARTESIAN_POINT ( 'NONE',  ( -0.3286473779961812114, 0.3512646140999999833, -0.0001000000030000006840 ) ) ;
#4810 = CARTESIAN_POINT ( 'NONE',  ( 0.2631967799726602220, 0.1684447858861573277, 0.06000043879331965618 ) ) ;
#4811 = MECHANICAL_DESIGN_GEOMETRIC_PRESENTATION_REPRESENTATION (  '', ( #756 ), #1643 ) ;
#4812 = CARTESIAN_POINT ( 'NONE',  ( 0.09095262200000001074, -0.3059353858999999676, 0.05118824680000000349 ) ) ;
#4813 = CARTESIAN_POINT ( 'NONE',  ( -0.1353140446794132701, 0.3512646140999999833, -9.999999999999999124E-05 ) ) ;
#4814 = CARTESIAN_POINT ( 'NONE',  ( 0.3396368931999998453, 0.3312646141000002986, -9.999999999999999124E-05 ) ) ;
#4815 = CARTESIAN_POINT ( 'NONE',  ( 0.2936415587999999799, -0.1123375637000000038, 0.05933362749999999269 ) ) ;
#4816 = CARTESIAN_POINT ( 'NONE',  ( -0.3179331296000000306, 0.001264614099999999876, 0.05371144409999999841 ) ) ;
#4817 = CARTESIAN_POINT ( 'NONE',  ( -0.3001658930000000169, -0.07531151669999999743, 0.05999716119999999597 ) ) ;
#4818 = CARTESIAN_POINT ( 'NONE',  ( 0.04383049819999999819, -0.3159035275000000031, 0.05000000000000003053 ) ) ;
#4819 = CARTESIAN_POINT ( 'NONE',  ( 0.001352622000000000156, -0.3187353859000000011, 0.05000000000000000278 ) ) ;
#4820 = CARTESIAN_POINT ( 'NONE',  ( -0.1010325209156319043, 0.2934167452928350683, 0.06000181326483916555 ) ) ;
#4821 = CARTESIAN_POINT ( 'NONE',  ( 0.2198888128291853761, -0.2195001536373388240, 0.06000020349665982633 ) ) ;
#4822 =( BOUNDED_SURFACE ( )  B_SPLINE_SURFACE ( 1, 3, ( 
 ( #1652, #1118, #343, #1232 ),
 ( #2380, #2893, #5398, #2786 ) ),
 .UNSPECIFIED., .F., .F., .F. ) 
 B_SPLINE_SURFACE_WITH_KNOTS ( ( 2, 2 ),
 ( 4, 4 ),
 ( 0.000000000000000000, 1.000000000000000000 ),
 ( 0.000000000000000000, 1.000000000000000000 ),
 .UNSPECIFIED. ) 
 GEOMETRIC_REPRESENTATION_ITEM ( )  RATIONAL_B_SPLINE_SURFACE ( (
 ( 1.000000000000000000, 0.8047378540760219412, 0.8047378540760219412, 1.000000000000000000),
 ( 1.000000000000000000, 0.8047378540760219412, 0.8047378540760219412, 1.000000000000000000) ) ) 
 REPRESENTATION_ITEM ( '' )  SURFACE ( )  );
#4823 = CARTESIAN_POINT ( 'NONE',  ( -0.04059845330000000363, -0.3119700817999999654, 0.05809689739999999991 ) ) ;
#4824 = CARTESIAN_POINT ( 'NONE',  ( 0.1368857712745943367, 0.2792813308152818919, 0.06000143354000778140 ) ) ;
#4825 = CARTESIAN_POINT ( 'NONE',  ( 0.2313526221500000479, 0.2712646141799999189, -0.1050500000000000184 ) ) ;
#4826 = B_SPLINE_CURVE_WITH_KNOTS ( 'NONE', 3,
 ( #698, #2348, #308, #4060 ),
 .UNSPECIFIED., .F., .F.,
 ( 4, 4 ),
 ( 0.000000000000000000, 1.000000000000000000 ),
 .UNSPECIFIED. ) ;
#4827 = EDGE_CURVE ( 'NONE', #5439, #1334, #2263, .T. ) ;
#4828 = CARTESIAN_POINT ( 'NONE',  ( -0.08864737799997203516, -0.2683346030499895174, -0.1051000000000000267 ) ) ;
#4829 = EDGE_CURVE ( 'NONE', #3194, #1605, #1008, .T. ) ;
#4830 = CARTESIAN_POINT ( 'NONE',  ( -0.2010571985914488269, 0.2367209361131860090, 0.06000020349665982633 ) ) ;
#4831 = CARTESIAN_POINT ( 'NONE',  ( -0.1703631068000000526, -0.3287353859000000655, -0.1050999999999999851 ) ) ;
#4832 = CARTESIAN_POINT ( 'NONE',  ( -0.2922453844000000300, 0.1291947435000000421, 0.05000000000000000278 ) ) ;
#4833 =( LENGTH_UNIT ( ) NAMED_UNIT ( * ) SI_UNIT ( .CENTI., .METRE. ) );
#4834 = CARTESIAN_POINT ( 'NONE',  ( 0.2949506284999999783, -0.1266655151999999951, 0.05118824680000000349 ) ) ;
#4835 = ORIENTED_EDGE ( 'NONE', *, *, #3259, .T. ) ;
#4836 = ORIENTED_EDGE ( 'NONE', *, *, #4532, .T. ) ;
#4837 = CARTESIAN_POINT ( 'NONE',  ( -0.1857184455537574941, 0.3358985459414176589, -0.000000000000000000 ) ) ;
#4838 = CARTESIAN_POINT ( 'NONE',  ( 0.1238754086000000004, -0.2936593911000000001, 0.05495180240000000632 ) ) ;
#4839 = CARTESIAN_POINT ( 'NONE',  ( 0.1556597470999999955, -0.2723788087999999830, 0.05933362749999999269 ) ) ;
#4840 = CARTESIAN_POINT ( 'NONE',  ( -0.1043948188999999915, 0.3030109351000000451, 0.05371144409999999841 ) ) ;
#4841 = CARTESIAN_POINT ( 'NONE',  ( -0.02549850380000000249, 0.3128126913000000009, 0.05980818360000000194 ) ) ;
#4842 = CARTESIAN_POINT ( 'NONE',  ( 0.3172086278999999842, -0.05175783889999999166, 0.05000000000000003053 ) ) ;
#4843 = AXIS2_PLACEMENT_3D ( 'NONE', #2173, #3080, #460 ) ;
#4844 = CARTESIAN_POINT ( 'NONE',  ( 0.2830446902103017637, 0.2964418955071241313, -0.000000000000000000 ) ) ;
#4845 = DIRECTION ( 'NONE',  ( -0.000000000000000000, -0.000000000000000000, -1.000000000000000000 ) ) ;
#4846 = CARTESIAN_POINT ( 'NONE',  ( 0.07223736737457606139, 0.3033096363113128024, 0.06000020349665982633 ) ) ;
#4847 = CARTESIAN_POINT ( 'NONE',  ( -0.2932125261000000371, -0.1132222450999999935, 0.05809689739999999991 ) ) ;
#4848 = CARTESIAN_POINT ( 'NONE',  ( 0.1869287804118258400, -0.2461702635620960089, 0.06000143354000778140 ) ) ;
#4849 = CARTESIAN_POINT ( 'NONE',  ( 0.2252941923796379642, -0.1987353857988493899, -0.1050000000000000100 ) ) ;
#4850 = CARTESIAN_POINT ( 'NONE',  ( 0.2311903494397556935, -0.1585059140787223320, -0.1049999999999999961 ) ) ;
#4851 = CARTESIAN_POINT ( 'NONE',  ( -0.06953212327457605757, 0.3033096363113128024, 0.06000020349665982633 ) ) ;
#4852 = DIRECTION ( 'NONE',  ( -0.000000000000000000, -0.000000000000000000, 1.000000000000000000 ) ) ;
#4853 = CARTESIAN_POINT ( 'NONE',  ( -0.3161571056000000435, -0.03857974389999999781, 0.05000000000000000278 ) ) ;
#4854 = CARTESIAN_POINT ( 'NONE',  ( 0.1243404603000000247, -0.2947788147000000580, 0.05118824680000000349 ) ) ;
#4855 = CARTESIAN_POINT ( 'NONE',  ( -0.3486473780000000078, -0.1387353859000000078, -0.1051000000000000267 ) ) ;
#4856 = CARTESIAN_POINT ( 'NONE',  ( -0.3081757467999999833, 0.05322485259999999718, 0.05933362749999999269 ) ) ;
#4857 = ORIENTED_EDGE ( 'NONE', *, *, #2128, .F. ) ;
#4858 = EDGE_CURVE ( 'NONE', #4279, #2345, #2378, .T. ) ;
#4859 = SURFACE_SIDE_STYLE ('',( #4912 ) ) ;
#4860 = CARTESIAN_POINT ( 'NONE',  ( 0.1756244832000000144, -0.2665189774000000233, 0.05495180240000000632 ) ) ;
#4861 = CARTESIAN_POINT ( 'NONE',  ( 0.3112771645000000365, -0.03762787750000000375, 0.05980818360000000194 ) ) ;
#4862 = CARTESIAN_POINT ( 'NONE',  ( -0.1557575194999999968, -0.2773495905999999733, 0.05371144409999999841 ) ) ;
#4863 = CARTESIAN_POINT ( 'NONE',  ( -0.2931434611000000023, -0.09976099299999999226, 0.05999716119999999597 ) ) ;
#4864 = CARTESIAN_POINT ( 'NONE',  ( 0.2996167730000000029, 0.1171891424000000015, 0.05000000000000003053 ) ) ;
#4865 = CARTESIAN_POINT ( 'NONE',  ( -0.3153140447733332463, -0.2287353860499999614, -0.1051000000000000267 ) ) ;
#4866 = CARTESIAN_POINT ( 'NONE',  ( -0.1253140446577777345, 0.3512646140999999833, -0.1051000000000000267 ) ) ;
#4867 = CARTESIAN_POINT ( 'NONE',  ( -0.1341805273492535922, 0.2792813308613460443, 0.06000143353988593442 ) ) ;
#4868 =( NAMED_UNIT ( * ) SI_UNIT ( $, .STERADIAN. ) SOLID_ANGLE_UNIT ( ) );
#4869 = CARTESIAN_POINT ( 'NONE',  ( 0.01426553520000000026, -0.3086453009999999830, 0.05999996820000000342 ) ) ;
#4870 = CARTESIAN_POINT ( 'NONE',  ( -0.07140888730000000129, 0.3113066630999999918, 0.05614168759999999675 ) ) ;
#4871 = CARTESIAN_POINT ( 'NONE',  ( 0.3066408727910312493, -0.04998383971323947655, 0.06000143354000778140 ) ) ;
#4872 = CARTESIAN_POINT ( 'NONE',  ( 0.3513526220000000033, -0.1187353858866665723, -0.1050499999987499627 ) ) ;
#4873 = CARTESIAN_POINT ( 'NONE',  ( -0.1742405984750000081, 0.2193632635337985082, -0.1050500000000000184 ) ) ;
#4874 = FILL_AREA_STYLE ('',( #196 ) ) ;
#4875 = CARTESIAN_POINT ( 'NONE',  ( 0.001352621999999999072, -0.09347275080000004566, 0.2708821916000002106 ) ) ;
#4876 = CARTESIAN_POINT ( 'NONE',  ( 0.2846859554300000816, -0.3387353860199999733, -0.1050000000000000100 ) ) ;
#4877 = CARTESIAN_POINT ( 'NONE',  ( -0.3088012240999999936, 0.08003384489999999796, 0.05000000000000000278 ) ) ;
#4878 = SURFACE_STYLE_FILL_AREA ( #3869 ) ;
#4879 = SURFACE_SIDE_STYLE ('',( #749 ) ) ;
#4880 = CARTESIAN_POINT ( 'NONE',  ( 0.1762859553999999995, -0.2675353859000000334, 0.05118824680000000349 ) ) ;
#4881 = ORIENTED_EDGE ( 'NONE', *, *, #1369, .T. ) ;
#4882 = CARTESIAN_POINT ( 'NONE',  ( -0.1535663120000000104, 0.2759929999999999883, 0.05885548650000001214 ) ) ;
#4883 = PRESENTATION_LAYER_ASSIGNMENT (  '', '', ( #2071 ) ) ;
#4884 = ORIENTED_EDGE ( 'NONE', *, *, #5238, .F. ) ;
#4885 = CARTESIAN_POINT ( 'NONE',  ( 0.001352622020833327840, 0.3107024750298396643, 0.05994361441813524788 ) ) ;
#4886 = CARTESIAN_POINT ( 'NONE',  ( 0.1407068917000000308, 0.2871195261999999748, 0.05614168759999999675 ) ) ;
#4887 = CARTESIAN_POINT ( 'NONE',  ( 0.08915763869999999980, -0.2997811570999999731, 0.05933362749999999269 ) ) ;
#4888 = CARTESIAN_POINT ( 'NONE',  ( 0.001352622000000000156, -0.3180211374999999951, 0.05371144409999999841 ) ) ;
#4889 = CARTESIAN_POINT ( 'NONE',  ( -0.2339835804000000019, 0.2066489363000000301, 0.05980818360000000194 ) ) ;
#4890 = CARTESIAN_POINT ( 'NONE',  ( 0.2270760223000000133, 0.2292898845999999935, 0.05000000000000003053 ) ) ;
#4891 = CARTESIAN_POINT ( 'NONE',  ( -0.2137305002025858269, -0.1803160913049016711, -0.1051000000000000267 ) ) ;
#4892 = CARTESIAN_POINT ( 'NONE',  ( -0.2822757924550398645, -0.1223214422358208792, 0.06000181326483916555 ) ) ;
#4893 = CARTESIAN_POINT ( 'NONE',  ( 0.3047595902513933197, -0.06267743283989798964, 0.06000020349665982633 ) ) ;
#4894 = CARTESIAN_POINT ( 'NONE',  ( -0.2895135575999999711, -0.1254751701000000053, 0.05711929249999999486 ) ) ;
#4895 = CARTESIAN_POINT ( 'NONE',  ( 0.2343820446263445434, 0.2046357466629480648, 0.06000143354000778140 ) ) ;
#4896 =( NAMED_UNIT ( * ) PLANE_ANGLE_UNIT ( ) SI_UNIT ( $, .RADIAN. ) );
#4897 = B_SPLINE_CURVE_WITH_KNOTS ( 'NONE', 3,
 ( #4053, #4580, #2444, #4902, #1159, #2018, #4466, #4521, #2040, #745, #4163, #4957 ),
 .UNSPECIFIED., .F., .F.,
 ( 4, 2, 2, 2, 2, 4 ),
 ( 0.000000000000000000, 0.2500000000000014988, 0.5000000000000029976, 0.6250000000000031086, 0.7500000000000031086, 1.000000000000000000 ),
 .UNSPECIFIED. ) ;
#4898 = SURFACE_SIDE_STYLE ('',( #770 ) ) ;
#4899 = CARTESIAN_POINT ( 'NONE',  ( -0.1249154075435205818, -0.2170394547427113574, -0.1051000000000000129 ) ) ;
#4900 = CARTESIAN_POINT ( 'NONE',  ( 0.001352622100000000624, -0.3641038155000002052, 0.04906661600000000734 ) ) ;
#4901 = CARTESIAN_POINT ( 'NONE',  ( -0.2691894771000000186, 0.1739981780999999839, 0.05118824680000000349 ) ) ;
#4902 = CARTESIAN_POINT ( 'NONE',  ( -0.3310339818625845920, -0.1488588994830884193, -0.1051000000000000267 ) ) ;
#4903 = CARTESIAN_POINT ( 'NONE',  ( -0.3088012240999999936, -0.07750461670000000081, 0.05000000000000000278 ) ) ;
#4904 = EDGE_LOOP ( 'NONE', ( #4168, #4302, #777, #5082 ) ) ;
#4905 = CARTESIAN_POINT ( 'NONE',  ( -0.3486473780000000078, -0.1787353859000000156, -9.999999999999999124E-05 ) ) ;
#4906 = COLOUR_RGB ( '',0.2980392156862745057, 0.2980392156862745057, 0.2980392156862745057 ) ;
#4907 = CARTESIAN_POINT ( 'NONE',  ( 0.1415773411000000037, 0.2889050636000000116, 0.05118824680000000349 ) ) ;
#4908 = ORIENTED_EDGE ( 'NONE', *, *, #778, .F. ) ;
#4909 = CARTESIAN_POINT ( 'NONE',  ( -0.05494397980000001458, -0.3075849123999999657, 0.05933362749999999269 ) ) ;
#4910 = STYLED_ITEM ( 'NONE', ( #1104 ), #1330 ) ;
#4911 = ORIENTED_EDGE ( 'NONE', *, *, #1678, .T. ) ;
#4912 = SURFACE_STYLE_FILL_AREA ( #1949 ) ;
#4913 = CARTESIAN_POINT ( 'NONE',  ( 0.3201426118999999848, 0.001264614099999999876, 0.05495180240000000632 ) ) ;
#4914 = CARTESIAN_POINT ( 'NONE',  ( 0.1727814639999999957, 0.2646796639999999812, 0.05933362749999999269 ) ) ;
#4915 = CARTESIAN_POINT ( 'NONE',  ( -0.1734612718999999914, 0.2698810852999999899, 0.05247108570000000305 ) ) ;
#4916 = CARTESIAN_POINT ( 'NONE',  ( -0.2189783330999999778, 0.2238424487999999823, 0.05980818360000000194 ) ) ;
#4917 = CARTESIAN_POINT ( 'NONE',  ( 0.2949506284999999783, 0.1291947435000000421, 0.05000000000000003053 ) ) ;
#4918 = CARTESIAN_POINT ( 'NONE',  ( -0.3013912774769740843, -0.06253769326286835739, 0.06000181326483916555 ) ) ;
#4919 = FACE_OUTER_BOUND ( 'NONE', #3385, .T. ) ;
#4920 = CARTESIAN_POINT ( 'NONE',  ( 0.2347718309463424913, -0.2024466955615648600, 0.06000020349665982633 ) ) ;
#4921 = CARTESIAN_POINT ( 'NONE',  ( -0.1204908574000000121, -0.2920242342000000102, 0.05711929249999999486 ) ) ;
#4922 = B_SPLINE_CURVE_WITH_KNOTS ( 'NONE', 3,
 ( #5299, #1493, #194, #5251 ),
 .UNSPECIFIED., .F., .F.,
 ( 4, 4 ),
 ( 0.000000000000000000, 1.000000000000000000 ),
 .UNSPECIFIED. ) ;
#4923 = CARTESIAN_POINT ( 'NONE',  ( 0.3099969512627425705, -0.02452277126466713766, 0.06000105381499362678 ) ) ;
#4924 = CARTESIAN_POINT ( 'NONE',  ( -0.3086473780633335329, 0.3412646142200000954, -0.1050500000000000184 ) ) ;
#4925 = EDGE_CURVE ( 'NONE', #365, #1990, #2494, .T. ) ;
#4926 = PLANE ( 'NONE',  #395 ) ;
#4927 = CARTESIAN_POINT ( 'NONE',  ( -0.03176247643224842931, -0.2487427297988981101, -0.1051000000000000129 ) ) ;
#4928 = CARTESIAN_POINT ( 'NONE',  ( -0.1561089779000000011, 0.2805020840999999931, 0.05118824680000000349 ) ) ;
#4929 = CARTESIAN_POINT ( 'NONE',  ( 0.001352621999999998855, 0.001264614100000079240, 0.03999999999997183586 ) ) ;
#4930 = CARTESIAN_POINT ( 'NONE',  ( -0.2077140446000000362, -0.2419353858999999940, 0.05118824680000000349 ) ) ;
#4932 = ORIENTED_EDGE ( 'NONE', *, *, #3542, .T. ) ;
#4931 = CARTESIAN_POINT ( 'NONE',  ( -0.2486473778758894471, 0.03439745280288395574, -0.1051000000000000545 ) ) ;
#4933 = EDGE_CURVE ( 'NONE', #945, #831, #3753, .T. ) ;
#4934 = COLOUR_RGB ( '',0.2980392156862745057, 0.2980392156862745057, 0.2980392156862745057 ) ;
#4935 = CARTESIAN_POINT ( 'NONE',  ( -0.3286473780000001010, -0.1704511147000001281, -9.999999999999999124E-05 ) ) ;
#4936 = CARTESIAN_POINT ( 'NONE',  ( 0.05880008600000000141, 0.3164279002000000007, 0.05118824680000000349 ) ) ;
#4937 = ORIENTED_EDGE ( 'NONE', *, *, #2727, .T. ) ;
#4938 = CARTESIAN_POINT ( 'NONE',  ( -0.2637696270000000065, 0.1705377554000000184, 0.05933362749999999269 ) ) ;
#4939 = ORIENTED_EDGE ( 'NONE', *, *, #1150, .F. ) ;
#4940 = CARTESIAN_POINT ( 'NONE',  ( 0.05858286089999999863, 0.3152361790000000052, 0.05495180240000000632 ) ) ;
#4941 = CARTESIAN_POINT ( 'NONE',  ( 0.3052930642000000194, 0.07845583750000000023, 0.05933362749999999269 ) ) ;
#4942 = CARTESIAN_POINT ( 'NONE',  ( -0.3118188118999999925, -0.06473526270000000415, 0.05247108570000000305 ) ) ;
#4943 = CARTESIAN_POINT ( 'NONE',  ( -0.1360629336999999994, 0.2831426771000000731, 0.05933362749999999269 ) ) ;
#4944 = CARTESIAN_POINT ( 'NONE',  ( 0.001352621999999999072, -0.3290933376000001465, 0.01170255740000000939 ) ) ;
#4945 = PRODUCT_DEFINITION_SHAPE ( 'NONE', 'NONE',  #623 ) ;
#4946 = CARTESIAN_POINT ( 'NONE',  ( -0.2771174645288378979, -0.1335134816060526697, 0.06000181326483916555 ) ) ;
#4947 = SURFACE_SIDE_STYLE ('',( #5428 ) ) ;
#4948 = CARTESIAN_POINT ( 'NONE',  ( 0.2357358990999999793, -0.2032880639999999905, 0.05999716119999999597 ) ) ;
#4949 = CARTESIAN_POINT ( 'NONE',  ( -0.2675100783000000093, 0.1729259290000000060, 0.05614168759999999675 ) ) ;
#4950 = CARTESIAN_POINT ( 'NONE',  ( -0.3084583279954771218, -0.01164417544908842583, 0.06000020349665982633 ) ) ;
#4951 = CARTESIAN_POINT ( 'NONE',  ( 0.2942988163722127792, -0.09922931046689260903, 0.06000105381499362678 ) ) ;
#4952 = FILL_AREA_STYLE_COLOUR ( '', #1502 ) ;
#4953 = UNCERTAINTY_MEASURE_WITH_UNIT (LENGTH_MEASURE( 1.000000000000000082E-05 ), #3742, 'distance_accuracy_value', 'NONE');
#4954 = CARTESIAN_POINT ( 'NONE',  ( 0.3513526220000000033, -0.3087353859633334419, -0.1050499999987500044 ) ) ;
#4955 = CARTESIAN_POINT ( 'NONE',  ( -0.1886473779117064931, -0.3487353859000000278, -4.999999999999999562E-05 ) ) ;
#4956 = CARTESIAN_POINT ( 'NONE',  ( -0.2691894771000000186, -0.1714689499000000006, 0.05118824680000000349 ) ) ;
#4957 = CARTESIAN_POINT ( 'NONE',  ( -0.3486473780000000078, -0.1387353859000000078, -0.1051000000000000267 ) ) ;
#4958 = CARTESIAN_POINT ( 'NONE',  ( -0.1735807112999999957, -0.2675353859000000334, 0.05000000000000000278 ) ) ;
#4959 = CARTESIAN_POINT ( 'NONE',  ( -0.06372668501965041143, 0.2449138813737922471, -0.1051000000000000267 ) ) ;
#4960 =( GEOMETRIC_REPRESENTATION_CONTEXT ( 3 ) GLOBAL_UNCERTAINTY_ASSIGNED_CONTEXT ( ( #2573 ) ) GLOBAL_UNIT_ASSIGNED_CONTEXT ( ( #4361, #972, #5204 ) ) REPRESENTATION_CONTEXT ( 'NONE', 'WORKASPACE' ) );
#4961 = CARTESIAN_POINT ( 'NONE',  ( -0.3486473779999999523, -0.3087353859633334419, -0.1050499999987500044 ) ) ;
#4962 = COLOUR_RGB ( '',1.000000000000000000, 1.000000000000000000, 1.000000000000000000 ) ;
#4963 = CARTESIAN_POINT ( 'NONE',  ( 0.2104192886999999845, -0.2419353858999999940, 0.05000000000000000278 ) ) ;
#4964 = ORIENTED_EDGE ( 'NONE', *, *, #2749, .F. ) ;
#4965 = CARTESIAN_POINT ( 'NONE',  ( -0.2955089808999999956, -0.1005724744000000281, 0.05933362749999999269 ) ) ;
#4966 = ORIENTED_EDGE ( 'NONE', *, *, #4858, .T. ) ;
#4967 = VECTOR ( 'NONE', #3071, 100.0000000000000000 ) ;
#4968 = FILL_AREA_STYLE_COLOUR ( '', #558 ) ;
#4969 = ORIENTED_EDGE ( 'NONE', *, *, #851, .T. ) ;
#4970 = CARTESIAN_POINT ( 'NONE',  ( 0.2265722017999999838, -0.2262516980000000011, 0.05371144409999999841 ) ) ;
#4971 = CARTESIAN_POINT ( 'NONE',  ( 0.3141221753000000283, 0.02739666389999999979, 0.05933362749999999269 ) ) ;
#4972 = EDGE_CURVE ( 'NONE', #2955, #5046, #4617, .T. ) ;
#4973 = CARTESIAN_POINT ( 'NONE',  ( -0.08818620169999999425, 0.3082548669999999880, 0.05247108570000000305 ) ) ;
#4974 = CARTESIAN_POINT ( 'NONE',  ( -0.2489888275999999623, 0.1894554237000000141, 0.05980818360000000194 ) ) ;
#4975 = FILL_AREA_STYLE_COLOUR ( '', #5276 ) ;
#4976 = CARTESIAN_POINT ( 'NONE',  ( -0.1010325209156319043, -0.2908875170928351128, 0.06000181326483916555 ) ) ;
#4977 =( GEOMETRIC_REPRESENTATION_CONTEXT ( 3 ) GLOBAL_UNCERTAINTY_ASSIGNED_CONTEXT ( ( #1323 ) ) GLOBAL_UNIT_ASSIGNED_CONTEXT ( ( #1478, #566, #3936 ) ) REPRESENTATION_CONTEXT ( 'NONE', 'WORKASPACE' ) );
#4978 = CARTESIAN_POINT ( 'NONE',  ( -0.1786473780000000788, 0.3112646140999998923, -0.0001000000000000000048 ) ) ;
#4979 = CARTESIAN_POINT ( 'NONE',  ( 0.07226001060000000753, 0.3034061207000000038, 0.05999996820000000342 ) ) ;
#4980 = CARTESIAN_POINT ( 'NONE',  ( -0.08769118310000000027, 0.3065576602000000261, 0.05614168759999999675 ) ) ;
#4981 = CARTESIAN_POINT ( 'NONE',  ( -0.2828969944254628444, -0.1225921199665887529, 0.06000020349665982633 ) ) ;
#4982 = CARTESIAN_POINT ( 'NONE',  ( 0.3067985158132802703, -0.05001030309713967031, 0.06000105381499362678 ) ) ;
#4983 = CARTESIAN_POINT ( 'NONE',  ( -0.08864737815000001131, -0.3387353859737129991, -0.1050500000000000184 ) ) ;
#4984 = FACE_OUTER_BOUND ( 'NONE', #1194, .T. ) ;
#4985 = B_SPLINE_CURVE_WITH_KNOTS ( 'NONE', 3,
 ( #2944, #5449, #453, #3424 ),
 .UNSPECIFIED., .F., .F.,
 ( 4, 4 ),
 ( 0.000000000000000000, 1.000000000000000000 ),
 .UNSPECIFIED. ) ;
#4986 = CARTESIAN_POINT ( 'NONE',  ( -0.2395786551999999903, -0.2090026824000000283, 0.05247108570000000305 ) ) ;
#4987 = CARTESIAN_POINT ( 'NONE',  ( 0.001352622000000000156, -0.3078692718445166787, 0.06000181326502192908 ) ) ;
#4989 = ORIENTED_EDGE ( 'NONE', *, *, #5175, .T. ) ;
#4988 = CARTESIAN_POINT ( 'NONE',  ( -0.3186473779528999350, 0.3512646140999999833, -4.999999999999999562E-05 ) ) ;
#4990 = EDGE_CURVE ( 'NONE', #910, #4640, #4552, .T. ) ;
#4991 = CARTESIAN_POINT ( 'NONE',  ( -0.3419807114133333603, -0.3087353859633334974, -0.1051000000000000267 ) ) ;
#4992 = CARTESIAN_POINT ( 'NONE',  ( 0.3205160714000000466, -0.02540164879999999917, 0.05000000000000000278 ) ) ;
#4993 = ORIENTED_EDGE ( 'NONE', *, *, #1732, .F. ) ;
#4994 =( BOUNDED_CURVE ( )  B_SPLINE_CURVE ( 3, ( #1431, #238, #188, #1857 ),
 .UNSPECIFIED., .F., .F. ) 
 B_SPLINE_CURVE_WITH_KNOTS ( ( 4, 4 ),
 ( 0.000000000000000000, 1.000000000000000000 ),
 .UNSPECIFIED. ) 
 CURVE ( )  GEOMETRIC_REPRESENTATION_ITEM ( )  RATIONAL_B_SPLINE_CURVE ( ( 1.000000000000000000, 0.8047378540760219412, 0.8047378540760219412, 1.000000000000000000 ) ) 
 REPRESENTATION_ITEM ( '' )  );
#4995 = CARTESIAN_POINT ( 'NONE',  ( -0.2827153946763885650, -0.1225129910997662941, 0.06000067408997947910 ) ) ;
#4996 = CARTESIAN_POINT ( 'NONE',  ( -0.1386473779999999323, -0.3370196571000003138, -0.0001000000000000000048 ) ) ;
#4997 = ORIENTED_EDGE ( 'NONE', *, *, #3967, .F. ) ;
#4998 = CARTESIAN_POINT ( 'NONE',  ( 0.1756244832000000144, 0.2690482055999999789, 0.05495180240000000632 ) ) ;
#4999 = CARTESIAN_POINT ( 'NONE',  ( 0.2376185670000000305, 0.2074603479000000084, 0.05933362749999999269 ) ) ;
#5000 = CARTESIAN_POINT ( 'NONE',  ( -0.1694016214000000353, 0.2636430857000000016, 0.05980818360000000194 ) ) ;
#5001 = CARTESIAN_POINT ( 'NONE',  ( 0.3413526220737135297, -0.1087353859411110540, -0.1050000000000000100 ) ) ;
#5002 =( NAMED_UNIT ( * ) PLANE_ANGLE_UNIT ( ) SI_UNIT ( $, .RADIAN. ) );
#5003 = CARTESIAN_POINT ( 'NONE',  ( -0.1011383136674353783, 0.2937186208407587817, 0.06000105381493271023 ) ) ;
#5004 = DIRECTION ( 'NONE',  ( 1.000000000000000000, 0.000000000000000000, 0.000000000000000000 ) ) ;
#5005 = CARTESIAN_POINT ( 'NONE',  ( 0.2985971852000000037, -0.08734394859999999872, 0.05999996820000000342 ) ) ;
#5006 = CARTESIAN_POINT ( 'NONE',  ( -0.3076284449999999726, 0.07973599620000000610, 0.05495180240000000632 ) ) ;
#5007 = CARTESIAN_POINT ( 'NONE',  ( -0.06953212327457605757, -0.3007804081113127914, 0.06000020349665982633 ) ) ;
#5008 = CARTESIAN_POINT ( 'NONE',  ( 0.1202869765953598347, -0.2850216938570322434, 0.06000105381499362678 ) ) ;
#5009 = PLANE ( 'NONE',  #3422 ) ;
#5010 = UNCERTAINTY_MEASURE_WITH_UNIT (LENGTH_MEASURE( 1.000000000000000082E-05 ), #3576, 'distance_accuracy_value', 'NONE');
#5011 = SURFACE_STYLE_USAGE ( .BOTH. , #4898 ) ;
#5012 = CARTESIAN_POINT ( 'NONE',  ( 0.001352621999999998638, -0.3387353859000000189, 0.000000000000000000 ) ) ;
#5013 = CARTESIAN_POINT ( 'NONE',  ( -0.2966860011999999935, -0.1009762461000000139, 0.05885548650000001214 ) ) ;
#5014 = FILL_AREA_STYLE_COLOUR ( '', #3037 ) ;
#5016 = ORIENTED_EDGE ( 'NONE', *, *, #2128, .T. ) ;
#5015 = CARTESIAN_POINT ( 'NONE',  ( 0.06642630856118228455, 0.2449003118965722148, -0.1051000000000000129 ) ) ;
#5017 = B_SPLINE_CURVE_WITH_KNOTS ( 'NONE', 3,
 ( #4522, #1664, #4555, #2879 ),
 .UNSPECIFIED., .F., .F.,
 ( 4, 4 ),
 ( 0.000000000000000000, 1.000000000000000000 ),
 .UNSPECIFIED. ) ;
#5018 = CARTESIAN_POINT ( 'NONE',  ( 0.2578210026000000155, 0.1940612613999999903, 0.05000000000000000278 ) ) ;
#5019 = DIRECTION ( 'NONE',  ( -0.000000000000000000, -0.000000000000000000, -1.000000000000000000 ) ) ;
#5020 = ORIENTED_EDGE ( 'NONE', *, *, #1906, .T. ) ;
#5021 = CARTESIAN_POINT ( 'NONE',  ( -0.2009278841743464550, 0.2365705091395580439, 0.06000067408997947910 ) ) ;
#5022 = ORIENTED_EDGE ( 'NONE', *, *, #3324, .T. ) ;
#5023 =( BOUNDED_SURFACE ( )  B_SPLINE_SURFACE ( 1, 3, ( 
 ( #4775, #2279, #4291, #1381 ),
 ( #5126, #1408, #108, #5157 ) ),
 .UNSPECIFIED., .F., .F., .T. ) 
 B_SPLINE_SURFACE_WITH_KNOTS ( ( 2, 2 ),
 ( 4, 4 ),
 ( 0.000000000000000000, 1.000000000000000000 ),
 ( 0.000000000000000000, 1.000000000000000000 ),
 .UNSPECIFIED. ) 
 GEOMETRIC_REPRESENTATION_ITEM ( )  RATIONAL_B_SPLINE_SURFACE ( (
 ( 1.000000000000000000, 0.8047378540336930230, 0.8047378540336930230, 1.000000000000000000),
 ( 1.000000000000000000, 0.8047378540336930230, 0.8047378540336930230, 1.000000000000000000) ) ) 
 REPRESENTATION_ITEM ( '' )  SURFACE ( )  );
#5024 = CARTESIAN_POINT ( 'NONE',  ( 0.05867186170000000117, -0.3131952192999999940, 0.05371144409999999841 ) ) ;
#5025 = CARTESIAN_POINT ( 'NONE',  ( 0.2902096525999999788, -0.1245997190000000254, 0.05885548650000001214 ) ) ;
#5026 = PRESENTATION_LAYER_ASSIGNMENT (  '', '', ( #2815 ) ) ;
#5027 = CARTESIAN_POINT ( 'NONE',  ( 0.3113526220700000291, -0.3387353860199999733, -0.1050500000000000184 ) ) ;
#5028 = CARTESIAN_POINT ( 'NONE',  ( -0.3055340210763322073, 0.03977587914054732388, 0.06000143353988593442 ) ) ;
#5029 = CARTESIAN_POINT ( 'NONE',  ( -0.1386473779999999878, -0.3487353858999999723, 0.000000000000000000 ) ) ;
#5030 = CARTESIAN_POINT ( 'NONE',  ( 0.1538492191000000175, 0.2716973036000000508, 0.05999996820000000342 ) ) ;
#5031 = CARTESIAN_POINT ( 'NONE',  ( -0.1039734788999999993, -0.2992794290000000412, 0.05614168759999999675 ) ) ;
#5032 = CARTESIAN_POINT ( 'NONE',  ( -0.2990216034000000023, -0.07502090349999999963, 0.05999996820000000342 ) ) ;
#5033 = CARTESIAN_POINT ( 'NONE',  ( 0.1870246071643570651, -0.2462980325880172738, 0.06000105381499362678 ) ) ;
#5034 = SURFACE_STYLE_USAGE ( .BOTH. , #404 ) ;
#5035 = SURFACE_STYLE_FILL_AREA ( #2543 ) ;
#5036 = CARTESIAN_POINT ( 'NONE',  ( 0.01460318830000000012, -0.3167489755999999823, 0.05614168759999999675 ) ) ;
#5037 =( GEOMETRIC_REPRESENTATION_CONTEXT ( 3 ) GLOBAL_UNCERTAINTY_ASSIGNED_CONTEXT ( ( #769 ) ) GLOBAL_UNIT_ASSIGNED_CONTEXT ( ( #262, #2814, #1120 ) ) REPRESENTATION_CONTEXT ( 'NONE', 'WORKASPACE' ) );
#5038 = SURFACE_STYLE_USAGE ( .BOTH. , #269 ) ;
#5039 = CARTESIAN_POINT ( 'NONE',  ( -0.2051212483000000031, 0.2414485041999999970, 0.05809689739999999991 ) ) ;
#5040 = CARTESIAN_POINT ( 'NONE',  ( 0.3487784157149914632, 0.3312646141000000766, -0.1051000000000000684 ) ) ;
#5041 = CARTESIAN_POINT ( 'NONE',  ( -0.1561089779000000011, -0.2779728558999999821, 0.05000000000000000278 ) ) ;
#5043 = ORIENTED_EDGE ( 'NONE', *, *, #2161, .T. ) ;
#5042 = CARTESIAN_POINT ( 'NONE',  ( 0.3446859554133333559, -0.3087353859633334974, -0.1050000000000000100 ) ) ;
#5044 = CARTESIAN_POINT ( 'NONE',  ( -0.1986473779999999856, -0.2685903899049567056, -0.1051000000000000267 ) ) ;
#5045 = CARTESIAN_POINT ( 'NONE',  ( 0.001352622000000000156, 0.3212646141000000122, 0.05118824680000000349 ) ) ;
#5046 = VERTEX_POINT ( 'NONE', #486 ) ;
#5047 = CARTESIAN_POINT ( 'NONE',  ( -0.08529430438085452981, -0.2958105620966293703, 0.06000105381493271023 ) ) ;
#5048 = CARTESIAN_POINT ( 'NONE',  ( 0.2947978340512054096, 0.1008412055162045962, 0.06000159666539074677 ) ) ;
#5049 = ORIENTED_EDGE ( 'NONE', *, *, #4602, .T. ) ;
#5050 = CARTESIAN_POINT ( 'NONE',  ( 0.3206383736999999789, 0.01456818710000000287, 0.05371144409999999841 ) ) ;
#5051 = CARTESIAN_POINT ( 'NONE',  ( 0.2234310751999999678, 0.2256077672999999839, 0.05885548650000001214 ) ) ;
#5052 = FILL_AREA_STYLE ('',( #448 ) ) ;
#5053 = EDGE_CURVE ( 'NONE', #2886, #4523, #1670, .T. ) ;
#5054 = CARTESIAN_POINT ( 'NONE',  ( -0.2824223265288227647, -0.1223852918571360082, 0.06000143353988593442 ) ) ;
#5055 = CARTESIAN_POINT ( 'NONE',  ( 0.3313526219952264706, -0.3487353858999999723, -0.05255000000000001337 ) ) ;
#5056 = EDGE_CURVE ( 'NONE', #4059, #1748, #799, .T. ) ;
#5057 = CARTESIAN_POINT ( 'NONE',  ( 0.3017268473999999978, -0.07502090349999999963, 0.05999996820000000342 ) ) ;
#5058 = CARTESIAN_POINT ( 'NONE',  ( -0.1216352161999999931, -0.2947788147000000580, 0.05000000000000000278 ) ) ;
#5059 = CARTESIAN_POINT ( 'NONE',  ( -0.2996972238000000233, -0.1020092330000000047, 0.05614168759999999675 ) ) ;
#5060 = CARTESIAN_POINT ( 'NONE',  ( -0.08542215420000000281, 0.2987781326000000237, 0.05999996820000000342 ) ) ;
#5061 = CARTESIAN_POINT ( 'NONE',  ( 0.2983124233480620724, 0.08978828931776380862, 0.06000067408997947910 ) ) ;
#5062 = CARTESIAN_POINT ( 'NONE',  ( -0.3486473780000000078, -0.2720687192922223163, -0.1050000000000000100 ) ) ;
#5063 = FILL_AREA_STYLE_COLOUR ( '', #4553 ) ;
#5064 = EDGE_CURVE ( 'NONE', #1370, #3332, #2050, .T. ) ;
#5065 = STYLED_ITEM ( 'NONE', ( #3698 ), #5337 ) ;
#5066 = CARTESIAN_POINT ( 'NONE',  ( 0.2693774217000000082, 0.1723909527999999969, 0.05711929249999999486 ) ) ;
#5067 = CARTESIAN_POINT ( 'NONE',  ( -0.01906312555139197742, 0.3104901383168712781, 0.06000159538845142859 ) ) ;
#5068 = CARTESIAN_POINT ( 'NONE',  ( -0.3110300068999999890, -0.03793634320000000004, 0.05885548650000001214 ) ) ;
#5069 = DIRECTION ( 'NONE',  ( 1.000000000000000000, 0.000000000000000000, 0.000000000000000000 ) ) ;
#5070 = CARTESIAN_POINT ( 'NONE',  ( 0.3337392258626113439, 0.3413881276822993138, -0.1051000000000000545 ) ) ;
#5071 = ORIENTED_EDGE ( 'NONE', *, *, #444, .F. ) ;
#5072 =( LENGTH_UNIT ( ) NAMED_UNIT ( * ) SI_UNIT ( .CENTI., .METRE. ) );
#5074 = ORIENTED_EDGE ( 'NONE', *, *, #5238, .T. ) ;
#5073 = CARTESIAN_POINT ( 'NONE',  ( 0.001352622000000000156, -0.3135680746000000241, 0.05885548650000001214 ) ) ;
#5075 = CARTESIAN_POINT ( 'NONE',  ( -0.3286473779946666451, -0.3487353859000000278, -0.1051000000000000267 ) ) ;
#5076 = CARTESIAN_POINT ( 'NONE',  ( -0.2603106763341525021, -0.09839640273500002698, -0.1050500000000000184 ) ) ;
#5077 = CARTESIAN_POINT ( 'NONE',  ( -0.3153140447733333018, 0.2312646142500000834, -0.1051000000000000267 ) ) ;
#5078 = VERTEX_POINT ( 'NONE', #2114 ) ;
#5079 = STYLED_ITEM ( 'NONE', ( #4413 ), #3160 ) ;
#5080 = CARTESIAN_POINT ( 'NONE',  ( -0.1176431154429667808, -0.2851694484449014966, 0.06000067408997947910 ) ) ;
#5081 = CARTESIAN_POINT ( 'NONE',  ( 0.2472748030857090662, 0.1898329156973974086, 0.06000158099697606301 ) ) ;
#5082 = ORIENTED_EDGE ( 'NONE', *, *, #2560, .F. ) ;
#5083 = CARTESIAN_POINT ( 'NONE',  ( 0.2576458935000000006, -0.1914003972999999970, 0.05247108570000000305 ) ) ;
#5084 = CARTESIAN_POINT ( 'NONE',  ( 0.2860360708999999946, -0.1365207170999999942, 0.05809689739999999991 ) ) ;
#5085 = CARTESIAN_POINT ( 'NONE',  ( -0.2319807112587710107, 0.3512646140999999278, 0.000000000000000000 ) ) ;
#5086 = B_SPLINE_CURVE_WITH_KNOTS ( 'NONE', 3,
 ( #61, #939, #1302, #4269 ),
 .UNSPECIFIED., .F., .F.,
 ( 4, 4 ),
 ( 0.000000000000000000, 1.000000000000000000 ),
 .UNSPECIFIED. ) ;
#5087 = CARTESIAN_POINT ( 'NONE',  ( -0.2984242492169087990, 0.07739842271769208082, 0.06000143353988593442 ) ) ;
#5088 = SURFACE_SIDE_STYLE ('',( #1289 ) ) ;
#5089 = CARTESIAN_POINT ( 'NONE',  ( 0.1376731919999999998, 0.2808965525000000074, 0.05999716119999999597 ) ) ;
#5090 = PRESENTATION_LAYER_ASSIGNMENT (  '', '', ( #2874 ) ) ;
#5091 = CARTESIAN_POINT ( 'NONE',  ( -0.2911352076000000011, 0.1287110036000000124, 0.05495180240000000632 ) ) ;
#5092 = CARTESIAN_POINT ( 'NONE',  ( 0.001352622000000000156, 0.3123551454999999866, 0.05999716119999999597 ) ) ;
#5093 = EDGE_CURVE ( 'NONE', #2130, #2886, #4249, .T. ) ;
#5094 = CARTESIAN_POINT ( 'NONE',  ( 0.2346227054390274680, -0.2023165496846945355, 0.06000067408997947910 ) ) ;
#5095 = SURFACE_STYLE_FILL_AREA ( #3856 ) ;
#5096 = CARTESIAN_POINT ( 'NONE',  ( -0.3386473781200000088, -0.2554020526877777142, -0.1051000000000000267 ) ) ;
#5097 = SURFACE_STYLE_USAGE ( .BOTH. , #775 ) ;
#5098 = CARTESIAN_POINT ( 'NONE',  ( 0.3086205952000000141, 0.07930092480000000554, 0.05711929249999999486 ) ) ;
#5099 = CARTESIAN_POINT ( 'NONE',  ( 0.2702153224000000131, -0.1703967006999999867, 0.05614168759999999675 ) ) ;
#5100 = CARTESIAN_POINT ( 'NONE',  ( -0.2445695590727424706, -0.1873036875101539156, 0.06000158099669554435 ) ) ;
#5101 = CARTESIAN_POINT ( 'NONE',  ( -0.2043380679000000033, -0.2380082293000000127, 0.05885548650000001214 ) ) ;
#5102 = ADVANCED_FACE ( 'NONE', ( #260 ), #3839, .F. ) ;
#5103 = VERTEX_POINT ( 'NONE', #163 ) ;
#5104 = CARTESIAN_POINT ( 'NONE',  ( 0.2798227085595933472, 0.1360427097068078461, 0.06000181326502192908 ) ) ;
#5106 = ORIENTED_EDGE ( 'NONE', *, *, #3262, .T. ) ;
#5105 = CARTESIAN_POINT ( 'NONE',  ( -0.3486473780000000078, 0.3312646140946665652, -0.1051000000000000267 ) ) ;
#5107 = CARTESIAN_POINT ( 'NONE',  ( 0.3113526219999995792, -0.1387353859000000633, -0.0001000000000000000319 ) ) ;
#5108 = CARTESIAN_POINT ( 'NONE',  ( -0.2367411721586913376, -0.1464215762793881492, -0.1051000000000000129 ) ) ;
#5109 = SURFACE_SIDE_STYLE ('',( #2963 ) ) ;
#5110 = ORIENTED_EDGE ( 'NONE', *, *, #3548, .F. ) ;
#5111 = CARTESIAN_POINT ( 'NONE',  ( -0.1510465799537236142, 0.2715245862956428557, 0.06000043879331965618 ) ) ;
#5112 = EDGE_CURVE ( 'NONE', #1948, #1968, #1800, .T. ) ;
#5113 = LINE ( 'NONE', #122, #4203 ) ;
#5114 = VECTOR ( 'NONE', #4600, 100.0000000000000000 ) ;
#5115 = CARTESIAN_POINT ( 'NONE',  ( 0.3102549514088959737, 0.02707355546459356416, 0.06000043879331965618 ) ) ;
#5116 = ORIENTED_EDGE ( 'NONE', *, *, #1460, .F. ) ;
#5117 = CARTESIAN_POINT ( 'NONE',  ( 0.2994131270000000011, -0.1145807642999999987, 0.05247108570000000305 ) ) ;
#5118 = CARTESIAN_POINT ( 'NONE',  ( 0.2948004489000000117, 0.1153172108000000279, 0.05885548650000001214 ) ) ;
#5119 = CARTESIAN_POINT ( 'NONE',  ( -0.3486473780000000078, -0.3287353859000000100, -9.999999999999999124E-05 ) ) ;
#5120 = CARTESIAN_POINT ( 'NONE',  ( -0.2716944148228069289, 0.1468897005287022051, 0.06000105381493271023 ) ) ;
#5121 = CARTESIAN_POINT ( 'NONE',  ( 0.2770335969386165664, -0.08873538605000003132, -0.1050500000000000184 ) ) ;
#5122 = CARTESIAN_POINT ( 'NONE',  ( 0.08881211249999999835, -0.2985964962000000056, 0.05980818360000000194 ) ) ;
#5123 = CARTESIAN_POINT ( 'NONE',  ( -0.3161571056000000435, -0.03857974389999999781, 0.05000000000000000278 ) ) ;
#5124 = CARTESIAN_POINT ( 'NONE',  ( -0.1551315300000000175, -0.2762394803000000065, 0.05614168759999999675 ) ) ;
#5125 = CARTESIAN_POINT ( 'NONE',  ( -0.1680647982000000040, -0.2590597145999999906, 0.05999996820000000342 ) ) ;
#5126 = CARTESIAN_POINT ( 'NONE',  ( -0.3486473780000000078, 0.3312646141000000211, -9.999999999999999124E-05 ) ) ;
#5127 = CARTESIAN_POINT ( 'NONE',  ( 0.1370257429742023636, -0.2770392238941829510, 0.06000067408997947910 ) ) ;
#5128 = CARTESIAN_POINT ( 'NONE',  ( -0.1186473778649999866, -0.3387353859737130546, -0.1050500000000000184 ) ) ;
#5129 = UNCERTAINTY_MEASURE_WITH_UNIT (LENGTH_MEASURE( 1.000000000000000082E-05 ), #587, 'distance_accuracy_value', 'NONE');
#5130 = CARTESIAN_POINT ( 'NONE',  ( -0.2419807114599999975, 0.2579312808700000015, -0.1051000000000000267 ) ) ;
#5131 = CARTESIAN_POINT ( 'NONE',  ( 0.2685395208999999950, 0.1718559765999999878, 0.05809689739999999991 ) ) ;
#5132 = CARTESIAN_POINT ( 'NONE',  ( 0.1746582619000000003, 0.2675635242000000136, 0.05711929249999999486 ) ) ;
#5133 = CARTESIAN_POINT ( 'NONE',  ( 0.2713526220799999944, 0.2312646142500000002, -0.1050500000000000184 ) ) ;
#5134 = B_SPLINE_CURVE_WITH_KNOTS ( 'NONE', 3,
 ( #840, #5001, #2459, #1286 ),
 .UNSPECIFIED., .F., .F.,
 ( 4, 4 ),
 ( 0.000000000000000000, 1.000000000000000000 ),
 .UNSPECIFIED. ) ;
#5135 = CARTESIAN_POINT ( 'NONE',  ( -0.2822509879999999804, 0.1385273089000000069, 0.05885548650000001214 ) ) ;
#5136 = CARTESIAN_POINT ( 'NONE',  ( 0.1534673603151654186, 0.2710201272703686715, 0.06000181326502192908 ) ) ;
#5138 = ORIENTED_EDGE ( 'NONE', *, *, #4110, .F. ) ;
#5137 = CARTESIAN_POINT ( 'NONE',  ( 0.001352622000000000156, -0.3167489755999999823, 0.05614168759999999675 ) ) ;
#5139 = CARTESIAN_POINT ( 'NONE',  ( 0.3245340859592583671, -0.1743535230589310092, -0.000000000000000000 ) ) ;
#5140 = VECTOR ( 'NONE', #2085, 100.0000000000000000 ) ;
#5141 = CARTESIAN_POINT ( 'NONE',  ( 0.3513526220000000033, -0.1987353859250000354, -0.1050499999987500044 ) ) ;
#5142 =( NAMED_UNIT ( * ) SI_UNIT ( $, .STERADIAN. ) SOLID_ANGLE_UNIT ( ) );
#5143 = ORIENTED_EDGE ( 'NONE', *, *, #3781, .F. ) ;
#5144 = CARTESIAN_POINT ( 'NONE',  ( -0.3059491527745752393, -0.03729874589264340484, 0.06000043879331965618 ) ) ;
#5145 = CARTESIAN_POINT ( 'NONE',  ( 0.3102549514088959737, -0.02454432728135854877, 0.06000043879331965618 ) ) ;
#5146 = ORIENTED_EDGE ( 'NONE', *, *, #339, .F. ) ;
#5147 = CARTESIAN_POINT ( 'NONE',  ( 0.1242564877999999956, -0.2945766850000000048, 0.05247108570000000305 ) ) ;
#5148 = CARTESIAN_POINT ( 'NONE',  ( 0.02851975889999999736, -0.3139500734999999820, 0.05809689739999999991 ) ) ;
#5149 = CARTESIAN_POINT ( 'NONE',  ( -0.3486473780000000078, -0.1387353859013226720, -0.0001000000030000006840 ) ) ;
#5150 = CARTESIAN_POINT ( 'NONE',  ( -0.3072917071882987905, -0.02452277126680237063, 0.06000105381493271023 ) ) ;
#5151 =( NAMED_UNIT ( * ) SI_UNIT ( $, .STERADIAN. ) SOLID_ANGLE_UNIT ( ) );
#5152 = CARTESIAN_POINT ( 'NONE',  ( 0.2054247665999999750, -0.2361254315000000104, 0.05980818360000000194 ) ) ;
#5153 = B_SPLINE_CURVE_WITH_KNOTS ( 'NONE', 3,
 ( #3153, #1038, #1859, #2661 ),
 .UNSPECIFIED., .F., .F.,
 ( 4, 4 ),
 ( 0.000000000000000000, 1.000000000000000000 ),
 .UNSPECIFIED. ) ;
#5154 = CARTESIAN_POINT ( 'NONE',  ( -0.3015776734000000237, -0.1026543130999999914, 0.05000000000000000278 ) ) ;
#5155 = CARTESIAN_POINT ( 'NONE',  ( -0.2069235046999999827, -0.2410157782000000026, 0.05495180240000000632 ) ) ;
#5156 = CARTESIAN_POINT ( 'NONE',  ( -0.3061455426999999951, 0.03985261910000000712, 0.05999996820000000342 ) ) ;
#5157 = CARTESIAN_POINT ( 'NONE',  ( -0.3286473779999999900, 0.3512646140999999833, -9.999999999999999124E-05 ) ) ;
#5158 = CARTESIAN_POINT ( 'NONE',  ( 0.2346227054390274680, 0.2048457778846945743, 0.06000067408997947910 ) ) ;
#5159 = CARTESIAN_POINT ( 'NONE',  ( -0.3486473780000000078, -0.3254020525477843151, -9.999999999999999124E-05 ) ) ;
#5160 = CARTESIAN_POINT ( 'NONE',  ( -0.3486473779999999523, 0.3112646142055556786, -0.1050499999987499766 ) ) ;
#5161 = CARTESIAN_POINT ( 'NONE',  ( 0.07366061420000000193, 0.3093741937999999747, 0.05809689739999999991 ) ) ;
#5162 = CARTESIAN_POINT ( 'NONE',  ( 0.01460318830000000012, 0.3192782037999999933, 0.05614168759999999675 ) ) ;
#5163 = CARTESIAN_POINT ( 'NONE',  ( -0.2921274397994135796, 0.1007707280666909899, 0.06000159667617293441 ) ) ;
#5164 = MECHANICAL_DESIGN_GEOMETRIC_PRESENTATION_REPRESENTATION (  '', ( #2071 ), #3201 ) ;
#5165 = CARTESIAN_POINT ( 'NONE',  ( -0.1033169889999999980, -0.2974061599999999750, 0.05809689739999999991 ) ) ;
#5166 = CARTESIAN_POINT ( 'NONE',  ( 0.001352622000000000156, -0.3098259173000000311, 0.05999716119999999597 ) ) ;
#5167 =( NAMED_UNIT ( * ) PLANE_ANGLE_UNIT ( ) SI_UNIT ( $, .RADIAN. ) );
#5168 = CARTESIAN_POINT ( 'NONE',  ( 0.3430576215928330952, -0.1287353861071635075, -0.000000000000000000 ) ) ;
#5169 = PRESENTATION_LAYER_ASSIGNMENT (  '', '', ( #5065 ) ) ;
#5170 = PRESENTATION_LAYER_ASSIGNMENT (  '', '', ( #3743 ) ) ;
#5171 = CARTESIAN_POINT ( 'NONE',  ( 0.001352622099999999973, -0.3103265598999999653, -0.1323564430999999986 ) ) ;
#5172 =( NAMED_UNIT ( * ) SI_UNIT ( $, .STERADIAN. ) SOLID_ANGLE_UNIT ( ) );
#5173 = EDGE_LOOP ( 'NONE', ( #783, #202, #414, #3586, #834, #5146 ) ) ;
#5174 = CARTESIAN_POINT ( 'NONE',  ( -0.3083593628909542250, 0.001264614099999999876, 0.06000043879331965618 ) ) ;
#5175 = EDGE_CURVE ( 'NONE', #721, #3024, #405, .T. ) ;
#5176 = CARTESIAN_POINT ( 'NONE',  ( 0.01426141164908842351, -0.3085463358870946249, 0.06000020349665982633 ) ) ;
#5177 = ORIENTED_EDGE ( 'NONE', *, *, #2161, .F. ) ;
#5178 = CARTESIAN_POINT ( 'NONE',  ( 0.3040760855999999901, -0.1025833603000000233, 0.05247108570000000305 ) ) ;
#5179 = CARTESIAN_POINT ( 'NONE',  ( 0.04330369740000000051, -0.3119700817999999654, 0.05809689739999999991 ) ) ;
#5180 = CARTESIAN_POINT ( 'NONE',  ( 0.1680192887533334678, -0.3487353858999999723, -0.1050000000000000100 ) ) ;
#5181 = B_SPLINE_CURVE_WITH_KNOTS ( 'NONE', 3,
 ( #4212, #3377, #3772, #5070, #1662, #828, #5, #1692, #1300, #3325, #5040, #2954 ),
 .UNSPECIFIED., .F., .F.,
 ( 4, 2, 2, 2, 2, 4 ),
 ( 0.000000000000000000, 0.2499999999999996114, 0.4999999999999992228, 0.6249999999999990008, 0.7499999999999988898, 1.000000000000000000 ),
 .UNSPECIFIED. ) ;
#5182 = CARTESIAN_POINT ( 'NONE',  ( -0.2008235394908683691, -0.2339199004291692696, 0.06000105381493271023 ) ) ;
#5183 = CARTESIAN_POINT ( 'NONE',  ( 0.6819213793133677148, -0.3390197645066836407, -0.0003451504145698645084 ) ) ;
#5184 = CARTESIAN_POINT ( 'NONE',  ( 0.1721068655000000114, -0.2611138574000000379, 0.05980818360000000194 ) ) ;
#5185 = CARTESIAN_POINT ( 'NONE',  ( -0.3055696659000000093, 0.09275810520000001003, 0.05000000000000000278 ) ) ;
#5186 = CARTESIAN_POINT ( 'NONE',  ( -0.2235172545000000122, -0.2258984286000000063, 0.05495180240000000632 ) ) ;
#5187 = CARTESIAN_POINT ( 'NONE',  ( -0.2616570199000000096, -0.1666596865000000149, 0.05999716119999999597 ) ) ;
#5188 = CARTESIAN_POINT ( 'NONE',  ( 0.3434005793365210168, 0.3212646140000163797, 0.000000000000000000 ) ) ;
#5189 = EDGE_CURVE ( 'NONE', #1338, #563, #5153, .T. ) ;
#5190 = CARTESIAN_POINT ( 'NONE',  ( 0.2802543158069061291, -0.1337223772582177284, 0.06000067408997947910 ) ) ;
#5191 = CARTESIAN_POINT ( 'NONE',  ( -0.1386473780013226242, -0.3487353859000000278, -0.0001000000022499994944 ) ) ;
#5192 = UNCERTAINTY_MEASURE_WITH_UNIT (LENGTH_MEASURE( 1.000000000000000082E-05 ), #3789, 'distance_accuracy_value', 'NONE');
#5193 = PRESENTATION_LAYER_ASSIGNMENT (  '', '', ( #4470 ) ) ;
#5194 = SURFACE_SIDE_STYLE ('',( #3516 ) ) ;
#5195 = FILL_AREA_STYLE_COLOUR ( '', #1267 ) ;
#5196 = CARTESIAN_POINT ( 'NONE',  ( 0.2249757451000000130, -0.2246389610999999786, 0.05711929249999999486 ) ) ;
#5197 = MECHANICAL_DESIGN_GEOMETRIC_PRESENTATION_REPRESENTATION (  '', ( #3501 ), #4651 ) ;
#5198 = CARTESIAN_POINT ( 'NONE',  ( -0.1882662384999999883, -0.2515605333000000554, 0.05809689739999999991 ) ) ;
#5199 = CARTESIAN_POINT ( 'NONE',  ( 0.3040965215016934176, -0.06253769324700321486, 0.06000181326502192908 ) ) ;
#5200 = CARTESIAN_POINT ( 'NONE',  ( -0.1469316492000002083, -0.3287353859000000655, -9.999999999999999124E-05 ) ) ;
#5201 =( NAMED_UNIT ( * ) SI_UNIT ( $, .STERADIAN. ) SOLID_ANGLE_UNIT ( ) );
#5202 = CARTESIAN_POINT ( 'NONE',  ( 0.3213526219000166217, -0.3407833432361637716, 0.000000000000000000 ) ) ;
#5203 = CARTESIAN_POINT ( 'NONE',  ( 0.3798037789000000553, -0.2744800229000001757, 0.2157216352000000670 ) ) ;
#5204 =( NAMED_UNIT ( * ) SI_UNIT ( $, .STERADIAN. ) SOLID_ANGLE_UNIT ( ) );
#5205 = ORIENTED_EDGE ( 'NONE', *, *, #1768, .T. ) ;
#5206 = CARTESIAN_POINT ( 'NONE',  ( -0.06950948004915211142, -0.3006839237226256456, 0.06000043879331965618 ) ) ;
#5207 = CARTESIAN_POINT ( 'NONE',  ( 0.3015350073256981012, -0.07497218222086841910, 0.06000043879331965618 ) ) ;
#5208 = CARTESIAN_POINT ( 'NONE',  ( 0.3202981560000000005, -0.02538344189999999778, 0.05247108570000000305 ) ) ;
#5209 = CARTESIAN_POINT ( 'NONE',  ( 0.3076600121999999993, 0.07905696719999999456, 0.05809689739999999991 ) ) ;
#5210 = ORIENTED_EDGE ( 'NONE', *, *, #4281, .F. ) ;
#5211 = VECTOR ( 'NONE', #466, 100.0000000000000000 ) ;
#5212 = CARTESIAN_POINT ( 'NONE',  ( -0.1509192937047204031, -0.2687696327134668772, 0.06000105381493271023 ) ) ;
#5213 = CARTESIAN_POINT ( 'NONE',  ( 0.001352621999999999072, 0.3248414310000001248, 0.02526482689999998144 ) ) ;
#5214 = CARTESIAN_POINT ( 'NONE',  ( 0.2958487052000000062, -0.09976099299999999226, 0.05999716119999999597 ) ) ;
#5215 = CARTESIAN_POINT ( 'NONE',  ( -0.2681664813000000369, -0.1708157955999999866, 0.05495180240000000632 ) ) ;
#5216 = CARTESIAN_POINT ( 'NONE',  ( -0.1687102018000000148, -0.2600514321999999878, 0.05999716119999999597 ) ) ;
#5217 = CARTESIAN_POINT ( 'NONE',  ( -0.3486473780000000078, -0.3487353858999999723, 0.000000000000000000 ) ) ;
#5218 = CARTESIAN_POINT ( 'NONE',  ( 0.07221472414915211524, -0.3006839237226256456, 0.06000043879331965618 ) ) ;
#5219 = CARTESIAN_POINT ( 'NONE',  ( -0.1953251781194505488, -0.2174803774559969094, -0.1051000000000000267 ) ) ;
#5220 = SURFACE_STYLE_USAGE ( .BOTH. , #5194 ) ;
#5221 = FILL_AREA_STYLE ('',( #5195 ) ) ;
#5222 = CARTESIAN_POINT ( 'NONE',  ( 0.2922188016999999749, -0.1254751701000000053, 0.05711929249999999486 ) ) ;
#5223 =( BOUNDED_CURVE ( )  B_SPLINE_CURVE ( 3, ( #4569, #4151, #4944, #1175 ),
 .UNSPECIFIED., .F., .F. ) 
 B_SPLINE_CURVE_WITH_KNOTS ( ( 4, 4 ),
 ( 0.000000000000000000, 1.000000000000000000 ),
 .UNSPECIFIED. ) 
 CURVE ( )  GEOMETRIC_REPRESENTATION_ITEM ( )  RATIONAL_B_SPLINE_CURVE ( ( 0.9862292747462950704, 0.9695813527608918569, 0.9695813527608919680, 0.9862292747462950704 ) ) 
 REPRESENTATION_ITEM ( '' )  );
#5224 = CARTESIAN_POINT ( 'NONE',  ( -0.3105862110000000009, -0.05110026680000000210, 0.05809689739999999991 ) ) ;
#5225 = MECHANICAL_DESIGN_GEOMETRIC_PRESENTATION_REPRESENTATION (  '', ( #1695 ), #2902 ) ;
#5226 = CARTESIAN_POINT ( 'NONE',  ( 0.2798227085595933472, -0.1335134815725386448, 0.06000181326502192908 ) ) ;
#5227 = ORIENTED_EDGE ( 'NONE', *, *, #1940, .F. ) ;
#5228 = CARTESIAN_POINT ( 'NONE',  ( -0.2319920240926849619, -0.2023816226231296977, 0.06000043879331965618 ) ) ;
#5229 = CARTESIAN_POINT ( 'NONE',  ( -0.1886473779117064931, 0.3512646140999999833, -5.000000124996760686E-05 ) ) ;
#5230 = CARTESIAN_POINT ( 'NONE',  ( 0.2900275663905283463, 0.1134621633851126687, 0.06000043879331965618 ) ) ;
#5231 = CARTESIAN_POINT ( 'NONE',  ( 0.07456862200000000107, 0.3132432807999999680, 0.05118824680000000349 ) ) ;
#5232 = VERTEX_POINT ( 'NONE', #1466 ) ;
#5233 = CARTESIAN_POINT ( 'NONE',  ( 0.1214023282000000065, 0.2902356795000000100, 0.05980818360000000194 ) ) ;
#5234 = CARTESIAN_POINT ( 'NONE',  ( -0.04096463320000000297, -0.3147042253999999817, 0.05495180240000000632 ) ) ;
#5235 = CARTESIAN_POINT ( 'NONE',  ( -0.1016805620000000299, 0.2952659055999999893, 0.05999716119999999597 ) ) ;
#5236 = CARTESIAN_POINT ( 'NONE',  ( 0.001352621999999999939, -0.3187353859000000011, 0.05000000000000000278 ) ) ;
#5237 = CARTESIAN_POINT ( 'NONE',  ( -0.02615566629999999809, -0.3179083829999999611, 0.05000000000000000278 ) ) ;
#5238 = EDGE_CURVE ( 'NONE', #2022, #2561, #4760, .T. ) ;
#5239 = CARTESIAN_POINT ( 'NONE',  ( -0.1849232109605494501, -0.2124961490983164059, -0.1051000000000000267 ) ) ;
#5240 = MECHANICAL_DESIGN_GEOMETRIC_PRESENTATION_REPRESENTATION (  '', ( #4524 ), #2146 ) ;
#5241 = CARTESIAN_POINT ( 'NONE',  ( 0.3513526220000000033, 0.3212646140295670194, -4.999999999999858616E-05 ) ) ;
#5242 = EDGE_CURVE ( 'NONE', #5103, #4213, #4641, .T. ) ;
#5243 = PRESENTATION_LAYER_ASSIGNMENT (  '', '', ( #2148 ) ) ;
#5244 =( NAMED_UNIT ( * ) SI_UNIT ( $, .STERADIAN. ) SOLID_ANGLE_UNIT ( ) );
#5245 = CARTESIAN_POINT ( 'NONE',  ( 0.02799353229999999859, -0.3078443747999999869, 0.05999996820000000342 ) ) ;
#5246 = CARTESIAN_POINT ( 'NONE',  ( 0.001352622000000000156, 0.3182871261000000396, 0.05711929249999999486 ) ) ;
#5247 = CARTESIAN_POINT ( 'NONE',  ( 0.04240929433226064277, -0.3052918715407010319, 0.06000143354000778140 ) ) ;
#5248 = EDGE_CURVE ( 'NONE', #1613, #2345, #5223, .T. ) ;
#5249 = B_SPLINE_CURVE_WITH_KNOTS ( 'NONE', 3,
 ( #4242, #2099, #5077, #67 ),
 .UNSPECIFIED., .F., .F.,
 ( 4, 4 ),
 ( 0.000000000000000000, 1.000000000000000000 ),
 .UNSPECIFIED. ) ;
#5250 = MECHANICAL_DESIGN_GEOMETRIC_PRESENTATION_REPRESENTATION (  '', ( #4716 ), #3286 ) ;
#5251 = CARTESIAN_POINT ( 'NONE',  ( -0.1986473780249999876, -0.3487353859000000278, -0.1050499999987500044 ) ) ;
#5252 = SURFACE_SIDE_STYLE ('',( #584 ) ) ;
#5253 = CARTESIAN_POINT ( 'NONE',  ( -0.3044462818868922671, -0.05006956256034661434, 0.06000020349665982633 ) ) ;
#5254 = LINE ( 'NONE', #4365, #1846 ) ;
#5255 = CARTESIAN_POINT ( 'NONE',  ( -0.07186337800000000553, 0.3132432807999999680, 0.05000000000000000278 ) ) ;
#5256 = CARTESIAN_POINT ( 'NONE',  ( 0.2837055632000000105, -0.1493236212000000063, 0.05118824680000000349 ) ) ;
#5257 = CARTESIAN_POINT ( 'NONE',  ( 0.3113526220966667535, -0.3487353859000000278, -0.1050499999987500044 ) ) ;
#5258 = ORIENTED_EDGE ( 'NONE', *, *, #4486, .T. ) ;
#5259 = CARTESIAN_POINT ( 'NONE',  ( 0.3180192887488890174, 0.3512646140999999833, -0.1051000000000000267 ) ) ;
#5260 = CARTESIAN_POINT ( 'NONE',  ( 0.3201426118999999848, -0.01201830210000000114, 0.05495180240000000632 ) ) ;
#5261 = CARTESIAN_POINT ( 'NONE',  ( 0.2366888245000000057, 0.2066489363000000301, 0.05980818360000000194 ) ) ;
#5262 = CARTESIAN_POINT ( 'NONE',  ( -0.3149565119000000135, -0.03842908109999999822, 0.05495180240000000632 ) ) ;
#5263 = CARTESIAN_POINT ( 'NONE',  ( -0.07011427589999999488, 0.3057902305999999903, 0.05980818360000000194 ) ) ;
#5264 = CARTESIAN_POINT ( 'NONE',  ( 0.1933526220000000018, 0.2572646141000000108, 0.05000000000000003053 ) ) ;
#5265 = CARTESIAN_POINT ( 'NONE',  ( 0.001352622000000000156, 0.3148539592000000331, 0.05933362749999999269 ) ) ;
#5266 = CARTESIAN_POINT ( 'NONE',  ( -0.3369316492000000163, -0.1387353859000000356, -0.0001000000000000000048 ) ) ;
#5267 = CARTESIAN_POINT ( 'NONE',  ( 0.3280192886400064567, -0.3487353858999999723, -9.999999999999999124E-05 ) ) ;
#5268 = CARTESIAN_POINT ( 'NONE',  ( 0.1039620086477790611, 0.2940566158715735567, 0.06000020349665982633 ) ) ;
#5269 = EDGE_CURVE ( 'NONE', #2183, #1199, #2892, .T. ) ;
#5270 = CARTESIAN_POINT ( 'NONE',  ( -0.07118212869999999970, 0.3103404283999999791, 0.05711929249999999486 ) ) ;
#5271 = CARTESIAN_POINT ( 'NONE',  ( 0.3098376575121411514, -0.02450946220729645006, 0.06000143354000778140 ) ) ;
#5272 = CARTESIAN_POINT ( 'NONE',  ( 0.2466059991642257643, -0.1339026020498054470, -0.1049999999999999961 ) ) ;
#5273 = CARTESIAN_POINT ( 'NONE',  ( 0.001352621999999999939, 0.08753452139999998161, 0.3260427481000001126 ) ) ;
#5274 = EDGE_CURVE ( 'NONE', #2958, #4663, #84, .T. ) ;
#5275 = CARTESIAN_POINT ( 'NONE',  ( -0.2720099808385955664, -0.1445287740856137926, 0.06000020349665982633 ) ) ;
#5276 = COLOUR_RGB ( '',0.2980392156862745057, 0.2980392156862745057, 0.2980392156862745057 ) ;
#5277 = DIRECTION ( 'NONE',  ( -0.000000000000000000, -0.000000000000000000, -1.000000000000000000 ) ) ;
#5278 = CARTESIAN_POINT ( 'NONE',  ( -0.3186473779999999811, 0.01459794740000000014, 0.05000000000000000278 ) ) ;
#5279 = CARTESIAN_POINT ( 'NONE',  ( 0.3413526221200000044, -0.3087353859633334974, -0.1050500000000000184 ) ) ;
#5280 = CARTESIAN_POINT ( 'NONE',  ( 0.05876086249999999678, 0.3162127158999999965, 0.05247108570000000305 ) ) ;
#5281 = CARTESIAN_POINT ( 'NONE',  ( -0.3286473780000003786, -0.1470196571000000341, -0.1050999999999999851 ) ) ;
#5282 = CARTESIAN_POINT ( 'NONE',  ( -0.2811309748000000441, -0.1354560000000000208, 0.05933362749999999269 ) ) ;
#5283 = ORIENTED_EDGE ( 'NONE', *, *, #2244, .T. ) ;
#5284 = FILL_AREA_STYLE_COLOUR ( '', #1257 ) ;
#5285 = CARTESIAN_POINT ( 'NONE',  ( 0.3160142873999999824, 0.05408657430000000238, 0.05495180240000000632 ) ) ;
#5286 = CARTESIAN_POINT ( 'NONE',  ( 0.04281571800000000261, 0.3108557310000000240, 0.05980818360000000194 ) ) ;
#5287 = CARTESIAN_POINT ( 'NONE',  ( -0.2803701000000000665, -0.1489875042999999899, 0.05371144409999999841 ) ) ;
#5288 = CARTESIAN_POINT ( 'NONE',  ( -0.1517249179999999864, 0.2727275296000000182, 0.05999716119999999597 ) ) ;
#5289 = CARTESIAN_POINT ( 'NONE',  ( 0.1073366220000000065, -0.3011567191999999782, 0.05000000000000003053 ) ) ;
#5290 = MECHANICAL_DESIGN_GEOMETRIC_PRESENTATION_REPRESENTATION (  '', ( #347 ), #2289 ) ;
#5292 = CARTESIAN_POINT ( 'NONE',  ( 0.001352622000000000156, 0.3210461275000000003, 0.05247108570000000305 ) ) ;
#5291 =( NAMED_UNIT ( * ) PLANE_ANGLE_UNIT ( ) SI_UNIT ( $, .RADIAN. ) );
#5293 = CARTESIAN_POINT ( 'NONE',  ( -0.1786473779973334064, 0.3512646140999999833, -0.1051000000000000267 ) ) ;
#5294 = CARTESIAN_POINT ( 'NONE',  ( 0.2347718309463424913, 0.2049759237615648988, 0.06000020349665982633 ) ) ;
#5295 = CARTESIAN_POINT ( 'NONE',  ( -0.01189794419999999978, 0.3192782037999999933, 0.05614168759999999675 ) ) ;
#5296 = CARTESIAN_POINT ( 'NONE',  ( 0.001352622000000000156, 0.3103985000445166897, 0.06000181326502192908 ) ) ;
#5297 = CARTESIAN_POINT ( 'NONE',  ( 0.2313526221500000479, 0.2712646141799999189, -0.1050500000000000184 ) ) ;
#5298 = ADVANCED_FACE ( 'NONE', ( #5367 ), #4822, .T. ) ;
#5299 = CARTESIAN_POINT ( 'NONE',  ( -0.1786473779973334064, -0.3487353859000000278, -0.1051000000000000267 ) ) ;
#5300 = CARTESIAN_POINT ( 'NONE',  ( 0.2194512714337984727, -0.1743286063750000281, -0.1050500000000000184 ) ) ;
#5301 = CARTESIAN_POINT ( 'NONE',  ( 0.3413526221200000044, 0.2312646142499999447, -0.1050500000000000184 ) ) ;
#5302 = CARTESIAN_POINT ( 'NONE',  ( -0.2286473781499999969, -0.3387353860200000288, -0.1050500000000000184 ) ) ;
#5303 = CARTESIAN_POINT ( 'NONE',  ( -0.01198071130000000033, 0.3212646141000000122, 0.05000000000000000278 ) ) ;
#5304 = FILL_AREA_STYLE_COLOUR ( '', #318 ) ;
#5305 = CARTESIAN_POINT ( 'NONE',  ( 0.07456862200000000107, -0.3107140526000000680, 0.05118824680000000349 ) ) ;
#5306 = ORIENTED_EDGE ( 'NONE', *, *, #3262, .F. ) ;
#5307 = CARTESIAN_POINT ( 'NONE',  ( -0.04027428220000000419, -0.3095496039999999782, 0.05933362749999999269 ) ) ;
#5308 = ORIENTED_EDGE ( 'NONE', *, *, #4730, .F. ) ;
#5309 =( LENGTH_UNIT ( ) NAMED_UNIT ( * ) SI_UNIT ( .CENTI., .METRE. ) );
#5310 = MECHANICAL_DESIGN_GEOMETRIC_PRESENTATION_REPRESENTATION (  '', ( #2048 ), #3002 ) ;
#5311 = CARTESIAN_POINT ( 'NONE',  ( 0.09039642720000000409, 0.3065576602000000261, 0.05614168759999999675 ) ) ;
#5312 = CARTESIAN_POINT ( 'NONE',  ( 0.01436742719999999952, 0.3136199373999999929, 0.05980818360000000194 ) ) ;
#5313 = CARTESIAN_POINT ( 'NONE',  ( -0.1043948188999999915, -0.3004817068999999785, 0.05371144409999999841 ) ) ;
#5314 = CARTESIAN_POINT ( 'NONE',  ( -0.2800193589000000149, -0.1349179835999999855, 0.05980818360000000194 ) ) ;
#5315 = CARTESIAN_POINT ( 'NONE',  ( 0.1588142220000000326, -0.2779728558999999821, 0.05000000000000003053 ) ) ;
#5316 = SURFACE_SIDE_STYLE ('',( #3970 ) ) ;
#5317 = CARTESIAN_POINT ( 'NONE',  ( -0.08524958524045520014, 0.2981864674541523930, 0.06000143353988593442 ) ) ;
#5318 = CARTESIAN_POINT ( 'NONE',  ( 0.2856022385254628482, -0.1225921199665887529, 0.06000020349665982633 ) ) ;
#5319 = CARTESIAN_POINT ( 'NONE',  ( -0.3115644542000000072, -0.05126448349999999238, 0.05711929249999999486 ) ) ;
#5320 = CARTESIAN_POINT ( 'NONE',  ( 0.2343820446263445434, -0.2021065184629480260, 0.06000143354000778140 ) ) ;
#5321 = CARTESIAN_POINT ( 'NONE',  ( 0.3213526219999999212, 0.1887162741999998117, 0.05000000000000000278 ) ) ;
#5322 =( NAMED_UNIT ( * ) PLANE_ANGLE_UNIT ( ) SI_UNIT ( $, .RADIAN. ) );
#5323 = B_SPLINE_CURVE_WITH_KNOTS ( 'NONE', 3,
 ( #666, #301, #1163, #4032 ),
 .UNSPECIFIED., .F., .F.,
 ( 4, 4 ),
 ( 0.000000000000000000, 1.000000000000000000 ),
 .UNSPECIFIED. ) ;
#5324 = SURFACE_STYLE_USAGE ( .BOTH. , #4490 ) ;
#5325 = CARTESIAN_POINT ( 'NONE',  ( -0.1094931555999998918, -0.2744800230000000174, 0.2157216350999999199 ) ) ;
#5326 = CARTESIAN_POINT ( 'NONE',  ( -0.3161571056000000435, 0.04110897210000000190, 0.05118824680000000349 ) ) ;
#5327 = CARTESIAN_POINT ( 'NONE',  ( -0.3145033837999999804, 0.05428706710000000268, 0.05000000000000000278 ) ) ;
#5328 = CARTESIAN_POINT ( 'NONE',  ( -0.3286473779999999900, -0.1587353859000000256, -0.1051000000000000267 ) ) ;
#5329 = CARTESIAN_POINT ( 'NONE',  ( 0.01467685179999999971, 0.3210461275000000003, 0.05247108570000000305 ) ) ;
#5330 = ORIENTED_EDGE ( 'NONE', *, *, #620, .T. ) ;
#5331 = CARTESIAN_POINT ( 'NONE',  ( -0.3114169312000000245, 0.02739666389999999979, 0.05933362749999999269 ) ) ;
#5332 = COLOUR_RGB ( '',0.2980392156862745057, 0.2980392156862745057, 0.2980392156862745057 ) ;
#5333 = ORIENTED_EDGE ( 'NONE', *, *, #4827, .F. ) ;
#5334 = CARTESIAN_POINT ( 'NONE',  ( -0.3186473778999622808, -0.1507733663498211640, 0.000000000000000000 ) ) ;
#5335 = CARTESIAN_POINT ( 'NONE',  ( 0.2826379072000000381, -0.1487542045999999951, 0.05495180240000000632 ) ) ;
#5336 = CARTESIAN_POINT ( 'NONE',  ( 0.3149419670999999976, 0.01433083679999999985, 0.05933362749999999269 ) ) ;
#5337 = ADVANCED_FACE ( 'NONE', ( #288 ), #304, .T. ) ;
#5338 = CARTESIAN_POINT ( 'NONE',  ( -0.04109625139999999871, 0.3182162025999999977, 0.05247108570000000305 ) ) ;
#5339 = CARTESIAN_POINT ( 'NONE',  ( -0.1020994610000000025, 0.2964612182999999956, 0.05980818360000000194 ) ) ;
#5340 = CARTESIAN_POINT ( 'NONE',  ( 0.1762859553999999995, 0.2700646140999999889, 0.05000000000000003053 ) ) ;
#5341 = CARTESIAN_POINT ( 'NONE',  ( -0.2600027855843287106, 0.1681327325708967535, 0.06000181326483916555 ) ) ;
#5342 = FILL_AREA_STYLE ('',( #3730 ) ) ;
#5343 = CARTESIAN_POINT ( 'NONE',  ( 0.2946373802650655294, -0.09934545331852390193, 0.06000020349665982633 ) ) ;
#5344 = ADVANCED_FACE ( 'NONE', ( #1304 ), #998, .F. ) ;
#5345 = CARTESIAN_POINT ( 'NONE',  ( -0.05573823490000000269, 0.3144715138999999993, 0.05614168759999999675 ) ) ;
#5346 = CARTESIAN_POINT ( 'NONE',  ( 0.2852741046790964741, -0.1224491414682074841, 0.06000105381499362678 ) ) ;
#5347 = CARTESIAN_POINT ( 'NONE',  ( 0.3313526219937119044, -0.3487353859000000278, -0.1051000000000000267 ) ) ;
#5348 = CARTESIAN_POINT ( 'NONE',  ( -0.3486473779999999523, 0.3112646142055556786, -0.1050499999987499766 ) ) ;
#5349 =( LENGTH_UNIT ( ) NAMED_UNIT ( * ) SI_UNIT ( .CENTI., .METRE. ) );
#5350 = CARTESIAN_POINT ( 'NONE',  ( -0.1878729564999999657, 0.01255885439999998750, 0.3031944975000002152 ) ) ;
#5351 = CARTESIAN_POINT ( 'NONE',  ( -0.3055696659000000093, -0.09022887699999999900, 0.05118824680000000349 ) ) ;
#5352 = SURFACE_SIDE_STYLE ('',( #1570 ) ) ;
#5353 =( BOUNDED_CURVE ( )  B_SPLINE_CURVE ( 3, ( #3812, #3363, #2866, #2483 ),
 .UNSPECIFIED., .F., .T. ) 
 B_SPLINE_CURVE_WITH_KNOTS ( ( 4, 4 ),
 ( 0.000000000000000000, 1.000000000000000000 ),
 .UNSPECIFIED. ) 
 CURVE ( )  GEOMETRIC_REPRESENTATION_ITEM ( )  RATIONAL_B_SPLINE_CURVE ( ( 1.000000000000000000, 0.8047378540760219412, 0.8047378540760219412, 1.000000000000000000 ) ) 
 REPRESENTATION_ITEM ( '' )  );
#5354 = CARTESIAN_POINT ( 'NONE',  ( -0.04112525409999999437, 0.3184327556999999587, 0.05000000000000000278 ) ) ;
#5355 = EDGE_LOOP ( 'NONE', ( #889, #1197, #757 ) ) ;
#5356 = FILL_AREA_STYLE ('',( #5304 ) ) ;
#5357 = CARTESIAN_POINT ( 'NONE',  ( 0.2718947211999999669, -0.1714689499000000006, 0.05000000000000000278 ) ) ;
#5358 = ORIENTED_EDGE ( 'NONE', *, *, #2169, .F. ) ;
#5359 = CARTESIAN_POINT ( 'NONE',  ( -0.01176540669999999976, 0.3160973028999999879, 0.05885548650000001214 ) ) ;
#5360 = ORIENTED_EDGE ( 'NONE', *, *, #3781, .T. ) ;
#5361 = CARTESIAN_POINT ( 'NONE',  ( -0.3330542347679830151, -0.1319051161089350444, -0.000000000000000000 ) ) ;
#5362 = CARTESIAN_POINT ( 'NONE',  ( 0.1584627636000000006, -0.2773495905999999733, 0.05371144409999999841 ) ) ;
#5363 = CARTESIAN_POINT ( 'NONE',  ( 0.2849562320999999843, -0.1359980806000000153, 0.05885548650000001214 ) ) ;
#5364 = CARTESIAN_POINT ( 'NONE',  ( -0.3175929118999999967, -0.02538344189999999778, 0.05247108570000000305 ) ) ;
#5365 = CARTESIAN_POINT ( 'NONE',  ( -0.1694016214000000353, -0.2611138574000000379, 0.05980818360000000194 ) ) ;
#5366 = CARTESIAN_POINT ( 'NONE',  ( 0.3205160714000000466, 0.02793087699999999979, 0.05000000000000003053 ) ) ;
#5367 = FACE_OUTER_BOUND ( 'NONE', #1307, .T. ) ;
#5368 = CARTESIAN_POINT ( 'NONE',  ( -0.3037779859103871272, -0.04995737634207619154, 0.06000181326483916555 ) ) ;
#5369 = CARTESIAN_POINT ( 'NONE',  ( 0.3513526219999999478, -0.1387353859066666473, -0.1051000000000000267 ) ) ;
#5370 = CARTESIAN_POINT ( 'NONE',  ( 0.01426553520000000026, 0.3111745291999999941, 0.05999996820000000342 ) ) ;
#5371 = CARTESIAN_POINT ( 'NONE',  ( -0.2374999554999999984, -0.2071885443999999799, 0.05711929249999999486 ) ) ;
#5372 = COLOUR_RGB ( '',0.2980392156862745057, 0.2980392156862745057, 0.2980392156862745057 ) ;
#5373 = CARTESIAN_POINT ( 'NONE',  ( -0.1012567645477790435, 0.2940566158715735567, 0.06000020349665982633 ) ) ;
#5374 = CARTESIAN_POINT ( 'NONE',  ( 0.3044093414033510747, 0.06513284732879705274, 0.06000105381499362678 ) ) ;
#5375 = CARTESIAN_POINT ( 'NONE',  ( 0.3113526219999995792, -0.1787353858999999323, -0.1050999999999999851 ) ) ;
#5376 = PRESENTATION_STYLE_ASSIGNMENT (( #379 ) ) ;
#5377 = PRESENTATION_STYLE_ASSIGNMENT (( #5324 ) ) ;
#5378 = CARTESIAN_POINT ( 'NONE',  ( -0.3406853582706486638, 0.3212646139999795758, 0.000000000000000000 ) ) ;
#5379 = CARTESIAN_POINT ( 'NONE',  ( -0.2969115288999999991, -0.1146599141999999905, 0.05118824680000000349 ) ) ;
#5380 =( NAMED_UNIT ( * ) PLANE_ANGLE_UNIT ( ) SI_UNIT ( $, .RADIAN. ) );
#5381 = FILL_AREA_STYLE_COLOUR ( '', #1384 ) ;
#5383 = ORIENTED_EDGE ( 'NONE', *, *, #4692, .T. ) ;
#5382 = CARTESIAN_POINT ( 'NONE',  ( 0.03446772043128495944, 0.2512719579988705321, -0.1051000000000000267 ) ) ;
#5384 = CARTESIAN_POINT ( 'NONE',  ( -0.1463365567051460869, 0.2393561912834795691, -0.1051000000000000129 ) ) ;
#5385 = CARTESIAN_POINT ( 'NONE',  ( 0.3188623496999999918, 0.04110897210000000190, 0.05000000000000000278 ) ) ;
#5386 = ORIENTED_EDGE ( 'NONE', *, *, #2554, .T. ) ;
#5387 =( BOUNDED_CURVE ( )  B_SPLINE_CURVE ( 3, ( #4885, #4475, #1551, #1112 ),
 .UNSPECIFIED., .F., .F. ) 
 B_SPLINE_CURVE_WITH_KNOTS ( ( 4, 4 ),
 ( 0.006345637217710585129, 1.000000000000000000 ),
 .UNSPECIFIED. ) 
 CURVE ( )  GEOMETRIC_REPRESENTATION_ITEM ( )  RATIONAL_B_SPLINE_CURVE ( ( 0.9963403688800839264, 0.8065414244464461646, 0.8077613014864181151, 1.000000000000000000 ) ) 
 REPRESENTATION_ITEM ( '' )  );
#5388 = CARTESIAN_POINT ( 'NONE',  ( -0.2358500886999999879, 0.2082778889000000411, 0.05885548650000001214 ) ) ;
#5389 = ORIENTED_EDGE ( 'NONE', *, *, #1732, .T. ) ;
#5390 = PLANE ( 'NONE',  #1167 ) ;
#5391 = ORIENTED_EDGE ( 'NONE', *, *, #620, .F. ) ;
#5392 = CARTESIAN_POINT ( 'NONE',  ( 0.2099526463999999981, -0.2413925570999999881, 0.05371144409999999841 ) ) ;
#5393 = CARTESIAN_POINT ( 'NONE',  ( 0.001352622000000000156, -0.3135680746000000241, 0.05885548650000001214 ) ) ;
#5394 = B_SPLINE_CURVE_WITH_KNOTS ( 'NONE', 3,
 ( #5027, #369, #421, #892 ),
 .UNSPECIFIED., .F., .F.,
 ( 4, 4 ),
 ( 0.000000000000000000, 1.000000000000000000 ),
 .UNSPECIFIED. ) ;
#5395 = CARTESIAN_POINT ( 'NONE',  ( -0.2075712999999999864, 0.2442985642999999929, 0.05247108570000000305 ) ) ;
#5396 = CARTESIAN_POINT ( 'NONE',  ( -0.1523472810000000011, -0.2713019802999999674, 0.05980818360000000194 ) ) ;
#5397 = CARTESIAN_POINT ( 'NONE',  ( 0.001352621899999999905, 0.3212646141000000122, 0.04499999999999999833 ) ) ;
#5398 = CARTESIAN_POINT ( 'NONE',  ( 0.3313526220000003186, -0.3370196571999999335, -0.0001000000000000000048 ) ) ;
#5399 = STYLED_ITEM ( 'NONE', ( #2058 ), #3664 ) ;
#5400 = CARTESIAN_POINT ( 'NONE',  ( -0.2822757924550398645, 0.1248506703700901221, 0.06000181326483916555 ) ) ;
#5401 = CARTESIAN_POINT ( 'NONE',  ( -0.1386473780013226242, 0.3512646140999999833, -0.0001000000030000006840 ) ) ;
#5402 = CARTESIAN_POINT ( 'NONE',  ( 0.2947310662999999553, -0.09937759189999999243, 0.05999996820000000342 ) ) ;
#5403 = CARTESIAN_POINT ( 'NONE',  ( 0.001352622000000000156, 0.3192782037999999933, 0.05614168759999999675 ) ) ;
#5404 = CARTESIAN_POINT ( 'NONE',  ( -0.2605752053279475899, 0.1684982064930786727, 0.06000020349665982633 ) ) ;
#5405 = ADVANCED_FACE ( 'NONE', ( #969, #468 ), #3468, .F. ) ;
#5406 = CARTESIAN_POINT ( 'NONE',  ( 0.1870246071643570651, 0.2488272609266925228, 0.06000105381499362678 ) ) ;
#5407 = CARTESIAN_POINT ( 'NONE',  ( -0.1886473779117064931, -0.3487353859000000278, -4.999999999999999562E-05 ) ) ;
#5408 = CARTESIAN_POINT ( 'NONE',  ( -0.3286473780000001010, -0.1704511147000001836, -0.1050999999999999435 ) ) ;
#5409 = CARTESIAN_POINT ( 'NONE',  ( -0.2423040056865422009, -0.06379693445049910983, -0.1051000000000000129 ) ) ;
#5410 = CARTESIAN_POINT ( 'NONE',  ( -0.2242166609000000033, -0.2266049673999999958, 0.05247108570000000305 ) ) ;
#5411 = SURFACE_STYLE_USAGE ( .BOTH. , #5352 ) ;
#5412 = CARTESIAN_POINT ( 'NONE',  ( 0.2313526221500000479, 0.2712646141799999189, -0.1050500000000000184 ) ) ;
#5414 = ORIENTED_EDGE ( 'NONE', *, *, #3613, .T. ) ;
#5413 = CARTESIAN_POINT ( 'NONE',  ( 0.2313526220000000633, -0.3487353858999999723, -0.1051000000000000267 ) ) ;
#5415 =( LENGTH_UNIT ( ) NAMED_UNIT ( * ) SI_UNIT ( .CENTI., .METRE. ) );
#5416 = CARTESIAN_POINT ( 'NONE',  ( 0.1762859553999999995, -0.2675353859000000334, 0.05000000000000000278 ) ) ;
#5417 = ORIENTED_EDGE ( 'NONE', *, *, #4657, .F. ) ;
#5418 = CARTESIAN_POINT ( 'NONE',  ( -0.3074510009133439858, -0.02453608032203782527, 0.06000067408997947910 ) ) ;
#5419 = ORIENTED_EDGE ( 'NONE', *, *, #3732, .T. ) ;
#5420 = CARTESIAN_POINT ( 'NONE',  ( -0.1386473779999999878, -0.3487353858999999723, -9.999999999999999124E-05 ) ) ;
#5421 = VERTEX_POINT ( 'NONE', #911 ) ;
#5422 = CARTESIAN_POINT ( 'NONE',  ( 0.3108141966999999894, -0.07732880170000000497, 0.05371144409999999841 ) ) ;
#5423 = CARTESIAN_POINT ( 'NONE',  ( 0.3108809908999999871, -0.05069562440000000003, 0.05933362749999999269 ) ) ;
#5424 = CARTESIAN_POINT ( 'NONE',  ( -0.3085719203999999771, 0.04015710570000000090, 0.05980818360000000194 ) ) ;
#5425 = SURFACE_SIDE_STYLE ('',( #4150 ) ) ;
#5426 = SURFACE_SIDE_STYLE ('',( #1587 ) ) ;
#5427 = CARTESIAN_POINT ( 'NONE',  ( -0.3071324134632535952, -0.02450946221156691598, 0.06000143353988593442 ) ) ;
#5428 = SURFACE_STYLE_FILL_AREA ( #5342 ) ;
#5429 = CARTESIAN_POINT ( 'NONE',  ( 0.1039947859000000252, 0.2941501444999999881, 0.05999996820000000342 ) ) ;
#5430 = CARTESIAN_POINT ( 'NONE',  ( -0.3149565119000000135, 0.04095830930000000231, 0.05495180240000000632 ) ) ;
#5431 = CARTESIAN_POINT ( 'NONE',  ( -0.1845339479389627446, -0.2465841458046461598, 0.06000020349665982633 ) ) ;
#5432 = CARTESIAN_POINT ( 'NONE',  ( 0.2629780835676837070, 0.1683051543626250535, 0.06000105381499362678 ) ) ;
#5433 = LINE ( 'NONE', #738, #5114 ) ;
#5434 =( NAMED_UNIT ( * ) SI_UNIT ( $, .STERADIAN. ) SOLID_ANGLE_UNIT ( ) );
#5435 = FILL_AREA_STYLE ('',( #2469 ) ) ;
#5436 = CARTESIAN_POINT ( 'NONE',  ( -0.1906473780000000062, 0.2572646141000000108, 0.05118824680000000349 ) ) ;
#5437 = CARTESIAN_POINT ( 'NONE',  ( 0.001352621999999999939, 0.3412646141222223095, 0.000000000000000000 ) ) ;
#5439 = VERTEX_POINT ( 'NONE', #4238 ) ;
#5438 = CARTESIAN_POINT ( 'NONE',  ( 0.3480192887066665963, -0.3087353859633334974, -0.1050000000000000100 ) ) ;
#5440 = CARTESIAN_POINT ( 'NONE',  ( 0.1243404603000000247, 0.2973080429999999663, 0.05000000000000000278 ) ) ;
#5441 = EDGE_LOOP ( 'NONE', ( #1365, #3305, #3275, #1752, #4911, #4788, #361, #253, #4190, #40, #4165, #4010, #1447, #4312, #1398, #1894, #3658, #3334, #4474, #1418, #4559, #1227, #2026, #2830, #5106, #4418, #1107, #1702, #2370, #3144, #5417, #4997, #124, #1221, #3381, #4734, #4587, #1869, #754, #9, #3244, #1301, #697, #4337, #3192, #280, #4637, #4270, #5071, #1311, #278, #4499, #2096, #229, #614, #752, #5227, #3120, #2930, #2501, #3806, #2776, #5110, #2151, #2075 ) ) ;
#5442 = CARTESIAN_POINT ( 'NONE',  ( -0.3082603977864313283, 0.01416515654726527122, 0.06000067408997947910 ) ) ;
#5443 = B_SPLINE_CURVE_WITH_KNOTS ( 'NONE', 3,
 ( #5412, #1638, #3326, #3298 ),
 .UNSPECIFIED., .F., .F.,
 ( 4, 4 ),
 ( 0.000000000000000000, 1.000000000000000000 ),
 .UNSPECIFIED. ) ;
#5444 = EDGE_LOOP ( 'NONE', ( #1640, #3802, #1720, #442, #4932, #2859, #91, #2187 ) ) ;
#5445 = CARTESIAN_POINT ( 'NONE',  ( 0.2989510396000000236, 0.1169303958000000032, 0.05371144409999999841 ) ) ;
#5446 = CARTESIAN_POINT ( 'NONE',  ( 0.1223544713999999978, -0.2899983505999999545, 0.05885548650000001214 ) ) ;
#5447 = CARTESIAN_POINT ( 'NONE',  ( -0.3486473780000000078, 0.3312646141000000211, 0.000000000000000000 ) ) ;
#5448 = CARTESIAN_POINT ( 'NONE',  ( -0.2953008108789053066, -0.08716773273470418415, 0.06000143353988593442 ) ) ;
#5449 = CARTESIAN_POINT ( 'NONE',  ( 0.3513526219999999478, 0.02126461405543792621, 0.000000000000000000 ) ) ;
#5450 = CARTESIAN_POINT ( 'NONE',  ( 0.2947310662999999553, 0.1019068201000000035, 0.05999996820000000342 ) ) ;
#5451 = CARTESIAN_POINT ( 'NONE',  ( -0.02598490770000000047, -0.3159271063000000379, 0.05614168759999999675 ) ) ;
#5452 = CARTESIAN_POINT ( 'NONE',  ( -0.3085572931000000185, -0.01164829900000000085, 0.05999996820000000342 ) ) ;
#5453 = CARTESIAN_POINT ( 'NONE',  ( 0.001352622000000000156, -0.3081886943890281283, 0.06000105381499362678 ) ) ;
#5454 = CARTESIAN_POINT ( 'NONE',  ( -0.3386473781200000088, 0.2845979475299998951, -0.1051000000000000267 ) ) ;
#5455 = UNCERTAINTY_MEASURE_WITH_UNIT (LENGTH_MEASURE( 1.000000000000000082E-05 ), #3547, 'distance_accuracy_value', 'NONE');
#5456 = FACE_OUTER_BOUND ( 'NONE', #3557, .T. ) ;
ENDSEC;
END-ISO-10303-21;
