ISO-10303-21;
HEADER;
FILE_DESCRIPTION((''),'2;1');
FILE_NAME('MALE_FEMALE_STANDOFF','2024-11-22T02:06:13',('Administrator'),(''),
'CREO PARAMETRIC BY PTC INC, 2020414','CREO PARAMETRIC BY PTC INC, 2020414','');
FILE_SCHEMA(('AUTOMOTIVE_DESIGN { 1 0 10303 214 1 1 1 1 }'));
ENDSEC;
DATA;
#123=DIRECTION('',(0.E0,0.E0,-1.E0));
#124=VECTOR('',#123,2.863657335181E-1);
#125=CARTESIAN_POINT('',(0.E0,-2.48E-1,1.431828667590E-1));
#126=LINE('',#125,#124);
#127=DRAUGHTING_PRE_DEFINED_CURVE_FONT('continuous');
#128=CURVE_STYLE('',#127,POSITIVE_LENGTH_MEASURE(2.E-2),#73);
#129=PRESENTATION_STYLE_ASSIGNMENT((#128));
#130=STYLED_ITEM('',(#129),#126);
#131=DIRECTION('',(0.E0,-8.660254037844E-1,-5.E-1));
#132=VECTOR('',#131,2.863657335181E-1);
#133=CARTESIAN_POINT('',(0.E0,0.E0,2.863657335181E-1));
#134=LINE('',#133,#132);
#135=CURVE_STYLE('',#127,POSITIVE_LENGTH_MEASURE(2.E-2),#73);
#136=PRESENTATION_STYLE_ASSIGNMENT((#135));
#137=STYLED_ITEM('',(#136),#134);
#138=DIRECTION('',(0.E0,-8.660254037844E-1,5.E-1));
#139=VECTOR('',#138,2.863657335181E-1);
#140=CARTESIAN_POINT('',(0.E0,2.48E-1,1.431828667590E-1));
#141=LINE('',#140,#139);
#142=CURVE_STYLE('',#127,POSITIVE_LENGTH_MEASURE(2.E-2),#73);
#143=PRESENTATION_STYLE_ASSIGNMENT((#142));
#144=STYLED_ITEM('',(#143),#141);
#145=DIRECTION('',(0.E0,0.E0,1.E0));
#146=VECTOR('',#145,2.863657335181E-1);
#147=CARTESIAN_POINT('',(0.E0,2.48E-1,-1.431828667590E-1));
#148=LINE('',#147,#146);
#149=CURVE_STYLE('',#127,POSITIVE_LENGTH_MEASURE(2.E-2),#73);
#150=PRESENTATION_STYLE_ASSIGNMENT((#149));
#151=STYLED_ITEM('',(#150),#148);
#152=DIRECTION('',(0.E0,8.660254037844E-1,5.E-1));
#153=VECTOR('',#152,2.863657335181E-1);
#154=CARTESIAN_POINT('',(0.E0,0.E0,-2.863657335181E-1));
#155=LINE('',#154,#153);
#156=CURVE_STYLE('',#127,POSITIVE_LENGTH_MEASURE(2.E-2),#73);
#157=PRESENTATION_STYLE_ASSIGNMENT((#156));
#158=STYLED_ITEM('',(#157),#155);
#159=DIRECTION('',(0.E0,8.660254037844E-1,-5.E-1));
#160=VECTOR('',#159,2.863657335181E-1);
#161=CARTESIAN_POINT('',(0.E0,-2.48E-1,-1.431828667590E-1));
#162=LINE('',#161,#160);
#163=CURVE_STYLE('',#127,POSITIVE_LENGTH_MEASURE(2.E-2),#73);
#164=PRESENTATION_STYLE_ASSIGNMENT((#163));
#165=STYLED_ITEM('',(#164),#162);
#166=CARTESIAN_POINT('',(0.E0,0.E0,0.E0));
#167=DIRECTION('',(1.E0,0.E0,0.E0));
#168=DIRECTION('',(0.E0,1.E0,0.E0));
#169=AXIS2_PLACEMENT_3D('',#166,#167,#168);
#171=CURVE_STYLE('',#127,POSITIVE_LENGTH_MEASURE(2.E-2),#73);
#172=PRESENTATION_STYLE_ASSIGNMENT((#171));
#173=STYLED_ITEM('',(#172),#170);
#174=DIRECTION('',(1.E0,0.E0,0.E0));
#175=VECTOR('',#174,7.5E-2);
#176=CARTESIAN_POINT('',(0.E0,9.793670613174E-2,0.E0));
#177=LINE('',#176,#175);
#178=CURVE_STYLE('',#127,POSITIVE_LENGTH_MEASURE(2.E-2),#73);
#179=PRESENTATION_STYLE_ASSIGNMENT((#178));
#180=STYLED_ITEM('',(#179),#177);
#181=CARTESIAN_POINT('',(0.E0,0.E0,0.E0));
#182=DIRECTION('',(-1.E0,0.E0,0.E0));
#183=DIRECTION('',(0.E0,1.E0,0.E0));
#184=AXIS2_PLACEMENT_3D('',#181,#182,#183);
#186=CURVE_STYLE('',#127,POSITIVE_LENGTH_MEASURE(2.E-2),#73);
#187=PRESENTATION_STYLE_ASSIGNMENT((#186));
#188=STYLED_ITEM('',(#187),#185);
#189=DIRECTION('',(1.E0,0.E0,0.E0));
#190=VECTOR('',#189,7.5E-2);
#191=CARTESIAN_POINT('',(0.E0,-9.793670613174E-2,0.E0));
#192=LINE('',#191,#190);
#193=CURVE_STYLE('',#127,POSITIVE_LENGTH_MEASURE(2.E-2),#73);
#194=PRESENTATION_STYLE_ASSIGNMENT((#193));
#195=STYLED_ITEM('',(#194),#192);
#196=CARTESIAN_POINT('',(8.0625E-2,-1.032424599537E-1,8.125357815129E-3));
#197=CARTESIAN_POINT('',(8.054606605028E-2,-1.031421735634E-1,
8.393564974006E-3));
#198=CARTESIAN_POINT('',(8.038182599291E-2,-1.029357825595E-1,
8.894772974683E-3));
#199=CARTESIAN_POINT('',(8.009792078862E-2,-1.025929453800E-1,
9.536732400348E-3));
#200=CARTESIAN_POINT('',(7.975793741872E-2,-1.022034236208E-1,
1.003480447293E-2));
#201=CARTESIAN_POINT('',(7.930093204668E-2,-1.017272587176E-1,
1.020275221547E-2));
#202=CARTESIAN_POINT('',(7.887892576221E-2,-1.013386026333E-1,
9.847593688452E-3));
#203=CARTESIAN_POINT('',(7.855295251354E-2,-1.010648265017E-1,
9.283058568418E-3));
#204=CARTESIAN_POINT('',(7.826966375515E-2,-1.008417492137E-1,
8.593158694344E-3));
#205=CARTESIAN_POINT('',(7.801696884660E-2,-1.006521238529E-1,
7.811075349009E-3));
#206=CARTESIAN_POINT('',(7.778182736108E-2,-1.004804791841E-1,
6.940182397250E-3));
#207=CARTESIAN_POINT('',(7.755940685179E-2,-1.003194725413E-1,
5.983151993696E-3));
#208=CARTESIAN_POINT('',(7.734582671431E-2,-1.001628781893E-1,
4.937082684553E-3));
#209=CARTESIAN_POINT('',(7.713877435391E-2,-1.000057266131E-1,
3.797442598707E-3));
#210=CARTESIAN_POINT('',(7.693700224959E-2,-9.984362183660E-2,
2.560524000324E-3));
#211=CARTESIAN_POINT('',(7.673908739255E-2,-9.967163447023E-2,
1.217600354824E-3));
#212=CARTESIAN_POINT('',(7.654449013856E-2,-9.948468019741E-2,
-2.394861924284E-4));
#213=CARTESIAN_POINT('',(7.635721837463E-2,-9.928220806596E-2,
-1.781395186159E-3));
#214=CARTESIAN_POINT('',(7.617460550021E-2,-9.905688663068E-2,
-3.429878175412E-3));
#215=CARTESIAN_POINT('',(7.599577339909E-2,-9.880147395649E-2,
-5.200193793685E-3));
#216=CARTESIAN_POINT('',(7.582017443680E-2,-9.850744646901E-2,
-7.108974589663E-3));
#217=CARTESIAN_POINT('',(7.564795046577E-2,-9.816507847267E-2,
-9.171621068244E-3));
#218=CARTESIAN_POINT('',(7.547943226319E-2,-9.776274250508E-2,
-1.140317684775E-2));
#219=CARTESIAN_POINT('',(7.531458861732E-2,-9.728567525704E-2,
-1.382014921143E-2));
#220=CARTESIAN_POINT('',(7.515414480662E-2,-9.671774876008E-2,
-1.643401035979E-2));
#221=CARTESIAN_POINT('',(7.505053486792E-2,-9.626466390311E-2,
-1.832011145651E-2));
#222=CARTESIAN_POINT('',(7.5E-2,-9.601684966156E-2,-1.929670927914E-2));
#224=CURVE_STYLE('',#127,POSITIVE_LENGTH_MEASURE(2.E-2),#73);
#225=PRESENTATION_STYLE_ASSIGNMENT((#224));
#226=STYLED_ITEM('',(#225),#223);
#227=CARTESIAN_POINT('',(7.5E-2,0.E0,0.E0));
#228=DIRECTION('',(-1.E0,0.E0,0.E0));
#229=DIRECTION('',(0.E0,-9.803969671229E-1,-1.970324512771E-1));
#230=AXIS2_PLACEMENT_3D('',#227,#228,#229);
#232=CURVE_STYLE('',#127,POSITIVE_LENGTH_MEASURE(2.E-2),#73);
#233=PRESENTATION_STYLE_ASSIGNMENT((#232));
#234=STYLED_ITEM('',(#233),#231);
#235=CARTESIAN_POINT('',(7.5E-2,0.E0,0.E0));
#236=DIRECTION('',(1.E0,0.E0,0.E0));
#237=DIRECTION('',(0.E0,1.E0,0.E0));
#238=AXIS2_PLACEMENT_3D('',#235,#236,#237);
#240=CURVE_STYLE('',#127,POSITIVE_LENGTH_MEASURE(2.E-2),#73);
#241=PRESENTATION_STYLE_ASSIGNMENT((#240));
#242=STYLED_ITEM('',(#241),#239);
#243=CARTESIAN_POINT('',(7.5E-2,0.E0,0.E0));
#244=DIRECTION('',(-1.E0,0.E0,0.E0));
#245=DIRECTION('',(0.E0,1.E0,0.E0));
#246=AXIS2_PLACEMENT_3D('',#243,#244,#245);
#248=CURVE_STYLE('',#127,POSITIVE_LENGTH_MEASURE(2.E-2),#73);
#249=PRESENTATION_STYLE_ASSIGNMENT((#248));
#250=STYLED_ITEM('',(#249),#247);
#251=CARTESIAN_POINT('',(7.5E-2,-6.925170903283E-2,-6.925170903282E-2));
#252=CARTESIAN_POINT('',(7.538792908792E-2,-6.420100115280E-2,
-7.485103149023E-2));
#253=CARTESIAN_POINT('',(7.616270549363E-2,-5.275277365556E-2,
-8.492713826734E-2));
#254=CARTESIAN_POINT('',(7.732166181398E-2,-3.239977286487E-2,
-9.581173383239E-2));
#255=CARTESIAN_POINT('',(7.847729877960E-2,-9.908635043832E-3,
-1.018211535109E-1));
#256=CARTESIAN_POINT('',(7.962952063674E-2,1.355490180750E-2,
-1.025675989736E-1));
#257=CARTESIAN_POINT('',(8.077869273997E-2,3.677363784001E-2,
-9.793750224053E-2));
#258=CARTESIAN_POINT('',(8.192477737364E-2,5.852472550900E-2,
-8.809690035331E-2));
#259=CARTESIAN_POINT('',(8.306771393225E-2,7.765175848950E-2,
-7.348818191947E-2));
#260=CARTESIAN_POINT('',(8.420754808524E-2,9.312801544931E-2,
-5.480468259322E-2));
#261=CARTESIAN_POINT('',(8.534440630728E-2,1.041081118966E-1,
-3.295377397085E-2));
#262=CARTESIAN_POINT('',(8.647835298775E-2,1.099690067595E-1,
-9.013112626195E-3));
#263=CARTESIAN_POINT('',(8.760922752783E-2,1.103450573363E-1,
1.581924211822E-2));
#264=CARTESIAN_POINT('',(8.873723765286E-2,1.051479817574E-1,
4.029896616197E-2));
#265=CARTESIAN_POINT('',(8.986231484388E-2,9.456981289455E-2,
6.318444805507E-2));
#266=CARTESIAN_POINT('',(9.098438858015E-2,7.907774285653E-2,
8.330666871207E-2));
#267=CARTESIAN_POINT('',(9.210394554399E-2,5.937779934910E-2,
9.963523930725E-2));
#268=CARTESIAN_POINT('',(9.322093654922E-2,3.639587015236E-2,
1.113090453712E-1));
#269=CARTESIAN_POINT('',(9.433527383943E-2,1.123032966064E-2,
1.176925499014E-1));
#270=CARTESIAN_POINT('',(9.544692947781E-2,-1.490568022256E-2,
1.184088420410E-1));
#271=CARTESIAN_POINT('',(9.655608229501E-2,-4.074787857741E-2,
1.133557863530E-1));
#272=CARTESIAN_POINT('',(9.766271689285E-2,-6.503275727446E-2,
1.027111031714E-1));
#273=CARTESIAN_POINT('',(9.876677163824E-2,-8.656296038234E-2,
8.692745976715E-2));
#274=CARTESIAN_POINT('',(9.986823998222E-2,-1.042683291465E-1,
6.670952026159E-2));
#275=CARTESIAN_POINT('',(1.009672022621E-1,-1.172573461931E-1,
4.297793812591E-2));
#276=CARTESIAN_POINT('',(1.016982049133E-1,-1.223239895359E-1,
2.554464782991E-2));
#277=CARTESIAN_POINT('',(1.020632938683E-1,-1.238891278345E-1,
1.662780816614E-2));
#279=CURVE_STYLE('',#127,POSITIVE_LENGTH_MEASURE(2.E-2),#73);
#280=PRESENTATION_STYLE_ASSIGNMENT((#279));
#281=STYLED_ITEM('',(#280),#278);
#282=CARTESIAN_POINT('',(1.020632938683E-1,0.E0,0.E0));
#283=DIRECTION('',(1.E0,0.E0,0.E0));
#284=DIRECTION('',(0.E0,-9.911130226759E-1,1.330224653291E-1));
#285=AXIS2_PLACEMENT_3D('',#282,#283,#284);
#287=CURVE_STYLE('',#127,POSITIVE_LENGTH_MEASURE(2.E-2),#73);
#288=PRESENTATION_STYLE_ASSIGNMENT((#287));
#289=STYLED_ITEM('',(#288),#286);
#290=CARTESIAN_POINT('',(1.016177857926E-1,-1.007667006925E-1,
-7.321129345989E-2));
#291=CARTESIAN_POINT('',(9.989608923469E-2,-1.036180303176E-1,
-6.635764977724E-2));
#292=CARTESIAN_POINT('',(9.643886836373E-2,-1.079711528758E-1,
-5.234138321164E-2));
#293=CARTESIAN_POINT('',(9.121216057063E-2,-1.104261045046E-1,
-3.118518632067E-2));
#294=CARTESIAN_POINT('',(8.594275595399E-2,-1.089361599155E-1,
-1.066983563436E-2));
#295=CARTESIAN_POINT('',(8.240223196794E-2,-1.055004513440E-1,
2.086557799734E-3));
#296=CARTESIAN_POINT('',(8.0625E-2,-1.032424599537E-1,8.125357815129E-3));
#298=CURVE_STYLE('',#127,POSITIVE_LENGTH_MEASURE(2.E-2),#73);
#299=PRESENTATION_STYLE_ASSIGNMENT((#298));
#300=STYLED_ITEM('',(#299),#297);
#301=CARTESIAN_POINT('',(8.625E-2,-7.923245963368E-2,-5.756575152234E-2));
#302=CARTESIAN_POINT('',(8.578125E-2,-8.300258901381E-2,-5.317409873852E-2));
#303=CARTESIAN_POINT('',(8.484375E-2,-8.981372762973E-2,-4.365534247615E-2));
#304=CARTESIAN_POINT('',(8.34375E-2,-9.744999564847E-2,-2.757025753588E-2));
#305=CARTESIAN_POINT('',(8.203125E-2,-1.021858958366E-1,-1.014808639602E-2));
#306=CARTESIAN_POINT('',(8.109375E-2,-1.032537780364E-1,2.007097231586E-3));
#307=CARTESIAN_POINT('',(8.0625E-2,-1.032424599537E-1,8.125357815129E-3));
#309=CURVE_STYLE('',#127,POSITIVE_LENGTH_MEASURE(2.E-2),#73);
#310=PRESENTATION_STYLE_ASSIGNMENT((#309));
#311=STYLED_ITEM('',(#310),#308);
#312=CARTESIAN_POINT('',(8.625E-2,-7.923245963368E-2,-5.756575152234E-2));
#313=CARTESIAN_POINT('',(8.562277306018E-2,-7.835355252871E-2,
-5.692718813241E-2));
#314=CARTESIAN_POINT('',(8.375315666994E-2,-7.689474373907E-2,
-5.586730150651E-2));
#315=CARTESIAN_POINT('',(8.E-2,-7.602238464835E-2,-5.523349552741E-2));
#316=CARTESIAN_POINT('',(7.624684333006E-2,-7.689474373907E-2,
-5.586730150651E-2));
#317=CARTESIAN_POINT('',(7.437722693982E-2,-7.835355252871E-2,
-5.692718813241E-2));
#318=CARTESIAN_POINT('',(7.375E-2,-7.923245963368E-2,-5.756575152234E-2));
#320=CURVE_STYLE('',#127,POSITIVE_LENGTH_MEASURE(2.E-2),#73);
#321=PRESENTATION_STYLE_ASSIGNMENT((#320));
#322=STYLED_ITEM('',(#321),#319);
#323=CARTESIAN_POINT('',(7.5E-2,-9.601684966156E-2,-1.929670927914E-2));
#324=CARTESIAN_POINT('',(7.494797923583E-2,-9.597787222314E-2,
-1.949065379015E-2));
#325=CARTESIAN_POINT('',(7.484799058841E-2,-9.589511919224E-2,
-1.989631308245E-2));
#326=CARTESIAN_POINT('',(7.470878426254E-2,-9.575652688827E-2,
-2.055357681040E-2));
#327=CARTESIAN_POINT('',(7.457689119033E-2,-9.560003879625E-2,
-2.127032685231E-2));
#328=CARTESIAN_POINT('',(7.445122544304E-2,-9.542295919867E-2,
-2.205198982767E-2));
#329=CARTESIAN_POINT('',(7.433139455202E-2,-9.522271992531E-2,
-2.290215274886E-2));
#330=CARTESIAN_POINT('',(7.421763145943E-2,-9.499705854138E-2,
-2.382176586604E-2));
#331=CARTESIAN_POINT('',(7.411109452248E-2,-9.474613342699E-2,
-2.480190614710E-2));
#332=CARTESIAN_POINT('',(7.401048424129E-2,-9.446430189992E-2,
-2.585582745006E-2));
#333=CARTESIAN_POINT('',(7.391529990659E-2,-9.414506305E-2,-2.699652596456E-2));
#334=CARTESIAN_POINT('',(7.382597757226E-2,-9.378304854180E-2,
-2.823003412563E-2));
#335=CARTESIAN_POINT('',(7.374308579408E-2,-9.337217739714E-2,
-2.956241120811E-2));
#336=CARTESIAN_POINT('',(7.366736004618E-2,-9.290570077653E-2,
-3.099921335942E-2));
#337=CARTESIAN_POINT('',(7.359966542155E-2,-9.237612459219E-2,
-3.254552811974E-2));
#338=CARTESIAN_POINT('',(7.354096347766E-2,-9.177485709971E-2,
-3.420666284148E-2));
#339=CARTESIAN_POINT('',(7.349236430506E-2,-9.109252536304E-2,
-3.598685679745E-2));
#340=CARTESIAN_POINT('',(7.345510923056E-2,-9.031934172648E-2,
-3.788829286360E-2));
#341=CARTESIAN_POINT('',(7.343049738999E-2,-8.944432909706E-2,
-3.991302670925E-2));
#342=CARTESIAN_POINT('',(7.341991882261E-2,-8.845443253306E-2,
-4.206442038924E-2));
#343=CARTESIAN_POINT('',(7.342492987644E-2,-8.733536132447E-2,
-4.434447937071E-2));
#344=CARTESIAN_POINT('',(7.344720163757E-2,-8.607299421750E-2,
-4.675110228810E-2));
#345=CARTESIAN_POINT('',(7.348849421254E-2,-8.465185390321E-2,
-4.928136375304E-2));
#346=CARTESIAN_POINT('',(7.355066868181E-2,-8.305564736740E-2,
-5.193020210004E-2));
#347=CARTESIAN_POINT('',(7.363565454827E-2,-8.126773023100E-2,
-5.468985142598E-2));
#348=CARTESIAN_POINT('',(7.370890897766E-2,-7.993575926979E-2,
-5.659774261852E-2));
#349=CARTESIAN_POINT('',(7.375E-2,-7.923245963368E-2,-5.756575152234E-2));
#351=CURVE_STYLE('',#127,POSITIVE_LENGTH_MEASURE(2.E-2),#73);
#352=PRESENTATION_STYLE_ASSIGNMENT((#351));
#353=STYLED_ITEM('',(#352),#350);
#354=DIRECTION('',(-5.E-1,7.006292692220E-1,5.090369604552E-1));
#355=VECTOR('',#354,3.073557158515E-2);
#356=CARTESIAN_POINT('',(1.016177857926E-1,-1.007667006925E-1,
-7.321129345989E-2));
#357=LINE('',#356,#355);
#358=CURVE_STYLE('',#127,POSITIVE_LENGTH_MEASURE(2.E-2),#73);
#359=PRESENTATION_STYLE_ASSIGNMENT((#358));
#360=STYLED_ITEM('',(#359),#357);
#361=CARTESIAN_POINT('',(1.020632938683E-1,-9.936047831760E-2,
-7.584520649651E-2));
#362=CARTESIAN_POINT('',(1.019890636980E-1,-9.960049314218E-2,
-7.540843849778E-2));
#363=CARTESIAN_POINT('',(1.018405821818E-1,-1.000748926102E-1,
-7.453263698681E-2));
#364=CARTESIAN_POINT('',(1.016920583142E-1,-1.005379887435E-1,
-7.365244841269E-2));
#365=CARTESIAN_POINT('',(1.016177857926E-1,-1.007667006925E-1,
-7.321129345989E-2));
#367=CURVE_STYLE('',#127,POSITIVE_LENGTH_MEASURE(2.E-2),#73);
#368=PRESENTATION_STYLE_ASSIGNMENT((#367));
#369=STYLED_ITEM('',(#368),#366);
#370=DIRECTION('',(-5.E-1,9.052430460833E-2,8.612812260088E-1));
#371=VECTOR('',#370,3.125E-2);
#372=CARTESIAN_POINT('',(2.585416666667E-1,-1.306605790846E-2,
-1.243152369210E-1));
#373=LINE('',#372,#371);
#374=CURVE_STYLE('',#127,POSITIVE_LENGTH_MEASURE(2.E-2),#73);
#375=PRESENTATION_STYLE_ASSIGNMENT((#374));
#376=STYLED_ITEM('',(#375),#373);
#377=CARTESIAN_POINT('',(4.152083333333E-1,8.364132579486E-2,
-9.289310318467E-2));
#378=CARTESIAN_POINT('',(4.157330512428E-1,8.976651097052E-2,
-8.737796168043E-2));
#379=CARTESIAN_POINT('',(4.167928084165E-1,1.010534483004E-1,
-7.502735819129E-2));
#380=CARTESIAN_POINT('',(4.184268538526E-1,1.142559998576E-1,
-5.285927949203E-2));
#381=CARTESIAN_POINT('',(4.200649721324E-1,1.226361096462E-1,
-2.838318986820E-2));
#382=CARTESIAN_POINT('',(4.216749605578E-1,1.257824104019E-1,
-3.162379951886E-3));
#383=CARTESIAN_POINT('',(4.232357222194E-1,1.239774630660E-1,
2.140842418341E-2));
#384=CARTESIAN_POINT('',(4.248314457822E-1,1.172762514880E-1,
4.569082696326E-2));
#385=CARTESIAN_POINT('',(4.264514910263E-1,1.056117692925E-1,
6.845688229454E-2));
#386=CARTESIAN_POINT('',(4.280467106874E-1,8.984260806186E-2,
8.809264876677E-2));
#387=CARTESIAN_POINT('',(4.296242152398E-1,7.073437240770E-2,
1.040608463777E-1));
#388=CARTESIAN_POINT('',(4.312105162902E-1,4.872932469220E-2,
1.160104873061E-1));
#389=CARTESIAN_POINT('',(4.327916104522E-1,2.487075047180E-2,
1.233425909035E-1));
#390=CARTESIAN_POINT('',(4.338472240213E-1,8.290285687413E-3,1.25E-1));
#391=CARTESIAN_POINT('',(4.34375E-1,0.E0,1.25E-1));
#393=CURVE_STYLE('',#127,POSITIVE_LENGTH_MEASURE(2.E-2),#73);
#394=PRESENTATION_STYLE_ASSIGNMENT((#393));
#395=STYLED_ITEM('',(#394),#392);
#396=CARTESIAN_POINT('',(4.09375E-1,0.E0,-1.25E-1));
#397=CARTESIAN_POINT('',(4.098611111111E-1,7.635815477475E-3,-1.25E-1));
#398=CARTESIAN_POINT('',(4.108333333333E-1,2.290728128968E-2,
-1.235967419267E-1));
#399=CARTESIAN_POINT('',(4.122916666667E-1,4.504743638902E-2,
-1.173525839295E-1));
#400=CARTESIAN_POINT('',(4.1375E-1,6.567893531321E-2,-1.071782422281E-1));
#401=CARTESIAN_POINT('',(4.147222222222E-1,7.796680903447E-2,
-9.800246102516E-2));
#402=CARTESIAN_POINT('',(4.152083333333E-1,8.364132579486E-2,
-9.289310318467E-2));
#404=CURVE_STYLE('',#127,POSITIVE_LENGTH_MEASURE(2.E-2),#73);
#405=PRESENTATION_STYLE_ASSIGNMENT((#404));
#406=STYLED_ITEM('',(#405),#403);
#407=DIRECTION('',(1.E0,0.E0,0.E0));
#408=VECTOR('',#407,6.25E-3);
#409=CARTESIAN_POINT('',(4.09375E-1,0.E0,-1.25E-1));
#410=LINE('',#409,#408);
#411=CURVE_STYLE('',#127,POSITIVE_LENGTH_MEASURE(2.E-2),#73);
#412=PRESENTATION_STYLE_ASSIGNMENT((#411));
#413=STYLED_ITEM('',(#412),#410);
#414=CARTESIAN_POINT('',(4.40625E-1,0.E0,1.25E-1));
#415=CARTESIAN_POINT('',(4.400722839086E-1,8.682044061049E-3,1.25E-1));
#416=CARTESIAN_POINT('',(4.389585480565E-1,2.618106028585E-2,
1.231955072664E-1));
#417=CARTESIAN_POINT('',(4.372468439662E-1,5.188863602990E-2,
1.147961494124E-1));
#418=CARTESIAN_POINT('',(4.355426074757E-1,7.506434347980E-2,
1.010981991920E-1));
#419=CARTESIAN_POINT('',(4.339027050238E-1,9.413968856972E-2,
8.357889909487E-2));
#420=CARTESIAN_POINT('',(4.322369987180E-1,1.094990444274E-1,
6.222255915812E-2));
#421=CARTESIAN_POINT('',(4.305338791115E-1,1.202341459631E-1,
3.754892751678E-2));
#422=CARTESIAN_POINT('',(4.288446994984E-1,1.253984526557E-1,
1.137084706823E-2));
#423=CARTESIAN_POINT('',(4.272047978950E-1,1.250365455323E-1,
-1.452380919695E-2));
#424=CARTESIAN_POINT('',(4.255645259918E-1,1.194458968621E-1,
-3.981524141088E-2));
#425=CARTESIAN_POINT('',(4.238922995094E-1,1.085315287147E-1,
-6.386794111904E-2));
#426=CARTESIAN_POINT('',(4.222250638634E-1,9.285270054262E-2,
-8.502219906999E-2));
#427=CARTESIAN_POINT('',(4.205827348371E-1,7.346070633415E-2,
-1.022498196471E-1));
#428=CARTESIAN_POINT('',(4.189184056483E-1,5.063387464813E-2,
-1.152756546461E-1));
#429=CARTESIAN_POINT('',(4.172755414451E-1,2.592336797943E-2,
-1.231929510154E-1));
#430=CARTESIAN_POINT('',(4.161749767983E-1,8.639015346061E-3,-1.25E-1));
#431=CARTESIAN_POINT('',(4.15625E-1,0.E0,-1.25E-1));
#433=CURVE_STYLE('',#127,POSITIVE_LENGTH_MEASURE(2.E-2),#73);
#434=PRESENTATION_STYLE_ASSIGNMENT((#433));
#435=STYLED_ITEM('',(#434),#432);
#436=CARTESIAN_POINT('',(3.90625E-1,0.E0,1.25E-1));
#437=CARTESIAN_POINT('',(3.900974343220E-1,8.286982291417E-3,1.25E-1));
#438=CARTESIAN_POINT('',(3.890419131600E-1,2.487024434E-2,1.233585941740E-1));
#439=CARTESIAN_POINT('',(3.874426320026E-1,4.899025667805E-2,
1.159031843368E-1));
#440=CARTESIAN_POINT('',(3.858718414201E-1,7.075677021931E-2,
1.040253502272E-1));
#441=CARTESIAN_POINT('',(3.842993677696E-1,8.981323536565E-2,
8.812360130058E-2));
#442=CARTESIAN_POINT('',(3.827034912596E-1,1.055941171113E-1,
6.848361463782E-2));
#443=CARTESIAN_POINT('',(3.810807086189E-1,1.172915251519E-1,
4.568374862948E-2));
#444=CARTESIAN_POINT('',(3.794713640313E-1,1.240213841985E-1,
2.118600317996E-2));
#445=CARTESIAN_POINT('',(3.779154318636E-1,1.257724274205E-1,
-3.313512072315E-3));
#446=CARTESIAN_POINT('',(3.763070455147E-1,1.226066957250E-1,
-2.850465401375E-2));
#447=CARTESIAN_POINT('',(3.746716915725E-1,1.142185298130E-1,
-5.293215144568E-2));
#448=CARTESIAN_POINT('',(3.730402623835E-1,1.010273760562E-1,
-7.505803716059E-2));
#449=CARTESIAN_POINT('',(3.719822121824E-1,8.975671637404E-2,
-8.738678077471E-2));
#450=CARTESIAN_POINT('',(3.714583333333E-1,8.364132579486E-2,
-9.289310318467E-2));
#452=CURVE_STYLE('',#127,POSITIVE_LENGTH_MEASURE(2.E-2),#73);
#453=PRESENTATION_STYLE_ASSIGNMENT((#452));
#454=STYLED_ITEM('',(#453),#451);
#455=CARTESIAN_POINT('',(3.59375E-1,0.E0,-1.25E-1));
#456=CARTESIAN_POINT('',(3.599274433153E-1,8.677759304803E-3,-1.25E-1));
#457=CARTESIAN_POINT('',(3.610405354221E-1,2.616645583693E-2,
-1.231970897047E-1));
#458=CARTESIAN_POINT('',(3.627509009388E-1,5.185597072266E-2,
-1.148098580134E-1));
#459=CARTESIAN_POINT('',(3.644536610269E-1,7.501393698335E-2,
-1.011301545895E-1));
#460=CARTESIAN_POINT('',(3.660907862670E-1,9.407485692502E-2,
-8.365872286961E-2));
#461=CARTESIAN_POINT('',(3.677661138024E-1,1.095308914730E-1,
-6.218446978309E-2));
#462=CARTESIAN_POINT('',(3.694719015002E-1,1.202624109231E-1,
-3.746129021472E-2));
#463=CARTESIAN_POINT('',(3.711617794893E-1,1.254067089684E-1,
-1.126897266266E-2));
#464=CARTESIAN_POINT('',(3.728000043692E-1,1.250274070338E-1,
1.459961959820E-2));
#465=CARTESIAN_POINT('',(3.744400322226E-1,1.194192242744E-1,
3.988204174689E-2));
#466=CARTESIAN_POINT('',(3.761056906664E-1,1.085426375583E-1,
6.383815202053E-2));
#467=CARTESIAN_POINT('',(3.777704342353E-1,9.289851460175E-2,
8.496647069056E-2));
#468=CARTESIAN_POINT('',(3.794109396351E-1,7.354554413159E-2,
1.021971186072E-1));
#469=CARTESIAN_POINT('',(3.810865673468E-1,5.056552107656E-2,
1.153146674397E-1));
#470=CARTESIAN_POINT('',(3.827290048659E-1,2.585147981248E-2,
1.232040855231E-1));
#471=CARTESIAN_POINT('',(3.838272041207E-1,8.604757549769E-3,1.25E-1));
#472=CARTESIAN_POINT('',(3.84375E-1,0.E0,1.25E-1));
#474=CURVE_STYLE('',#127,POSITIVE_LENGTH_MEASURE(2.E-2),#73);
#475=PRESENTATION_STYLE_ASSIGNMENT((#474));
#476=STYLED_ITEM('',(#475),#473);
#477=DIRECTION('',(1.E0,0.E0,0.E0));
#478=VECTOR('',#477,6.25E-3);
#479=CARTESIAN_POINT('',(3.59375E-1,0.E0,-1.25E-1));
#480=LINE('',#479,#478);
#481=CURVE_STYLE('',#127,POSITIVE_LENGTH_MEASURE(2.E-2),#73);
#482=PRESENTATION_STYLE_ASSIGNMENT((#481));
#483=STYLED_ITEM('',(#482),#480);
#484=CARTESIAN_POINT('',(3.714583333333E-1,8.364132579486E-2,
-9.289310318467E-2));
#485=CARTESIAN_POINT('',(3.709722222222E-1,7.796680903447E-2,
-9.800246102516E-2));
#486=CARTESIAN_POINT('',(3.7E-1,6.567893531321E-2,-1.071782422281E-1));
#487=CARTESIAN_POINT('',(3.685416666667E-1,4.504743638902E-2,
-1.173525839295E-1));
#488=CARTESIAN_POINT('',(3.670833333333E-1,2.290728128968E-2,
-1.235967419267E-1));
#489=CARTESIAN_POINT('',(3.661111111111E-1,7.635815477475E-3,-1.25E-1));
#490=CARTESIAN_POINT('',(3.65625E-1,0.E0,-1.25E-1));
#492=CURVE_STYLE('',#127,POSITIVE_LENGTH_MEASURE(2.E-2),#73);
#493=PRESENTATION_STYLE_ASSIGNMENT((#492));
#494=STYLED_ITEM('',(#493),#491);
#495=CARTESIAN_POINT('',(1.34375E-1,0.E0,1.25E-1));
#496=CARTESIAN_POINT('',(1.338081098041E-1,8.904690374698E-3,1.25E-1));
#497=CARTESIAN_POINT('',(1.326742844947E-1,2.671444895741E-2,
1.230897716592E-1));
#498=CARTESIAN_POINT('',(1.309733157404E-1,5.221716951871E-2,
1.146218233472E-1));
#499=CARTESIAN_POINT('',(1.292724043090E-1,7.534220050259E-2,
1.009369939262E-1));
#500=CARTESIAN_POINT('',(1.275717840434E-1,9.503517056108E-2,
8.266187305015E-2));
#501=CARTESIAN_POINT('',(1.258711794668E-1,1.104044538895E-1,
6.062636527182E-2));
#502=CARTESIAN_POINT('',(1.241704311770E-1,1.207515030466E-1,
3.583036339633E-2));
#503=CARTESIAN_POINT('',(1.224696371083E-1,1.256036914547E-1,
9.403162557221E-3));
#504=CARTESIAN_POINT('',(1.207689977190E-1,1.247406283336E-1,
-1.744950397939E-2));
#505=CARTESIAN_POINT('',(1.190682131509E-1,1.182013890522E-1,
-4.351039934352E-2));
#506=CARTESIAN_POINT('',(1.173675273130E-1,1.062840391214E-1,
-6.758999841575E-2));
#507=CARTESIAN_POINT('',(1.156668060103E-1,8.953044618073E-2,
-8.859464281448E-2));
#508=CARTESIAN_POINT('',(1.139660770008E-1,6.870293388924E-2,
-1.055682085966E-1));
#509=CARTESIAN_POINT('',(1.122651901652E-1,4.474690463032E-2,
-1.177390129139E-1));
#510=CARTESIAN_POINT('',(1.105643286563E-1,1.875468697929E-2,
-1.245512951669E-1));
#511=CARTESIAN_POINT('',(1.088635825957E-1,-8.089105408647E-3,
-1.256947676516E-1));
#512=CARTESIAN_POINT('',(1.071635178859E-1,-3.455436724323E-2,
-1.211220307422E-1));
#513=CARTESIAN_POINT('',(1.054631594719E-1,-5.945267175938E-2,
-1.110404677279E-1));
#514=CARTESIAN_POINT('',(1.037630379858E-1,-8.164380985762E-2,
-9.591026355878E-2));
#515=CARTESIAN_POINT('',(1.026298421853E-1,-9.396071211988E-2,
-8.291913215368E-2));
#516=CARTESIAN_POINT('',(1.020632938683E-1,-9.936047831760E-2,
-7.584520649651E-2));
#518=CURVE_STYLE('',#127,POSITIVE_LENGTH_MEASURE(2.E-2),#73);
#519=PRESENTATION_STYLE_ASSIGNMENT((#518));
#520=STYLED_ITEM('',(#519),#517);
#521=CARTESIAN_POINT('',(1.020632938683E-1,-1.238891278345E-1,
1.662780816614E-2));
#522=CARTESIAN_POINT('',(1.026219627819E-1,-1.250564732331E-1,
7.930245512511E-3));
#523=CARTESIAN_POINT('',(1.037393395637E-1,-1.255525692404E-1,
-9.711932351392E-3));
#524=CARTESIAN_POINT('',(1.054154904089E-1,-1.207473530075E-1,
-3.574759083614E-2));
#525=CARTESIAN_POINT('',(1.070918204994E-1,-1.106034986029E-1,
-6.020561580015E-2));
#526=CARTESIAN_POINT('',(1.087682031438E-1,-9.556903996132E-2,
-8.200250032490E-2));
#527=CARTESIAN_POINT('',(1.104445623911E-1,-7.630936708588E-2,
-1.001734216916E-1));
#528=CARTESIAN_POINT('',(1.121208921045E-1,-5.367631823131E-2,
-1.139153786562E-1));
#529=CARTESIAN_POINT('',(1.137972258056E-1,-2.867004230388E-2,
-1.226204445991E-1));
#530=CARTESIAN_POINT('',(1.154731602194E-1,-2.402637134076E-3,
-1.259050553036E-1));
#531=CARTESIAN_POINT('',(1.171500961392E-1,2.398662575682E-2,
-1.236231101900E-1));
#532=CARTESIAN_POINT('',(1.188269277767E-1,4.931316947876E-2,
-1.158713865091E-1));
#533=CARTESIAN_POINT('',(1.205037094206E-1,7.245741096117E-2,
-1.029944084052E-1));
#534=CARTESIAN_POINT('',(1.221802760516E-1,9.239434546650E-2,
-8.556412008102E-2));
#535=CARTESIAN_POINT('',(1.238571448643E-1,1.082479321281E-1,
-6.434593486350E-2));
#536=CARTESIAN_POINT('',(1.255341192647E-1,1.193130510800E-1,
-4.027927696301E-2));
#537=CARTESIAN_POINT('',(1.272110361582E-1,1.250986784453E-1,
-1.443135962011E-2));
#538=CARTESIAN_POINT('',(1.288876178697E-1,1.253504415193E-1,
1.204967425779E-2));
#539=CARTESIAN_POINT('',(1.305644599427E-1,1.200577848176E-1,
3.800180780097E-2));
#540=CARTESIAN_POINT('',(1.322414021200E-1,1.094528520752E-1,
6.227417905292E-2));
#541=CARTESIAN_POINT('',(1.339182307326E-1,9.400643010619E-2,
8.378983094806E-2));
#542=CARTESIAN_POINT('',(1.355948518583E-1,7.440416055266E-2,
1.015968822312E-1));
#543=CARTESIAN_POINT('',(1.372714863483E-1,5.151126555519E-2,
1.149110292064E-1));
#544=CARTESIAN_POINT('',(1.389483047095E-1,2.633715919034E-2,
1.231434804878E-1));
#545=CARTESIAN_POINT('',(1.400661036455E-1,8.779123407287E-3,1.25E-1));
#546=CARTESIAN_POINT('',(1.40625E-1,0.E0,1.25E-1));
#548=CURVE_STYLE('',#127,POSITIVE_LENGTH_MEASURE(2.E-2),#73);
#549=PRESENTATION_STYLE_ASSIGNMENT((#548));
#550=STYLED_ITEM('',(#549),#547);
#551=DIRECTION('',(1.E0,-2.544261098099E-14,0.E0));
#552=VECTOR('',#551,6.25E-3);
#553=CARTESIAN_POINT('',(1.59375E-1,0.E0,-1.25E-1));
#554=LINE('',#553,#552);
#555=CURVE_STYLE('',#127,POSITIVE_LENGTH_MEASURE(2.E-2),#73);
#556=PRESENTATION_STYLE_ASSIGNMENT((#555));
#557=STYLED_ITEM('',(#556),#554);
#558=CARTESIAN_POINT('',(1.90625E-1,0.E0,1.25E-1));
#559=CARTESIAN_POINT('',(1.900715617509E-1,8.693387687434E-3,1.25E-1));
#560=CARTESIAN_POINT('',(1.889564476354E-1,2.621456434982E-2,1.231917262E-1));
#561=CARTESIAN_POINT('',(1.872421908302E-1,5.195540568882E-2,
1.147664447372E-1));
#562=CARTESIAN_POINT('',(1.855369667328E-1,7.514096009908E-2,
1.010502524880E-1));
#563=CARTESIAN_POINT('',(1.838907527100E-1,9.426077768951E-2,
8.343408112882E-2));
#564=CARTESIAN_POINT('',(1.822406938873E-1,1.094563348606E-1,
6.226478318521E-2));
#565=CARTESIAN_POINT('',(1.805442963175E-1,1.201812216135E-1,
3.770581206895E-2));
#566=CARTESIAN_POINT('',(1.788577664796E-1,1.253784560328E-1,
1.157693722443E-2));
#567=CARTESIAN_POINT('',(1.772151011810E-1,1.250638571582E-1,
-1.436342862511E-2));
#568=CARTESIAN_POINT('',(1.755683475189E-1,1.194614035544E-1,
-3.975622729881E-2));
#569=CARTESIAN_POINT('',(1.739073061019E-1,1.086439951051E-1,
-6.365947241883E-2));
#570=CARTESIAN_POINT('',(1.722400304549E-1,9.301421870688E-2,
-8.484752560648E-2));
#571=CARTESIAN_POINT('',(1.705960386243E-1,7.363606984793E-2,
-1.021341117434E-1));
#572=CARTESIAN_POINT('',(1.689199194629E-1,5.065982739789E-2,
-1.152741409773E-1));
#573=CARTESIAN_POINT('',(1.672753982964E-1,2.592047386903E-2,
-1.231931484117E-1));
#574=CARTESIAN_POINT('',(1.661744713076E-1,8.631075116711E-3,-1.25E-1));
#575=CARTESIAN_POINT('',(1.65625E-1,0.E0,-1.25E-1));
#577=CURVE_STYLE('',#127,POSITIVE_LENGTH_MEASURE(2.E-2),#73);
#578=PRESENTATION_STYLE_ASSIGNMENT((#577));
#579=STYLED_ITEM('',(#578),#576);
#580=CARTESIAN_POINT('',(1.59375E-1,0.E0,-1.25E-1));
#581=CARTESIAN_POINT('',(1.599244231168E-1,8.630318137394E-3,-1.25E-1));
#582=CARTESIAN_POINT('',(1.610322267598E-1,2.603676854253E-2,
-1.232178094370E-1));
#583=CARTESIAN_POINT('',(1.627372349194E-1,5.165467973526E-2,
-1.148918949700E-1));
#584=CARTESIAN_POINT('',(1.644362543726E-1,7.479759288431E-2,
-1.012998417559E-1));
#585=CARTESIAN_POINT('',(1.660824872368E-1,9.398399545239E-2,
-8.375235947618E-2));
#586=CARTESIAN_POINT('',(1.677271204951E-1,1.091752943245E-1,
-6.269178085382E-2));
#587=CARTESIAN_POINT('',(1.693811846434E-1,1.197911475599E-1,
-3.881757221467E-2));
#588=CARTESIAN_POINT('',(1.710570441722E-1,1.252378777489E-1,
-1.292053494210E-2));
#589=CARTESIAN_POINT('',(1.726941372675E-1,1.252361356512E-1,
1.293916406262E-2));
#590=CARTESIAN_POINT('',(1.743700326701E-1,1.197847923176E-1,
3.883573729678E-2));
#591=CARTESIAN_POINT('',(1.760234827427E-1,1.091702747512E-1,
6.269993308532E-2));
#592=CARTESIAN_POINT('',(1.776683374647E-1,9.397559209372E-2,
8.376227627275E-2));
#593=CARTESIAN_POINT('',(1.793147679746E-1,7.478475783786E-2,
1.013097665611E-1));
#594=CARTESIAN_POINT('',(1.810140958215E-1,5.163544190254E-2,
1.149004536165E-1));
#595=CARTESIAN_POINT('',(1.827185718298E-1,2.602419762408E-2,
1.232196439783E-1));
#596=CARTESIAN_POINT('',(1.838258888604E-1,8.625417610620E-3,1.25E-1));
#597=CARTESIAN_POINT('',(1.84375E-1,0.E0,1.25E-1));
#599=CURVE_STYLE('',#127,POSITIVE_LENGTH_MEASURE(2.E-2),#73);
#600=PRESENTATION_STYLE_ASSIGNMENT((#599));
#601=STYLED_ITEM('',(#600),#598);
#602=DIRECTION('',(1.E0,0.E0,0.E0));
#603=VECTOR('',#602,6.25E-3);
#604=CARTESIAN_POINT('',(2.09375E-1,0.E0,-1.25E-1));
#605=LINE('',#604,#603);
#606=CURVE_STYLE('',#127,POSITIVE_LENGTH_MEASURE(2.E-2),#73);
#607=PRESENTATION_STYLE_ASSIGNMENT((#606));
#608=STYLED_ITEM('',(#607),#605);
#609=CARTESIAN_POINT('',(2.40625E-1,0.E0,1.25E-1));
#610=CARTESIAN_POINT('',(2.400750112632E-1,8.639202875759E-3,1.25E-1));
#611=CARTESIAN_POINT('',(2.389742841594E-1,2.592584039718E-2,
1.231918995892E-1));
#612=CARTESIAN_POINT('',(2.373317952001E-1,5.063151047532E-2,
1.152779530435E-1));
#613=CARTESIAN_POINT('',(2.356653561771E-1,7.348609540524E-2,
1.022335833785E-1));
#614=CARTESIAN_POINT('',(2.340228252078E-1,9.287531734874E-2,
8.499739766897E-2));
#615=CARTESIAN_POINT('',(2.323556764455E-1,1.085468716582E-1,
6.383991397754E-2));
#616=CARTESIAN_POINT('',(2.306847399968E-1,1.194490392778E-1,
3.980401297718E-2));
#617=CARTESIAN_POINT('',(2.290438418429E-1,1.250400855354E-1,
1.450258412164E-2));
#618=CARTESIAN_POINT('',(2.274035432335E-1,1.253955171468E-1,
-1.139848800162E-2));
#619=CARTESIAN_POINT('',(2.257151208257E-1,1.202288612833E-1,
-3.756400908876E-2));
#620=CARTESIAN_POINT('',(2.240126679580E-1,1.094945648764E-1,
-6.222590643691E-2));
#621=CARTESIAN_POINT('',(2.223494083730E-1,9.416118681992E-2,
-8.355343379024E-2));
#622=CARTESIAN_POINT('',(2.207084969704E-1,7.507896382663E-2,
-1.010882940027E-1));
#623=CARTESIAN_POINT('',(2.190046237122E-1,5.190963045599E-2,
-1.147864617873E-1));
#624=CARTESIAN_POINT('',(2.172922624803E-1,2.619390832192E-2,
-1.231937999464E-1));
#625=CARTESIAN_POINT('',(2.161780305091E-1,8.686982923068E-3,-1.25E-1));
#626=CARTESIAN_POINT('',(2.15625E-1,0.E0,-1.25E-1));
#628=CURVE_STYLE('',#127,POSITIVE_LENGTH_MEASURE(2.E-2),#73);
#629=PRESENTATION_STYLE_ASSIGNMENT((#628));
#630=STYLED_ITEM('',(#629),#627);
#631=CARTESIAN_POINT('',(2.09375E-1,0.E0,-1.25E-1));
#632=CARTESIAN_POINT('',(2.099279639611E-1,8.685937589182E-3,-1.25E-1));
#633=CARTESIAN_POINT('',(2.110419700958E-1,2.618990944921E-2,
-1.231954462236E-1));
#634=CARTESIAN_POINT('',(2.127545341717E-1,5.190656526020E-2,
-1.147846775260E-1));
#635=CARTESIAN_POINT('',(2.144566924127E-1,7.506008149166E-2,
-1.011096679636E-1));
#636=CARTESIAN_POINT('',(2.161036778003E-1,9.420142811777E-2,
-8.349812677443E-2));
#637=CARTESIAN_POINT('',(2.177420692231E-1,1.092969848809E-1,
-6.248835503398E-2));
#638=CARTESIAN_POINT('',(2.194093276706E-1,1.199385453787E-1,
-3.839781737708E-2));
#639=CARTESIAN_POINT('',(2.210871096350E-1,1.252847313357E-1,
-1.244657792095E-2));
#640=CARTESIAN_POINT('',(2.227243168398E-1,1.251862017759E-1,
1.341427477096E-2));
#641=CARTESIAN_POINT('',(2.243967932569E-1,1.196436963771E-1,
3.923465817414E-2));
#642=CARTESIAN_POINT('',(2.260405199993E-1,1.090346136638E-1,
6.293325000653E-2));
#643=CARTESIAN_POINT('',(2.276922788590E-1,9.372785294273E-2,
8.404801445396E-2));
#644=CARTESIAN_POINT('',(2.293374031383E-1,7.449349143844E-2,
1.015195822888E-1));
#645=CARTESIAN_POINT('',(2.310328836644E-1,5.136090682396E-2,
1.150144840123E-1));
#646=CARTESIAN_POINT('',(2.327270897484E-1,2.588966992901E-2,
1.232363069722E-1));
#647=CARTESIAN_POINT('',(2.338288254530E-1,8.579289721525E-3,1.25E-1));
#648=CARTESIAN_POINT('',(2.34375E-1,0.E0,1.25E-1));
#650=CURVE_STYLE('',#127,POSITIVE_LENGTH_MEASURE(2.E-2),#73);
#651=PRESENTATION_STYLE_ASSIGNMENT((#650));
#652=STYLED_ITEM('',(#651),#649);
#653=DIRECTION('',(1.E0,0.E0,0.E0));
#654=VECTOR('',#653,6.25E-3);
#655=CARTESIAN_POINT('',(2.59375E-1,0.E0,-1.25E-1));
#656=LINE('',#655,#654);
#657=CURVE_STYLE('',#127,POSITIVE_LENGTH_MEASURE(2.E-2),#73);
#658=PRESENTATION_STYLE_ASSIGNMENT((#657));
#659=STYLED_ITEM('',(#658),#656);
#660=CARTESIAN_POINT('',(2.90625E-1,0.E0,1.25E-1));
#661=CARTESIAN_POINT('',(2.900737181292E-1,8.659515376876E-3,1.25E-1));
#662=CARTESIAN_POINT('',(2.889656106076E-1,2.606933418006E-2,
1.232057758361E-1));
#663=CARTESIAN_POINT('',(2.872698246566E-1,5.154757603640E-2,
1.149232548938E-1));
#664=CARTESIAN_POINT('',(2.855913940228E-1,7.442351882609E-2,
1.015319469720E-1));
#665=CARTESIAN_POINT('',(2.839690392985E-1,9.344501367960E-2,
8.436494363840E-2));
#666=CARTESIAN_POINT('',(2.822819528279E-1,1.091602583591E-1,
6.285044378712E-2));
#667=CARTESIAN_POINT('',(2.805752176674E-1,1.200442145854E-1,
3.817263835546E-2));
#668=CARTESIAN_POINT('',(2.788792919149E-1,1.253396962554E-1,
1.191680772005E-2));
#669=CARTESIAN_POINT('',(2.772532717356E-1,1.251255704150E-1,
-1.376286776533E-2));
#670=CARTESIAN_POINT('',(2.755876045604E-1,1.195941705349E-1,
-3.947858368096E-2));
#671=CARTESIAN_POINT('',(2.738935379708E-1,1.085531822127E-1,
-6.385848019706E-2));
#672=CARTESIAN_POINT('',(2.722198767391E-1,9.279970566252E-2,
-8.508736172565E-2));
#673=CARTESIAN_POINT('',(2.705814987895E-1,7.343103086321E-2,
-1.022390385197E-1));
#674=CARTESIAN_POINT('',(2.689440955072E-1,5.100409216104E-2,
-1.151110771387E-1));
#675=CARTESIAN_POINT('',(2.672764801334E-1,2.594477650497E-2,
-1.232125543089E-1));
#676=CARTESIAN_POINT('',(2.661754247648E-1,8.646051987824E-3,-1.25E-1));
#677=CARTESIAN_POINT('',(2.65625E-1,0.E0,-1.25E-1));
#679=CURVE_STYLE('',#127,POSITIVE_LENGTH_MEASURE(2.E-2),#73);
#680=PRESENTATION_STYLE_ASSIGNMENT((#679));
#681=STYLED_ITEM('',(#680),#678);
#682=CARTESIAN_POINT('',(2.59375E-1,0.E0,-1.25E-1));
#683=CARTESIAN_POINT('',(2.599281881565E-1,8.689459241956E-3,-1.25E-1));
#684=CARTESIAN_POINT('',(2.610426784954E-1,2.620086430614E-2,
-1.231935538543E-1));
#685=CARTESIAN_POINT('',(2.627557870987E-1,5.192544125112E-2,
-1.147779537936E-1));
#686=CARTESIAN_POINT('',(2.644591757467E-1,7.509104229209E-2,
-1.010853763792E-1));
#687=CARTESIAN_POINT('',(2.661042997129E-1,9.420775423467E-2,
-8.349161207542E-2));
#688=CARTESIAN_POINT('',(2.677521884455E-1,1.093979543507E-1,
-6.236132588207E-2));
#689=CARTESIAN_POINT('',(2.694464227610E-1,1.201364413093E-1,
-3.784527790519E-2));
#690=CARTESIAN_POINT('',(2.711317045757E-1,1.253577723984E-1,
-1.174320630180E-2));
#691=CARTESIAN_POINT('',(2.727711753230E-1,1.250956834679E-1,
1.414955066387E-2));
#692=CARTESIAN_POINT('',(2.744279571459E-1,1.194779643596E-1,
3.969931182971E-2));
#693=CARTESIAN_POINT('',(2.760741427670E-1,1.087791995741E-1,
6.339963435009E-2));
#694=CARTESIAN_POINT('',(2.777377675028E-1,9.325050863408E-2,
8.458639821512E-2));
#695=CARTESIAN_POINT('',(2.793810884838E-1,7.393156914975E-2,
1.019245855565E-1));
#696=CARTESIAN_POINT('',(2.810680167210E-1,5.084313706446E-2,
1.152170586924E-1));
#697=CARTESIAN_POINT('',(2.827322670832E-1,2.580383666897E-2,
1.232287304839E-1));
#698=CARTESIAN_POINT('',(2.838296127866E-1,8.566922314941E-3,1.25E-1));
#699=CARTESIAN_POINT('',(2.84375E-1,0.E0,1.25E-1));
#701=CURVE_STYLE('',#127,POSITIVE_LENGTH_MEASURE(2.E-2),#73);
#702=PRESENTATION_STYLE_ASSIGNMENT((#701));
#703=STYLED_ITEM('',(#702),#700);
#704=DIRECTION('',(1.E0,0.E0,0.E0));
#705=VECTOR('',#704,6.25E-3);
#706=CARTESIAN_POINT('',(3.09375E-1,0.E0,-1.25E-1));
#707=LINE('',#706,#705);
#708=CURVE_STYLE('',#127,POSITIVE_LENGTH_MEASURE(2.E-2),#73);
#709=PRESENTATION_STYLE_ASSIGNMENT((#708));
#710=STYLED_ITEM('',(#709),#707);
#711=CARTESIAN_POINT('',(3.40625E-1,0.E0,1.25E-1));
#712=CARTESIAN_POINT('',(3.400766938565E-1,8.612772761415E-3,1.25E-1));
#713=CARTESIAN_POINT('',(3.389706971048E-1,2.599055207511E-2,
1.232234127671E-1));
#714=CARTESIAN_POINT('',(3.372691839467E-1,5.156112519134E-2,
1.149320069698E-1));
#715=CARTESIAN_POINT('',(3.355682466671E-1,7.474370988958E-2,
1.013467686402E-1));
#716=CARTESIAN_POINT('',(3.339161530455E-1,9.400135141623E-2,
8.373933827321E-2));
#717=CARTESIAN_POINT('',(3.322683760582E-1,1.092166169132E-1,
6.263312728918E-2));
#718=CARTESIAN_POINT('',(3.306052745109E-1,1.198657090046E-1,
3.861670889865E-2));
#719=CARTESIAN_POINT('',(3.289234717005E-1,1.252752596434E-1,
1.261435619965E-2));
#720=CARTESIAN_POINT('',(3.272806341097E-1,1.251993980342E-1,
-1.333719989484E-2));
#721=CARTESIAN_POINT('',(3.256048371596E-1,1.196541564755E-1,
-3.921072006261E-2));
#722=CARTESIAN_POINT('',(3.239578819734E-1,1.090278083533E-1,
-6.295865701983E-2));
#723=CARTESIAN_POINT('',(3.222978998145E-1,9.363004424190E-2,
-8.416868428554E-2));
#724=CARTESIAN_POINT('',(3.206484426797E-1,7.431406579530E-2,
-1.016548781170E-1));
#725=CARTESIAN_POINT('',(3.189539832971E-1,5.116731609131E-2,
-1.150901688759E-1));
#726=CARTESIAN_POINT('',(3.172723427160E-1,2.587855284542E-2,
-1.232283681255E-1));
#727=CARTESIAN_POINT('',(3.161714004209E-1,8.582837741714E-3,-1.25E-1));
#728=CARTESIAN_POINT('',(3.15625E-1,0.E0,-1.25E-1));
#730=CURVE_STYLE('',#127,POSITIVE_LENGTH_MEASURE(2.E-2),#73);
#731=PRESENTATION_STYLE_ASSIGNMENT((#730));
#732=STYLED_ITEM('',(#731),#729);
#733=CARTESIAN_POINT('',(3.09375E-1,0.E0,-1.25E-1));
#734=CARTESIAN_POINT('',(3.099279213039E-1,8.685267531999E-3,-1.25E-1));
#735=CARTESIAN_POINT('',(3.110419242430E-1,2.618866869337E-2,
-1.231946526390E-1));
#736=CARTESIAN_POINT('',(3.127539927323E-1,5.190014727109E-2,
-1.147899670281E-1));
#737=CARTESIAN_POINT('',(3.144573760421E-1,7.506512250805E-2,
-1.010991878335E-1));
#738=CARTESIAN_POINT('',(3.160986912825E-1,9.415241866163E-2,
-8.356087066261E-2));
#739=CARTESIAN_POINT('',(3.177587011574E-1,1.094605669740E-1,
-6.227877511934E-2));
#740=CARTESIAN_POINT('',(3.194596303878E-1,1.202024787249E-1,
-3.764666872653E-2));
#741=CARTESIAN_POINT('',(3.211472619347E-1,1.253838523329E-1,
-1.149781330368E-2));
#742=CARTESIAN_POINT('',(3.227869523791E-1,1.250589678084E-1,
1.439591106560E-2));
#743=CARTESIAN_POINT('',(3.244339459311E-1,1.194476613080E-1,
3.978961370451E-2));
#744=CARTESIAN_POINT('',(3.260898566105E-1,1.086621881140E-1,
6.361847577016E-2));
#745=CARTESIAN_POINT('',(3.277545078310E-1,9.307046819336E-2,
8.478137092263E-2));
#746=CARTESIAN_POINT('',(3.293965603985E-1,7.373223169385E-2,
1.020671046497E-1));
#747=CARTESIAN_POINT('',(3.310788971817E-1,5.068089550310E-2,
1.152754546956E-1));
#748=CARTESIAN_POINT('',(3.327301714188E-1,2.583441344465E-2,
1.232133451103E-1));
#749=CARTESIAN_POINT('',(3.338281889349E-1,8.589288125840E-3,1.25E-1));
#750=CARTESIAN_POINT('',(3.34375E-1,0.E0,1.25E-1));
#752=CURVE_STYLE('',#127,POSITIVE_LENGTH_MEASURE(2.E-2),#73);
#753=PRESENTATION_STYLE_ASSIGNMENT((#752));
#754=STYLED_ITEM('',(#753),#751);
#755=CARTESIAN_POINT('',(4.851250599067E-1,-1.046485067725E-1,0.E0));
#756=CARTESIAN_POINT('',(4.847565432551E-1,-1.049803206559E-1,
7.365467546956E-3));
#757=CARTESIAN_POINT('',(4.840197839763E-1,-1.040976436241E-1,
2.223436552039E-2));
#758=CARTESIAN_POINT('',(4.829020551199E-1,-9.793716198782E-2,
4.419676320946E-2));
#759=CARTESIAN_POINT('',(4.818119723576E-1,-8.745011583653E-2,
6.404947161821E-2));
#760=CARTESIAN_POINT('',(4.807282470455E-1,-7.309658477941E-2,
8.140205966057E-2));
#761=CARTESIAN_POINT('',(4.796154002979E-1,-5.480265405258E-2,
9.589718821812E-2));
#762=CARTESIAN_POINT('',(4.784928320754E-1,-3.344469569574E-2,
1.063316579487E-1));
#763=CARTESIAN_POINT('',(4.773880928028E-1,-1.051954841261E-2,
1.119138048842E-1));
#764=CARTESIAN_POINT('',(4.763190183897E-1,1.250121119258E-2,
1.126983379406E-1));
#765=CARTESIAN_POINT('',(4.752047596116E-1,3.635295706045E-2,
1.085279037187E-1));
#766=CARTESIAN_POINT('',(4.740881067503E-1,5.901737517279E-2,
9.922839398858E-2));
#767=CARTESIAN_POINT('',(4.729889252717E-1,7.903577901676E-2,
8.543547496717E-2));
#768=CARTESIAN_POINT('',(4.719327648366E-1,9.531946166480E-2,
6.841712778386E-2));
#769=CARTESIAN_POINT('',(4.708465893487E-1,1.083165645495E-1,
4.774264745401E-2));
#770=CARTESIAN_POINT('',(4.697490120503E-1,1.168383299500E-1,
2.435287148094E-2));
#771=CARTESIAN_POINT('',(4.690324443707E-1,1.191383628844E-1,
8.131265890991E-3));
#772=CARTESIAN_POINT('',(4.686760521835E-1,1.194592598511E-1,0.E0));
#774=CURVE_STYLE('',#127,POSITIVE_LENGTH_MEASURE(2.E-2),#73);
#775=PRESENTATION_STYLE_ASSIGNMENT((#774));
#776=STYLED_ITEM('',(#775),#773);
#777=CARTESIAN_POINT('',(4.925792696953E-1,-1.435636382135E-2,
-9.687875528599E-2));
#778=CARTESIAN_POINT('',(4.922230069746E-1,-2.099526349014E-2,
-9.621922695497E-2));
#779=CARTESIAN_POINT('',(4.915084786381E-1,-3.424339077382E-2,
-9.353434426685E-2));
#780=CARTESIAN_POINT('',(4.904221813310E-1,-5.330173520209E-2,
-8.531525322148E-2));
#781=CARTESIAN_POINT('',(4.893468675724E-1,-7.023572794714E-2,
-7.333133365398E-2));
#782=CARTESIAN_POINT('',(4.882944444535E-1,-8.423557461952E-2,
-5.836610857907E-2));
#783=CARTESIAN_POINT('',(4.872388171609E-1,-9.510708473689E-2,
-4.069750185697E-2));
#784=CARTESIAN_POINT('',(4.861789626443E-1,-1.022865410470E-1,
-2.093713452198E-2));
#785=CARTESIAN_POINT('',(4.854761049414E-1,-1.043324244034E-1,
-7.016265887358E-3));
#786=CARTESIAN_POINT('',(4.851250599067E-1,-1.046485067725E-1,0.E0));
#788=CURVE_STYLE('',#127,POSITIVE_LENGTH_MEASURE(2.E-2),#73);
#789=PRESENTATION_STYLE_ASSIGNMENT((#788));
#790=STYLED_ITEM('',(#789),#787);
#791=CARTESIAN_POINT('',(4.686760521835E-1,1.194592598511E-1,0.E0));
#792=CARTESIAN_POINT('',(4.683333583344E-1,1.197678227788E-1,
-7.818731461693E-3));
#793=CARTESIAN_POINT('',(4.676482813069E-1,1.188371240805E-1,
-2.356899356331E-2));
#794=CARTESIAN_POINT('',(4.666269587284E-1,1.128779072415E-1,
-4.651318773271E-2));
#795=CARTESIAN_POINT('',(4.655958462622E-1,1.023695435950E-1,
-6.821467210574E-2));
#796=CARTESIAN_POINT('',(4.645781244909E-1,8.791369107817E-2,
-8.735040650058E-2));
#797=CARTESIAN_POINT('',(4.635508547872E-1,6.972800177127E-2,
-1.035948048971E-1));
#798=CARTESIAN_POINT('',(4.628656376320E-1,5.560270580078E-2,
-1.119076087272E-1));
#799=CARTESIAN_POINT('',(4.625224368327E-1,4.816084775794E-2,
-1.153496109367E-1));
#801=CURVE_STYLE('',#127,POSITIVE_LENGTH_MEASURE(2.E-2),#73);
#802=PRESENTATION_STYLE_ASSIGNMENT((#801));
#803=STYLED_ITEM('',(#802),#800);
#804=CARTESIAN_POINT('',(5.E-1,0.E0,0.E0));
#805=DIRECTION('',(1.E0,0.E0,0.E0));
#806=DIRECTION('',(0.E0,1.E0,0.E0));
#807=AXIS2_PLACEMENT_3D('',#804,#805,#806);
#809=CURVE_STYLE('',#127,POSITIVE_LENGTH_MEASURE(2.E-2),#73);
#810=PRESENTATION_STYLE_ASSIGNMENT((#809));
#811=STYLED_ITEM('',(#810),#808);
#812=CARTESIAN_POINT('',(5.E-1,0.E0,0.E0));
#813=DIRECTION('',(1.E0,0.E0,0.E0));
#814=DIRECTION('',(0.E0,-1.E0,0.E0));
#815=AXIS2_PLACEMENT_3D('',#812,#813,#814);
#817=CURVE_STYLE('',#127,POSITIVE_LENGTH_MEASURE(2.E-2),#73);
#818=PRESENTATION_STYLE_ASSIGNMENT((#817));
#819=STYLED_ITEM('',(#818),#816);
#820=DIRECTION('',(7.431448254774E-1,-6.691306063589E-1,0.E0));
#821=VECTOR('',#820,4.215052940236E-2);
#822=CARTESIAN_POINT('',(4.686760521835E-1,1.194592598511E-1,0.E0));
#823=LINE('',#822,#821);
#824=CURVE_STYLE('',#127,POSITIVE_LENGTH_MEASURE(2.E-2),#73);
#825=PRESENTATION_STYLE_ASSIGNMENT((#824));
#826=STYLED_ITEM('',(#825),#823);
#827=DIRECTION('',(7.431448254774E-1,6.691306063589E-1,0.E0));
#828=VECTOR('',#827,2.001620624053E-2);
#829=CARTESIAN_POINT('',(4.851250599067E-1,-1.046485067725E-1,0.E0));
#830=LINE('',#829,#828);
#831=CURVE_STYLE('',#127,POSITIVE_LENGTH_MEASURE(2.E-2),#73);
#832=PRESENTATION_STYLE_ASSIGNMENT((#831));
#833=STYLED_ITEM('',(#832),#830);
#834=CARTESIAN_POINT('',(4.15625E-1,0.E0,-1.25E-1));
#835=CARTESIAN_POINT('',(4.150739787010E-1,-8.655422324835E-3,-1.25E-1));
#836=CARTESIAN_POINT('',(4.139672989788E-1,-2.604294819793E-2,
-1.232085273247E-1));
#837=CARTESIAN_POINT('',(4.122755567347E-1,-5.146118158641E-2,
-1.149528582232E-1));
#838=CARTESIAN_POINT('',(4.106055256956E-1,-7.423993623528E-2,
-1.016594435318E-1));
#839=CARTESIAN_POINT('',(4.089838128417E-1,-9.328840824696E-2,
-8.453877922176E-2));
#840=CARTESIAN_POINT('',(4.072975834920E-1,-1.090353665750E-1,
-6.306399291838E-2));
#841=CARTESIAN_POINT('',(4.055914160893E-1,-1.199669130681E-1,
-3.841693900166E-2));
#842=CARTESIAN_POINT('',(4.038951752852E-1,-1.253135435734E-1,
-1.216714133884E-2));
#843=CARTESIAN_POINT('',(4.022705090500E-1,-1.251595606653E-1,
1.349251385766E-2));
#844=CARTESIAN_POINT('',(4.005962124616E-1,-1.196446099088E-1,
3.935134678223E-2));
#845=CARTESIAN_POINT('',(3.988989356674E-1,-1.085984381555E-1,
6.378656472853E-2));
#846=CARTESIAN_POINT('',(3.972230644177E-1,-9.283379644723E-2,
8.505003286690E-2));
#847=CARTESIAN_POINT('',(3.955869465459E-1,-7.349962878172E-2,
1.021868262020E-1));
#848=CARTESIAN_POINT('',(3.939491011997E-1,-5.107806745590E-2,
1.150823712478E-1));
#849=CARTESIAN_POINT('',(3.922769872923E-1,-2.595341155164E-2,
1.232144204684E-1));
#850=CARTESIAN_POINT('',(3.911754629418E-1,-8.646651670198E-3,1.25E-1));
#851=CARTESIAN_POINT('',(3.90625E-1,0.E0,1.25E-1));
#853=CURVE_STYLE('',#127,POSITIVE_LENGTH_MEASURE(2.E-2),#73);
#854=PRESENTATION_STYLE_ASSIGNMENT((#853));
#855=STYLED_ITEM('',(#854),#852);
#856=CARTESIAN_POINT('',(3.84375E-1,0.E0,1.25E-1));
#857=CARTESIAN_POINT('',(3.849271255426E-1,-8.672767742164E-3,1.25E-1));
#858=CARTESIAN_POINT('',(3.860395805323E-1,-2.615137327208E-2,
1.231990880176E-1));
#859=CARTESIAN_POINT('',(3.877489430802E-1,-5.182750307756E-2,
1.148217873603E-1));
#860=CARTESIAN_POINT('',(3.894507806423E-1,-7.497585346805E-2,
1.011558250031E-1));
#861=CARTESIAN_POINT('',(3.910873660564E-1,-9.404220595871E-2,
8.370192861309E-2));
#862=CARTESIAN_POINT('',(3.927697465261E-1,-1.095647265451E-1,
6.213782014563E-2));
#863=CARTESIAN_POINT('',(3.944777709981E-1,-1.202912136799E-1,
3.737262361683E-2));
#864=CARTESIAN_POINT('',(3.961686553530E-1,-1.254164283724E-1,
1.116058295821E-2));
#865=CARTESIAN_POINT('',(3.978053401272E-1,-1.250145590844E-1,
-1.468295173911E-2));
#866=CARTESIAN_POINT('',(3.994437372974E-1,-1.194025530171E-1,
-3.993837839593E-2));
#867=CARTESIAN_POINT('',(4.011134835027E-1,-1.084827528900E-1,
-6.394576817948E-2));
#868=CARTESIAN_POINT('',(4.027781197386E-1,-9.281555080354E-2,-8.505580752E-2));
#869=CARTESIAN_POINT('',(4.044177038545E-1,-7.345706546865E-2,
-1.022572286757E-1));
#870=CARTESIAN_POINT('',(4.060891721269E-1,-5.052585320030E-2,
-1.153270295804E-1));
#871=CARTESIAN_POINT('',(4.077288425197E-1,-2.585382559809E-2,
-1.232020207653E-1));
#872=CARTESIAN_POINT('',(4.088269082967E-1,-8.609404342803E-3,-1.25E-1));
#873=CARTESIAN_POINT('',(4.09375E-1,0.E0,-1.25E-1));
#875=CURVE_STYLE('',#127,POSITIVE_LENGTH_MEASURE(2.E-2),#73);
#876=PRESENTATION_STYLE_ASSIGNMENT((#875));
#877=STYLED_ITEM('',(#876),#874);
#878=DIRECTION('',(1.E0,-2.447438604013E-14,0.E0));
#879=VECTOR('',#878,6.25E-3);
#880=CARTESIAN_POINT('',(3.84375E-1,0.E0,1.25E-1));
#881=LINE('',#880,#879);
#882=CURVE_STYLE('',#127,POSITIVE_LENGTH_MEASURE(2.E-2),#73);
#883=PRESENTATION_STYLE_ASSIGNMENT((#882));
#884=STYLED_ITEM('',(#883),#881);
#885=CARTESIAN_POINT('',(1.34375E-1,0.E0,1.25E-1));
#886=CARTESIAN_POINT('',(1.349227361191E-1,-8.603818839855E-3,1.25E-1));
#887=CARTESIAN_POINT('',(1.360274278368E-1,-2.596111093313E-2,
1.232277933897E-1));
#888=CARTESIAN_POINT('',(1.377274190161E-1,-5.151140680671E-2,
1.149518654133E-1));
#889=CARTESIAN_POINT('',(1.394244783046E-1,-7.464610746946E-2,
1.014090686732E-1));
#890=CARTESIAN_POINT('',(1.410700375439E-1,-9.385542907684E-2,
8.390112665461E-2));
#891=CARTESIAN_POINT('',(1.427182573926E-1,-1.091042855067E-1,
6.281294681321E-2));
#892=CARTESIAN_POINT('',(1.443665469615E-1,-1.197141832067E-1,
3.903583421447E-2));
#893=CARTESIAN_POINT('',(1.460409421989E-1,-1.252118040665E-1,
1.317412232925E-2));
#894=CARTESIAN_POINT('',(1.476780261312E-1,-1.252613384919E-1,
-1.268522658751E-2));
#895=CARTESIAN_POINT('',(1.493548561486E-1,-1.198642733930E-1,
-3.860939050563E-2));
#896=CARTESIAN_POINT('',(1.510150032722E-1,-1.092386466053E-1,
-6.258417649586E-2));
#897=CARTESIAN_POINT('',(1.526559358180E-1,-9.410300916574E-2,
-8.361359065322E-2));
#898=CARTESIAN_POINT('',(1.543028939783E-1,-7.493735733891E-2,
-1.011994047777E-1));
#899=CARTESIAN_POINT('',(1.560040518969E-1,-5.178177641581E-2,
-1.148384454181E-1));
#900=CARTESIAN_POINT('',(1.577131352464E-1,-2.610972411676E-2,
-1.232074956556E-1));
#901=CARTESIAN_POINT('',(1.588239288075E-1,-8.656206050064E-3,-1.25E-1));
#902=CARTESIAN_POINT('',(1.59375E-1,0.E0,-1.25E-1));
#904=CURVE_STYLE('',#127,POSITIVE_LENGTH_MEASURE(2.E-2),#73);
#905=PRESENTATION_STYLE_ASSIGNMENT((#904));
#906=STYLED_ITEM('',(#905),#903);
#907=DIRECTION('',(1.E0,-3.395432083645E-14,0.E0));
#908=VECTOR('',#907,6.25E-3);
#909=CARTESIAN_POINT('',(1.34375E-1,0.E0,1.25E-1));
#910=LINE('',#909,#908);
#911=CURVE_STYLE('',#127,POSITIVE_LENGTH_MEASURE(2.E-2),#73);
#912=PRESENTATION_STYLE_ASSIGNMENT((#911));
#913=STYLED_ITEM('',(#912),#910);
#914=CARTESIAN_POINT('',(1.65625E-1,0.E0,-1.25E-1));
#915=CARTESIAN_POINT('',(1.650735387048E-1,-8.662333768443E-3,-1.25E-1));
#916=CARTESIAN_POINT('',(1.639641869730E-1,-2.609169060601E-2,
-1.232038491652E-1));
#917=CARTESIAN_POINT('',(1.622644750633E-1,-5.162799257754E-2,
-1.148953914545E-1));
#918=CARTESIAN_POINT('',(1.605782695044E-1,-7.459469136874E-2,
-1.014142432697E-1));
#919=CARTESIAN_POINT('',(1.589535654718E-1,-9.360908671179E-2,
-8.418310017334E-2));
#920=CARTESIAN_POINT('',(1.572664668858E-1,-1.092830578805E-1,
-6.263811029771E-2));
#921=CARTESIAN_POINT('',(1.555591578426E-1,-1.201197904755E-1,
-3.793028369844E-2));
#922=CARTESIAN_POINT('',(1.538642689153E-1,-1.253645535718E-1,
-1.167990645445E-2));
#923=CARTESIAN_POINT('',(1.522354849318E-1,-1.250909279285E-1,
1.404180124483E-2));
#924=CARTESIAN_POINT('',(1.505788498107E-1,-1.195421663730E-1,
3.960778869842E-2));
#925=CARTESIAN_POINT('',(1.488881980698E-1,-1.085084778781E-1,
6.392969343827E-2));
#926=CARTESIAN_POINT('',(1.472168228113E-1,-9.276639481251E-2,
8.512239337122E-2));
#927=CARTESIAN_POINT('',(1.455770131812E-1,-7.337512843057E-2,
1.022830107409E-1));
#928=CARTESIAN_POINT('',(1.439382892768E-1,-5.091899357570E-2,
1.151456678625E-1));
#929=CARTESIAN_POINT('',(1.422758185628E-1,-2.593344401438E-2,
1.232103809624E-1));
#930=CARTESIAN_POINT('',(1.411752876045E-1,-8.643897478622E-3,1.25E-1));
#931=CARTESIAN_POINT('',(1.40625E-1,0.E0,1.25E-1));
#933=CURVE_STYLE('',#127,POSITIVE_LENGTH_MEASURE(2.E-2),#73);
#934=PRESENTATION_STYLE_ASSIGNMENT((#933));
#935=STYLED_ITEM('',(#934),#932);
#936=CARTESIAN_POINT('',(1.84375E-1,0.E0,1.25E-1));
#937=CARTESIAN_POINT('',(1.849264029793E-1,-8.661417744210E-3,1.25E-1));
#938=CARTESIAN_POINT('',(1.860377076980E-1,-2.612297514674E-2,
1.232054887023E-1));
#939=CARTESIAN_POINT('',(1.877472764899E-1,-5.180096244045E-2,
1.148298454344E-1));
#940=CARTESIAN_POINT('',(1.894481106958E-1,-7.494991128690E-2,
1.011895830570E-1));
#941=CARTESIAN_POINT('',(1.910948089607E-1,-9.411057092877E-2,
8.360461518672E-2));
#942=CARTESIAN_POINT('',(1.927356167635E-1,-1.092438842363E-1,
6.257584459111E-2));
#943=CARTESIAN_POINT('',(1.943964103153E-1,-1.198708039327E-1,
3.859046144050E-2));
#944=CARTESIAN_POINT('',(1.960731571318E-1,-1.252630186189E-1,
1.266655734547E-2));
#945=CARTESIAN_POINT('',(1.977102275040E-1,-1.252099825946E-1,
-1.319254860514E-2));
#946=CARTESIAN_POINT('',(1.993845968086E-1,-1.197081823523E-1,
-3.905289363929E-2));
#947=CARTESIAN_POINT('',(2.010323821678E-1,-1.090990650785E-1,
-6.282164151423E-2));
#948=CARTESIAN_POINT('',(2.026808406404E-1,-9.384641369871E-2,
-8.391163824498E-2));
#949=CARTESIAN_POINT('',(2.043265531035E-1,-7.463312131012E-2,
-1.014190324584E-1));
#950=CARTESIAN_POINT('',(2.060239002273E-1,-5.149231049920E-2,
-1.149602857862E-1));
#951=CARTESIAN_POINT('',(2.077233157303E-1,-2.594938951441E-2,
-1.232294319456E-1));
#952=CARTESIAN_POINT('',(2.088275517130E-1,-8.599297583021E-3,-1.25E-1));
#953=CARTESIAN_POINT('',(2.09375E-1,0.E0,-1.25E-1));
#955=CURVE_STYLE('',#127,POSITIVE_LENGTH_MEASURE(2.E-2),#73);
#956=PRESENTATION_STYLE_ASSIGNMENT((#955));
#957=STYLED_ITEM('',(#956),#954);
#958=DIRECTION('',(1.E0,1.341519488089E-14,0.E0));
#959=VECTOR('',#958,6.25E-3);
#960=CARTESIAN_POINT('',(1.84375E-1,0.E0,1.25E-1));
#961=LINE('',#960,#959);
#962=CURVE_STYLE('',#127,POSITIVE_LENGTH_MEASURE(2.E-2),#73);
#963=PRESENTATION_STYLE_ASSIGNMENT((#962));
#964=STYLED_ITEM('',(#963),#961);
#965=CARTESIAN_POINT('',(2.147916666667E-1,-1.306605790846E-2,
-1.243152369210E-1));
#966=CARTESIAN_POINT('',(2.142562671568E-1,-2.143002268725E-2,
-1.234361487992E-1));
#967=CARTESIAN_POINT('',(2.131804163247E-1,-3.806443319397E-2,
-1.199879644901E-1));
#968=CARTESIAN_POINT('',(2.115344638604E-1,-6.190108588674E-2,
-1.096239386731E-1));
#969=CARTESIAN_POINT('',(2.099073975177E-1,-8.284195636981E-2,
-9.473893779011E-2));
#970=CARTESIAN_POINT('',(2.083180592644E-1,-9.997421351680E-2,
-7.640811512858E-2));
#971=CARTESIAN_POINT('',(2.067241323696E-1,-1.131952047866E-1,
-5.499949393563E-2));
#972=CARTESIAN_POINT('',(2.051105648425E-1,-1.219694150848E-1,
-3.107966395110E-2));
#973=CARTESIAN_POINT('',(2.034959947770E-1,-1.257055368560E-1,
-5.865959764615E-3));
#974=CARTESIAN_POINT('',(2.019044581631E-1,-1.243765819313E-1,
1.922932234415E-2));
#975=CARTESIAN_POINT('',(2.002816595835E-1,-1.179084518473E-1,
4.401680923215E-2));
#976=CARTESIAN_POINT('',(1.986897749169E-1,-1.067914825891E-1,
6.656128162691E-2));
#977=CARTESIAN_POINT('',(1.970899902027E-1,-9.135606574267E-2,
8.654568128262E-2));
#978=CARTESIAN_POINT('',(1.954901098334E-1,-7.224567925027E-2,
1.030677388377E-1));
#979=CARTESIAN_POINT('',(1.938493632143E-1,-4.962639743330E-2,
1.156993874336E-1));
#980=CARTESIAN_POINT('',(1.922183737936E-1,-2.503146860101E-2,
1.233462697660E-1));
#981=CARTESIAN_POINT('',(1.911532916495E-1,-8.298385824411E-3,1.25E-1));
#982=CARTESIAN_POINT('',(1.90625E-1,0.E0,1.25E-1));
#984=CURVE_STYLE('',#127,POSITIVE_LENGTH_MEASURE(2.E-2),#73);
#985=PRESENTATION_STYLE_ASSIGNMENT((#984));
#986=STYLED_ITEM('',(#985),#983);
#987=CARTESIAN_POINT('',(2.15625E-1,0.E0,-1.25E-1));
#988=CARTESIAN_POINT('',(2.154861053221E-1,-2.181752498403E-3,-1.25E-1));
#989=CARTESIAN_POINT('',(2.152083217553E-1,-6.545166163366E-3,
-1.248857328379E-1));
#990=CARTESIAN_POINT('',(2.149305497666E-1,-1.089643814905E-2,
-1.245432731467E-1));
#991=CARTESIAN_POINT('',(2.147916666667E-1,-1.306605790846E-2,
-1.243152369210E-1));
#993=CURVE_STYLE('',#127,POSITIVE_LENGTH_MEASURE(2.E-2),#73);
#994=PRESENTATION_STYLE_ASSIGNMENT((#993));
#995=STYLED_ITEM('',(#994),#992);
#996=DIRECTION('',(1.E0,3.719247132494E-14,0.E0));
#997=VECTOR('',#996,6.25E-3);
#998=CARTESIAN_POINT('',(2.34375E-1,0.E0,1.25E-1));
#999=LINE('',#998,#997);
#1000=CURVE_STYLE('',#127,POSITIVE_LENGTH_MEASURE(2.E-2),#73);
#1001=PRESENTATION_STYLE_ASSIGNMENT((#1000));
#1002=STYLED_ITEM('',(#1001),#999);
#1003=CARTESIAN_POINT('',(2.65625E-1,0.E0,-1.25E-1));
#1004=CARTESIAN_POINT('',(2.650746245120E-1,-8.645277949828E-3,-1.25E-1));
#1005=CARTESIAN_POINT('',(2.639733342467E-1,-2.594823023233E-2,
-1.232145416095E-1));
#1006=CARTESIAN_POINT('',(2.623023120942E-1,-5.105722835950E-2,
-1.150906068783E-1));
#1007=CARTESIAN_POINT('',(2.606646098480E-1,-7.348000159516E-2,
-1.022016672676E-1));
#1008=CARTESIAN_POINT('',(2.590279857166E-1,-9.282233184646E-2,
-8.506211473087E-2));
#1009=CARTESIAN_POINT('',(2.573530993206E-1,-1.085813121103E-1,
-6.381370621642E-2));
#1010=CARTESIAN_POINT('',(2.556567193652E-1,-1.196281980029E-1,
-3.939491512596E-2));
#1011=CARTESIAN_POINT('',(2.539845492966E-1,-1.251497714023E-1,
-1.357186853482E-2));
#1012=CARTESIAN_POINT('',(2.523597785530E-1,-1.253211895413E-1,
1.208904285346E-2));
#1013=CARTESIAN_POINT('',(2.506640152714E-1,-1.199926781523E-1,
3.833493929004E-2));
#1014=CARTESIAN_POINT('',(2.489576323905E-1,-1.090774078208E-1,
6.299293487800E-2));
#1015=CARTESIAN_POINT('',(2.472706347828E-1,-9.333593100173E-2,
8.448680641530E-2));
#1016=CARTESIAN_POINT('',(2.456486508086E-1,-7.429401109127E-2,
1.016215268631E-1));
#1017=CARTESIAN_POINT('',(2.439765711879E-1,-5.149286039481E-2,
1.149410446803E-1));
#1018=CARTESIAN_POINT('',(2.422835667698E-1,-2.605650785444E-2,
1.232067691771E-1));
#1019=CARTESIAN_POINT('',(2.411762572399E-1,-8.659128476138E-3,1.25E-1));
#1020=CARTESIAN_POINT('',(2.40625E-1,0.E0,1.25E-1));
#1022=CURVE_STYLE('',#127,POSITIVE_LENGTH_MEASURE(2.E-2),#73);
#1023=PRESENTATION_STYLE_ASSIGNMENT((#1022));
#1024=STYLED_ITEM('',(#1023),#1021);
#1025=CARTESIAN_POINT('',(2.585416666667E-1,-1.306605790846E-2,
-1.243152369210E-1));
#1026=CARTESIAN_POINT('',(2.586805497666E-1,-1.089643814906E-2,
-1.245432731467E-1));
#1027=CARTESIAN_POINT('',(2.589583217553E-1,-6.545166163367E-3,
-1.248857328379E-1));
#1028=CARTESIAN_POINT('',(2.592361053221E-1,-2.181752498403E-3,-1.25E-1));
#1029=CARTESIAN_POINT('',(2.59375E-1,0.E0,-1.25E-1));
#1031=CURVE_STYLE('',#127,POSITIVE_LENGTH_MEASURE(2.E-2),#73);
#1032=PRESENTATION_STYLE_ASSIGNMENT((#1031));
#1033=STYLED_ITEM('',(#1032),#1030);
#1034=CARTESIAN_POINT('',(2.34375E-1,0.E0,1.25E-1));
#1035=CARTESIAN_POINT('',(2.349092166002E-1,-8.391454733790E-3,1.25E-1));
#1036=CARTESIAN_POINT('',(2.359856420778E-1,-2.530457828364E-2,
1.233154290912E-1));
#1037=CARTESIAN_POINT('',(2.376398971832E-1,-5.022147774992E-2,
1.154609749470E-1));
#1038=CARTESIAN_POINT('',(2.392868490042E-1,-7.285325519199E-2,
1.026435781301E-1));
#1039=CARTESIAN_POINT('',(2.408850688127E-1,-9.183173021910E-2,
8.601620427545E-2));
#1040=CARTESIAN_POINT('',(2.424659138590E-1,-1.070088543146E-1,
6.620891294606E-2));
#1041=CARTESIAN_POINT('',(2.440757641458E-1,-1.181681667266E-1,
4.337008375139E-2));
#1042=CARTESIAN_POINT('',(2.457030242445E-1,-1.244878685936E-1,
1.846859223181E-2));
#1043=CARTESIAN_POINT('',(2.472897512645E-1,-1.256676505389E-1,
-6.557443677368E-3));
#1044=CARTESIAN_POINT('',(2.488980568603E-1,-1.218053718591E-1,
-3.164899977671E-2));
#1045=CARTESIAN_POINT('',(2.504925834478E-1,-1.130591703296E-1,
-5.525848271162E-2));
#1046=CARTESIAN_POINT('',(2.520897537970E-1,-9.976761463014E-2,
-7.668089794482E-2));
#1047=CARTESIAN_POINT('',(2.536731635033E-1,-8.264851082878E-2,
-9.489752076381E-2));
#1048=CARTESIAN_POINT('',(2.552954471342E-1,-6.174755658670E-2,
-1.097047437203E-1));
#1049=CARTESIAN_POINT('',(2.569357750273E-1,-3.798159446724E-2,
-1.200076753651E-1));
#1050=CARTESIAN_POINT('',(2.580080637284E-1,-2.140195680134E-2,
-1.234390986426E-1));
#1051=CARTESIAN_POINT('',(2.585416666667E-1,-1.306605790846E-2,
-1.243152369210E-1));
#1053=CURVE_STYLE('',#127,POSITIVE_LENGTH_MEASURE(2.E-2),#73);
#1054=PRESENTATION_STYLE_ASSIGNMENT((#1053));
#1055=STYLED_ITEM('',(#1054),#1052);
#1056=CARTESIAN_POINT('',(2.84375E-1,0.E0,1.25E-1));
#1057=CARTESIAN_POINT('',(2.849280809009E-1,-8.687774475587E-3,1.25E-1));
#1058=CARTESIAN_POINT('',(2.860423776474E-1,-2.619598417588E-2,
1.231939654862E-1));
#1059=CARTESIAN_POINT('',(2.877550579842E-1,-5.191520194311E-2,
1.147828876088E-1));
#1060=CARTESIAN_POINT('',(2.894584823887E-1,-7.508090566271E-2,
1.010905352471E-1));
#1061=CARTESIAN_POINT('',(2.911019193302E-1,-9.418428788734E-2,
8.352105195048E-2));
#1062=CARTESIAN_POINT('',(2.927552881123E-1,-1.094278252031E-1,
6.232205037992E-2));
#1063=CARTESIAN_POINT('',(2.944531399279E-1,-1.201703457569E-1,
3.774440947379E-2));
#1064=CARTESIAN_POINT('',(2.961396338503E-1,-1.253710321602E-1,
1.161813140567E-2));
#1065=CARTESIAN_POINT('',(2.977792848545E-1,-1.250772736839E-1,
-1.427627162399E-2));
#1066=CARTESIAN_POINT('',(2.994313533595E-1,-1.194605296665E-1,
-3.975037205058E-2));
#1067=CARTESIAN_POINT('',(3.010818711413E-1,-1.087215695037E-1,
-6.350725112645E-2));
#1068=CARTESIAN_POINT('',(3.027462548895E-1,-9.315949051961E-2,
-8.468540884634E-2));
#1069=CARTESIAN_POINT('',(3.043889498053E-1,-7.383039131874E-2,
-1.019972334626E-1));
#1070=CARTESIAN_POINT('',(3.060738244940E-1,-5.075668676588E-2,
-1.152485187834E-1));
#1071=CARTESIAN_POINT('',(3.077311741939E-1,-2.581972267393E-2,
-1.232205521152E-1));
#1072=CARTESIAN_POINT('',(3.088288771572E-1,-8.578477554657E-3,-1.25E-1));
#1073=CARTESIAN_POINT('',(3.09375E-1,0.E0,-1.25E-1));
#1075=CURVE_STYLE('',#127,POSITIVE_LENGTH_MEASURE(2.E-2),#73);
#1076=PRESENTATION_STYLE_ASSIGNMENT((#1075));
#1077=STYLED_ITEM('',(#1076),#1074);
#1078=DIRECTION('',(1.E0,0.E0,0.E0));
#1079=VECTOR('',#1078,6.25E-3);
#1080=CARTESIAN_POINT('',(2.84375E-1,0.E0,1.25E-1));
#1081=LINE('',#1080,#1079);
#1082=CURVE_STYLE('',#127,POSITIVE_LENGTH_MEASURE(2.E-2),#73);
#1083=PRESENTATION_STYLE_ASSIGNMENT((#1082));
#1084=STYLED_ITEM('',(#1083),#1081);
#1085=CARTESIAN_POINT('',(3.15625E-1,0.E0,-1.25E-1));
#1086=CARTESIAN_POINT('',(3.150718801778E-1,-8.688385850297E-3,-1.25E-1));
#1087=CARTESIAN_POINT('',(3.139573735712E-1,-2.619979627843E-2,-1.23193393E-1));
#1088=CARTESIAN_POINT('',(3.122442431827E-1,-5.192595033124E-2,
-1.147795503774E-1));
#1089=CARTESIAN_POINT('',(3.105394510919E-1,-7.510724894358E-2,
-1.010713850242E-1));
#1090=CARTESIAN_POINT('',(3.088960383582E-1,-9.420708997134E-2,
-8.349805802947E-2));
#1091=CARTESIAN_POINT('',(3.072390755532E-1,-1.094756226890E-1,
-6.224657692739E-2));
#1092=CARTESIAN_POINT('',(3.055388685675E-1,-1.202090440950E-1,
-3.762428278172E-2));
#1093=CARTESIAN_POINT('',(3.038510470293E-1,-1.253891272765E-1,
-1.147088564619E-2));
#1094=CARTESIAN_POINT('',(3.022093103957E-1,-1.250486849846E-1,
1.445354495536E-2));
#1095=CARTESIAN_POINT('',(3.005667739551E-1,-1.194548429006E-1,
3.978057260728E-2));
#1096=CARTESIAN_POINT('',(2.988997336362E-1,-1.085877556219E-1,
6.376490547967E-2));
#1097=CARTESIAN_POINT('',(2.972323963195E-1,-9.293179397214E-2,
8.493658196904E-2));
#1098=CARTESIAN_POINT('',(2.955891601238E-1,-7.354577004639E-2,
1.021945341325E-1));
#1099=CARTESIAN_POINT('',(2.939185120224E-1,-5.063732319846E-2,
1.152787245773E-1));
#1100=CARTESIAN_POINT('',(2.922756847406E-1,-2.592507449062E-2,
1.231917231631E-1));
#1101=CARTESIAN_POINT('',(2.911748247168E-1,-8.636626455421E-3,1.25E-1));
#1102=CARTESIAN_POINT('',(2.90625E-1,0.E0,1.25E-1));
#1104=CURVE_STYLE('',#127,POSITIVE_LENGTH_MEASURE(2.E-2),#73);
#1105=PRESENTATION_STYLE_ASSIGNMENT((#1104));
#1106=STYLED_ITEM('',(#1105),#1103);
#1107=CARTESIAN_POINT('',(3.34375E-1,0.E0,1.25E-1));
#1108=CARTESIAN_POINT('',(3.349277086296E-1,-8.681926852374E-3,1.25E-1));
#1109=CARTESIAN_POINT('',(3.360413150404E-1,-2.617887237385E-2,
1.231956320222E-1));
#1110=CARTESIAN_POINT('',(3.377525899885E-1,-5.188024112341E-2,
1.147991761802E-1));
#1111=CARTESIAN_POINT('',(3.394558366362E-1,-7.504346694479E-2,
1.011115566996E-1));
#1112=CARTESIAN_POINT('',(3.410946675586E-1,-9.411269733280E-2,
8.361045127997E-2));
#1113=CARTESIAN_POINT('',(3.427624004319E-1,-1.094958508858E-1,
6.223183248286E-2));
#1114=CARTESIAN_POINT('',(3.444658621567E-1,-1.202329152555E-1,
3.755255196804E-2));
#1115=CARTESIAN_POINT('',(3.461546456371E-1,-1.253958319007E-1,
1.138141788610E-2));
#1116=CARTESIAN_POINT('',(3.477938760935E-1,-1.250422240136E-1,
-1.450395383637E-2));
#1117=CARTESIAN_POINT('',(3.494367679786E-1,-1.194342552551E-1,
-3.983244598757E-2));
#1118=CARTESIAN_POINT('',(3.510978145655E-1,-1.086024547573E-1,
-6.372904802360E-2));
#1119=CARTESIAN_POINT('',(3.527625632849E-1,-9.298349242321E-2,
-8.487498993325E-2));
#1120=CARTESIAN_POINT('',(3.544038917015E-1,-7.363727146084E-2,
-1.021337478560E-1));
#1121=CARTESIAN_POINT('',(3.560831434165E-1,-5.061718827942E-2,
-1.152974870342E-1));
#1122=CARTESIAN_POINT('',(3.577294480710E-1,-2.584500468872E-2,
-1.232078589444E-1));
#1123=CARTESIAN_POINT('',(3.588276311074E-1,-8.598050459051E-3,-1.25E-1));
#1124=CARTESIAN_POINT('',(3.59375E-1,0.E0,-1.25E-1));
#1126=CURVE_STYLE('',#127,POSITIVE_LENGTH_MEASURE(2.E-2),#73);
#1127=PRESENTATION_STYLE_ASSIGNMENT((#1126));
#1128=STYLED_ITEM('',(#1127),#1125);
#1129=DIRECTION('',(1.E0,0.E0,0.E0));
#1130=VECTOR('',#1129,6.25E-3);
#1131=CARTESIAN_POINT('',(3.34375E-1,0.E0,1.25E-1));
#1132=LINE('',#1131,#1130);
#1133=CURVE_STYLE('',#127,POSITIVE_LENGTH_MEASURE(2.E-2),#73);
#1134=PRESENTATION_STYLE_ASSIGNMENT((#1133));
#1135=STYLED_ITEM('',(#1134),#1132);
#1136=CARTESIAN_POINT('',(3.65625E-1,0.E0,-1.25E-1));
#1137=CARTESIAN_POINT('',(3.650766585947E-1,-8.613326652573E-3,-1.25E-1));
#1138=CARTESIAN_POINT('',(3.639761887450E-1,-2.589641371117E-2,
-1.232020839364E-1));
#1139=CARTESIAN_POINT('',(3.623246323843E-1,-5.074297058653E-2,
-1.152486884994E-1));
#1140=CARTESIAN_POINT('',(3.606406958435E-1,-7.380867781088E-2,
-1.020149730180E-1));
#1141=CARTESIAN_POINT('',(3.589956542956E-1,-9.316849200876E-2,
-8.468043084472E-2));
#1142=CARTESIAN_POINT('',(3.573291911138E-1,-1.087425107361E-1,
-6.347062752697E-2));
#1143=CARTESIAN_POINT('',(3.556794429790E-1,-1.194726152116E-1,
-3.972239868173E-2));
#1144=CARTESIAN_POINT('',(3.540216688311E-1,-1.250968963069E-1,
-1.415742011970E-2));
#1145=CARTESIAN_POINT('',(3.523793626441E-1,-1.253562902360E-1,
1.178032249371E-2));
#1146=CARTESIAN_POINT('',(3.506953167863E-1,-1.201263693373E-1,
3.786075208652E-2));
#1147=CARTESIAN_POINT('',(3.490077173474E-1,-1.094338826912E-1,
6.228084361339E-2));
#1148=CARTESIAN_POINT('',(3.473650885651E-1,-9.432090396311E-2,
8.336380457561E-2));
#1149=CARTESIAN_POINT('',(3.457159590239E-1,-7.517998619051E-2,
1.010246618229E-1));
#1150=CARTESIAN_POINT('',(3.440107298786E-1,-5.199733425253E-2,
1.147475305807E-1));
#1151=CARTESIAN_POINT('',(3.422950290793E-1,-2.623800591828E-2,
1.231887760670E-1));
#1152=CARTESIAN_POINT('',(3.411789806335E-1,-8.701907442928E-3,1.25E-1));
#1153=CARTESIAN_POINT('',(3.40625E-1,0.E0,1.25E-1));
#1155=CURVE_STYLE('',#127,POSITIVE_LENGTH_MEASURE(2.E-2),#73);
#1156=PRESENTATION_STYLE_ASSIGNMENT((#1155));
#1157=STYLED_ITEM('',(#1156),#1154);
#1158=CARTESIAN_POINT('',(4.625224368327E-1,0.E0,0.E0));
#1159=DIRECTION('',(1.E0,0.E0,0.E0));
#1160=DIRECTION('',(0.E0,-3.800770405056E-1,-9.249548331029E-1));
#1161=AXIS2_PLACEMENT_3D('',#1158,#1159,#1160);
#1163=CURVE_STYLE('',#127,POSITIVE_LENGTH_MEASURE(2.E-2),#73);
#1164=PRESENTATION_STYLE_ASSIGNMENT((#1163));
#1165=STYLED_ITEM('',(#1164),#1162);
#1166=CARTESIAN_POINT('',(4.625224368327E-1,4.816084775794E-2,
-1.153496109367E-1));
#1167=CARTESIAN_POINT('',(4.619706676799E-1,4.016281064170E-2,
-1.186889568156E-1));
#1168=CARTESIAN_POINT('',(4.608670903003E-1,2.346929344048E-2,
-1.236978567110E-1));
#1169=CARTESIAN_POINT('',(4.592118366561E-1,-2.581358631917E-3,
-1.258784986563E-1));
#1170=CARTESIAN_POINT('',(4.575560064959E-1,-2.852961832530E-2,
-1.226303176618E-1));
#1171=CARTESIAN_POINT('',(4.559003318589E-1,-5.324487486198E-2,
-1.140923912517E-1));
#1172=CARTESIAN_POINT('',(4.542446172486E-1,-7.566405681067E-2,
-1.006332369808E-1));
#1173=CARTESIAN_POINT('',(4.525889506638E-1,-9.481905079537E-2,
-8.283387025462E-2));
#1174=CARTESIAN_POINT('',(4.509331497950E-1,-1.098855029822E-1,
-6.145995717119E-2));
#1175=CARTESIAN_POINT('',(4.492772609511E-1,-1.202118526853E-1,
-3.743325047907E-2));
#1176=CARTESIAN_POINT('',(4.476215353152E-1,-1.253514072393E-1,
-1.179413756040E-2));
#1177=CARTESIAN_POINT('',(4.459659122099E-1,-1.250845001902E-1,
1.435205860554E-2));
#1178=CARTESIAN_POINT('',(4.443099998693E-1,-1.194214091110E-1,
3.988368219712E-2));
#1179=CARTESIAN_POINT('',(4.426540053068E-1,-1.086049930681E-1,
6.369567164125E-2));
#1180=CARTESIAN_POINT('',(4.409981025323E-1,-9.310313623304E-2,
8.475792029430E-2));
#1181=CARTESIAN_POINT('',(4.393425321646E-1,-7.358892620763E-2,
1.021604266522E-1));
#1182=CARTESIAN_POINT('',(4.376867033907E-1,-5.089753293041E-2,
1.151590714809E-1));
#1183=CARTESIAN_POINT('',(4.360307580581E-1,-2.600829508851E-2,
1.231897515545E-1));
#1184=CARTESIAN_POINT('',(4.349269107530E-1,-8.669393835412E-3,1.25E-1));
#1185=CARTESIAN_POINT('',(4.34375E-1,0.E0,1.25E-1));
#1187=CURVE_STYLE('',#127,POSITIVE_LENGTH_MEASURE(2.E-2),#73);
#1188=PRESENTATION_STYLE_ASSIGNMENT((#1187));
#1189=STYLED_ITEM('',(#1188),#1186);
#1190=DIRECTION('',(1.E0,1.347524132820E-14,0.E0));
#1191=VECTOR('',#1190,6.25E-3);
#1192=CARTESIAN_POINT('',(4.34375E-1,0.E0,1.25E-1));
#1193=LINE('',#1192,#1191);
#1194=CURVE_STYLE('',#127,POSITIVE_LENGTH_MEASURE(2.E-2),#73);
#1195=PRESENTATION_STYLE_ASSIGNMENT((#1194));
#1196=STYLED_ITEM('',(#1195),#1193);
#1197=CARTESIAN_POINT('',(4.625224368327E-1,-4.750963006321E-2,
-1.156193541379E-1));
#1198=CARTESIAN_POINT('',(4.619854397904E-1,-5.531174415342E-2,
-1.124133549615E-1));
#1199=CARTESIAN_POINT('',(4.609209900009E-1,-7.012199509869E-2,
-1.044730636850E-1));
#1200=CARTESIAN_POINT('',(4.593571357333E-1,-8.914780929600E-2,
-8.874778932886E-2));
#1201=CARTESIAN_POINT('',(4.578135392882E-1,-1.045814990015E-1,
-6.989946165051E-2));
#1202=CARTESIAN_POINT('',(4.562526883415E-1,-1.162245467882E-1,
-4.818811492266E-2));
#1203=CARTESIAN_POINT('',(4.546738292446E-1,-1.234412522920E-1,
-2.433339720766E-2));
#1204=CARTESIAN_POINT('',(4.531125133099E-1,-1.257963348182E-1,
1.975043329329E-4));
#1205=CARTESIAN_POINT('',(4.515580455420E-1,-1.233726462068E-1,
2.461265157852E-2));
#1206=CARTESIAN_POINT('',(4.499954387910E-1,-1.161949995034E-1,
4.820673811524E-2));
#1207=CARTESIAN_POINT('',(4.484463342631E-1,-1.046736307896E-1,
6.977417114480E-2));
#1208=CARTESIAN_POINT('',(4.468864464766E-1,-8.908091167767E-2,
8.882263641518E-2));
#1209=CARTESIAN_POINT('',(4.453319349007E-1,-7.015471519236E-2,
1.044421865098E-1));
#1210=CARTESIAN_POINT('',(4.437421222304E-1,-4.803924060027E-2,
1.163003553123E-1));
#1211=CARTESIAN_POINT('',(4.421718733604E-1,-2.429881774627E-2,
1.234324515310E-1));
#1212=CARTESIAN_POINT('',(4.411384139595E-1,-8.064687617098E-3,1.25E-1));
#1213=CARTESIAN_POINT('',(4.40625E-1,0.E0,1.25E-1));
#1215=CURVE_STYLE('',#127,POSITIVE_LENGTH_MEASURE(2.E-2),#73);
#1216=PRESENTATION_STYLE_ASSIGNMENT((#1215));
#1217=STYLED_ITEM('',(#1216),#1214);
#1218=CARTESIAN_POINT('',(4.625224368327E-1,-4.750963006321E-2,
-1.156193541379E-1));
#1219=CARTESIAN_POINT('',(4.636224929797E-1,-3.945895829951E-2,
-1.178566314840E-1));
#1220=CARTESIAN_POINT('',(4.658183014882E-1,-2.312741492796E-2,
-1.206368516468E-1));
#1221=CARTESIAN_POINT('',(4.690940376306E-1,9.902317309637E-4,
-1.198540426402E-1));
#1222=CARTESIAN_POINT('',(4.723669929425E-1,2.388727383463E-2,
-1.144313104814E-1));
#1223=CARTESIAN_POINT('',(4.756706032822E-1,4.491201929729E-2,
-1.046999361315E-1));
#1224=CARTESIAN_POINT('',(4.790240223115E-1,6.331796211290E-2,
-9.104932405098E-2));
#1225=CARTESIAN_POINT('',(4.823855622177E-1,7.815107405089E-2,
-7.432184438649E-2));
#1226=CARTESIAN_POINT('',(4.857483291791E-1,8.896062351483E-2,
-5.543595215098E-2));
#1227=CARTESIAN_POINT('',(4.891763225607E-1,9.554330455049E-2,
-3.491383034360E-2));
#1228=CARTESIAN_POINT('',(4.914444495195E-1,9.690650024910E-2,
-2.113966246747E-2));
#1229=CARTESIAN_POINT('',(4.925792696953E-1,9.687875528599E-2,
-1.435636382134E-2));
#1231=CURVE_STYLE('',#127,POSITIVE_LENGTH_MEASURE(2.E-2),#73);
#1232=PRESENTATION_STYLE_ASSIGNMENT((#1231));
#1233=STYLED_ITEM('',(#1232),#1230);
#1234=CARTESIAN_POINT('',(4.925792696953E-1,9.687875528599E-2,
-1.435636382134E-2));
#1235=CARTESIAN_POINT('',(4.919729712104E-1,9.578494802326E-2,
-2.173752854069E-2));
#1236=CARTESIAN_POINT('',(4.907603742408E-1,9.190292700891E-2,
-3.624836691017E-2));
#1237=CARTESIAN_POINT('',(4.889414787862E-1,8.129935346505E-2,
-5.612941138977E-2));
#1238=CARTESIAN_POINT('',(4.871225833317E-1,6.646686025257E-2,
-7.309070033574E-2));
#1239=CARTESIAN_POINT('',(4.853036878772E-1,4.817697051636E-2,
-8.625006743773E-2));
#1240=CARTESIAN_POINT('',(4.834847924227E-1,2.738106994273E-2,
-9.492297625906E-2));
#1241=CARTESIAN_POINT('',(4.816658969682E-1,5.160893558692E-3,
-9.865829744052E-2));
#1242=CARTESIAN_POINT('',(4.798470015137E-1,-1.732773591733E-2,
-9.726172950430E-2));
#1243=CARTESIAN_POINT('',(4.780281060591E-1,-3.891503207854E-2,
-9.080591798654E-2));
#1244=CARTESIAN_POINT('',(4.762092106046E-1,-5.847809288846E-2,
-7.962667338232E-2));
#1245=CARTESIAN_POINT('',(4.743903151501E-1,-7.499931057853E-2,
-6.430550423449E-2));
#1246=CARTESIAN_POINT('',(4.725714196956E-1,-8.761930431074E-2,
-4.563936868693E-2));
#1247=CARTESIAN_POINT('',(4.707525242411E-1,-9.568162242596E-2,
-2.459921933698E-2));
#1248=CARTESIAN_POINT('',(4.689336287866E-1,-9.876688895462E-2,
-2.279497373805E-3));
#1249=CARTESIAN_POINT('',(4.671147333321E-1,-9.671461821221E-2,
2.015879674282E-2));
#1250=CARTESIAN_POINT('',(4.652958378775E-1,-8.963156275052E-2,
4.154849480968E-2));
#1251=CARTESIAN_POINT('',(4.634769424230E-1,-7.788616043182E-2,
6.077697323197E-2));
#1252=CARTESIAN_POINT('',(4.616580469685E-1,-6.208936947109E-2,
7.684402813969E-2));
#1253=CARTESIAN_POINT('',(4.598391515140E-1,-4.306288834627E-2,
8.891390278988E-2));
#1254=CARTESIAN_POINT('',(4.580202560595E-1,-2.179641367482E-2,
9.635876095596E-2));
#1255=CARTESIAN_POINT('',(4.562013606050E-1,6.038406348866E-4,
9.879134495764E-2));
#1256=CARTESIAN_POINT('',(4.543824651504E-1,2.297268508851E-2,
9.608511956528E-2));
#1257=CARTESIAN_POINT('',(4.525635696959E-1,4.414656403185E-2,
8.838085395736E-2));
#1258=CARTESIAN_POINT('',(4.507446742414E-1,6.302408008978E-2,
7.607929935855E-2));
#1259=CARTESIAN_POINT('',(4.489257787869E-1,7.862328533055E-2,
5.982034324444E-2));
#1260=CARTESIAN_POINT('',(4.471068833324E-1,9.013275905264E-2,
4.044972444417E-2));
#1261=CARTESIAN_POINT('',(4.452879878779E-1,9.695381529111E-2,
1.897504051504E-2));
#1262=CARTESIAN_POINT('',(4.434690924233E-1,9.873164454428E-2,
-3.486664255775E-3));
#1263=CARTESIAN_POINT('',(4.416501969688E-1,9.537376982774E-2,
-2.576700391774E-2));
#1264=CARTESIAN_POINT('',(4.398313015143E-1,8.705485703093E-2,
-4.670702655249E-2));
#1265=CARTESIAN_POINT('',(4.380124060598E-1,7.420762935697E-2,
-6.521749924116E-2));
#1266=CARTESIAN_POINT('',(4.361935106053E-1,5.750035844731E-2,
-8.033556647265E-2));
#1267=CARTESIAN_POINT('',(4.343746151508E-1,3.780210303111E-2,
-9.127483480388E-2));
#1268=CARTESIAN_POINT('',(4.325557196962E-1,1.613750327317E-2,
-9.746627852832E-2));
#1269=CARTESIAN_POINT('',(4.307368242417E-1,-6.366517726098E-3,
-9.858783857096E-2));
#1270=CARTESIAN_POINT('',(4.289179287872E-1,-2.853937286147E-2,
-9.458117497010E-2));
#1271=CARTESIAN_POINT('',(4.270990333327E-1,-4.922770121544E-2,
-8.565470153526E-2));
#1272=CARTESIAN_POINT('',(4.252801378782E-1,-6.735536219960E-2,
-7.227274482826E-2));
#1273=CARTESIAN_POINT('',(4.234612424237E-1,-8.197941294181E-2,
-5.513139138247E-2));
#1274=CARTESIAN_POINT('',(4.216423469691E-1,-9.233915715471E-2,
-3.512227951042E-2));
#1275=CARTESIAN_POINT('',(4.198234515146E-1,-9.789571412052E-2,
-1.328621913428E-2));
#1276=CARTESIAN_POINT('',(4.180045560601E-1,-9.836004954027E-2,
9.240947813262E-3));
#1277=CARTESIAN_POINT('',(4.161856606056E-1,-9.370801017241E-2,
3.128743024889E-2));
#1278=CARTESIAN_POINT('',(4.143667651511E-1,-8.418158020711E-2,
5.170644075824E-2));
#1279=CARTESIAN_POINT('',(4.125478696966E-1,-7.027629402360E-2,
6.943584780471E-2));
#1280=CARTESIAN_POINT('',(4.107289742420E-1,-5.271546007870E-2,
8.355342441062E-2));
#1281=CARTESIAN_POINT('',(4.089100787875E-1,-3.241253671714E-2,
9.332481945128E-2));
#1282=CARTESIAN_POINT('',(4.070911833330E-1,-1.042361699399E-2,
9.824175624856E-2));
#1283=CARTESIAN_POINT('',(4.052722878785E-1,1.210750590491E-2,
9.804847149685E-2));
#1284=CARTESIAN_POINT('',(4.034533924240E-1,3.400883511820E-2,
9.275501924806E-2));
#1285=CARTESIAN_POINT('',(4.016344969695E-1,5.414113364518E-2,
8.263674794343E-2));
#1286=CARTESIAN_POINT('',(3.998156015149E-1,7.145718375904E-2,
6.821997762691E-2));
#1287=CARTESIAN_POINT('',(3.979967060604E-1,8.505626009558E-2,
5.025462262059E-2));
#1288=CARTESIAN_POINT('',(3.961778106059E-1,9.423098184461E-2,
2.967518279113E-2));
#1289=CARTESIAN_POINT('',(3.943589151514E-1,9.850411088854E-2,
7.552136069097E-3));
#1290=CARTESIAN_POINT('',(3.925400196969E-1,9.765336704167E-2,
-1.496375263187E-2));
#1291=CARTESIAN_POINT('',(3.907211242424E-1,9.172302453649E-2,
-3.670125974236E-2));
#1292=CARTESIAN_POINT('',(3.889022287878E-1,8.102148144791E-2,
-5.652974120271E-2));
#1293=CARTESIAN_POINT('',(3.876896318182E-1,7.107762309451E-2,
-6.778825790733E-2));
#1294=CARTESIAN_POINT('',(3.870833333333E-1,6.553244755872E-2,
-7.278115638610E-2));
#1296=CURVE_STYLE('',#127,POSITIVE_LENGTH_MEASURE(2.E-2),#73);
#1297=PRESENTATION_STYLE_ASSIGNMENT((#1296));
#1298=STYLED_ITEM('',(#1297),#1295);
#1299=DIRECTION('',(-5.E-1,5.794841035565E-1,-6.435822975544E-1));
#1300=VECTOR('',#1299,3.125E-2);
#1301=CARTESIAN_POINT('',(3.870833333333E-1,6.553244755872E-2,
-7.278115638610E-2));
#1302=LINE('',#1301,#1300);
#1303=CURVE_STYLE('',#127,POSITIVE_LENGTH_MEASURE(2.E-2),#73);
#1304=PRESENTATION_STYLE_ASSIGNMENT((#1303));
#1305=STYLED_ITEM('',(#1304),#1302);
#1306=CARTESIAN_POINT('',(3.870833333333E-1,6.553244755872E-2,
-7.278115638610E-2));
#1307=CARTESIAN_POINT('',(3.864760981912E-1,5.997870540241E-2,
-7.778176828462E-2));
#1308=CARTESIAN_POINT('',(3.852616279070E-1,4.772175715610E-2,
-8.650578905928E-2));
#1309=CARTESIAN_POINT('',(3.834399224806E-1,2.684612425853E-2,
-9.507842496033E-2));
#1310=CARTESIAN_POINT('',(3.816182170543E-1,4.569805868256E-3,
-9.869010299845E-2));
#1311=CARTESIAN_POINT('',(3.797965116279E-1,-1.794496789776E-2,
-9.715244887363E-2));
#1312=CARTESIAN_POINT('',(3.779748062016E-1,-3.952342365964E-2,
-9.054567337714E-2));
#1313=CARTESIAN_POINT('',(3.761531007752E-1,-5.903966941169E-2,
-7.921450299341E-2));
#1314=CARTESIAN_POINT('',(3.743313953488E-1,-7.547540567233E-2,
-6.375016211108E-2));
#1315=CARTESIAN_POINT('',(3.725096899225E-1,-8.797306646303E-2,
-4.495953305566E-2));
#1316=CARTESIAN_POINT('',(3.706879844961E-1,-9.588056200200E-2,
-2.382305321360E-2));
#1317=CARTESIAN_POINT('',(3.688662790698E-1,-9.878530341490E-2,
-1.443559408324E-3));
#1318=CARTESIAN_POINT('',(3.670445736434E-1,-9.653573018141E-2,
2.101125490810E-2));
#1319=CARTESIAN_POINT('',(3.652228682171E-1,-8.924921814662E-2,
4.236976628095E-2));
#1320=CARTESIAN_POINT('',(3.634011627907E-1,-7.730595519614E-2,
6.151755298853E-2));
#1321=CARTESIAN_POINT('',(3.615794573643E-1,-6.132910421976E-2,
7.745554215217E-2));
#1322=CARTESIAN_POINT('',(3.597577519380E-1,-4.215228837916E-2,
8.935213830057E-2));
#1323=CARTESIAN_POINT('',(3.579360465116E-1,-2.077609520419E-2,
9.658661347490E-2));
#1324=CARTESIAN_POINT('',(3.561143410853E-1,1.684131000699E-3,
9.878149491305E-2));
#1325=CARTESIAN_POINT('',(3.542926356589E-1,2.405648440689E-2,
9.582226042243E-2));
#1326=CARTESIAN_POINT('',(3.524709302326E-1,4.517364411936E-2,
8.786331379740E-2));
#1327=CARTESIAN_POINT('',(3.506492248062E-1,6.393378140653E-2,
7.531992850200E-2));
#1328=CARTESIAN_POINT('',(3.488275193798E-1,7.935804974958E-2,
5.884657997222E-2));
#1329=CARTESIAN_POINT('',(3.470058139535E-1,9.064165805657E-2,
3.930279709181E-2));
#1330=CARTESIAN_POINT('',(3.451841085271E-1,9.719586219722E-2,
1.770831460705E-2));
#1331=CARTESIAN_POINT('',(3.433624031008E-1,9.867868386892E-2,
-4.810133509815E-3));
#1332=CARTESIAN_POINT('',(3.415406976744E-1,9.501275397732E-2,
-2.707760358910E-2));
#1333=CARTESIAN_POINT('',(3.397189922481E-1,8.638934951885E-2,
-4.793224722662E-2));
#1334=CARTESIAN_POINT('',(3.378972868217E-1,7.325841333268E-2,
-6.628593297572E-2));
#1335=CARTESIAN_POINT('',(3.360755813953E-1,5.630507746117E-2,
-8.118102171429E-2));
#1336=CARTESIAN_POINT('',(3.342538759690E-1,3.641391505780E-2,
-9.184033332173E-2));
#1337=CARTESIAN_POINT('',(3.324321705426E-1,1.462278606865E-2,
-9.770769755794E-2));
#1338=CARTESIAN_POINT('',(3.306104651163E-1,-7.931315121576E-3,
-9.847697332334E-2));
#1339=CARTESIAN_POINT('',(3.287887596899E-1,-3.007158457499E-2,
-9.410802216407E-2));
#1340=CARTESIAN_POINT('',(3.269670542636E-1,-5.064281082657E-2,
-8.482880257358E-2));
#1341=CARTESIAN_POINT('',(3.251453488372E-1,-6.857165028103E-2,
-7.112347581650E-2));
#1342=CARTESIAN_POINT('',(3.233236434109E-1,-8.292263099498E-2,
-5.370714387634E-2));
#1343=CARTESIAN_POINT('',(3.215019379845E-1,-9.294696273848E-2,
-3.348853762372E-2));
#1344=CARTESIAN_POINT('',(3.196802325581E-1,-9.812160657635E-2,
-1.152260202213E-2));
#1345=CARTESIAN_POINT('',(3.178585271318E-1,-9.817656543824E-2,
1.104454766997E-2));
#1346=CARTESIAN_POINT('',(3.160368217054E-1,-9.310897173904E-2,
3.303542668382E-2));
#1347=CARTESIAN_POINT('',(3.142151162791E-1,-8.318323700064E-2,
5.330261829008E-2));
#1348=CARTESIAN_POINT('',(3.123934108527E-1,-6.891725566841E-2,
7.078864249030E-2));
#1349=CARTESIAN_POINT('',(3.105717054264E-1,-5.105538296483E-2,
8.458113208511E-2));
#1350=CARTESIAN_POINT('',(3.0875E-1,-3.052959671327E-2,9.396043720103E-2));
#1351=CARTESIAN_POINT('',(3.069282945736E-1,-8.410869588965E-3,
9.843717441719E-2));
#1352=CARTESIAN_POINT('',(3.051065891473E-1,1.414671095582E-2,
9.777776129374E-2));
#1353=CARTESIAN_POINT('',(3.032848837209E-1,3.596615944115E-2,
9.201660398829E-2));
#1354=CARTESIAN_POINT('',(3.014631782946E-1,5.590900385772E-2,
8.145430204796E-2));
#1355=CARTESIAN_POINT('',(2.996414728682E-1,7.293468765025E-2,
6.664196404552E-2));
#1356=CARTESIAN_POINT('',(2.978197674419E-1,8.615486277228E-2,
4.835245242150E-2));
#1357=CARTESIAN_POINT('',(2.959980620155E-1,9.487974096703E-2,
2.754005788870E-2));
#1358=CARTESIAN_POINT('',(2.941763565891E-1,9.865408480649E-2,
5.290707464842E-3));
#1359=CARTESIAN_POINT('',(2.923546511628E-1,9.728096058641E-2,
-1.723469587402E-2));
#1360=CARTESIAN_POINT('',(2.905329457364E-1,9.083201372399E-2,
-3.886084555601E-2));
#1361=CARTESIAN_POINT('',(2.887112403101E-1,7.964373051941E-2,
-5.845935531150E-2));
#1362=CARTESIAN_POINT('',(2.868895348837E-1,6.429988133096E-2,
-7.500763491344E-2));
#1363=CARTESIAN_POINT('',(2.850678294574E-1,4.560106122537E-2,
-8.764224580420E-2));
#1364=CARTESIAN_POINT('',(2.832461240310E-1,2.452291737866E-2,
-9.570395267555E-2));
#1365=CARTESIAN_POINT('',(2.814244186047E-1,2.165242794008E-3,
-9.877212034844E-2));
#1366=CARTESIAN_POINT('',(2.796027131783E-1,-2.030540752951E-2,
-9.668666122865E-2));
#1367=CARTESIAN_POINT('',(2.777810077519E-1,-4.171658386471E-2,
-8.955638818724E-2));
#1368=CARTESIAN_POINT('',(2.759593023256E-1,-6.095111659292E-2,
-7.775333703810E-2));
#1369=CARTESIAN_POINT('',(2.741375968992E-1,-7.700540669388E-2,
-6.189335484843E-2));
#1370=CARTESIAN_POINT('',(2.723158914729E-1,-8.904179046946E-2,
-4.280396692454E-2));
#1371=CARTESIAN_POINT('',(2.704941860465E-1,-9.643224627050E-2,
-2.148119907524E-2));
#1372=CARTESIAN_POINT('',(2.686724806202E-1,-9.879116274338E-2,
9.623919648769E-4));
#1373=CARTESIAN_POINT('',(2.668507751938E-1,-9.599545884973E-2,
2.335576833918E-2));
#1374=CARTESIAN_POINT('',(2.650290697674E-1,-8.819100585807E-2,
4.453051223853E-2));
#1375=CARTESIAN_POINT('',(2.632073643411E-1,-7.578501622773E-2,
6.338179036479E-2));
#1376=CARTESIAN_POINT('',(2.613856589147E-1,-5.942479650961E-2,
7.892600074928E-2));
#1377=CARTESIAN_POINT('',(2.595639534884E-1,-3.996397287248E-2,
9.035209409157E-2));
#1378=CARTESIAN_POINT('',(2.577422480620E-1,-1.841795150334E-2,
9.706389182855E-2));
#1379=CARTESIAN_POINT('',(2.559205426357E-1,4.089062178213E-3,
9.871119290631E-2));
#1380=CARTESIAN_POINT('',(2.540988372093E-1,2.638272111628E-2,
9.520804619875E-2));
#1381=CARTESIAN_POINT('',(2.522771317829E-1,4.729981045228E-2,
8.673723517420E-2));
#1382=CARTESIAN_POINT('',(2.504554263566E-1,6.574894051402E-2,
7.374074081372E-2));
#1383=CARTESIAN_POINT('',(2.486337209302E-1,8.076749218816E-2,
5.689668039679E-2));
#1384=CARTESIAN_POINT('',(2.468120155039E-1,9.157184343337E-2,
3.708392541859E-2));
#1385=CARTESIAN_POINT('',(2.449903100775E-1,9.759825629594E-2,
1.533624476472E-2));
#1386=CARTESIAN_POINT('',(2.431686046512E-1,9.853229096641E-2,
-7.211634177035E-3));
#1387=CARTESIAN_POINT('',(2.413468992248E-1,9.432521252354E-2,
-2.938323214221E-2));
#1388=CARTESIAN_POINT('',(2.395251937984E-1,8.519653288650E-2,
-5.002170298199E-2));
#1389=CARTESIAN_POINT('',(2.377034883721E-1,7.162256066481E-2,
-6.805019470075E-2));
#1390=CARTESIAN_POINT('',(2.358817829457E-1,5.431153648130E-2,
-8.252803499756E-2));
#1391=CARTESIAN_POINT('',(2.340600775194E-1,3.416672524463E-2,
-9.269981751169E-2));
#1392=CARTESIAN_POINT('',(2.322383720930E-1,1.223911450625E-2,
-9.803479853061E-2));
#1393=CARTESIAN_POINT('',(2.310239018088E-1,-2.804815676227E-3,
-9.818137088193E-2));
#1394=CARTESIAN_POINT('',(2.304166666667E-1,-1.023717338945E-2,
-9.740019860826E-2));
#1396=CURVE_STYLE('',#127,POSITIVE_LENGTH_MEASURE(2.E-2),#73);
#1397=PRESENTATION_STYLE_ASSIGNMENT((#1396));
#1398=STYLED_ITEM('',(#1397),#1395);
#1399=CARTESIAN_POINT('',(2.304166666667E-1,-1.023717338945E-2,
-9.740019860826E-2));
#1400=CARTESIAN_POINT('',(2.298142764858E-1,-1.761023037623E-2,
-9.662525909209E-2));
#1401=CARTESIAN_POINT('',(2.286094961240E-1,-3.217922152955E-2,
-9.339382173693E-2));
#1402=CARTESIAN_POINT('',(2.268023255814E-1,-5.238056872982E-2,
-8.375074757793E-2));
#1403=CARTESIAN_POINT('',(2.249951550388E-1,-6.989202893896E-2,
-6.980697920754E-2));
#1404=CARTESIAN_POINT('',(2.231879844961E-1,-8.381447019680E-2,
-5.227853528160E-2));
#1405=CARTESIAN_POINT('',(2.213808139535E-1,-9.343293066457E-2,
-3.206552560695E-2));
#1406=CARTESIAN_POINT('',(2.195736434109E-1,-9.825349808252E-2,
-1.020591203478E-2));
#1407=CARTESIAN_POINT('',(2.177664728682E-1,-9.802862847366E-2,
1.217778748746E-2));
#1408=CARTESIAN_POINT('',(2.159593023256E-1,-9.276986969586E-2,
3.393614282505E-2));
#1409=CARTESIAN_POINT('',(2.141521317829E-1,-8.274726526531E-2,
5.395183595699E-2));
#1410=CARTESIAN_POINT('',(2.123449612403E-1,-6.847548814568E-2,
7.119703670464E-2));
#1411=CARTESIAN_POINT('',(2.105377906977E-1,-5.068741143722E-2,
8.478618303732E-2));
#1412=CARTESIAN_POINT('',(2.087306201550E-1,-3.029647451304E-2,
9.402145576590E-2));
#1413=CARTESIAN_POINT('',(2.069234496124E-1,-8.349776780085E-3,
9.842861240503E-2));
#1414=CARTESIAN_POINT('',(2.051162790698E-1,1.402569214432E-2,
9.778134010193E-2));
#1415=CARTESIAN_POINT('',(2.033091085271E-1,3.568092472103E-2,
9.211287707649E-2));
#1416=CARTESIAN_POINT('',(2.015019379845E-1,5.550389842312E-2,
8.171430579827E-2));
#1417=CARTESIAN_POINT('',(1.996947674419E-1,7.247667944503E-2,
6.711960554769E-2));
#1418=CARTESIAN_POINT('',(1.978875968992E-1,8.572769484136E-2,
4.907823193069E-2));
#1419=CARTESIAN_POINT('',(1.960804263566E-1,9.457648885745E-2,
2.851663142191E-2));
#1420=CARTESIAN_POINT('',(1.942732558140E-1,9.856866515990E-2,
6.490667211637E-3));
#1421=CARTESIAN_POINT('',(1.924660852713E-1,9.749922064084E-2,
-1.586860065300E-2));
#1422=CARTESIAN_POINT('',(1.906589147287E-1,9.142307257685E-2,
-3.741299657692E-2));
#1423=CARTESIAN_POINT('',(1.888517441860E-1,8.065223855997E-2,
-5.703618963011E-2));
#1424=CARTESIAN_POINT('',(1.870445736434E-1,6.573981401497E-2,
-7.373050498629E-2));
#1425=CARTESIAN_POINT('',(1.852374031008E-1,4.745157007666E-2,
-8.663866925061E-2));
#1426=CARTESIAN_POINT('',(1.834302325581E-1,2.672663031089E-2,
-9.509783249097E-2));
#1427=CARTESIAN_POINT('',(1.816230620155E-1,4.629245577432E-3,
-9.867360638813E-2));
#1428=CARTESIAN_POINT('',(1.798158914729E-1,-1.770585654587E-2,
-9.718237060410E-2));
#1429=CARTESIAN_POINT('',(1.780087209302E-1,-3.913174140414E-2,
-9.070070190983E-2));
#1430=CARTESIAN_POINT('',(1.762015503876E-1,-5.854816375470E-2,
-7.956144187487E-2));
#1431=CARTESIAN_POINT('',(1.743943798450E-1,-7.495806669831E-2,
-6.433660504805E-2));
#1432=CARTESIAN_POINT('',(1.725872093023E-1,-8.751878176335E-2,
-4.580800531475E-2));
#1433=CARTESIAN_POINT('',(1.707800387597E-1,-9.558530095663E-2,
-2.492710880319E-2));
#1434=CARTESIAN_POINT('',(1.689728682171E-1,-9.874339870821E-2,
-2.766174941700E-3));
#1435=CARTESIAN_POINT('',(1.671656976744E-1,-9.683090285809E-2,
1.953680536689E-2));
#1436=CARTESIAN_POINT('',(1.653585271318E-1,-8.994602239389E-2,
4.083654696193E-2));
#1437=CARTESIAN_POINT('',(1.635513565891E-1,-7.844230429989E-2,
6.003928221074E-2));
#1438=CARTESIAN_POINT('',(1.617441860465E-1,-6.291047848943E-2,
7.615892730657E-2));
#1439=CARTESIAN_POINT('',(1.599370155039E-1,-4.414812310554E-2,
8.836771887128E-2));
#1440=CARTESIAN_POINT('',(1.581298449612E-1,-2.311870791336E-2,
9.603872061139E-2));
#1441=CARTESIAN_POINT('',(1.563226744186E-1,-9.021189560593E-4,
9.877801725913E-2));
#1442=CARTESIAN_POINT('',(1.545155038760E-1,2.136079490667E-2,
9.644494260049E-2));
#1443=CARTESIAN_POINT('',(1.527083333333E-1,4.252680597490E-2,
8.915930285635E-2));
#1444=CARTESIAN_POINT('',(1.509011627907E-1,6.150901384111E-2,
7.729522448735E-2));
#1445=CARTESIAN_POINT('',(1.490939922481E-1,7.733265904786E-2,
6.146194234519E-2));
#1446=CARTESIAN_POINT('',(1.472868217054E-1,8.918517817124E-2,
4.247251472212E-2));
#1447=CARTESIAN_POINT('',(1.454796511628E-1,9.645792994088E-2,
2.130207181889E-2));
#1448=CARTESIAN_POINT('',(1.436724806202E-1,9.877744970930E-2,
-9.622583768738E-4));
#1449=CARTESIAN_POINT('',(1.418653100775E-1,9.602462731570E-2,
-2.317717543482E-2));
#1450=CARTESIAN_POINT('',(1.400581395349E-1,8.834082353762E-2,
-4.420191634932E-2));
#1451=CARTESIAN_POINT('',(1.382509689922E-1,7.612061104301E-2,
-6.295683510704E-2));
#1452=CARTESIAN_POINT('',(1.364437984496E-1,5.999151260402E-2,
-7.847884382264E-2));
#1453=CARTESIAN_POINT('',(1.346366279070E-1,4.078177703945E-2,
-8.997086847286E-2));
#1454=CARTESIAN_POINT('',(1.328294573643E-1,1.947784763077E-2,
-9.684277961691E-2));
#1455=CARTESIAN_POINT('',(1.310222868217E-1,-2.826292940017E-3,
-9.874169626087E-2));
#1456=CARTESIAN_POINT('',(1.292151162791E-1,-2.498529993139E-2,
-9.557010672587E-2));
#1457=CARTESIAN_POINT('',(1.274079457364E-1,-4.586128138762E-2,
-8.749087599140E-2));
#1458=CARTESIAN_POINT('',(1.256007751938E-1,-6.438223027447E-2,
-7.491888238049E-2));
#1459=CARTESIAN_POINT('',(1.237936046512E-1,-7.959707334398E-2,
-5.849971305339E-2));
#1460=CARTESIAN_POINT('',(1.219864341085E-1,-9.072450990236E-2,
-3.907651232176E-2));
#1461=CARTESIAN_POINT('',(1.201792635659E-1,-9.719313255069E-2,
-1.764668516297E-2));
#1462=CARTESIAN_POINT('',(1.183720930233E-1,-9.867076964972E-2,
4.689320738387E-3));
#1463=CARTESIAN_POINT('',(1.165649224806E-1,-9.508154273754E-2,
2.678452431733E-2));
#1464=CARTESIAN_POINT('',(1.147577519380E-1,-8.660976298080E-2,
4.750431000095E-2));
#1465=CARTESIAN_POINT('',(1.129505813953E-1,-7.369046657221E-2,
6.578469159787E-2));
#1466=CARTESIAN_POINT('',(1.111434108527E-1,-5.698707509301E-2,
8.068694928302E-2));
#1467=CARTESIAN_POINT('',(1.093362403101E-1,-3.735732800801E-2,
9.144583400220E-2));
#1468=CARTESIAN_POINT('',(1.075290697674E-1,-1.580923670099E-2,
9.750886394164E-2));
#1469=CARTESIAN_POINT('',(1.057218992248E-1,6.550678135623E-3,
9.856469514091E-2));
#1470=CARTESIAN_POINT('',(1.039147286822E-1,2.857420768395E-2,
9.455910938398E-2));
#1471=CARTESIAN_POINT('',(1.021075581395E-1,4.913041691971E-2,
8.569779837050E-2));
#1472=CARTESIAN_POINT('',(1.003003875969E-1,6.716371950105E-2,
7.243580119693E-2));
#1473=CARTESIAN_POINT('',(9.849321705426E-2,8.174808341080E-2,
5.545413754552E-2));
#1474=CARTESIAN_POINT('',(9.668604651163E-2,9.213458382675E-2,
3.562483649549E-2));
#1475=CARTESIAN_POINT('',(9.487887596899E-2,9.778986132178E-2,
1.396615676954E-2));
#1476=CARTESIAN_POINT('',(9.307170542636E-2,9.842351051988E-2,
-8.409702090645E-3));
#1477=CARTESIAN_POINT('',(9.126453488372E-2,9.400299276223E-2,
-3.035371252023E-2));
#1478=CARTESIAN_POINT('',(8.945736434109E-2,8.475530701856E-2,
-5.073902290563E-2));
#1479=CARTESIAN_POINT('',(8.765019379845E-2,7.115533317049E-2,
-6.851882274174E-2));
#1480=CARTESIAN_POINT('',(8.584302325581E-2,5.390144651450E-2,
-8.278009778660E-2));
#1481=CARTESIAN_POINT('',(8.403585271318E-2,3.387965473533E-2,
-9.279051384724E-2));
#1482=CARTESIAN_POINT('',(8.222868217054E-2,1.211810259491E-2,
-9.803602529202E-2));
#1483=CARTESIAN_POINT('',(8.042151162791E-2,-1.026573298951E-2,
-9.824726348085E-2));
#1484=CARTESIAN_POINT('',(7.861434108527E-2,-3.212239525272E-2,
-9.341340066366E-2));
#1485=CARTESIAN_POINT('',(7.680717054264E-2,-5.232959111122E-2,
-8.378258847165E-2));
#1486=CARTESIAN_POINT('',(7.560239018088E-2,-6.400945281131E-2,
-7.449396525434E-2));
#1487=CARTESIAN_POINT('',(7.5E-2,-6.925170903283E-2,-6.925170903282E-2));
#1489=CURVE_STYLE('',#127,POSITIVE_LENGTH_MEASURE(2.E-2),#73);
#1490=PRESENTATION_STYLE_ASSIGNMENT((#1489));
#1491=STYLED_ITEM('',(#1490),#1488);
#1492=DIRECTION('',(-5.E-1,-9.052430460833E-2,-8.612812260088E-1));
#1493=VECTOR('',#1492,3.125E-2);
#1494=CARTESIAN_POINT('',(2.304166666667E-1,-1.023717338945E-2,
-9.740019860826E-2));
#1495=LINE('',#1494,#1493);
#1496=CURVE_STYLE('',#127,POSITIVE_LENGTH_MEASURE(2.E-2),#73);
#1497=PRESENTATION_STYLE_ASSIGNMENT((#1496));
#1498=STYLED_ITEM('',(#1497),#1495);
#1499=CARTESIAN_POINT('',(7.375E-2,-7.923245963368E-2,-5.756575152234E-2));
#1500=CARTESIAN_POINT('',(7.395719515711E-2,-7.773362526526E-2,
-5.962872004882E-2));
#1501=CARTESIAN_POINT('',(7.437272364754E-2,-7.456647710856E-2,
-6.364888857354E-2));
#1502=CARTESIAN_POINT('',(7.479052849044E-2,-7.107461943058E-2,
-6.742879863507E-2));
#1503=CARTESIAN_POINT('',(7.5E-2,-6.925170903283E-2,-6.925170903282E-2));
#1505=CURVE_STYLE('',#127,POSITIVE_LENGTH_MEASURE(2.E-2),#73);
#1506=PRESENTATION_STYLE_ASSIGNMENT((#1505));
#1507=STYLED_ITEM('',(#1506),#1504);
#1508=CARTESIAN_POINT('',(2.429166666667E-1,-1.023717338945E-2,
-9.740019860826E-2));
#1509=CARTESIAN_POINT('',(2.423094315245E-1,-1.766953110266E-2,
-9.661902633459E-2));
#1510=CARTESIAN_POINT('',(2.410949612403E-1,-3.235424121087E-2,
-9.334784798004E-2));
#1511=CARTESIAN_POINT('',(2.392732558140E-1,-5.269347612031E-2,
-8.357044247220E-2));
#1512=CARTESIAN_POINT('',(2.374515503876E-1,-7.028324239756E-2,
-6.943259604540E-2));
#1513=CARTESIAN_POINT('',(2.356298449612E-1,-8.420586691341E-2,
-5.167196698748E-2));
#1514=CARTESIAN_POINT('',(2.338081395349E-1,-9.373488107834E-2,
-3.121525355221E-2));
#1515=CARTESIAN_POINT('',(2.319864341085E-1,-9.837309779499E-2,
-9.129823599198E-3));
#1516=CARTESIAN_POINT('',(2.301647286822E-1,-9.787850705890E-2,
1.343197254733E-2));
#1517=CARTESIAN_POINT('',(2.283430232558E-1,-9.227691565185E-2,
3.529292950823E-2));
#1518=CARTESIAN_POINT('',(2.265213178295E-1,-8.186059731318E-2,
5.531240947352E-2));
#1519=CARTESIAN_POINT('',(2.246996124031E-1,-6.717304367792E-2,
7.244585728379E-2));
#1520=CARTESIAN_POINT('',(2.228779069767E-1,-4.898060630984E-2,
8.579930209502E-2));
#1521=CARTESIAN_POINT('',(2.210562015504E-1,-2.823251088713E-2,
9.467600204642E-2));
#1522=CARTESIAN_POINT('',(2.192344961240E-1,-6.011329496084E-3,
9.861279811552E-2));
#1523=CARTESIAN_POINT('',(2.174127906977E-1,1.652350466092E-2,
9.740428033821E-2));
#1524=CARTESIAN_POINT('',(2.155910852713E-1,3.819619294084E-2,
9.111350547153E-2));
#1525=CARTESIAN_POINT('',(2.137693798450E-1,5.787592083251E-2,
8.006870688523E-2));
#1526=CARTESIAN_POINT('',(2.119476744186E-1,7.453586039524E-2,
6.484616834961E-2));
#1527=CARTESIAN_POINT('',(2.101259689922E-1,8.730674699653E-2,
4.624015531298E-2));
#1528=CARTESIAN_POINT('',(2.083042635659E-1,9.552223487887E-2,
2.522147256269E-2));
#1529=CARTESIAN_POINT('',(2.064825581395E-1,9.875366504095E-2,
2.886810603988E-3));
#1530=CARTESIAN_POINT('',(2.046608527132E-1,9.683243135179E-2,
-1.959847629242E-2));
#1531=CARTESIAN_POINT('',(2.028391472868E-1,8.985877790233E-2,
-4.106117470778E-2));
#1532=CARTESIAN_POINT('',(2.010174418605E-1,7.819656857576E-2,
-6.038142675907E-2));
#1533=CARTESIAN_POINT('',(1.991957364341E-1,6.245430174423E-2,
-7.655116085419E-2));
#1534=CARTESIAN_POINT('',(1.973740310078E-1,4.345336068710E-2,
-8.872668978092E-2));
#1535=CARTESIAN_POINT('',(1.955523255814E-1,2.218515632653E-2,
-9.627273172218E-2));
#1536=CARTESIAN_POINT('',(1.937306201550E-1,-2.406015586613E-4,
-9.879555731597E-2));
#1537=CARTESIAN_POINT('',(1.919089147287E-1,-2.265380559126E-2,
-9.616353324788E-2));
#1538=CARTESIAN_POINT('',(1.900872093023E-1,-4.388500341564E-2,
-8.851399047435E-2));
#1539=CARTESIAN_POINT('',(1.882655038760E-1,-6.282641614072E-2,
-7.624605871385E-2));
#1540=CARTESIAN_POINT('',(1.864437984496E-1,-7.848973885044E-2,
-5.999984108040E-2));
#1541=CARTESIAN_POINT('',(1.846220930233E-1,-9.005770732798E-2,
-4.062301546306E-2));
#1542=CARTESIAN_POINT('',(1.828003875969E-1,-9.692674040010E-2,
-1.912660528936E-2));
#1543=CARTESIAN_POINT('',(1.809786821705E-1,-9.873843295457E-2,
3.367772581348E-3));
#1544=CARTESIAN_POINT('',(1.791569767442E-1,-9.539825642142E-2,
2.568643039111E-2));
#1545=CARTESIAN_POINT('',(1.773352713178E-1,-8.708049098429E-2,
4.666484891671E-2));
#1546=CARTESIAN_POINT('',(1.755135658915E-1,-7.421913217412E-2,
6.520843851684E-2));
#1547=CARTESIAN_POINT('',(1.736918604651E-1,-5.748524631125E-2,
8.034965146794E-2));
#1548=CARTESIAN_POINT('',(1.718701550388E-1,-3.775195631968E-2,
9.129846564166E-2));
#1549=CARTESIAN_POINT('',(1.700484496124E-1,-1.604888484646E-2,
9.748360544045E-2));
#1550=CARTESIAN_POINT('',(1.682267441860E-1,6.491568295241E-3,
9.858234920893E-2));
#1551=CARTESIAN_POINT('',(1.664050387597E-1,2.869331128093E-2,
9.453736786171E-2));
#1552=CARTESIAN_POINT('',(1.645833333333E-1,4.939792514490E-2,
8.555971613945E-2));
#1553=CARTESIAN_POINT('',(1.627616279070E-1,6.752510653468E-2,
7.211782041883E-2));
#1554=CARTESIAN_POINT('',(1.609399224806E-1,8.212903463206E-2,
5.491303765855E-2));
#1555=CARTESIAN_POINT('',(1.591182170543E-1,9.244772118716E-2,
3.484306074078E-2));
#1556=CARTESIAN_POINT('',(1.572965116279E-1,9.794276873205E-2,
1.295507960543E-2));
#1557=CARTESIAN_POINT('',(1.554748062016E-1,9.832746251208E-2,
-9.608857914375E-3));
#1558=CARTESIAN_POINT('',(1.536531007752E-1,9.358173038376E-2,
-3.167143465120E-2));
#1559=CARTESIAN_POINT('',(1.518313953488E-1,8.395319011778E-2,
-5.208149290806E-2));
#1560=CARTESIAN_POINT('',(1.500096899225E-1,6.994422946195E-2,
-6.977409834213E-2));
#1561=CARTESIAN_POINT('',(1.481879844961E-1,5.228579308690E-2,
-8.382610497785E-2));
#1562=CARTESIAN_POINT('',(1.463662790698E-1,3.189924413131E-2,
-9.350432213719E-2));
#1563=CARTESIAN_POINT('',(1.445445736434E-1,9.848290294649E-3,
-9.830377008414E-2));
#1564=CARTESIAN_POINT('',(1.427228682171E-1,-1.271651717344E-2,
-9.797402832109E-2));
#1565=CARTESIAN_POINT('',(1.409011627907E-1,-3.461781571427E-2,
-9.253230176353E-2));
#1566=CARTESIAN_POINT('',(1.390794573643E-1,-5.471286263330E-2,
-8.226252304029E-2));
#1567=CARTESIAN_POINT('',(1.372577519380E-1,-7.195315991470E-2,
-6.770053775837E-2));
#1568=CARTESIAN_POINT('',(1.354360465116E-1,-8.543916163734E-2,
-4.960614571998E-2));
#1569=CARTESIAN_POINT('',(1.336143410853E-1,-9.446720952640E-2,
-2.892345689538E-2));
#1570=CARTESIAN_POINT('',(1.317926356589E-1,-9.856624768753E-2,
-6.731630655626E-3));
#1571=CARTESIAN_POINT('',(1.299709302326E-1,-9.752240086104E-2,
1.581143145902E-2));
#1572=CARTESIAN_POINT('',(1.281492248062E-1,-9.139013377798E-2,
3.752950149584E-2));
#1573=CARTESIAN_POINT('',(1.263275193798E-1,-8.048940935734E-2,
5.728939706255E-2));
#1574=CARTESIAN_POINT('',(1.245058139535E-1,-6.538899402060E-2,
7.406010731465E-2));
#1575=CARTESIAN_POINT('',(1.226841085271E-1,-4.687678120151E-2,
8.696658794428E-2));
#1576=CARTESIAN_POINT('',(1.208624031008E-1,-2.591868147929E-2,
9.533541831271E-2));
#1577=CARTESIAN_POINT('',(1.190406976744E-1,-3.608224322286E-3,
9.872993847726E-2));
#1578=CARTESIAN_POINT('',(1.172189922481E-1,1.889049893122E-2,
9.697303277001E-2));
#1579=CARTESIAN_POINT('',(1.153972868217E-1,4.040357379452E-2,
9.015637115099E-2));
#1580=CARTESIAN_POINT('',(1.135755813953E-1,5.980851389577E-2,
7.863562615039E-2));
#1581=CARTESIAN_POINT('',(1.117538759690E-1,7.609282887977E-2,
6.301191496501E-2));
#1582=CARTESIAN_POINT('',(1.099321705426E-1,8.840685305435E-2,
4.410043500364E-2));
#1583=CARTESIAN_POINT('',(1.081104651163E-1,9.610807834451E-2,
2.288792938233E-2));
#1584=CARTESIAN_POINT('',(1.062887596899E-1,9.879467839618E-2,
4.812016904247E-4));
#1585=CARTESIAN_POINT('',(1.044670542636E-1,9.632647464567E-2,
-2.195063363271E-2));
#1586=CARTESIAN_POINT('',(1.026453488372E-1,8.883225040518E-2,
-4.323715210543E-2));
#1587=CARTESIAN_POINT('',(1.008236434109E-1,7.670303135403E-2,
-6.226768838326E-2));
#1588=CARTESIAN_POINT('',(9.900193798450E-2,6.057168297838E-2,
-7.804928732383E-2));
#1589=CARTESIAN_POINT('',(9.718023255814E-2,4.127988972852E-2,
-8.975851353903E-2));
#1590=CARTESIAN_POINT('',(9.535852713178E-2,1.983423797739E-2,
-9.678441501066E-2));
#1591=CARTESIAN_POINT('',(9.353682170543E-2,-2.646302617966E-3,
-9.876040338845E-2));
#1592=CARTESIAN_POINT('',(9.171511627907E-2,-2.498877082724E-2,
-9.558337139933E-2));
#1593=CARTESIAN_POINT('',(8.989341085271E-2,-4.602738812627E-2,
-8.741911017E-2));
#1594=CARTESIAN_POINT('',(8.807170542636E-2,-6.466448713388E-2,
-7.469351879880E-2));
#1595=CARTESIAN_POINT('',(8.685723514212E-2,-7.483976574334E-2,
-6.361177597516E-2));
#1596=CARTESIAN_POINT('',(8.625E-2,-7.923245963368E-2,-5.756575152234E-2));
#1598=CURVE_STYLE('',#127,POSITIVE_LENGTH_MEASURE(2.E-2),#73);
#1599=PRESENTATION_STYLE_ASSIGNMENT((#1598));
#1600=STYLED_ITEM('',(#1599),#1597);
#1601=CARTESIAN_POINT('',(2.429166666667E-1,-1.023717338945E-2,
-9.740019860826E-2));
#1602=CARTESIAN_POINT('',(2.422894397268E-1,-1.012361482433E-2,
-9.631976103283E-2));
#1603=CARTESIAN_POINT('',(2.404198233366E-1,-9.935130475985E-3,
-9.452645224878E-2));
#1604=CARTESIAN_POINT('',(2.366666666667E-1,-9.822417942374E-3,
-9.345406412544E-2));
#1605=CARTESIAN_POINT('',(2.329135099967E-1,-9.935130475985E-3,
-9.452645224878E-2));
#1606=CARTESIAN_POINT('',(2.310438936065E-1,-1.012361482433E-2,
-9.631976103283E-2));
#1607=CARTESIAN_POINT('',(2.304166666667E-1,-1.023717338945E-2,
-9.740019860826E-2));
#1609=CURVE_STYLE('',#127,POSITIVE_LENGTH_MEASURE(2.E-2),#73);
#1610=PRESENTATION_STYLE_ASSIGNMENT((#1609));
#1611=STYLED_ITEM('',(#1610),#1608);
#1612=CARTESIAN_POINT('',(3.995833333333E-1,6.553244755872E-2,
-7.278115638610E-2));
#1613=CARTESIAN_POINT('',(3.989561063935E-1,6.480551147682E-2,
-7.197381207606E-2));
#1614=CARTESIAN_POINT('',(3.970864900033E-1,6.359894397977E-2,
-7.063378311385E-2));
#1615=CARTESIAN_POINT('',(3.933333333333E-1,6.287742370097E-2,
-6.983245366251E-2));
#1616=CARTESIAN_POINT('',(3.895801766634E-1,6.359894397977E-2,
-7.063378311385E-2));
#1617=CARTESIAN_POINT('',(3.877105602732E-1,6.480551147682E-2,
-7.197381207606E-2));
#1618=CARTESIAN_POINT('',(3.870833333333E-1,6.553244755872E-2,
-7.278115638610E-2));
#1620=CURVE_STYLE('',#127,POSITIVE_LENGTH_MEASURE(2.E-2),#73);
#1621=PRESENTATION_STYLE_ASSIGNMENT((#1620));
#1622=STYLED_ITEM('',(#1621),#1619);
#1623=CARTESIAN_POINT('',(3.995833333333E-1,6.553244755872E-2,
-7.278115638610E-2));
#1624=CARTESIAN_POINT('',(3.989760981912E-1,5.997870540241E-2,
-7.778176828462E-2));
#1625=CARTESIAN_POINT('',(3.977616279070E-1,4.772175715610E-2,
-8.650578905928E-2));
#1626=CARTESIAN_POINT('',(3.959399224806E-1,2.684612425853E-2,
-9.507842496033E-2));
#1627=CARTESIAN_POINT('',(3.941182170543E-1,4.569805868256E-3,
-9.869010299845E-2));
#1628=CARTESIAN_POINT('',(3.922965116279E-1,-1.794496789776E-2,
-9.715244887363E-2));
#1629=CARTESIAN_POINT('',(3.904748062016E-1,-3.952342365964E-2,
-9.054567337714E-2));
#1630=CARTESIAN_POINT('',(3.886531007752E-1,-5.903966941169E-2,
-7.921450299341E-2));
#1631=CARTESIAN_POINT('',(3.868313953488E-1,-7.547540567233E-2,
-6.375016211108E-2));
#1632=CARTESIAN_POINT('',(3.850096899225E-1,-8.797306646303E-2,
-4.495953305566E-2));
#1633=CARTESIAN_POINT('',(3.831879844961E-1,-9.588056200200E-2,
-2.382305321360E-2));
#1634=CARTESIAN_POINT('',(3.813662790698E-1,-9.878530341490E-2,
-1.443559408324E-3));
#1635=CARTESIAN_POINT('',(3.795445736434E-1,-9.653573018141E-2,
2.101125490810E-2));
#1636=CARTESIAN_POINT('',(3.777228682171E-1,-8.924921814662E-2,
4.236976628095E-2));
#1637=CARTESIAN_POINT('',(3.759011627907E-1,-7.730595519614E-2,
6.151755298853E-2));
#1638=CARTESIAN_POINT('',(3.740794573643E-1,-6.132910421976E-2,
7.745554215217E-2));
#1639=CARTESIAN_POINT('',(3.722577519380E-1,-4.215228837916E-2,
8.935213830057E-2));
#1640=CARTESIAN_POINT('',(3.704360465116E-1,-2.077609520419E-2,
9.658661347490E-2));
#1641=CARTESIAN_POINT('',(3.686143410853E-1,1.684131000699E-3,
9.878149491305E-2));
#1642=CARTESIAN_POINT('',(3.667926356589E-1,2.405648440689E-2,
9.582226042243E-2));
#1643=CARTESIAN_POINT('',(3.649709302326E-1,4.517364411936E-2,
8.786331379740E-2));
#1644=CARTESIAN_POINT('',(3.631492248062E-1,6.393378140653E-2,
7.531992850200E-2));
#1645=CARTESIAN_POINT('',(3.613275193798E-1,7.935804974958E-2,
5.884657997222E-2));
#1646=CARTESIAN_POINT('',(3.595058139535E-1,9.064165805657E-2,
3.930279709181E-2));
#1647=CARTESIAN_POINT('',(3.576841085271E-1,9.719586219722E-2,
1.770831460705E-2));
#1648=CARTESIAN_POINT('',(3.558624031008E-1,9.867868386892E-2,
-4.810133509815E-3));
#1649=CARTESIAN_POINT('',(3.540406976744E-1,9.501275397732E-2,
-2.707760358910E-2));
#1650=CARTESIAN_POINT('',(3.522189922481E-1,8.638934951885E-2,
-4.793224722662E-2));
#1651=CARTESIAN_POINT('',(3.503972868217E-1,7.325841333268E-2,
-6.628593297572E-2));
#1652=CARTESIAN_POINT('',(3.485755813953E-1,5.630507746117E-2,
-8.118102171429E-2));
#1653=CARTESIAN_POINT('',(3.467538759690E-1,3.641391505780E-2,
-9.184033332173E-2));
#1654=CARTESIAN_POINT('',(3.449321705426E-1,1.462278606865E-2,
-9.770769755794E-2));
#1655=CARTESIAN_POINT('',(3.431104651163E-1,-7.931315121576E-3,
-9.847697332334E-2));
#1656=CARTESIAN_POINT('',(3.412887596899E-1,-3.007158457499E-2,
-9.410802216407E-2));
#1657=CARTESIAN_POINT('',(3.394670542636E-1,-5.064281082657E-2,
-8.482880257358E-2));
#1658=CARTESIAN_POINT('',(3.376453488372E-1,-6.857165028103E-2,
-7.112347581650E-2));
#1659=CARTESIAN_POINT('',(3.358236434109E-1,-8.292263099498E-2,
-5.370714387634E-2));
#1660=CARTESIAN_POINT('',(3.340019379845E-1,-9.294696273848E-2,
-3.348853762372E-2));
#1661=CARTESIAN_POINT('',(3.321802325581E-1,-9.812160657635E-2,
-1.152260202213E-2));
#1662=CARTESIAN_POINT('',(3.303585271318E-1,-9.817656543824E-2,
1.104454766997E-2));
#1663=CARTESIAN_POINT('',(3.285368217054E-1,-9.310897173904E-2,
3.303542668382E-2));
#1664=CARTESIAN_POINT('',(3.267151162791E-1,-8.318323700064E-2,
5.330261829008E-2));
#1665=CARTESIAN_POINT('',(3.248934108527E-1,-6.891725566841E-2,
7.078864249030E-2));
#1666=CARTESIAN_POINT('',(3.230717054264E-1,-5.105538296483E-2,
8.458113208511E-2));
#1667=CARTESIAN_POINT('',(3.2125E-1,-3.052959671327E-2,9.396043720103E-2));
#1668=CARTESIAN_POINT('',(3.194282945736E-1,-8.410869588965E-3,
9.843717441719E-2));
#1669=CARTESIAN_POINT('',(3.176065891473E-1,1.414671095582E-2,
9.777776129374E-2));
#1670=CARTESIAN_POINT('',(3.157848837209E-1,3.596615944115E-2,
9.201660398829E-2));
#1671=CARTESIAN_POINT('',(3.139631782946E-1,5.590900385772E-2,
8.145430204796E-2));
#1672=CARTESIAN_POINT('',(3.121414728682E-1,7.293468765025E-2,
6.664196404551E-2));
#1673=CARTESIAN_POINT('',(3.103197674419E-1,8.615486277228E-2,
4.835245242150E-2));
#1674=CARTESIAN_POINT('',(3.084980620155E-1,9.487974096703E-2,
2.754005788870E-2));
#1675=CARTESIAN_POINT('',(3.066763565891E-1,9.865408480649E-2,
5.290707464842E-3));
#1676=CARTESIAN_POINT('',(3.048546511628E-1,9.728096058641E-2,
-1.723469587402E-2));
#1677=CARTESIAN_POINT('',(3.030329457364E-1,9.083201372399E-2,
-3.886084555601E-2));
#1678=CARTESIAN_POINT('',(3.012112403101E-1,7.964373051941E-2,
-5.845935531150E-2));
#1679=CARTESIAN_POINT('',(2.993895348837E-1,6.429988133096E-2,
-7.500763491344E-2));
#1680=CARTESIAN_POINT('',(2.975678294574E-1,4.560106122537E-2,
-8.764224580420E-2));
#1681=CARTESIAN_POINT('',(2.957461240310E-1,2.452291737866E-2,
-9.570395267555E-2));
#1682=CARTESIAN_POINT('',(2.939244186047E-1,2.165242794008E-3,
-9.877212034844E-2));
#1683=CARTESIAN_POINT('',(2.921027131783E-1,-2.030540752951E-2,
-9.668666122865E-2));
#1684=CARTESIAN_POINT('',(2.902810077519E-1,-4.171658386471E-2,
-8.955638818724E-2));
#1685=CARTESIAN_POINT('',(2.884593023256E-1,-6.095111659292E-2,
-7.775333703810E-2));
#1686=CARTESIAN_POINT('',(2.866375968992E-1,-7.700540669388E-2,
-6.189335484843E-2));
#1687=CARTESIAN_POINT('',(2.848158914729E-1,-8.904179046946E-2,
-4.280396692454E-2));
#1688=CARTESIAN_POINT('',(2.829941860465E-1,-9.643224627050E-2,
-2.148119907524E-2));
#1689=CARTESIAN_POINT('',(2.811724806202E-1,-9.879116274338E-2,
9.623919648769E-4));
#1690=CARTESIAN_POINT('',(2.793507751938E-1,-9.599545884973E-2,
2.335576833918E-2));
#1691=CARTESIAN_POINT('',(2.775290697674E-1,-8.819100585807E-2,
4.453051223853E-2));
#1692=CARTESIAN_POINT('',(2.757073643411E-1,-7.578501622773E-2,
6.338179036479E-2));
#1693=CARTESIAN_POINT('',(2.738856589147E-1,-5.942479650961E-2,
7.892600074928E-2));
#1694=CARTESIAN_POINT('',(2.720639534884E-1,-3.996397287248E-2,
9.035209409157E-2));
#1695=CARTESIAN_POINT('',(2.702422480620E-1,-1.841795150334E-2,
9.706389182855E-2));
#1696=CARTESIAN_POINT('',(2.684205426357E-1,4.089062178213E-3,
9.871119290631E-2));
#1697=CARTESIAN_POINT('',(2.665988372093E-1,2.638272111628E-2,
9.520804619875E-2));
#1698=CARTESIAN_POINT('',(2.647771317829E-1,4.729981045228E-2,
8.673723517420E-2));
#1699=CARTESIAN_POINT('',(2.629554263566E-1,6.574894051402E-2,
7.374074081372E-2));
#1700=CARTESIAN_POINT('',(2.611337209302E-1,8.076749218816E-2,
5.689668039679E-2));
#1701=CARTESIAN_POINT('',(2.593120155039E-1,9.157184343337E-2,
3.708392541859E-2));
#1702=CARTESIAN_POINT('',(2.574903100775E-1,9.759825629594E-2,
1.533624476472E-2));
#1703=CARTESIAN_POINT('',(2.556686046512E-1,9.853229096641E-2,
-7.211634177035E-3));
#1704=CARTESIAN_POINT('',(2.538468992248E-1,9.432521252354E-2,
-2.938323214221E-2));
#1705=CARTESIAN_POINT('',(2.520251937984E-1,8.519653288650E-2,
-5.002170298199E-2));
#1706=CARTESIAN_POINT('',(2.502034883721E-1,7.162256066481E-2,
-6.805019470075E-2));
#1707=CARTESIAN_POINT('',(2.483817829457E-1,5.431153648130E-2,
-8.252803499756E-2));
#1708=CARTESIAN_POINT('',(2.465600775194E-1,3.416672524463E-2,
-9.269981751169E-2));
#1709=CARTESIAN_POINT('',(2.447383720930E-1,1.223911450625E-2,
-9.803479853061E-2));
#1710=CARTESIAN_POINT('',(2.435239018088E-1,-2.804815676227E-3,
-9.818137088193E-2));
#1711=CARTESIAN_POINT('',(2.429166666667E-1,-1.023717338945E-2,
-9.740019860826E-2));
#1713=CURVE_STYLE('',#127,POSITIVE_LENGTH_MEASURE(2.E-2),#73);
#1714=PRESENTATION_STYLE_ASSIGNMENT((#1713));
#1715=STYLED_ITEM('',(#1714),#1712);
#1716=CARTESIAN_POINT('',(4.925792696953E-1,9.687875528599E-2,
-1.435636382134E-2));
#1717=CARTESIAN_POINT('',(4.926282058139E-1,9.687755885784E-2,
-1.406385200846E-2));
#1718=CARTESIAN_POINT('',(4.927252730417E-1,9.687006965902E-2,
-1.350068412066E-2));
#1719=CARTESIAN_POINT('',(4.928678233460E-1,9.684554939931E-2,
-1.272378369890E-2));
#1720=CARTESIAN_POINT('',(4.930084444564E-1,9.680922038188E-2,
-1.200762809018E-2));
#1721=CARTESIAN_POINT('',(4.931473456343E-1,9.676235759362E-2,
-1.135096781422E-2));
#1722=CARTESIAN_POINT('',(4.932855519079E-1,9.670572307878E-2,
-1.074935957094E-2));
#1723=CARTESIAN_POINT('',(4.934247720776E-1,9.663935292435E-2,
-1.019736100838E-2));
#1724=CARTESIAN_POINT('',(4.935680518564E-1,9.656198809843E-2,
-9.688250231568E-3));
#1725=CARTESIAN_POINT('',(4.937188381604E-1,9.647145766318E-2,
-9.219273357558E-3));
#1726=CARTESIAN_POINT('',(4.938876967333E-1,9.635980177365E-2,
-8.778771008183E-3));
#1727=CARTESIAN_POINT('',(4.940797965797E-1,9.622012439116E-2,
-8.397090967143E-3));
#1728=CARTESIAN_POINT('',(4.943189826816E-1,9.603033329398E-2,
-8.087504279604E-3));
#1729=CARTESIAN_POINT('',(4.946285556672E-1,9.575096465212E-2,
-8.083380542620E-3));
#1730=CARTESIAN_POINT('',(4.948432477812E-1,9.553133055454E-2,
-8.383391093156E-3));
#1731=CARTESIAN_POINT('',(4.950136973486E-1,9.534137321430E-2,
-8.783119843257E-3));
#1732=CARTESIAN_POINT('',(4.951498386352E-1,9.517538521207E-2,
-9.236887215844E-3));
#1733=CARTESIAN_POINT('',(4.952646176897E-1,9.502372521107E-2,
-9.716992374968E-3));
#1734=CARTESIAN_POINT('',(4.953663622680E-1,9.487797913580E-2,
-1.022819043487E-2));
#1735=CARTESIAN_POINT('',(4.954589038832E-1,9.473413686105E-2,
-1.077060055719E-2));
#1736=CARTESIAN_POINT('',(4.955445450805E-1,9.458939498787E-2,
-1.134566067013E-2));
#1737=CARTESIAN_POINT('',(4.956248402681E-1,9.444143344692E-2,
-1.195569670901E-2));
#1738=CARTESIAN_POINT('',(4.957008288578E-1,9.428824979406E-2,
-1.260336494199E-2));
#1739=CARTESIAN_POINT('',(4.957732172034E-1,9.412799979521E-2,
-1.329144485343E-2));
#1740=CARTESIAN_POINT('',(4.958424674992E-1,9.395893521660E-2,
-1.402260000724E-2));
#1741=CARTESIAN_POINT('',(4.959088577436E-1,9.377937530787E-2,
-1.479915563843E-2));
#1742=CARTESIAN_POINT('',(4.959725252480E-1,9.358769366552E-2,
-1.562293447133E-2));
#1743=CARTESIAN_POINT('',(4.960334913059E-1,9.338236509982E-2,
-1.649493785556E-2));
#1744=CARTESIAN_POINT('',(4.960917248798E-1,9.316184543714E-2,
-1.741580396235E-2));
#1745=CARTESIAN_POINT('',(4.961470525702E-1,9.292506710040E-2,
-1.838378865923E-2));
#1746=CARTESIAN_POINT('',(4.961995129369E-1,9.267014547300E-2,
-1.940025376721E-2));
#1747=CARTESIAN_POINT('',(4.962496638482E-1,9.239172063291E-2,
-2.047931163770E-2));
#1748=CARTESIAN_POINT('',(4.962977419198E-1,9.208408954240E-2,
-2.163402119831E-2));
#1749=CARTESIAN_POINT('',(4.963437501403E-1,9.174109069490E-2,
-2.287649758161E-2));
#1750=CARTESIAN_POINT('',(4.963875208608E-1,9.135570477392E-2,
-2.421884957775E-2));
#1751=CARTESIAN_POINT('',(4.964287192914E-1,9.091999732247E-2,
-2.567276485237E-2));
#1752=CARTESIAN_POINT('',(4.964668609628E-1,9.042494482119E-2,
-2.724948579010E-2));
#1753=CARTESIAN_POINT('',(4.965013225200E-1,8.986028322997E-2,
-2.895964681091E-2));
#1754=CARTESIAN_POINT('',(4.965313523572E-1,8.921435494223E-2,
-3.081308944174E-2));
#1755=CARTESIAN_POINT('',(4.965560810171E-1,8.847394279310E-2,
-3.281867473860E-2));
#1756=CARTESIAN_POINT('',(4.965745291278E-1,8.762420695569E-2,
-3.498385230755E-2));
#1757=CARTESIAN_POINT('',(4.965856253814E-1,8.664833579465E-2,
-3.731488651889E-2));
#1758=CARTESIAN_POINT('',(4.965881902920E-1,8.552843133703E-2,
-3.981434669561E-2));
#1759=CARTESIAN_POINT('',(4.965810601481E-1,8.424324997367E-2,
-4.248589958927E-2));
#1760=CARTESIAN_POINT('',(4.965631397235E-1,8.276275501810E-2,
-4.534219539483E-2));
#1761=CARTESIAN_POINT('',(4.965331159450E-1,8.105531971579E-2,
-4.838787151726E-2));
#1762=CARTESIAN_POINT('',(4.964895699026E-1,7.908678075017E-2,
-5.162173313612E-2));
#1763=CARTESIAN_POINT('',(4.964309560502E-1,7.681946619917E-2,
-5.503758982432E-2));
#1764=CARTESIAN_POINT('',(4.963556702073E-1,7.421406060553E-2,
-5.862143311978E-2));
#1765=CARTESIAN_POINT('',(4.962619342027E-1,7.122648395382E-2,
-6.235411885189E-2));
#1766=CARTESIAN_POINT('',(4.961484526492E-1,6.782693273204E-2,
-6.619209121842E-2));
#1767=CARTESIAN_POINT('',(4.960116021755E-1,6.391945362240E-2,
-7.015249793155E-2));
#1768=CARTESIAN_POINT('',(4.958462479387E-1,5.937854593919E-2,
-7.424256056274E-2));
#1769=CARTESIAN_POINT('',(4.956465848858E-1,5.407420281576E-2,
-7.842850856255E-2));
#1770=CARTESIAN_POINT('',(4.954060633634E-1,4.787256433472E-2,
-8.263458898508E-2));
#1771=CARTESIAN_POINT('',(4.951171406244E-1,4.063751157464E-2,
-8.673602245004E-2));
#1772=CARTESIAN_POINT('',(4.947732524641E-1,3.228895674704E-2,
-9.053680054171E-2));
#1773=CARTESIAN_POINT('',(4.943609473655E-1,2.262950263237E-2,
-9.384368964974E-2));
#1774=CARTESIAN_POINT('',(4.938674667249E-1,1.157669275765E-2,
-9.631934134243E-2));
#1775=CARTESIAN_POINT('',(4.932939111473E-1,-5.651733706800E-4,
-9.757310266460E-2));
#1776=CARTESIAN_POINT('',(4.928323631183E-1,-9.640007759746E-3,
-9.734729233234E-2));
#1777=CARTESIAN_POINT('',(4.925792696953E-1,-1.435636382135E-2,
-9.687875528599E-2));
#1779=CURVE_STYLE('',#127,POSITIVE_LENGTH_MEASURE(2.E-2),#73);
#1780=PRESENTATION_STYLE_ASSIGNMENT((#1779));
#1781=STYLED_ITEM('',(#1780),#1778);
#1782=CARTESIAN_POINT('',(4.925792696953E-1,-1.435636382135E-2,
-9.687875528599E-2));
#1783=CARTESIAN_POINT('',(4.919831418981E-1,-2.161370913044E-2,
-9.580329669523E-2));
#1784=CARTESIAN_POINT('',(4.907908863037E-1,-3.588532932378E-2,
-9.201457798102E-2));
#1785=CARTESIAN_POINT('',(4.890025029121E-1,-5.548824446700E-2,
-8.170371717868E-2));
#1786=CARTESIAN_POINT('',(4.872141195206E-1,-7.230038188913E-2,
-6.728369718907E-2));
#1787=CARTESIAN_POINT('',(4.854257361290E-1,-8.547629646838E-2,
-4.947973772106E-2));
#1788=CARTESIAN_POINT('',(4.836373527374E-1,-9.435329858954E-2,
-2.918726707357E-2));
#1789=CARTESIAN_POINT('',(4.818489693458E-1,-9.848493921215E-2,
-7.426864736730E-3));
#1790=CARTESIAN_POINT('',(4.800605859542E-1,-9.766342156701E-2,
1.470706098428E-2));
#1791=CARTESIAN_POINT('',(4.782722025627E-1,-9.193006319874E-2,
3.610131631564E-2));
#1792=CARTESIAN_POINT('',(4.764838191711E-1,-8.157321495737E-2,
5.567990804419E-2));
#1793=CARTESIAN_POINT('',(4.746954357795E-1,-6.711375961295E-2,
7.245815916229E-2));
#1794=CARTESIAN_POINT('',(4.729070523879E-1,-4.927891459289E-2,
8.559223174480E-2));
#1795=CARTESIAN_POINT('',(4.711186689964E-1,-2.896565768881E-2,
9.442156656811E-2));
#1796=CARTESIAN_POINT('',(4.693302856048E-1,-7.195614837615E-3,
9.850210498070E-2));
#1797=CARTESIAN_POINT('',(4.675419022132E-1,1.493632107628E-2,
9.762862219260E-2));
#1798=CARTESIAN_POINT('',(4.657535188216E-1,3.631705627943E-2,
9.184504875995E-2));
#1799=CARTESIAN_POINT('',(4.639651354301E-1,5.587127755386E-2,
8.144226116102E-2));
#1800=CARTESIAN_POINT('',(4.621767520385E-1,7.261553356344E-2,
6.694345258363E-2));
#1801=CARTESIAN_POINT('',(4.603883686469E-1,8.570769611936E-2,
4.907781967887E-2));
#1802=CARTESIAN_POINT('',(4.585999852553E-1,9.448931380194E-2,
2.874388866800E-2));
#1803=CARTESIAN_POINT('',(4.568116018638E-1,9.851872782447E-2,
6.964325262985E-3));
#1804=CARTESIAN_POINT('',(4.550232184722E-1,9.759328462438E-2,
-1.516549882943E-2));
#1805=CARTESIAN_POINT('',(4.532348350806E-1,9.175952803171E-2,
-3.653259604678E-2));
#1806=CARTESIAN_POINT('',(4.514464516890E-1,8.131085841437E-2,
-5.606233907391E-2));
#1807=CARTESIAN_POINT('',(4.496580682975E-1,6.677277653006E-2,
-7.277250767279E-2));
#1808=CARTESIAN_POINT('',(4.478696849059E-1,4.887645422415E-2,
-8.582268803175E-2));
#1809=CARTESIAN_POINT('',(4.460813015143E-1,2.852196119704E-2,
-9.455654016510E-2));
#1810=CARTESIAN_POINT('',(4.442929181227E-1,6.732997297629E-3,
-9.853480758549E-2));
#1811=CARTESIAN_POINT('',(4.425045347312E-1,-1.539459298305E-2,
-9.755740907489E-2));
#1812=CARTESIAN_POINT('',(4.407161513396E-1,-3.674793442885E-2,
-9.167350148070E-2));
#1813=CARTESIAN_POINT('',(4.389277679480E-1,-5.625309155131E-2,
-8.117900744306E-2));
#1814=CARTESIAN_POINT('',(4.371393845564E-1,-7.292908062499E-2,
-6.660173239274E-2));
#1815=CARTESIAN_POINT('',(4.353510011649E-1,-8.593720684809E-2,
-4.867481933884E-2));
#1816=CARTESIAN_POINT('',(4.335626177733E-1,-9.462324528701E-2,
-2.829987649928E-2));
#1817=CARTESIAN_POINT('',(4.317742343817E-1,-9.855034417514E-2,
-6.501632216746E-3));
#1818=CARTESIAN_POINT('',(4.299858509901E-1,-9.752099574192E-2,
1.562360227424E-2));
#1819=CARTESIAN_POINT('',(4.281974675985E-1,-9.158696958114E-2,
3.696307023858E-2));
#1820=CARTESIAN_POINT('',(4.264090842070E-1,-8.104670897390E-2,
5.644353393454E-2));
#1821=CARTESIAN_POINT('',(4.246207008154E-1,-6.643032111455E-2,
7.308525155692E-2));
#1822=CARTESIAN_POINT('',(4.228323174238E-1,-4.847291613446E-2,
8.605125193710E-2));
#1823=CARTESIAN_POINT('',(4.210439340322E-1,-2.807763579892E-2,
9.468942879997E-2));
#1824=CARTESIAN_POINT('',(4.192555506407E-1,-6.270231295796E-3,
9.856533750769E-2));
#1825=CARTESIAN_POINT('',(4.174671672491E-1,1.585252544086E-2,
9.748404482642E-2));
#1826=CARTESIAN_POINT('',(4.156787838575E-1,3.717800228909E-2,
9.149993280917E-2));
#1827=CARTESIAN_POINT('',(4.138904004659E-1,5.663366517736E-2,
8.091396373942E-2));
#1828=CARTESIAN_POINT('',(4.121020170744E-1,7.324101959434E-2,
6.625854362837E-2));
#1829=CARTESIAN_POINT('',(4.103136336828E-1,8.616482271994E-2,
4.827074576884E-2));
#1830=CARTESIAN_POINT('',(4.085252502912E-1,9.475509015315E-2,
2.785524015370E-2));
#1831=CARTESIAN_POINT('',(4.067368668996E-1,9.857978819470E-2,
6.038796435053E-3));
#1832=CARTESIAN_POINT('',(4.049484835081E-1,9.744655394135E-2,
-1.608136355228E-2));
#1833=CARTESIAN_POINT('',(4.031601001165E-1,9.141240131334E-2,
-3.739272069497E-2));
#1834=CARTESIAN_POINT('',(4.013717167249E-1,8.078073638709E-2,
-5.682351670270E-2));
#1835=CARTESIAN_POINT('',(4.001794611305E-1,7.098460249537E-2,
-6.787201403100E-2));
#1836=CARTESIAN_POINT('',(3.995833333333E-1,6.553244755872E-2,
-7.278115638610E-2));
#1838=CURVE_STYLE('',#127,POSITIVE_LENGTH_MEASURE(2.E-2),#73);
#1839=PRESENTATION_STYLE_ASSIGNMENT((#1838));
#1840=STYLED_ITEM('',(#1839),#1837);
#1841=DIRECTION('',(-5.E-1,-5.794841035565E-1,6.435822975544E-1));
#1842=VECTOR('',#1841,3.125E-2);
#1843=CARTESIAN_POINT('',(4.152083333333E-1,8.364132579486E-2,
-9.289310318467E-2));
#1844=LINE('',#1843,#1842);
#1845=CURVE_STYLE('',#127,POSITIVE_LENGTH_MEASURE(2.E-2),#73);
#1846=PRESENTATION_STYLE_ASSIGNMENT((#1845));
#1847=STYLED_ITEM('',(#1846),#1844);
#1848=DIRECTION('',(0.E0,0.E0,1.E0));
#1849=VECTOR('',#1848,2.863657335181E-1);
#1850=CARTESIAN_POINT('',(-1.498E0,-2.5E-1,-1.431828667590E-1));
#1851=LINE('',#1850,#1849);
#1852=CURVE_STYLE('',#127,POSITIVE_LENGTH_MEASURE(2.E-2),#73);
#1853=PRESENTATION_STYLE_ASSIGNMENT((#1852));
#1854=STYLED_ITEM('',(#1853),#1851);
#1855=DIRECTION('',(-1.E0,0.E0,0.E0));
#1856=VECTOR('',#1855,1.496E0);
#1857=CARTESIAN_POINT('',(-2.E-3,-2.5E-1,1.431828667590E-1));
#1858=LINE('',#1857,#1856);
#1859=CURVE_STYLE('',#127,POSITIVE_LENGTH_MEASURE(2.E-2),#73);
#1860=PRESENTATION_STYLE_ASSIGNMENT((#1859));
#1861=STYLED_ITEM('',(#1860),#1858);
#1862=DIRECTION('',(0.E0,0.E0,-1.E0));
#1863=VECTOR('',#1862,2.863657335181E-1);
#1864=CARTESIAN_POINT('',(-2.E-3,-2.5E-1,1.431828667590E-1));
#1865=LINE('',#1864,#1863);
#1866=CURVE_STYLE('',#127,POSITIVE_LENGTH_MEASURE(2.E-2),#73);
#1867=PRESENTATION_STYLE_ASSIGNMENT((#1866));
#1868=STYLED_ITEM('',(#1867),#1865);
#1869=DIRECTION('',(-1.E0,0.E0,0.E0));
#1870=VECTOR('',#1869,1.496E0);
#1871=CARTESIAN_POINT('',(-2.E-3,-2.5E-1,-1.431828667590E-1));
#1872=LINE('',#1871,#1870);
#1873=CURVE_STYLE('',#127,POSITIVE_LENGTH_MEASURE(2.E-2),#73);
#1874=PRESENTATION_STYLE_ASSIGNMENT((#1873));
#1875=STYLED_ITEM('',(#1874),#1872);
#1876=CARTESIAN_POINT('',(-1.498E0,-2.48E-1,-1.431828667590E-1));
#1877=DIRECTION('',(-1.E0,0.E0,0.E0));
#1878=DIRECTION('',(0.E0,-5.E-1,-8.660254037844E-1));
#1879=AXIS2_PLACEMENT_3D('',#1876,#1877,#1878);
#1881=CURVE_STYLE('',#127,POSITIVE_LENGTH_MEASURE(2.E-2),#73);
#1882=PRESENTATION_STYLE_ASSIGNMENT((#1881));
#1883=STYLED_ITEM('',(#1882),#1880);
#1884=CARTESIAN_POINT('',(-1.498E0,-2.48E-1,-1.431828667590E-1));
#1885=DIRECTION('',(0.E0,-8.660254037844E-1,5.E-1));
#1886=DIRECTION('',(-1.E0,1.387778780781E-14,2.775557561563E-14));
#1887=AXIS2_PLACEMENT_3D('',#1884,#1885,#1886);
#1889=CURVE_STYLE('',#127,POSITIVE_LENGTH_MEASURE(2.E-2),#73);
#1890=PRESENTATION_STYLE_ASSIGNMENT((#1889));
#1891=STYLED_ITEM('',(#1890),#1888);
#1892=CARTESIAN_POINT('',(-1.498E0,-2.48E-1,-1.431828667590E-1));
#1893=DIRECTION('',(0.E0,0.E0,-1.E0));
#1894=DIRECTION('',(0.E0,-1.E0,0.E0));
#1895=AXIS2_PLACEMENT_3D('',#1892,#1893,#1894);
#1897=CURVE_STYLE('',#127,POSITIVE_LENGTH_MEASURE(2.E-2),#73);
#1898=PRESENTATION_STYLE_ASSIGNMENT((#1897));
#1899=STYLED_ITEM('',(#1898),#1896);
#1900=CARTESIAN_POINT('',(-2.E-3,-2.48E-1,-1.431828667590E-1));
#1901=DIRECTION('',(1.E0,0.E0,0.E0));
#1902=DIRECTION('',(0.E0,-1.E0,-1.387778780781E-14));
#1903=AXIS2_PLACEMENT_3D('',#1900,#1901,#1902);
#1905=CURVE_STYLE('',#127,POSITIVE_LENGTH_MEASURE(2.E-2),#73);
#1906=PRESENTATION_STYLE_ASSIGNMENT((#1905));
#1907=STYLED_ITEM('',(#1906),#1904);
#1908=CARTESIAN_POINT('',(-2.E-3,-2.48E-1,-1.431828667590E-1));
#1909=DIRECTION('',(0.E0,0.E0,-1.E0));
#1910=DIRECTION('',(1.E0,0.E0,0.E0));
#1911=AXIS2_PLACEMENT_3D('',#1908,#1909,#1910);
#1913=CURVE_STYLE('',#127,POSITIVE_LENGTH_MEASURE(2.E-2),#73);
#1914=PRESENTATION_STYLE_ASSIGNMENT((#1913));
#1915=STYLED_ITEM('',(#1914),#1912);
#1916=CARTESIAN_POINT('',(-2.E-3,-2.48E-1,-1.431828667590E-1));
#1917=DIRECTION('',(0.E0,-8.660254037844E-1,5.E-1));
#1918=DIRECTION('',(0.E0,-5.E-1,-8.660254037844E-1));
#1919=AXIS2_PLACEMENT_3D('',#1916,#1917,#1918);
#1921=CURVE_STYLE('',#127,POSITIVE_LENGTH_MEASURE(2.E-2),#73);
#1922=PRESENTATION_STYLE_ASSIGNMENT((#1921));
#1923=STYLED_ITEM('',(#1922),#1920);
#1924=DIRECTION('',(0.E0,-8.660254037844E-1,5.E-1));
#1925=VECTOR('',#1924,2.863657335181E-1);
#1926=CARTESIAN_POINT('',(-1.498E0,-1.E-3,-2.880977843256E-1));
#1927=LINE('',#1926,#1925);
#1928=CURVE_STYLE('',#127,POSITIVE_LENGTH_MEASURE(2.E-2),#73);
#1929=PRESENTATION_STYLE_ASSIGNMENT((#1928));
#1930=STYLED_ITEM('',(#1929),#1927);
#1931=DIRECTION('',(-1.E0,0.E0,0.E0));
#1932=VECTOR('',#1931,1.496E0);
#1933=CARTESIAN_POINT('',(-2.E-3,-2.49E-1,-1.449149175666E-1));
#1934=LINE('',#1933,#1932);
#1935=CURVE_STYLE('',#127,POSITIVE_LENGTH_MEASURE(2.E-2),#73);
#1936=PRESENTATION_STYLE_ASSIGNMENT((#1935));
#1937=STYLED_ITEM('',(#1936),#1934);
#1938=DIRECTION('',(0.E0,8.660254037844E-1,-5.E-1));
#1939=VECTOR('',#1938,2.863657335181E-1);
#1940=CARTESIAN_POINT('',(-2.E-3,-2.49E-1,-1.449149175666E-1));
#1941=LINE('',#1940,#1939);
#1942=CURVE_STYLE('',#127,POSITIVE_LENGTH_MEASURE(2.E-2),#73);
#1943=PRESENTATION_STYLE_ASSIGNMENT((#1942));
#1944=STYLED_ITEM('',(#1943),#1941);
#1945=DIRECTION('',(-1.E0,0.E0,0.E0));
#1946=VECTOR('',#1945,1.496E0);
#1947=CARTESIAN_POINT('',(-2.E-3,-9.999999999999E-4,-2.880977843256E-1));
#1948=LINE('',#1947,#1946);
#1949=CURVE_STYLE('',#127,POSITIVE_LENGTH_MEASURE(2.E-2),#73);
#1950=PRESENTATION_STYLE_ASSIGNMENT((#1949));
#1951=STYLED_ITEM('',(#1950),#1948);
#1952=DIRECTION('',(0.E0,-8.660254037844E-1,5.E-1));
#1953=VECTOR('',#1952,2.863657335181E-1);
#1954=CARTESIAN_POINT('',(-1.5E0,0.E0,-2.863657335181E-1));
#1955=LINE('',#1954,#1953);
#1956=CURVE_STYLE('',#127,POSITIVE_LENGTH_MEASURE(2.E-2),#73);
#1957=PRESENTATION_STYLE_ASSIGNMENT((#1956));
#1958=STYLED_ITEM('',(#1957),#1955);
#1959=DIRECTION('',(0.E0,-8.660254037844E-1,-5.E-1));
#1960=VECTOR('',#1959,2.863657335181E-1);
#1961=CARTESIAN_POINT('',(-1.5E0,2.48E-1,-1.431828667590E-1));
#1962=LINE('',#1961,#1960);
#1963=CURVE_STYLE('',#127,POSITIVE_LENGTH_MEASURE(2.E-2),#73);
#1964=PRESENTATION_STYLE_ASSIGNMENT((#1963));
#1965=STYLED_ITEM('',(#1964),#1962);
#1966=DIRECTION('',(0.E0,0.E0,-1.E0));
#1967=VECTOR('',#1966,2.863657335181E-1);
#1968=CARTESIAN_POINT('',(-1.5E0,2.48E-1,1.431828667590E-1));
#1969=LINE('',#1968,#1967);
#1970=CURVE_STYLE('',#127,POSITIVE_LENGTH_MEASURE(2.E-2),#73);
#1971=PRESENTATION_STYLE_ASSIGNMENT((#1970));
#1972=STYLED_ITEM('',(#1971),#1969);
#1973=DIRECTION('',(0.E0,8.660254037844E-1,-5.E-1));
#1974=VECTOR('',#1973,2.863657335181E-1);
#1975=CARTESIAN_POINT('',(-1.5E0,0.E0,2.863657335181E-1));
#1976=LINE('',#1975,#1974);
#1977=CURVE_STYLE('',#127,POSITIVE_LENGTH_MEASURE(2.E-2),#73);
#1978=PRESENTATION_STYLE_ASSIGNMENT((#1977));
#1979=STYLED_ITEM('',(#1978),#1976);
#1980=DIRECTION('',(0.E0,8.660254037844E-1,5.E-1));
#1981=VECTOR('',#1980,2.863657335181E-1);
#1982=CARTESIAN_POINT('',(-1.5E0,-2.48E-1,1.431828667590E-1));
#1983=LINE('',#1982,#1981);
#1984=CURVE_STYLE('',#127,POSITIVE_LENGTH_MEASURE(2.E-2),#73);
#1985=PRESENTATION_STYLE_ASSIGNMENT((#1984));
#1986=STYLED_ITEM('',(#1985),#1983);
#1987=DIRECTION('',(0.E0,0.E0,1.E0));
#1988=VECTOR('',#1987,2.863657335181E-1);
#1989=CARTESIAN_POINT('',(-1.5E0,-2.48E-1,-1.431828667590E-1));
#1990=LINE('',#1989,#1988);
#1991=CURVE_STYLE('',#127,POSITIVE_LENGTH_MEASURE(2.E-2),#73);
#1992=PRESENTATION_STYLE_ASSIGNMENT((#1991));
#1993=STYLED_ITEM('',(#1992),#1990);
#1994=CARTESIAN_POINT('',(-1.5E0,0.E0,0.E0));
#1995=DIRECTION('',(1.E0,0.E0,0.E0));
#1996=DIRECTION('',(0.E0,1.E0,0.E0));
#1997=AXIS2_PLACEMENT_3D('',#1994,#1995,#1996);
#1999=CURVE_STYLE('',#127,POSITIVE_LENGTH_MEASURE(2.E-2),#73);
#2000=PRESENTATION_STYLE_ASSIGNMENT((#1999));
#2001=STYLED_ITEM('',(#2000),#1998);
#2002=CARTESIAN_POINT('',(-1.5E0,0.E0,0.E0));
#2003=DIRECTION('',(1.E0,0.E0,0.E0));
#2004=DIRECTION('',(0.E0,-1.E0,0.E0));
#2005=AXIS2_PLACEMENT_3D('',#2002,#2003,#2004);
#2007=CURVE_STYLE('',#127,POSITIVE_LENGTH_MEASURE(2.E-2),#73);
#2008=PRESENTATION_STYLE_ASSIGNMENT((#2007));
#2009=STYLED_ITEM('',(#2008),#2006);
#2010=CARTESIAN_POINT('',(-1.498E0,0.E0,-2.863657335181E-1));
#2011=DIRECTION('',(-1.E0,0.E0,0.E0));
#2012=DIRECTION('',(0.E0,5.E-1,-8.660254037844E-1));
#2013=AXIS2_PLACEMENT_3D('',#2010,#2011,#2012);
#2015=CURVE_STYLE('',#127,POSITIVE_LENGTH_MEASURE(2.E-2),#73);
#2016=PRESENTATION_STYLE_ASSIGNMENT((#2015));
#2017=STYLED_ITEM('',(#2016),#2014);
#2018=CARTESIAN_POINT('',(-1.498E0,0.E0,-2.863657335181E-1));
#2019=DIRECTION('',(0.E0,-8.660254037844E-1,-5.E-1));
#2020=DIRECTION('',(-1.E0,0.E0,0.E0));
#2021=AXIS2_PLACEMENT_3D('',#2018,#2019,#2020);
#2023=CURVE_STYLE('',#127,POSITIVE_LENGTH_MEASURE(2.E-2),#73);
#2024=PRESENTATION_STYLE_ASSIGNMENT((#2023));
#2025=STYLED_ITEM('',(#2024),#2022);
#2026=CARTESIAN_POINT('',(-1.498E0,0.E0,-2.863657335181E-1));
#2027=DIRECTION('',(0.E0,8.660254037844E-1,-5.E-1));
#2028=DIRECTION('',(0.E0,-5.E-1,-8.660254037844E-1));
#2029=AXIS2_PLACEMENT_3D('',#2026,#2027,#2028);
#2031=CURVE_STYLE('',#127,POSITIVE_LENGTH_MEASURE(2.E-2),#73);
#2032=PRESENTATION_STYLE_ASSIGNMENT((#2031));
#2033=STYLED_ITEM('',(#2032),#2030);
#2034=CARTESIAN_POINT('',(-2.E-3,0.E0,-2.863657335181E-1));
#2035=DIRECTION('',(0.E0,8.660254037844E-1,-5.E-1));
#2036=DIRECTION('',(1.E0,0.E0,0.E0));
#2037=AXIS2_PLACEMENT_3D('',#2034,#2035,#2036);
#2039=CURVE_STYLE('',#127,POSITIVE_LENGTH_MEASURE(2.E-2),#73);
#2040=PRESENTATION_STYLE_ASSIGNMENT((#2039));
#2041=STYLED_ITEM('',(#2040),#2038);
#2042=CARTESIAN_POINT('',(-2.E-3,0.E0,-2.863657335181E-1));
#2043=DIRECTION('',(0.E0,-8.660254037844E-1,-5.E-1));
#2044=DIRECTION('',(1.778091562876E-14,5.E-1,-8.660254037844E-1));
#2045=AXIS2_PLACEMENT_3D('',#2042,#2043,#2044);
#2047=CURVE_STYLE('',#127,POSITIVE_LENGTH_MEASURE(2.E-2),#73);
#2048=PRESENTATION_STYLE_ASSIGNMENT((#2047));
#2049=STYLED_ITEM('',(#2048),#2046);
#2050=CARTESIAN_POINT('',(-2.E-3,0.E0,-2.863657335181E-1));
#2051=DIRECTION('',(1.E0,0.E0,0.E0));
#2052=DIRECTION('',(0.E0,-5.E-1,-8.660254037844E-1));
#2053=AXIS2_PLACEMENT_3D('',#2050,#2051,#2052);
#2055=CURVE_STYLE('',#127,POSITIVE_LENGTH_MEASURE(2.E-2),#73);
#2056=PRESENTATION_STYLE_ASSIGNMENT((#2055));
#2057=STYLED_ITEM('',(#2056),#2054);
#2058=DIRECTION('',(0.E0,8.660254037844E-1,5.E-1));
#2059=VECTOR('',#2058,2.863657335181E-1);
#2060=CARTESIAN_POINT('',(-2.E-3,1.E-3,-2.880977843256E-1));
#2061=LINE('',#2060,#2059);
#2062=CURVE_STYLE('',#127,POSITIVE_LENGTH_MEASURE(2.E-2),#73);
#2063=PRESENTATION_STYLE_ASSIGNMENT((#2062));
#2064=STYLED_ITEM('',(#2063),#2061);
#2065=DIRECTION('',(-1.E0,0.E0,0.E0));
#2066=VECTOR('',#2065,1.496E0);
#2067=CARTESIAN_POINT('',(-2.E-3,2.49E-1,-1.449149175666E-1));
#2068=LINE('',#2067,#2066);
#2069=CURVE_STYLE('',#127,POSITIVE_LENGTH_MEASURE(2.E-2),#73);
#2070=PRESENTATION_STYLE_ASSIGNMENT((#2069));
#2071=STYLED_ITEM('',(#2070),#2068);
#2072=DIRECTION('',(0.E0,-8.660254037844E-1,-5.E-1));
#2073=VECTOR('',#2072,2.863657335181E-1);
#2074=CARTESIAN_POINT('',(-1.498E0,2.49E-1,-1.449149175666E-1));
#2075=LINE('',#2074,#2073);
#2076=CURVE_STYLE('',#127,POSITIVE_LENGTH_MEASURE(2.E-2),#73);
#2077=PRESENTATION_STYLE_ASSIGNMENT((#2076));
#2078=STYLED_ITEM('',(#2077),#2075);
#2079=DIRECTION('',(-1.E0,0.E0,0.E0));
#2080=VECTOR('',#2079,1.496E0);
#2081=CARTESIAN_POINT('',(-2.E-3,1.E-3,-2.880977843256E-1));
#2082=LINE('',#2081,#2080);
#2083=CURVE_STYLE('',#127,POSITIVE_LENGTH_MEASURE(2.E-2),#73);
#2084=PRESENTATION_STYLE_ASSIGNMENT((#2083));
#2085=STYLED_ITEM('',(#2084),#2082);
#2086=CARTESIAN_POINT('',(-2.E-3,2.48E-1,-1.431828667590E-1));
#2087=DIRECTION('',(0.E0,0.E0,-1.E0));
#2088=DIRECTION('',(0.E0,1.E0,0.E0));
#2089=AXIS2_PLACEMENT_3D('',#2086,#2087,#2088);
#2091=CURVE_STYLE('',#127,POSITIVE_LENGTH_MEASURE(2.E-2),#73);
#2092=PRESENTATION_STYLE_ASSIGNMENT((#2091));
#2093=STYLED_ITEM('',(#2092),#2090);
#2094=CARTESIAN_POINT('',(-2.E-3,2.48E-1,-1.431828667590E-1));
#2095=DIRECTION('',(1.E0,0.E0,0.E0));
#2096=DIRECTION('',(0.E0,5.E-1,-8.660254037844E-1));
#2097=AXIS2_PLACEMENT_3D('',#2094,#2095,#2096);
#2099=CURVE_STYLE('',#127,POSITIVE_LENGTH_MEASURE(2.E-2),#73);
#2100=PRESENTATION_STYLE_ASSIGNMENT((#2099));
#2101=STYLED_ITEM('',(#2100),#2098);
#2102=CARTESIAN_POINT('',(-2.E-3,2.48E-1,-1.431828667590E-1));
#2103=DIRECTION('',(0.E0,8.660254037844E-1,5.E-1));
#2104=DIRECTION('',(1.E0,2.775557561563E-14,-4.163336342344E-14));
#2105=AXIS2_PLACEMENT_3D('',#2102,#2103,#2104);
#2107=CURVE_STYLE('',#127,POSITIVE_LENGTH_MEASURE(2.E-2),#73);
#2108=PRESENTATION_STYLE_ASSIGNMENT((#2107));
#2109=STYLED_ITEM('',(#2108),#2106);
#2110=DIRECTION('',(-1.E0,0.E0,0.E0));
#2111=VECTOR('',#2110,1.496E0);
#2112=CARTESIAN_POINT('',(-2.E-3,2.5E-1,-1.431828667590E-1));
#2113=LINE('',#2112,#2111);
#2114=CURVE_STYLE('',#127,POSITIVE_LENGTH_MEASURE(2.E-2),#73);
#2115=PRESENTATION_STYLE_ASSIGNMENT((#2114));
#2116=STYLED_ITEM('',(#2115),#2113);
#2117=DIRECTION('',(0.E0,0.E0,1.E0));
#2118=VECTOR('',#2117,2.863657335181E-1);
#2119=CARTESIAN_POINT('',(-2.E-3,2.5E-1,-1.431828667590E-1));
#2120=LINE('',#2119,#2118);
#2121=CURVE_STYLE('',#127,POSITIVE_LENGTH_MEASURE(2.E-2),#73);
#2122=PRESENTATION_STYLE_ASSIGNMENT((#2121));
#2123=STYLED_ITEM('',(#2122),#2120);
#2124=DIRECTION('',(-1.E0,0.E0,0.E0));
#2125=VECTOR('',#2124,1.496E0);
#2126=CARTESIAN_POINT('',(-2.E-3,2.5E-1,1.431828667590E-1));
#2127=LINE('',#2126,#2125);
#2128=CURVE_STYLE('',#127,POSITIVE_LENGTH_MEASURE(2.E-2),#73);
#2129=PRESENTATION_STYLE_ASSIGNMENT((#2128));
#2130=STYLED_ITEM('',(#2129),#2127);
#2131=DIRECTION('',(0.E0,0.E0,-1.E0));
#2132=VECTOR('',#2131,2.863657335181E-1);
#2133=CARTESIAN_POINT('',(-1.498E0,2.5E-1,1.431828667590E-1));
#2134=LINE('',#2133,#2132);
#2135=CURVE_STYLE('',#127,POSITIVE_LENGTH_MEASURE(2.E-2),#73);
#2136=PRESENTATION_STYLE_ASSIGNMENT((#2135));
#2137=STYLED_ITEM('',(#2136),#2134);
#2138=CARTESIAN_POINT('',(-2.E-3,2.48E-1,1.431828667590E-1));
#2139=DIRECTION('',(0.E0,8.660254037844E-1,-5.E-1));
#2140=DIRECTION('',(0.E0,5.E-1,8.660254037844E-1));
#2141=AXIS2_PLACEMENT_3D('',#2138,#2139,#2140);
#2143=CURVE_STYLE('',#127,POSITIVE_LENGTH_MEASURE(2.E-2),#73);
#2144=PRESENTATION_STYLE_ASSIGNMENT((#2143));
#2145=STYLED_ITEM('',(#2144),#2142);
#2146=CARTESIAN_POINT('',(-2.E-3,2.48E-1,1.431828667590E-1));
#2147=DIRECTION('',(1.E0,0.E0,0.E0));
#2148=DIRECTION('',(0.E0,1.E0,1.387778780781E-14));
#2149=AXIS2_PLACEMENT_3D('',#2146,#2147,#2148);
#2151=CURVE_STYLE('',#127,POSITIVE_LENGTH_MEASURE(2.E-2),#73);
#2152=PRESENTATION_STYLE_ASSIGNMENT((#2151));
#2153=STYLED_ITEM('',(#2152),#2150);
#2154=CARTESIAN_POINT('',(-2.E-3,2.48E-1,1.431828667590E-1));
#2155=DIRECTION('',(0.E0,0.E0,1.E0));
#2156=DIRECTION('',(1.E0,0.E0,0.E0));
#2157=AXIS2_PLACEMENT_3D('',#2154,#2155,#2156);
#2159=CURVE_STYLE('',#127,POSITIVE_LENGTH_MEASURE(2.E-2),#73);
#2160=PRESENTATION_STYLE_ASSIGNMENT((#2159));
#2161=STYLED_ITEM('',(#2160),#2158);
#2162=DIRECTION('',(-1.E0,0.E0,0.E0));
#2163=VECTOR('',#2162,1.496E0);
#2164=CARTESIAN_POINT('',(-2.E-3,2.49E-1,1.449149175666E-1));
#2165=LINE('',#2164,#2163);
#2166=CURVE_STYLE('',#127,POSITIVE_LENGTH_MEASURE(2.E-2),#73);
#2167=PRESENTATION_STYLE_ASSIGNMENT((#2166));
#2168=STYLED_ITEM('',(#2167),#2165);
#2169=DIRECTION('',(0.E0,-8.660254037844E-1,5.E-1));
#2170=VECTOR('',#2169,2.863657335181E-1);
#2171=CARTESIAN_POINT('',(-2.E-3,2.49E-1,1.449149175666E-1));
#2172=LINE('',#2171,#2170);
#2173=CURVE_STYLE('',#127,POSITIVE_LENGTH_MEASURE(2.E-2),#73);
#2174=PRESENTATION_STYLE_ASSIGNMENT((#2173));
#2175=STYLED_ITEM('',(#2174),#2172);
#2176=DIRECTION('',(-1.E0,0.E0,0.E0));
#2177=VECTOR('',#2176,1.496E0);
#2178=CARTESIAN_POINT('',(-2.E-3,1.E-3,2.880977843256E-1));
#2179=LINE('',#2178,#2177);
#2180=CURVE_STYLE('',#127,POSITIVE_LENGTH_MEASURE(2.E-2),#73);
#2181=PRESENTATION_STYLE_ASSIGNMENT((#2180));
#2182=STYLED_ITEM('',(#2181),#2179);
#2183=DIRECTION('',(0.E0,8.660254037844E-1,-5.E-1));
#2184=VECTOR('',#2183,2.863657335181E-1);
#2185=CARTESIAN_POINT('',(-1.498E0,1.E-3,2.880977843256E-1));
#2186=LINE('',#2185,#2184);
#2187=CURVE_STYLE('',#127,POSITIVE_LENGTH_MEASURE(2.E-2),#73);
#2188=PRESENTATION_STYLE_ASSIGNMENT((#2187));
#2189=STYLED_ITEM('',(#2188),#2186);
#2190=CARTESIAN_POINT('',(-2.E-3,0.E0,2.863657335181E-1));
#2191=DIRECTION('',(0.E0,8.660254037844E-1,5.E-1));
#2192=DIRECTION('',(1.778091562876E-14,-5.E-1,8.660254037844E-1));
#2193=AXIS2_PLACEMENT_3D('',#2190,#2191,#2192);
#2195=CURVE_STYLE('',#127,POSITIVE_LENGTH_MEASURE(2.E-2),#73);
#2196=PRESENTATION_STYLE_ASSIGNMENT((#2195));
#2197=STYLED_ITEM('',(#2196),#2194);
#2198=CARTESIAN_POINT('',(-2.E-3,0.E0,2.863657335181E-1));
#2199=DIRECTION('',(1.E0,0.E0,0.E0));
#2200=DIRECTION('',(0.E0,5.E-1,8.660254037844E-1));
#2201=AXIS2_PLACEMENT_3D('',#2198,#2199,#2200);
#2203=CURVE_STYLE('',#127,POSITIVE_LENGTH_MEASURE(2.E-2),#73);
#2204=PRESENTATION_STYLE_ASSIGNMENT((#2203));
#2205=STYLED_ITEM('',(#2204),#2202);
#2206=CARTESIAN_POINT('',(-2.E-3,0.E0,2.863657335181E-1));
#2207=DIRECTION('',(0.E0,-8.660254037844E-1,5.E-1));
#2208=DIRECTION('',(1.E0,0.E0,0.E0));
#2209=AXIS2_PLACEMENT_3D('',#2206,#2207,#2208);
#2211=CURVE_STYLE('',#127,POSITIVE_LENGTH_MEASURE(2.E-2),#73);
#2212=PRESENTATION_STYLE_ASSIGNMENT((#2211));
#2213=STYLED_ITEM('',(#2212),#2210);
#2214=CARTESIAN_POINT('',(-2.E-3,-2.48E-1,1.431828667590E-1));
#2215=DIRECTION('',(1.E0,0.E0,0.E0));
#2216=DIRECTION('',(0.E0,-5.E-1,8.660254037844E-1));
#2217=AXIS2_PLACEMENT_3D('',#2214,#2215,#2216);
#2219=CURVE_STYLE('',#127,POSITIVE_LENGTH_MEASURE(2.E-2),#73);
#2220=PRESENTATION_STYLE_ASSIGNMENT((#2219));
#2221=STYLED_ITEM('',(#2220),#2218);
#2222=CARTESIAN_POINT('',(-2.E-3,-2.48E-1,1.431828667590E-1));
#2223=DIRECTION('',(0.E0,-8.660254037844E-1,-5.E-1));
#2224=DIRECTION('',(1.E0,-1.387778780781E-14,4.163336342344E-14));
#2225=AXIS2_PLACEMENT_3D('',#2222,#2223,#2224);
#2227=CURVE_STYLE('',#127,POSITIVE_LENGTH_MEASURE(2.E-2),#73);
#2228=PRESENTATION_STYLE_ASSIGNMENT((#2227));
#2229=STYLED_ITEM('',(#2228),#2226);
#2230=CARTESIAN_POINT('',(-2.E-3,-2.48E-1,1.431828667590E-1));
#2231=DIRECTION('',(0.E0,0.E0,1.E0));
#2232=DIRECTION('',(0.E0,-1.E0,0.E0));
#2233=AXIS2_PLACEMENT_3D('',#2230,#2231,#2232);
#2235=CURVE_STYLE('',#127,POSITIVE_LENGTH_MEASURE(2.E-2),#73);
#2236=PRESENTATION_STYLE_ASSIGNMENT((#2235));
#2237=STYLED_ITEM('',(#2236),#2234);
#2238=DIRECTION('',(-1.E0,0.E0,0.E0));
#2239=VECTOR('',#2238,1.496E0);
#2240=CARTESIAN_POINT('',(-2.E-3,-1.E-3,2.880977843256E-1));
#2241=LINE('',#2240,#2239);
#2242=CURVE_STYLE('',#127,POSITIVE_LENGTH_MEASURE(2.E-2),#73);
#2243=PRESENTATION_STYLE_ASSIGNMENT((#2242));
#2244=STYLED_ITEM('',(#2243),#2241);
#2245=DIRECTION('',(0.E0,-8.660254037844E-1,-5.E-1));
#2246=VECTOR('',#2245,2.863657335181E-1);
#2247=CARTESIAN_POINT('',(-2.E-3,-1.E-3,2.880977843256E-1));
#2248=LINE('',#2247,#2246);
#2249=CURVE_STYLE('',#127,POSITIVE_LENGTH_MEASURE(2.E-2),#73);
#2250=PRESENTATION_STYLE_ASSIGNMENT((#2249));
#2251=STYLED_ITEM('',(#2250),#2248);
#2252=DIRECTION('',(-1.E0,0.E0,0.E0));
#2253=VECTOR('',#2252,1.496E0);
#2254=CARTESIAN_POINT('',(-2.E-3,-2.49E-1,1.449149175666E-1));
#2255=LINE('',#2254,#2253);
#2256=CURVE_STYLE('',#127,POSITIVE_LENGTH_MEASURE(2.E-2),#73);
#2257=PRESENTATION_STYLE_ASSIGNMENT((#2256));
#2258=STYLED_ITEM('',(#2257),#2255);
#2259=DIRECTION('',(0.E0,8.660254037844E-1,5.E-1));
#2260=VECTOR('',#2259,2.863657335181E-1);
#2261=CARTESIAN_POINT('',(-1.498E0,-2.49E-1,1.449149175666E-1));
#2262=LINE('',#2261,#2260);
#2263=CURVE_STYLE('',#127,POSITIVE_LENGTH_MEASURE(2.E-2),#73);
#2264=PRESENTATION_STYLE_ASSIGNMENT((#2263));
#2265=STYLED_ITEM('',(#2264),#2262);
#2266=CARTESIAN_POINT('',(-1.498E0,-2.48E-1,1.431828667590E-1));
#2267=DIRECTION('',(0.E0,-8.660254037844E-1,-5.E-1));
#2268=DIRECTION('',(0.E0,-5.E-1,8.660254037844E-1));
#2269=AXIS2_PLACEMENT_3D('',#2266,#2267,#2268);
#2271=CURVE_STYLE('',#127,POSITIVE_LENGTH_MEASURE(2.E-2),#73);
#2272=PRESENTATION_STYLE_ASSIGNMENT((#2271));
#2273=STYLED_ITEM('',(#2272),#2270);
#2274=CARTESIAN_POINT('',(-1.498E0,-2.48E-1,1.431828667590E-1));
#2275=DIRECTION('',(-1.E0,0.E0,0.E0));
#2276=DIRECTION('',(0.E0,-1.E0,0.E0));
#2277=AXIS2_PLACEMENT_3D('',#2274,#2275,#2276);
#2279=CURVE_STYLE('',#127,POSITIVE_LENGTH_MEASURE(2.E-2),#73);
#2280=PRESENTATION_STYLE_ASSIGNMENT((#2279));
#2281=STYLED_ITEM('',(#2280),#2278);
#2282=CARTESIAN_POINT('',(-1.498E0,-2.48E-1,1.431828667590E-1));
#2283=DIRECTION('',(0.E0,0.E0,1.E0));
#2284=DIRECTION('',(-1.E0,0.E0,0.E0));
#2285=AXIS2_PLACEMENT_3D('',#2282,#2283,#2284);
#2287=CURVE_STYLE('',#127,POSITIVE_LENGTH_MEASURE(2.E-2),#73);
#2288=PRESENTATION_STYLE_ASSIGNMENT((#2287));
#2289=STYLED_ITEM('',(#2288),#2286);
#2290=CARTESIAN_POINT('',(-1.498E0,0.E0,2.863657335181E-1));
#2291=DIRECTION('',(0.E0,-8.660254037844E-1,5.E-1));
#2292=DIRECTION('',(0.E0,5.E-1,8.660254037844E-1));
#2293=AXIS2_PLACEMENT_3D('',#2290,#2291,#2292);
#2295=CURVE_STYLE('',#127,POSITIVE_LENGTH_MEASURE(2.E-2),#73);
#2296=PRESENTATION_STYLE_ASSIGNMENT((#2295));
#2297=STYLED_ITEM('',(#2296),#2294);
#2298=CARTESIAN_POINT('',(-1.498E0,0.E0,2.863657335181E-1));
#2299=DIRECTION('',(-1.E0,0.E0,0.E0));
#2300=DIRECTION('',(0.E0,-5.E-1,8.660254037844E-1));
#2301=AXIS2_PLACEMENT_3D('',#2298,#2299,#2300);
#2303=CURVE_STYLE('',#127,POSITIVE_LENGTH_MEASURE(2.E-2),#73);
#2304=PRESENTATION_STYLE_ASSIGNMENT((#2303));
#2305=STYLED_ITEM('',(#2304),#2302);
#2306=CARTESIAN_POINT('',(-1.498E0,0.E0,2.863657335181E-1));
#2307=DIRECTION('',(0.E0,8.660254037844E-1,5.E-1));
#2308=DIRECTION('',(-1.E0,0.E0,0.E0));
#2309=AXIS2_PLACEMENT_3D('',#2306,#2307,#2308);
#2311=CURVE_STYLE('',#127,POSITIVE_LENGTH_MEASURE(2.E-2),#73);
#2312=PRESENTATION_STYLE_ASSIGNMENT((#2311));
#2313=STYLED_ITEM('',(#2312),#2310);
#2314=CARTESIAN_POINT('',(-1.498E0,2.48E-1,1.431828667590E-1));
#2315=DIRECTION('',(0.E0,0.E0,1.E0));
#2316=DIRECTION('',(0.E0,1.E0,0.E0));
#2317=AXIS2_PLACEMENT_3D('',#2314,#2315,#2316);
#2319=CURVE_STYLE('',#127,POSITIVE_LENGTH_MEASURE(2.E-2),#73);
#2320=PRESENTATION_STYLE_ASSIGNMENT((#2319));
#2321=STYLED_ITEM('',(#2320),#2318);
#2322=CARTESIAN_POINT('',(-1.498E0,2.48E-1,1.431828667590E-1));
#2323=DIRECTION('',(-1.E0,0.E0,0.E0));
#2324=DIRECTION('',(0.E0,5.E-1,8.660254037844E-1));
#2325=AXIS2_PLACEMENT_3D('',#2322,#2323,#2324);
#2327=CURVE_STYLE('',#127,POSITIVE_LENGTH_MEASURE(2.E-2),#73);
#2328=PRESENTATION_STYLE_ASSIGNMENT((#2327));
#2329=STYLED_ITEM('',(#2328),#2326);
#2330=CARTESIAN_POINT('',(-1.498E0,2.48E-1,1.431828667590E-1));
#2331=DIRECTION('',(0.E0,8.660254037844E-1,-5.E-1));
#2332=DIRECTION('',(-1.E0,0.E0,0.E0));
#2333=AXIS2_PLACEMENT_3D('',#2330,#2331,#2332);
#2335=CURVE_STYLE('',#127,POSITIVE_LENGTH_MEASURE(2.E-2),#73);
#2336=PRESENTATION_STYLE_ASSIGNMENT((#2335));
#2337=STYLED_ITEM('',(#2336),#2334);
#2338=CARTESIAN_POINT('',(-1.498E0,2.48E-1,-1.431828667590E-1));
#2339=DIRECTION('',(0.E0,8.660254037844E-1,5.E-1));
#2340=DIRECTION('',(0.E0,5.E-1,-8.660254037844E-1));
#2341=AXIS2_PLACEMENT_3D('',#2338,#2339,#2340);
#2343=CURVE_STYLE('',#127,POSITIVE_LENGTH_MEASURE(2.E-2),#73);
#2344=PRESENTATION_STYLE_ASSIGNMENT((#2343));
#2345=STYLED_ITEM('',(#2344),#2342);
#2346=CARTESIAN_POINT('',(-1.498E0,2.48E-1,-1.431828667590E-1));
#2347=DIRECTION('',(-1.E0,0.E0,0.E0));
#2348=DIRECTION('',(0.E0,1.E0,0.E0));
#2349=AXIS2_PLACEMENT_3D('',#2346,#2347,#2348);
#2351=CURVE_STYLE('',#127,POSITIVE_LENGTH_MEASURE(2.E-2),#73);
#2352=PRESENTATION_STYLE_ASSIGNMENT((#2351));
#2353=STYLED_ITEM('',(#2352),#2350);
#2354=CARTESIAN_POINT('',(-1.498E0,2.48E-1,-1.431828667590E-1));
#2355=DIRECTION('',(0.E0,0.E0,-1.E0));
#2356=DIRECTION('',(-1.E0,0.E0,0.E0));
#2357=AXIS2_PLACEMENT_3D('',#2354,#2355,#2356);
#2359=CURVE_STYLE('',#127,POSITIVE_LENGTH_MEASURE(2.E-2),#73);
#2360=PRESENTATION_STYLE_ASSIGNMENT((#2359));
#2361=STYLED_ITEM('',(#2360),#2358);
#2362=DIRECTION('',(-7.431448254774E-1,6.691306063589E-1,0.E0));
#2363=VECTOR('',#2362,4.661355890276E-2);
#2364=CARTESIAN_POINT('',(-1.465359374904E0,1.038094410669E-1,0.E0));
#2365=LINE('',#2364,#2363);
#2366=CURVE_STYLE('',#127,POSITIVE_LENGTH_MEASURE(2.E-2),#73);
#2367=PRESENTATION_STYLE_ASSIGNMENT((#2366));
#2368=STYLED_ITEM('',(#2367),#2365);
#2369=DIRECTION('',(-7.431448254774E-1,-6.691306063589E-1,0.E0));
#2370=VECTOR('',#2369,2.447923574093E-2);
#2371=CARTESIAN_POINT('',(-1.481808382627E0,-1.186201941455E-1,0.E0));
#2372=LINE('',#2371,#2370);
#2373=CURVE_STYLE('',#127,POSITIVE_LENGTH_MEASURE(2.E-2),#73);
#2374=PRESENTATION_STYLE_ASSIGNMENT((#2373));
#2375=STYLED_ITEM('',(#2374),#2372);
#2376=CARTESIAN_POINT('',(-1.458837041989E0,3.128107951339E-2,
9.280674798963E-2));
#2377=CARTESIAN_POINT('',(-1.459202806063E0,3.786948972649E-2,
9.093362390987E-2));
#2378=CARTESIAN_POINT('',(-1.459932878993E0,5.069644686846E-2,
8.579474620499E-2));
#2379=CARTESIAN_POINT('',(-1.461030832055E0,6.810597298644E-2,
7.408119168068E-2));
#2380=CARTESIAN_POINT('',(-1.462110000829E0,8.262786210909E-2,
5.914551399761E-2));
#2381=CARTESIAN_POINT('',(-1.463208957371E0,9.405091699631E-2,
4.103288480635E-2));
#2382=CARTESIAN_POINT('',(-1.464284684005E0,1.013762732139E-1,
2.117126687589E-2));
#2383=CARTESIAN_POINT('',(-1.465001987984E0,1.034876484380E-1,
7.085747553880E-3));
#2384=CARTESIAN_POINT('',(-1.465359374904E0,1.038094410669E-1,0.E0));
#2386=CURVE_STYLE('',#127,POSITIVE_LENGTH_MEASURE(2.E-2),#73);
#2387=PRESENTATION_STYLE_ASSIGNMENT((#2386));
#2388=STYLED_ITEM('',(#2387),#2385);
#2389=DIRECTION('',(5.E-1,8.660254037844E-1,1.686539743012E-14));
#2390=VECTOR('',#2389,3.125E-2);
#2391=CARTESIAN_POINT('',(-1.36875E0,9.793670613174E-2,0.E0));
#2392=LINE('',#2391,#2390);
#2393=CURVE_STYLE('',#127,POSITIVE_LENGTH_MEASURE(2.E-2),#73);
#2394=PRESENTATION_STYLE_ASSIGNMENT((#2393));
#2395=STYLED_ITEM('',(#2394),#2392);
#2396=CARTESIAN_POINT('',(-1.481808382627E0,-1.186201941455E-1,0.E0));
#2397=CARTESIAN_POINT('',(-1.482143639068E0,-1.189220604004E-1,
7.595317421238E-3));
#2398=CARTESIAN_POINT('',(-1.482817439370E0,-1.180749194210E-1,
2.297941382934E-2));
#2399=CARTESIAN_POINT('',(-1.483847554310E0,-1.121823236643E-1,
4.597660041746E-2));
#2400=CARTESIAN_POINT('',(-1.484868427061E0,-1.018833871076E-1,
6.733043670173E-2));
#2401=CARTESIAN_POINT('',(-1.485858178797E0,-8.803786135225E-2,
8.588335883413E-2));
#2402=CARTESIAN_POINT('',(-1.486854574741E0,-7.074510897899E-2,
1.017603347155E-1));
#2403=CARTESIAN_POINT('',(-1.487879342810E0,-4.998336313013E-2,
1.144392710808E-1));
#2404=CARTESIAN_POINT('',(-1.488555434169E0,-3.480212303961E-2,
1.200125225291E-1));
#2405=CARTESIAN_POINT('',(-1.488893874852E0,-2.697848359657E-2,
1.220539283384E-1));
#2407=CURVE_STYLE('',#127,POSITIVE_LENGTH_MEASURE(2.E-2),#73);
#2408=PRESENTATION_STYLE_ASSIGNMENT((#2407));
#2409=STYLED_ITEM('',(#2408),#2406);
#2410=CARTESIAN_POINT('',(-1.465359374904E0,1.038094410669E-1,0.E0));
#2411=CARTESIAN_POINT('',(-1.465730945277E0,1.041440045334E-1,
-7.366956395046E-3));
#2412=CARTESIAN_POINT('',(-1.466477549773E0,1.032546680387E-1,
-2.231577754259E-2));
#2413=CARTESIAN_POINT('',(-1.467620927720E0,9.692413743457E-2,
-4.459675198583E-2));
#2414=CARTESIAN_POINT('',(-1.468748537006E0,8.591727546344E-2,
-6.486141865276E-2));
#2415=CARTESIAN_POINT('',(-1.469834210345E0,7.136200429610E-2,
-8.189498150054E-2));
#2416=CARTESIAN_POINT('',(-1.470948194945E0,5.297738530425E-2,
-9.604220588798E-2));
#2417=CARTESIAN_POINT('',(-1.472075904929E0,3.151351020447E-2,
-1.061254835481E-1));
#2418=CARTESIAN_POINT('',(-1.473187424508E0,8.514486036903E-3,
-1.113385558558E-1));
#2419=CARTESIAN_POINT('',(-1.474262149939E0,-1.448126038167E-2,
-1.116691258257E-1));
#2420=CARTESIAN_POINT('',(-1.475338325007E0,-3.729462780596E-2,
-1.073135652672E-1));
#2421=CARTESIAN_POINT('',(-1.476434869164E0,-5.931278519721E-2,
-9.807728923678E-2));
#2422=CARTESIAN_POINT('',(-1.477522110711E0,-7.891035601268E-2,
-8.443597235211E-2));
#2423=CARTESIAN_POINT('',(-1.478592347130E0,-9.520384139646E-2,
-6.722151415575E-2));
#2424=CARTESIAN_POINT('',(-1.479675458301E0,-1.078800313156E-1,
-4.662453502623E-2));
#2425=CARTESIAN_POINT('',(-1.480741075778E0,-1.160060656608E-1,
-2.404566164424E-2));
#2426=CARTESIAN_POINT('',(-1.481453084176E0,-1.183002819827E-1,
-8.049374130005E-3));
#2427=CARTESIAN_POINT('',(-1.481808382627E0,-1.186201941455E-1,0.E0));
#2429=CURVE_STYLE('',#127,POSITIVE_LENGTH_MEASURE(2.E-2),#73);
#2430=PRESENTATION_STYLE_ASSIGNMENT((#2429));
#2431=STYLED_ITEM('',(#2430),#2428);
#2432=CARTESIAN_POINT('',(-9.4375E-1,-9.793670613174E-2,0.E0));
#2433=CARTESIAN_POINT('',(-9.431987809657E-1,-9.793670613174E-2,
-6.783901967164E-3));
#2434=CARTESIAN_POINT('',(-9.420903580473E-1,-9.653094110363E-2,
-2.042825128177E-2));
#2435=CARTESIAN_POINT('',(-9.403931152372E-1,-9.003525741158E-2,
-4.040761716858E-2));
#2436=CARTESIAN_POINT('',(-9.387112256441E-1,-7.951345992829E-2,
-5.836325619004E-2));
#2437=CARTESIAN_POINT('',(-9.370882419512E-1,-6.604569217214E-2,
-7.326144648398E-2));
#2438=CARTESIAN_POINT('',(-9.354019022086E-1,-4.918827021585E-2,
-8.555699003513E-2));
#2439=CARTESIAN_POINT('',(-9.336960723775E-1,-2.985868347466E-2,
-9.406839758874E-2));
#2440=CARTESIAN_POINT('',(-9.320016720337E-1,-9.304308242152E-3,
-9.820460975707E-2));
#2441=CARTESIAN_POINT('',(-9.303767027693E-1,1.080242263550E-2,
-9.803267629078E-2));
#2442=CARTESIAN_POINT('',(-9.287110802614E-1,3.094903059951E-2,
-9.369503344632E-2));
#2443=CARTESIAN_POINT('',(-9.270178658265E-1,5.003959210830E-2,
-8.504586467806E-2));
#2444=CARTESIAN_POINT('',(-9.253450609758E-1,6.666282743048E-2,
-7.270855358746E-2));
#2445=CARTESIAN_POINT('',(-9.237087547045E-1,8.008601269100E-2,
-5.755460208177E-2));
#2446=CARTESIAN_POINT('',(-9.220716064180E-1,9.017772601689E-2,
-3.999051531468E-2));
#2447=CARTESIAN_POINT('',(-9.204010931972E-1,9.653884217798E-2,
-2.032325100046E-2));
#2448=CARTESIAN_POINT('',(-9.193001818953E-1,9.793670613174E-2,
-6.771137804838E-3));
#2449=CARTESIAN_POINT('',(-9.1875E-1,9.793670613174E-2,0.E0));
#2451=CURVE_STYLE('',#127,POSITIVE_LENGTH_MEASURE(2.E-2),#73);
#2452=PRESENTATION_STYLE_ASSIGNMENT((#2451));
#2453=STYLED_ITEM('',(#2452),#2450);
#2454=CARTESIAN_POINT('',(-9.3125E-1,9.793670613174E-2,0.E0));
#2455=CARTESIAN_POINT('',(-9.318036334411E-1,9.793670613174E-2,
-6.813616287209E-3));
#2456=CARTESIAN_POINT('',(-9.329191755159E-1,9.651911398298E-2,
-2.054676193579E-2));
#2457=CARTESIAN_POINT('',(-9.346342533058E-1,8.991157506773E-2,
-4.072291999425E-2));
#2458=CARTESIAN_POINT('',(-9.363402784744E-1,7.915800614010E-2,
-5.889681813675E-2));
#2459=CARTESIAN_POINT('',(-9.379902967733E-1,6.531336874663E-2,
-7.390194899839E-2));
#2460=CARTESIAN_POINT('',(-9.396328556588E-1,4.879471160705E-2,
-8.574086537333E-2));
#2461=CARTESIAN_POINT('',(-9.413190053559E-1,2.967892260394E-2,
-9.411233216038E-2));
#2462=CARTESIAN_POINT('',(-9.430030600014E-1,9.245923603992E-3,
-9.821568036240E-2));
#2463=CARTESIAN_POINT('',(-9.446468918171E-1,-1.109479990320E-2,
-9.801192093432E-2));
#2464=CARTESIAN_POINT('',(-9.463032409577E-1,-3.110843689400E-2,
-9.361126127577E-2));
#2465=CARTESIAN_POINT('',(-9.479560571573E-1,-4.974976679170E-2,
-8.518941738723E-2));
#2466=CARTESIAN_POINT('',(-9.496234799219E-1,-6.637322702457E-2,
-7.297387121423E-2));
#2467=CARTESIAN_POINT('',(-9.512694988460E-1,-7.995516305064E-2,
-5.779003560890E-2));
#2468=CARTESIAN_POINT('',(-9.529504071020E-1,-9.029717754496E-2,
-3.974651139025E-2));
#2469=CARTESIAN_POINT('',(-9.545988011092E-1,-9.652114130135E-2,
-2.031857257440E-2));
#2470=CARTESIAN_POINT('',(-9.557004971858E-1,-9.793670613174E-2,
-6.762780293055E-3));
#2471=CARTESIAN_POINT('',(-9.5625E-1,-9.793670613174E-2,0.E0));
#2473=CURVE_STYLE('',#127,POSITIVE_LENGTH_MEASURE(2.E-2),#73);
#2474=PRESENTATION_STYLE_ASSIGNMENT((#2473));
#2475=STYLED_ITEM('',(#2474),#2472);
#2476=DIRECTION('',(-1.E0,0.E0,2.574715293475E-14));
#2477=VECTOR('',#2476,1.25E-2);
#2478=CARTESIAN_POINT('',(-9.1875E-1,9.793670613174E-2,0.E0));
#2479=LINE('',#2478,#2477);
#2480=CURVE_STYLE('',#127,POSITIVE_LENGTH_MEASURE(2.E-2),#73);
#2481=PRESENTATION_STYLE_ASSIGNMENT((#2480));
#2482=STYLED_ITEM('',(#2481),#2479);
#2483=CARTESIAN_POINT('',(-9.8125E-1,9.793670613174E-2,0.E0));
#2484=CARTESIAN_POINT('',(-9.818000818318E-1,9.793670613174E-2,
-6.769906314122E-3));
#2485=CARTESIAN_POINT('',(-9.829004320974E-1,9.653753039989E-2,
-2.031454250242E-2));
#2486=CARTESIAN_POINT('',(-9.845661863765E-1,9.020233514524E-2,
-3.992790075638E-2));
#2487=CARTESIAN_POINT('',(-9.862031623123E-1,8.012794213144E-2,
-5.749936458735E-2));
#2488=CARTESIAN_POINT('',(-9.878413339731E-1,6.669675035862E-2,
-7.267706228139E-2));
#2489=CARTESIAN_POINT('',(-9.895117932900E-1,5.010313424912E-2,
-8.500617712678E-2));
#2490=CARTESIAN_POINT('',(-9.912017608141E-1,3.105698685817E-2,
-9.365227097220E-2));
#2491=CARTESIAN_POINT('',(-9.928584877479E-1,1.102621680099E-2,
-9.800487365029E-2));
#2492=CARTESIAN_POINT('',(-9.944860836359E-1,-9.111690117488E-3,
-9.822455958078E-2));
#2493=CARTESIAN_POINT('',(-9.961794579508E-1,-2.966229108218E-2,
-9.412972813165E-2));
#2494=CARTESIAN_POINT('',(-9.978859482506E-1,-4.901660693550E-2,
-8.565573545190E-2));
#2495=CARTESIAN_POINT('',(-9.995719753759E-1,-6.589617474961E-2,
-7.339678280346E-2));
#2496=CARTESIAN_POINT('',(-1.001198452248E0,-7.942405507879E-2,
-5.849410802164E-2));
#2497=CARTESIAN_POINT('',(-1.002887710437E0,-9.001283473765E-2,
-4.047104478580E-2));
#2498=CARTESIAN_POINT('',(-1.004588938535E0,-9.652955805877E-2,
-2.044578559907E-2));
#2499=CARTESIAN_POINT('',(-1.005698591624E0,-9.793670613174E-2,
-6.786232217818E-3));
#2500=CARTESIAN_POINT('',(-1.00625E0,-9.793670613174E-2,0.E0));
#2502=CURVE_STYLE('',#127,POSITIVE_LENGTH_MEASURE(2.E-2),#73);
#2503=PRESENTATION_STYLE_ASSIGNMENT((#2502));
#2504=STYLED_ITEM('',(#2503),#2501);
#2505=DIRECTION('',(-1.E0,0.E0,-4.306466074586E-14));
#2506=VECTOR('',#2505,1.25E-2);
#2507=CARTESIAN_POINT('',(-9.6875E-1,9.793670613174E-2,0.E0));
#2508=LINE('',#2507,#2506);
#2509=CURVE_STYLE('',#127,POSITIVE_LENGTH_MEASURE(2.E-2),#73);
#2510=PRESENTATION_STYLE_ASSIGNMENT((#2509));
#2511=STYLED_ITEM('',(#2510),#2508);
#2512=CARTESIAN_POINT('',(-9.9375E-1,-9.793670613174E-2,0.E0));
#2513=CARTESIAN_POINT('',(-9.932004971858E-1,-9.793670613174E-2,
-6.762780293055E-3));
#2514=CARTESIAN_POINT('',(-9.920988011092E-1,-9.652114130135E-2,
-2.031857257440E-2));
#2515=CARTESIAN_POINT('',(-9.904504071020E-1,-9.029717754496E-2,
-3.974651139025E-2));
#2516=CARTESIAN_POINT('',(-9.887694988460E-1,-7.995516305064E-2,
-5.779003560890E-2));
#2517=CARTESIAN_POINT('',(-9.871234799219E-1,-6.637322702457E-2,
-7.297387121423E-2));
#2518=CARTESIAN_POINT('',(-9.854560571573E-1,-4.974976679170E-2,
-8.518941738723E-2));
#2519=CARTESIAN_POINT('',(-9.838032409577E-1,-3.110843689400E-2,
-9.361126127577E-2));
#2520=CARTESIAN_POINT('',(-9.821468918172E-1,-1.109479990320E-2,
-9.801192093432E-2));
#2521=CARTESIAN_POINT('',(-9.805030600014E-1,9.245923603993E-3,
-9.821568036240E-2));
#2522=CARTESIAN_POINT('',(-9.788190053559E-1,2.967892260394E-2,
-9.411233216038E-2));
#2523=CARTESIAN_POINT('',(-9.771328556588E-1,4.879471160705E-2,
-8.574086537333E-2));
#2524=CARTESIAN_POINT('',(-9.754902967733E-1,6.531336874663E-2,
-7.390194899839E-2));
#2525=CARTESIAN_POINT('',(-9.738402784744E-1,7.915800614011E-2,
-5.889681813675E-2));
#2526=CARTESIAN_POINT('',(-9.721342533058E-1,8.991157506773E-2,
-4.072291999425E-2));
#2527=CARTESIAN_POINT('',(-9.704191755159E-1,9.651911398298E-2,
-2.054676193579E-2));
#2528=CARTESIAN_POINT('',(-9.693036334411E-1,9.793670613174E-2,
-6.813616287209E-3));
#2529=CARTESIAN_POINT('',(-9.6875E-1,9.793670613174E-2,0.E0));
#2531=CURVE_STYLE('',#127,POSITIVE_LENGTH_MEASURE(2.E-2),#73);
#2532=PRESENTATION_STYLE_ASSIGNMENT((#2531));
#2533=STYLED_ITEM('',(#2532),#2530);
#2534=CARTESIAN_POINT('',(-1.03125E0,9.793670613174E-2,0.E0));
#2535=CARTESIAN_POINT('',(-1.031801297533E0,9.793670613174E-2,
-6.784868060736E-3));
#2536=CARTESIAN_POINT('',(-1.032912860967E0,9.653110840451E-2,
-2.046922780201E-2));
#2537=CARTESIAN_POINT('',(-1.034623882570E0,8.996200047655E-2,
-4.060440814453E-2));
#2538=CARTESIAN_POINT('',(-1.036328266580E0,7.924745003502E-2,
-5.877763957344E-2));
#2539=CARTESIAN_POINT('',(-1.037980791508E0,6.540289776954E-2,
-7.382556282567E-2));
#2540=CARTESIAN_POINT('',(-1.039623060248E0,4.889849217757E-2,
-8.567755127666E-2));
#2541=CARTESIAN_POINT('',(-1.041303739006E0,2.985843173226E-2,
-9.405285139601E-2));
#2542=CARTESIAN_POINT('',(-1.042987992837E0,9.432366120001E-3,
-9.819790687102E-2));
#2543=CARTESIAN_POINT('',(-1.044632247462E0,-1.091530685657E-2,
-9.803650072290E-2));
#2544=CARTESIAN_POINT('',(-1.046295614464E0,-3.101892122408E-2,
-9.364262224004E-2));
#2545=CARTESIAN_POINT('',(-1.047944348887E0,-4.962312160799E-2,
-8.525963580515E-2));
#2546=CARTESIAN_POINT('',(-1.049611992432E0,-6.626830300084E-2,
-7.307064935577E-2));
#2547=CARTESIAN_POINT('',(-1.051259239053E0,-7.988250739585E-2,
-5.789442222813E-2));
#2548=CARTESIAN_POINT('',(-1.052944991758E0,-9.027506253154E-2,
-3.981017178562E-2));
#2549=CARTESIAN_POINT('',(-1.054598945139E0,-9.652434224051E-2,
-2.031732879442E-2));
#2550=CARTESIAN_POINT('',(-1.055700901592E0,-9.793670613174E-2,
-6.757803234125E-3));
#2551=CARTESIAN_POINT('',(-1.05625E0,-9.793670613174E-2,0.E0));
#2553=CURVE_STYLE('',#127,POSITIVE_LENGTH_MEASURE(2.E-2),#73);
#2554=PRESENTATION_STYLE_ASSIGNMENT((#2553));
#2555=STYLED_ITEM('',(#2554),#2552);
#2556=DIRECTION('',(-1.E0,0.E0,0.E0));
#2557=VECTOR('',#2556,1.25E-2);
#2558=CARTESIAN_POINT('',(-1.01875E0,9.793670613174E-2,0.E0));
#2559=LINE('',#2558,#2557);
#2560=CURVE_STYLE('',#127,POSITIVE_LENGTH_MEASURE(2.E-2),#73);
#2561=PRESENTATION_STYLE_ASSIGNMENT((#2560));
#2562=STYLED_ITEM('',(#2561),#2559);
#2563=CARTESIAN_POINT('',(-1.04375E0,-9.793670613174E-2,0.E0));
#2564=CARTESIAN_POINT('',(-1.043198591624E0,-9.793670613174E-2,
-6.786232217822E-3));
#2565=CARTESIAN_POINT('',(-1.042088938535E0,-9.652955805877E-2,
-2.044578559908E-2));
#2566=CARTESIAN_POINT('',(-1.040387710437E0,-9.001283473765E-2,
-4.047104478581E-2));
#2567=CARTESIAN_POINT('',(-1.038698452248E0,-7.942405507879E-2,
-5.849410802164E-2));
#2568=CARTESIAN_POINT('',(-1.037071975376E0,-6.589617474961E-2,
-7.339678280346E-2));
#2569=CARTESIAN_POINT('',(-1.035385948251E0,-4.901660693550E-2,
-8.565573545190E-2));
#2570=CARTESIAN_POINT('',(-1.033679457951E0,-2.966229108218E-2,
-9.412972813165E-2));
#2571=CARTESIAN_POINT('',(-1.031986083636E0,-9.111690117489E-3,
-9.822455958078E-2));
#2572=CARTESIAN_POINT('',(-1.030358487748E0,1.102621680099E-2,
-9.800487365029E-2));
#2573=CARTESIAN_POINT('',(-1.028701760814E0,3.105698685817E-2,
-9.365227097220E-2));
#2574=CARTESIAN_POINT('',(-1.027011793290E0,5.010313424912E-2,
-8.500617712678E-2));
#2575=CARTESIAN_POINT('',(-1.025341333973E0,6.669675035862E-2,
-7.267706228139E-2));
#2576=CARTESIAN_POINT('',(-1.023703162312E0,8.012794213144E-2,
-5.749936458735E-2));
#2577=CARTESIAN_POINT('',(-1.022066186376E0,9.020233514524E-2,
-3.992790075638E-2));
#2578=CARTESIAN_POINT('',(-1.020400432097E0,9.653753039989E-2,
-2.031454250242E-2));
#2579=CARTESIAN_POINT('',(-1.019300081832E0,9.793670613174E-2,
-6.769906314122E-3));
#2580=CARTESIAN_POINT('',(-1.01875E0,9.793670613174E-2,0.E0));
#2582=CURVE_STYLE('',#127,POSITIVE_LENGTH_MEASURE(2.E-2),#73);
#2583=PRESENTATION_STYLE_ASSIGNMENT((#2582));
#2584=STYLED_ITEM('',(#2583),#2581);
#2585=CARTESIAN_POINT('',(-1.08125E0,9.793670613174E-2,0.E0));
#2586=CARTESIAN_POINT('',(-1.081800181895E0,9.793670613174E-2,
-6.771137804838E-3));
#2587=CARTESIAN_POINT('',(-1.082901093197E0,9.653884217798E-2,
-2.032325100046E-2));
#2588=CARTESIAN_POINT('',(-1.084571606418E0,9.017772601689E-2,
-3.999051531468E-2));
#2589=CARTESIAN_POINT('',(-1.086208754704E0,8.008601269100E-2,
-5.755460208177E-2));
#2590=CARTESIAN_POINT('',(-1.087845060976E0,6.666282743048E-2,
-7.270855358746E-2));
#2591=CARTESIAN_POINT('',(-1.089517865827E0,5.003959210830E-2,
-8.504586467806E-2));
#2592=CARTESIAN_POINT('',(-1.091211080261E0,3.094903059951E-2,
-9.369503344632E-2));
#2593=CARTESIAN_POINT('',(-1.092876702769E0,1.080242263550E-2,
-9.803267629078E-2));
#2594=CARTESIAN_POINT('',(-1.094501672034E0,-9.304308242153E-3,
-9.820460975707E-2));
#2595=CARTESIAN_POINT('',(-1.096196072378E0,-2.985868347466E-2,
-9.406839758874E-2));
#2596=CARTESIAN_POINT('',(-1.097901902209E0,-4.918827021585E-2,
-8.555699003513E-2));
#2597=CARTESIAN_POINT('',(-1.099588241951E0,-6.604569217214E-2,
-7.326144648398E-2));
#2598=CARTESIAN_POINT('',(-1.101211225644E0,-7.951345992829E-2,
-5.836325619004E-2));
#2599=CARTESIAN_POINT('',(-1.102893115237E0,-9.003525741158E-2,
-4.040761716858E-2));
#2600=CARTESIAN_POINT('',(-1.104590358047E0,-9.653094110363E-2,
-2.042825128177E-2));
#2601=CARTESIAN_POINT('',(-1.105698780966E0,-9.793670613174E-2,
-6.783901967165E-3));
#2602=CARTESIAN_POINT('',(-1.10625E0,-9.793670613174E-2,0.E0));
#2604=CURVE_STYLE('',#127,POSITIVE_LENGTH_MEASURE(2.E-2),#73);
#2605=PRESENTATION_STYLE_ASSIGNMENT((#2604));
#2606=STYLED_ITEM('',(#2605),#2603);
#2607=DIRECTION('',(-1.E0,0.E0,0.E0));
#2608=VECTOR('',#2607,1.25E-2);
#2609=CARTESIAN_POINT('',(-1.06875E0,9.793670613174E-2,0.E0));
#2610=LINE('',#2609,#2608);
#2611=CURVE_STYLE('',#127,POSITIVE_LENGTH_MEASURE(2.E-2),#73);
#2612=PRESENTATION_STYLE_ASSIGNMENT((#2611));
#2613=STYLED_ITEM('',(#2612),#2610);
#2614=CARTESIAN_POINT('',(-1.09375E0,-9.793670613174E-2,0.E0));
#2615=CARTESIAN_POINT('',(-1.093200901592E0,-9.793670613174E-2,
-6.757803234125E-3));
#2616=CARTESIAN_POINT('',(-1.092098945139E0,-9.652434224051E-2,
-2.031732879442E-2));
#2617=CARTESIAN_POINT('',(-1.090444991758E0,-9.027506253154E-2,
-3.981017178562E-2));
#2618=CARTESIAN_POINT('',(-1.088759239053E0,-7.988250739585E-2,
-5.789442222813E-2));
#2619=CARTESIAN_POINT('',(-1.087111992432E0,-6.626830300084E-2,
-7.307064935577E-2));
#2620=CARTESIAN_POINT('',(-1.085444348887E0,-4.962312160799E-2,
-8.525963580515E-2));
#2621=CARTESIAN_POINT('',(-1.083795614464E0,-3.101892122408E-2,
-9.364262224004E-2));
#2622=CARTESIAN_POINT('',(-1.082132247462E0,-1.091530685657E-2,
-9.803650072290E-2));
#2623=CARTESIAN_POINT('',(-1.080487992837E0,9.432366120001E-3,
-9.819790687102E-2));
#2624=CARTESIAN_POINT('',(-1.078803739006E0,2.985843173226E-2,
-9.405285139601E-2));
#2625=CARTESIAN_POINT('',(-1.077123060248E0,4.889849217757E-2,
-8.567755127666E-2));
#2626=CARTESIAN_POINT('',(-1.075480791508E0,6.540289776954E-2,
-7.382556282567E-2));
#2627=CARTESIAN_POINT('',(-1.073828266580E0,7.924745003502E-2,
-5.877763957344E-2));
#2628=CARTESIAN_POINT('',(-1.072123882570E0,8.996200047655E-2,
-4.060440814453E-2));
#2629=CARTESIAN_POINT('',(-1.070412860967E0,9.653110840451E-2,
-2.046922780201E-2));
#2630=CARTESIAN_POINT('',(-1.069301297533E0,9.793670613174E-2,
-6.784868060736E-3));
#2631=CARTESIAN_POINT('',(-1.06875E0,9.793670613174E-2,0.E0));
#2633=CURVE_STYLE('',#127,POSITIVE_LENGTH_MEASURE(2.E-2),#73);
#2634=PRESENTATION_STYLE_ASSIGNMENT((#2633));
#2635=STYLED_ITEM('',(#2634),#2632);
#2636=CARTESIAN_POINT('',(-1.14375E0,-9.793670613174E-2,0.E0));
#2637=CARTESIAN_POINT('',(-1.143198780966E0,-9.793670613174E-2,
-6.783901967165E-3));
#2638=CARTESIAN_POINT('',(-1.142090358047E0,-9.653094110363E-2,
-2.042825128177E-2));
#2639=CARTESIAN_POINT('',(-1.140393115237E0,-9.003525741158E-2,
-4.040761716858E-2));
#2640=CARTESIAN_POINT('',(-1.138711225644E0,-7.951345992829E-2,
-5.836325619004E-2));
#2641=CARTESIAN_POINT('',(-1.137088241951E0,-6.604569217214E-2,
-7.326144648398E-2));
#2642=CARTESIAN_POINT('',(-1.135401902209E0,-4.918827021585E-2,
-8.555699003513E-2));
#2643=CARTESIAN_POINT('',(-1.133696072378E0,-2.985868347466E-2,
-9.406839758874E-2));
#2644=CARTESIAN_POINT('',(-1.132001672034E0,-9.304308242152E-3,
-9.820460975707E-2));
#2645=CARTESIAN_POINT('',(-1.130376702769E0,1.080242263550E-2,
-9.803267629078E-2));
#2646=CARTESIAN_POINT('',(-1.128711080261E0,3.094903059951E-2,
-9.369503344632E-2));
#2647=CARTESIAN_POINT('',(-1.127017865827E0,5.003959210830E-2,
-8.504586467806E-2));
#2648=CARTESIAN_POINT('',(-1.125345060976E0,6.666282743048E-2,
-7.270855358746E-2));
#2649=CARTESIAN_POINT('',(-1.123708754704E0,8.008601269100E-2,
-5.755460208177E-2));
#2650=CARTESIAN_POINT('',(-1.122071606418E0,9.017772601689E-2,
-3.999051531468E-2));
#2651=CARTESIAN_POINT('',(-1.120401093197E0,9.653884217798E-2,
-2.032325100046E-2));
#2652=CARTESIAN_POINT('',(-1.119300181895E0,9.793670613174E-2,
-6.771137804838E-3));
#2653=CARTESIAN_POINT('',(-1.11875E0,9.793670613174E-2,0.E0));
#2655=CURVE_STYLE('',#127,POSITIVE_LENGTH_MEASURE(2.E-2),#73);
#2656=PRESENTATION_STYLE_ASSIGNMENT((#2655));
#2657=STYLED_ITEM('',(#2656),#2654);
#2658=CARTESIAN_POINT('',(-1.13125E0,9.793670613174E-2,0.E0));
#2659=CARTESIAN_POINT('',(-1.131803633441E0,9.793670613174E-2,
-6.813616287209E-3));
#2660=CARTESIAN_POINT('',(-1.132919175516E0,9.651911398298E-2,
-2.054676193579E-2));
#2661=CARTESIAN_POINT('',(-1.134634253306E0,8.991157506773E-2,
-4.072291999425E-2));
#2662=CARTESIAN_POINT('',(-1.136340278474E0,7.915800614011E-2,
-5.889681813675E-2));
#2663=CARTESIAN_POINT('',(-1.137990296773E0,6.531336874663E-2,
-7.390194899839E-2));
#2664=CARTESIAN_POINT('',(-1.139632855659E0,4.879471160705E-2,
-8.574086537333E-2));
#2665=CARTESIAN_POINT('',(-1.141319005356E0,2.967892260394E-2,
-9.411233216038E-2));
#2666=CARTESIAN_POINT('',(-1.143003060001E0,9.245923603993E-3,
-9.821568036240E-2));
#2667=CARTESIAN_POINT('',(-1.144646891817E0,-1.109479990320E-2,
-9.801192093432E-2));
#2668=CARTESIAN_POINT('',(-1.146303240958E0,-3.110843689400E-2,
-9.361126127577E-2));
#2669=CARTESIAN_POINT('',(-1.147956057157E0,-4.974976679170E-2,
-8.518941738723E-2));
#2670=CARTESIAN_POINT('',(-1.149623479922E0,-6.637322702457E-2,
-7.297387121423E-2));
#2671=CARTESIAN_POINT('',(-1.151269498846E0,-7.995516305064E-2,
-5.779003560890E-2));
#2672=CARTESIAN_POINT('',(-1.152950407102E0,-9.029717754496E-2,
-3.974651139025E-2));
#2673=CARTESIAN_POINT('',(-1.154598801109E0,-9.652114130135E-2,
-2.031857257440E-2));
#2674=CARTESIAN_POINT('',(-1.155700497186E0,-9.793670613174E-2,
-6.762780293055E-3));
#2675=CARTESIAN_POINT('',(-1.15625E0,-9.793670613174E-2,0.E0));
#2677=CURVE_STYLE('',#127,POSITIVE_LENGTH_MEASURE(2.E-2),#73);
#2678=PRESENTATION_STYLE_ASSIGNMENT((#2677));
#2679=STYLED_ITEM('',(#2678),#2676);
#2680=DIRECTION('',(-1.E0,0.E0,1.113372397220E-14));
#2681=VECTOR('',#2680,1.25E-2);
#2682=CARTESIAN_POINT('',(-1.11875E0,9.793670613174E-2,0.E0));
#2683=LINE('',#2682,#2681);
#2684=CURVE_STYLE('',#127,POSITIVE_LENGTH_MEASURE(2.E-2),#73);
#2685=PRESENTATION_STYLE_ASSIGNMENT((#2684));
#2686=STYLED_ITEM('',(#2685),#2683);
#2687=CARTESIAN_POINT('',(-1.18125E0,9.793670613174E-2,0.E0));
#2688=CARTESIAN_POINT('',(-1.181800081832E0,9.793670613174E-2,
-6.769906314122E-3));
#2689=CARTESIAN_POINT('',(-1.182900432097E0,9.653753039989E-2,
-2.031454250242E-2));
#2690=CARTESIAN_POINT('',(-1.184566186376E0,9.020233514524E-2,
-3.992790075638E-2));
#2691=CARTESIAN_POINT('',(-1.186203162312E0,8.012794213144E-2,
-5.749936458735E-2));
#2692=CARTESIAN_POINT('',(-1.187841333973E0,6.669675035862E-2,
-7.267706228139E-2));
#2693=CARTESIAN_POINT('',(-1.189511793290E0,5.010313424912E-2,
-8.500617712678E-2));
#2694=CARTESIAN_POINT('',(-1.191201760814E0,3.105698685817E-2,
-9.365227097220E-2));
#2695=CARTESIAN_POINT('',(-1.192858487748E0,1.102621680099E-2,
-9.800487365029E-2));
#2696=CARTESIAN_POINT('',(-1.194486083636E0,-9.111690117488E-3,
-9.822455958078E-2));
#2697=CARTESIAN_POINT('',(-1.196179457951E0,-2.966229108218E-2,
-9.412972813165E-2));
#2698=CARTESIAN_POINT('',(-1.197885948251E0,-4.901660693550E-2,
-8.565573545190E-2));
#2699=CARTESIAN_POINT('',(-1.199571975376E0,-6.589617474961E-2,
-7.339678280346E-2));
#2700=CARTESIAN_POINT('',(-1.201198452248E0,-7.942405507879E-2,
-5.849410802164E-2));
#2701=CARTESIAN_POINT('',(-1.202887710437E0,-9.001283473765E-2,
-4.047104478581E-2));
#2702=CARTESIAN_POINT('',(-1.204588938535E0,-9.652955805877E-2,
-2.044578559907E-2));
#2703=CARTESIAN_POINT('',(-1.205698591624E0,-9.793670613174E-2,
-6.786232217820E-3));
#2704=CARTESIAN_POINT('',(-1.20625E0,-9.793670613174E-2,0.E0));
#2706=CURVE_STYLE('',#127,POSITIVE_LENGTH_MEASURE(2.E-2),#73);
#2707=PRESENTATION_STYLE_ASSIGNMENT((#2706));
#2708=STYLED_ITEM('',(#2707),#2705);
#2709=DIRECTION('',(-1.E0,0.E0,-2.111391544223E-14));
#2710=VECTOR('',#2709,1.25E-2);
#2711=CARTESIAN_POINT('',(-1.16875E0,9.793670613174E-2,0.E0));
#2712=LINE('',#2711,#2710);
#2713=CURVE_STYLE('',#127,POSITIVE_LENGTH_MEASURE(2.E-2),#73);
#2714=PRESENTATION_STYLE_ASSIGNMENT((#2713));
#2715=STYLED_ITEM('',(#2714),#2712);
#2716=CARTESIAN_POINT('',(-1.19375E0,-9.793670613174E-2,0.E0));
#2717=CARTESIAN_POINT('',(-1.193200497186E0,-9.793670613174E-2,
-6.762780293055E-3));
#2718=CARTESIAN_POINT('',(-1.192098801109E0,-9.652114130135E-2,
-2.031857257440E-2));
#2719=CARTESIAN_POINT('',(-1.190450407102E0,-9.029717754496E-2,
-3.974651139025E-2));
#2720=CARTESIAN_POINT('',(-1.188769498846E0,-7.995516305064E-2,
-5.779003560890E-2));
#2721=CARTESIAN_POINT('',(-1.187123479922E0,-6.637322702457E-2,
-7.297387121423E-2));
#2722=CARTESIAN_POINT('',(-1.185456057157E0,-4.974976679170E-2,
-8.518941738723E-2));
#2723=CARTESIAN_POINT('',(-1.183803240958E0,-3.110843689400E-2,
-9.361126127577E-2));
#2724=CARTESIAN_POINT('',(-1.182146891817E0,-1.109479990320E-2,
-9.801192093432E-2));
#2725=CARTESIAN_POINT('',(-1.180503060001E0,9.245923603993E-3,
-9.821568036240E-2));
#2726=CARTESIAN_POINT('',(-1.178819005356E0,2.967892260394E-2,
-9.411233216038E-2));
#2727=CARTESIAN_POINT('',(-1.177132855659E0,4.879471160705E-2,
-8.574086537333E-2));
#2728=CARTESIAN_POINT('',(-1.175490296773E0,6.531336874663E-2,
-7.390194899839E-2));
#2729=CARTESIAN_POINT('',(-1.173840278474E0,7.915800614011E-2,
-5.889681813675E-2));
#2730=CARTESIAN_POINT('',(-1.172134253306E0,8.991157506773E-2,
-4.072291999425E-2));
#2731=CARTESIAN_POINT('',(-1.170419175516E0,9.651911398298E-2,
-2.054676193579E-2));
#2732=CARTESIAN_POINT('',(-1.169303633441E0,9.793670613174E-2,
-6.813616287209E-3));
#2733=CARTESIAN_POINT('',(-1.16875E0,9.793670613174E-2,0.E0));
#2735=CURVE_STYLE('',#127,POSITIVE_LENGTH_MEASURE(2.E-2),#73);
#2736=PRESENTATION_STYLE_ASSIGNMENT((#2735));
#2737=STYLED_ITEM('',(#2736),#2734);
#2738=CARTESIAN_POINT('',(-1.23125E0,9.793670613174E-2,0.E0));
#2739=CARTESIAN_POINT('',(-1.231801297533E0,9.793670613174E-2,
-6.784868060736E-3));
#2740=CARTESIAN_POINT('',(-1.232912860967E0,9.653110840451E-2,
-2.046922780201E-2));
#2741=CARTESIAN_POINT('',(-1.234623882570E0,8.996200047655E-2,
-4.060440814453E-2));
#2742=CARTESIAN_POINT('',(-1.236328266580E0,7.924745003502E-2,
-5.877763957344E-2));
#2743=CARTESIAN_POINT('',(-1.237980791508E0,6.540289776954E-2,
-7.382556282567E-2));
#2744=CARTESIAN_POINT('',(-1.239623060248E0,4.889849217757E-2,
-8.567755127666E-2));
#2745=CARTESIAN_POINT('',(-1.241303739006E0,2.985843173226E-2,
-9.405285139601E-2));
#2746=CARTESIAN_POINT('',(-1.242987992837E0,9.432366120001E-3,
-9.819790687102E-2));
#2747=CARTESIAN_POINT('',(-1.244632247462E0,-1.091530685657E-2,
-9.803650072290E-2));
#2748=CARTESIAN_POINT('',(-1.246295614464E0,-3.101892122408E-2,
-9.364262224004E-2));
#2749=CARTESIAN_POINT('',(-1.247944348887E0,-4.962312160799E-2,
-8.525963580515E-2));
#2750=CARTESIAN_POINT('',(-1.249611992432E0,-6.626830300084E-2,
-7.307064935577E-2));
#2751=CARTESIAN_POINT('',(-1.251259239053E0,-7.988250739585E-2,
-5.789442222813E-2));
#2752=CARTESIAN_POINT('',(-1.252944991758E0,-9.027506253154E-2,
-3.981017178562E-2));
#2753=CARTESIAN_POINT('',(-1.254598945139E0,-9.652434224051E-2,
-2.031732879442E-2));
#2754=CARTESIAN_POINT('',(-1.255700901592E0,-9.793670613174E-2,
-6.757803234125E-3));
#2755=CARTESIAN_POINT('',(-1.25625E0,-9.793670613174E-2,0.E0));
#2757=CURVE_STYLE('',#127,POSITIVE_LENGTH_MEASURE(2.E-2),#73);
#2758=PRESENTATION_STYLE_ASSIGNMENT((#2757));
#2759=STYLED_ITEM('',(#2758),#2756);
#2760=DIRECTION('',(-1.E0,0.E0,0.E0));
#2761=VECTOR('',#2760,1.25E-2);
#2762=CARTESIAN_POINT('',(-1.21875E0,9.793670613174E-2,0.E0));
#2763=LINE('',#2762,#2761);
#2764=CURVE_STYLE('',#127,POSITIVE_LENGTH_MEASURE(2.E-2),#73);
#2765=PRESENTATION_STYLE_ASSIGNMENT((#2764));
#2766=STYLED_ITEM('',(#2765),#2763);
#2767=CARTESIAN_POINT('',(-1.24375E0,-9.793670613174E-2,0.E0));
#2768=CARTESIAN_POINT('',(-1.243198591624E0,-9.793670613174E-2,
-6.786232217822E-3));
#2769=CARTESIAN_POINT('',(-1.242088938535E0,-9.652955805877E-2,
-2.044578559908E-2));
#2770=CARTESIAN_POINT('',(-1.240387710437E0,-9.001283473765E-2,
-4.047104478581E-2));
#2771=CARTESIAN_POINT('',(-1.238698452248E0,-7.942405507879E-2,
-5.849410802164E-2));
#2772=CARTESIAN_POINT('',(-1.237071975376E0,-6.589617474961E-2,
-7.339678280346E-2));
#2773=CARTESIAN_POINT('',(-1.235385948251E0,-4.901660693550E-2,
-8.565573545190E-2));
#2774=CARTESIAN_POINT('',(-1.233679457951E0,-2.966229108218E-2,
-9.412972813165E-2));
#2775=CARTESIAN_POINT('',(-1.231986083636E0,-9.111690117489E-3,
-9.822455958078E-2));
#2776=CARTESIAN_POINT('',(-1.230358487748E0,1.102621680099E-2,
-9.800487365029E-2));
#2777=CARTESIAN_POINT('',(-1.228701760814E0,3.105698685817E-2,
-9.365227097220E-2));
#2778=CARTESIAN_POINT('',(-1.227011793290E0,5.010313424912E-2,
-8.500617712678E-2));
#2779=CARTESIAN_POINT('',(-1.225341333973E0,6.669675035862E-2,
-7.267706228139E-2));
#2780=CARTESIAN_POINT('',(-1.223703162312E0,8.012794213144E-2,
-5.749936458735E-2));
#2781=CARTESIAN_POINT('',(-1.222066186376E0,9.020233514524E-2,
-3.992790075638E-2));
#2782=CARTESIAN_POINT('',(-1.220400432097E0,9.653753039989E-2,
-2.031454250242E-2));
#2783=CARTESIAN_POINT('',(-1.219300081832E0,9.793670613174E-2,
-6.769906314122E-3));
#2784=CARTESIAN_POINT('',(-1.21875E0,9.793670613174E-2,0.E0));
#2786=CURVE_STYLE('',#127,POSITIVE_LENGTH_MEASURE(2.E-2),#73);
#2787=PRESENTATION_STYLE_ASSIGNMENT((#2786));
#2788=STYLED_ITEM('',(#2787),#2785);
#2789=CARTESIAN_POINT('',(-1.28125E0,9.793670613174E-2,0.E0));
#2790=CARTESIAN_POINT('',(-1.281800181895E0,9.793670613174E-2,
-6.771137804838E-3));
#2791=CARTESIAN_POINT('',(-1.282901093197E0,9.653884217798E-2,
-2.032325100046E-2));
#2792=CARTESIAN_POINT('',(-1.284571606418E0,9.017772601689E-2,
-3.999051531468E-2));
#2793=CARTESIAN_POINT('',(-1.286208754704E0,8.008601269100E-2,
-5.755460208177E-2));
#2794=CARTESIAN_POINT('',(-1.287845060976E0,6.666282743048E-2,
-7.270855358746E-2));
#2795=CARTESIAN_POINT('',(-1.289517865827E0,5.003959210830E-2,
-8.504586467806E-2));
#2796=CARTESIAN_POINT('',(-1.291211080261E0,3.094903059951E-2,
-9.369503344632E-2));
#2797=CARTESIAN_POINT('',(-1.292876702769E0,1.080242263550E-2,
-9.803267629078E-2));
#2798=CARTESIAN_POINT('',(-1.294501672034E0,-9.304308242152E-3,
-9.820460975707E-2));
#2799=CARTESIAN_POINT('',(-1.296196072378E0,-2.985868347466E-2,
-9.406839758874E-2));
#2800=CARTESIAN_POINT('',(-1.297901902209E0,-4.918827021585E-2,
-8.555699003513E-2));
#2801=CARTESIAN_POINT('',(-1.299588241951E0,-6.604569217214E-2,
-7.326144648398E-2));
#2802=CARTESIAN_POINT('',(-1.301211225644E0,-7.951345992829E-2,
-5.836325619004E-2));
#2803=CARTESIAN_POINT('',(-1.302893115237E0,-9.003525741158E-2,
-4.040761716858E-2));
#2804=CARTESIAN_POINT('',(-1.304590358047E0,-9.653094110363E-2,
-2.042825128177E-2));
#2805=CARTESIAN_POINT('',(-1.305698780966E0,-9.793670613174E-2,
-6.783901967165E-3));
#2806=CARTESIAN_POINT('',(-1.30625E0,-9.793670613174E-2,0.E0));
#2808=CURVE_STYLE('',#127,POSITIVE_LENGTH_MEASURE(2.E-2),#73);
#2809=PRESENTATION_STYLE_ASSIGNMENT((#2808));
#2810=STYLED_ITEM('',(#2809),#2807);
#2811=DIRECTION('',(-1.E0,0.E0,0.E0));
#2812=VECTOR('',#2811,1.25E-2);
#2813=CARTESIAN_POINT('',(-1.26875E0,9.793670613174E-2,0.E0));
#2814=LINE('',#2813,#2812);
#2815=CURVE_STYLE('',#127,POSITIVE_LENGTH_MEASURE(2.E-2),#73);
#2816=PRESENTATION_STYLE_ASSIGNMENT((#2815));
#2817=STYLED_ITEM('',(#2816),#2814);
#2818=CARTESIAN_POINT('',(-1.29375E0,-9.793670613174E-2,0.E0));
#2819=CARTESIAN_POINT('',(-1.293200901592E0,-9.793670613174E-2,
-6.757803234125E-3));
#2820=CARTESIAN_POINT('',(-1.292098945139E0,-9.652434224051E-2,
-2.031732879442E-2));
#2821=CARTESIAN_POINT('',(-1.290444991758E0,-9.027506253154E-2,
-3.981017178562E-2));
#2822=CARTESIAN_POINT('',(-1.288759239053E0,-7.988250739585E-2,
-5.789442222813E-2));
#2823=CARTESIAN_POINT('',(-1.287111992432E0,-6.626830300084E-2,
-7.307064935577E-2));
#2824=CARTESIAN_POINT('',(-1.285444348887E0,-4.962312160799E-2,
-8.525963580515E-2));
#2825=CARTESIAN_POINT('',(-1.283795614464E0,-3.101892122408E-2,
-9.364262224004E-2));
#2826=CARTESIAN_POINT('',(-1.282132247462E0,-1.091530685657E-2,
-9.803650072290E-2));
#2827=CARTESIAN_POINT('',(-1.280487992837E0,9.432366120001E-3,
-9.819790687102E-2));
#2828=CARTESIAN_POINT('',(-1.278803739006E0,2.985843173226E-2,
-9.405285139601E-2));
#2829=CARTESIAN_POINT('',(-1.277123060248E0,4.889849217757E-2,
-8.567755127666E-2));
#2830=CARTESIAN_POINT('',(-1.275480791508E0,6.540289776954E-2,
-7.382556282567E-2));
#2831=CARTESIAN_POINT('',(-1.273828266580E0,7.924745003502E-2,
-5.877763957345E-2));
#2832=CARTESIAN_POINT('',(-1.272123882570E0,8.996200047655E-2,
-4.060440814453E-2));
#2833=CARTESIAN_POINT('',(-1.270412860967E0,9.653110840451E-2,
-2.046922780201E-2));
#2834=CARTESIAN_POINT('',(-1.269301297533E0,9.793670613174E-2,
-6.784868060736E-3));
#2835=CARTESIAN_POINT('',(-1.26875E0,9.793670613174E-2,0.E0));
#2837=CURVE_STYLE('',#127,POSITIVE_LENGTH_MEASURE(2.E-2),#73);
#2838=PRESENTATION_STYLE_ASSIGNMENT((#2837));
#2839=STYLED_ITEM('',(#2838),#2836);
#2840=CARTESIAN_POINT('',(-1.34375E0,-9.793670613174E-2,0.E0));
#2841=CARTESIAN_POINT('',(-1.343198780966E0,-9.793670613174E-2,
-6.783901967165E-3));
#2842=CARTESIAN_POINT('',(-1.342090358047E0,-9.653094110363E-2,
-2.042825128177E-2));
#2843=CARTESIAN_POINT('',(-1.340393115237E0,-9.003525741158E-2,
-4.040761716858E-2));
#2844=CARTESIAN_POINT('',(-1.338711225644E0,-7.951345992829E-2,
-5.836325619004E-2));
#2845=CARTESIAN_POINT('',(-1.337088241951E0,-6.604569217214E-2,
-7.326144648398E-2));
#2846=CARTESIAN_POINT('',(-1.335401902209E0,-4.918827021585E-2,
-8.555699003513E-2));
#2847=CARTESIAN_POINT('',(-1.333696072378E0,-2.985868347466E-2,
-9.406839758874E-2));
#2848=CARTESIAN_POINT('',(-1.332001672034E0,-9.304308242152E-3,
-9.820460975707E-2));
#2849=CARTESIAN_POINT('',(-1.330376702769E0,1.080242263550E-2,
-9.803267629078E-2));
#2850=CARTESIAN_POINT('',(-1.328711080261E0,3.094903059951E-2,
-9.369503344632E-2));
#2851=CARTESIAN_POINT('',(-1.327017865827E0,5.003959210830E-2,
-8.504586467806E-2));
#2852=CARTESIAN_POINT('',(-1.325345060976E0,6.666282743048E-2,
-7.270855358746E-2));
#2853=CARTESIAN_POINT('',(-1.323708754704E0,8.008601269100E-2,
-5.755460208177E-2));
#2854=CARTESIAN_POINT('',(-1.322071606418E0,9.017772601689E-2,
-3.999051531468E-2));
#2855=CARTESIAN_POINT('',(-1.320401093197E0,9.653884217798E-2,
-2.032325100046E-2));
#2856=CARTESIAN_POINT('',(-1.319300181895E0,9.793670613174E-2,
-6.771137804838E-3));
#2857=CARTESIAN_POINT('',(-1.31875E0,9.793670613174E-2,0.E0));
#2859=CURVE_STYLE('',#127,POSITIVE_LENGTH_MEASURE(2.E-2),#73);
#2860=PRESENTATION_STYLE_ASSIGNMENT((#2859));
#2861=STYLED_ITEM('',(#2860),#2858);
#2862=CARTESIAN_POINT('',(-1.33125E0,9.793670613174E-2,0.E0));
#2863=CARTESIAN_POINT('',(-1.331803633441E0,9.793670613174E-2,
-6.813616287209E-3));
#2864=CARTESIAN_POINT('',(-1.332919175516E0,9.651911398298E-2,
-2.054676193579E-2));
#2865=CARTESIAN_POINT('',(-1.334634253306E0,8.991157506773E-2,
-4.072291999425E-2));
#2866=CARTESIAN_POINT('',(-1.336340278474E0,7.915800614011E-2,
-5.889681813675E-2));
#2867=CARTESIAN_POINT('',(-1.337990296773E0,6.531336874663E-2,
-7.390194899839E-2));
#2868=CARTESIAN_POINT('',(-1.339632855659E0,4.879471160705E-2,
-8.574086537333E-2));
#2869=CARTESIAN_POINT('',(-1.341319005356E0,2.967892260394E-2,
-9.411233216038E-2));
#2870=CARTESIAN_POINT('',(-1.343003060001E0,9.245923603993E-3,
-9.821568036240E-2));
#2871=CARTESIAN_POINT('',(-1.344646891817E0,-1.109479990320E-2,
-9.801192093432E-2));
#2872=CARTESIAN_POINT('',(-1.346303240958E0,-3.110843689400E-2,
-9.361126127577E-2));
#2873=CARTESIAN_POINT('',(-1.347956057157E0,-4.974976679170E-2,
-8.518941738723E-2));
#2874=CARTESIAN_POINT('',(-1.349623479922E0,-6.637322702457E-2,
-7.297387121423E-2));
#2875=CARTESIAN_POINT('',(-1.351269498846E0,-7.995516305064E-2,
-5.779003560890E-2));
#2876=CARTESIAN_POINT('',(-1.352950407102E0,-9.029717754496E-2,
-3.974651139025E-2));
#2877=CARTESIAN_POINT('',(-1.354598801109E0,-9.652114130135E-2,
-2.031857257440E-2));
#2878=CARTESIAN_POINT('',(-1.355700497186E0,-9.793670613174E-2,
-6.762780293055E-3));
#2879=CARTESIAN_POINT('',(-1.35625E0,-9.793670613174E-2,0.E0));
#2881=CURVE_STYLE('',#127,POSITIVE_LENGTH_MEASURE(2.E-2),#73);
#2882=PRESENTATION_STYLE_ASSIGNMENT((#2881));
#2883=STYLED_ITEM('',(#2882),#2880);
#2884=DIRECTION('',(-1.E0,0.E0,2.830208443328E-14));
#2885=VECTOR('',#2884,1.25E-2);
#2886=CARTESIAN_POINT('',(-1.31875E0,9.793670613174E-2,0.E0));
#2887=LINE('',#2886,#2885);
#2888=CURVE_STYLE('',#127,POSITIVE_LENGTH_MEASURE(2.E-2),#73);
#2889=PRESENTATION_STYLE_ASSIGNMENT((#2888));
#2890=STYLED_ITEM('',(#2889),#2887);
#2891=CARTESIAN_POINT('',(-1.38125E0,9.793670613174E-2,0.E0));
#2892=CARTESIAN_POINT('',(-1.381800081832E0,9.793670613174E-2,
-6.769906314122E-3));
#2893=CARTESIAN_POINT('',(-1.382900432097E0,9.653753039989E-2,
-2.031454250242E-2));
#2894=CARTESIAN_POINT('',(-1.384566186376E0,9.020233514524E-2,
-3.992790075638E-2));
#2895=CARTESIAN_POINT('',(-1.386203162312E0,8.012794213144E-2,
-5.749936458735E-2));
#2896=CARTESIAN_POINT('',(-1.387841333973E0,6.669675035862E-2,
-7.267706228139E-2));
#2897=CARTESIAN_POINT('',(-1.389511793290E0,5.010313424912E-2,
-8.500617712678E-2));
#2898=CARTESIAN_POINT('',(-1.391201760814E0,3.105698685817E-2,
-9.365227097220E-2));
#2899=CARTESIAN_POINT('',(-1.392858487748E0,1.102621680099E-2,
-9.800487365029E-2));
#2900=CARTESIAN_POINT('',(-1.394486083636E0,-9.111690117489E-3,
-9.822455958078E-2));
#2901=CARTESIAN_POINT('',(-1.396179457951E0,-2.966229108218E-2,
-9.412972813165E-2));
#2902=CARTESIAN_POINT('',(-1.397885948251E0,-4.901660693550E-2,
-8.565573545190E-2));
#2903=CARTESIAN_POINT('',(-1.399571975376E0,-6.589617474961E-2,
-7.339678280346E-2));
#2904=CARTESIAN_POINT('',(-1.401198452248E0,-7.942405507879E-2,
-5.849410802164E-2));
#2905=CARTESIAN_POINT('',(-1.402887710437E0,-9.001283473764E-2,
-4.047104478581E-2));
#2906=CARTESIAN_POINT('',(-1.404588938535E0,-9.652955805877E-2,
-2.044578559908E-2));
#2907=CARTESIAN_POINT('',(-1.405698591624E0,-9.793670613174E-2,
-6.786232217823E-3));
#2908=CARTESIAN_POINT('',(-1.40625E0,-9.793670613174E-2,0.E0));
#2910=CURVE_STYLE('',#127,POSITIVE_LENGTH_MEASURE(2.E-2),#73);
#2911=PRESENTATION_STYLE_ASSIGNMENT((#2910));
#2912=STYLED_ITEM('',(#2911),#2909);
#2913=DIRECTION('',(-1.E0,0.E0,-2.007352840208E-14));
#2914=VECTOR('',#2913,1.25E-2);
#2915=CARTESIAN_POINT('',(-1.36875E0,9.793670613174E-2,0.E0));
#2916=LINE('',#2915,#2914);
#2917=CURVE_STYLE('',#127,POSITIVE_LENGTH_MEASURE(2.E-2),#73);
#2918=PRESENTATION_STYLE_ASSIGNMENT((#2917));
#2919=STYLED_ITEM('',(#2918),#2916);
#2920=CARTESIAN_POINT('',(-1.39375E0,-9.793670613174E-2,0.E0));
#2921=CARTESIAN_POINT('',(-1.393200497186E0,-9.793670613174E-2,
-6.762780293055E-3));
#2922=CARTESIAN_POINT('',(-1.392098801109E0,-9.652114130135E-2,
-2.031857257440E-2));
#2923=CARTESIAN_POINT('',(-1.390450407102E0,-9.029717754496E-2,
-3.974651139025E-2));
#2924=CARTESIAN_POINT('',(-1.388769498846E0,-7.995516305064E-2,
-5.779003560890E-2));
#2925=CARTESIAN_POINT('',(-1.387123479922E0,-6.637322702457E-2,
-7.297387121423E-2));
#2926=CARTESIAN_POINT('',(-1.385456057157E0,-4.974976679170E-2,
-8.518941738723E-2));
#2927=CARTESIAN_POINT('',(-1.383803240958E0,-3.110843689400E-2,
-9.361126127577E-2));
#2928=CARTESIAN_POINT('',(-1.382146891817E0,-1.109479990320E-2,
-9.801192093432E-2));
#2929=CARTESIAN_POINT('',(-1.380503060001E0,9.245923603993E-3,
-9.821568036240E-2));
#2930=CARTESIAN_POINT('',(-1.378819005356E0,2.967892260394E-2,
-9.411233216038E-2));
#2931=CARTESIAN_POINT('',(-1.377132855659E0,4.879471160705E-2,
-8.574086537333E-2));
#2932=CARTESIAN_POINT('',(-1.375490296773E0,6.531336874663E-2,
-7.390194899839E-2));
#2933=CARTESIAN_POINT('',(-1.373840278474E0,7.915800614010E-2,
-5.889681813675E-2));
#2934=CARTESIAN_POINT('',(-1.372134253306E0,8.991157506773E-2,
-4.072291999425E-2));
#2935=CARTESIAN_POINT('',(-1.370419175516E0,9.651911398298E-2,
-2.054676193579E-2));
#2936=CARTESIAN_POINT('',(-1.369303633441E0,9.793670613174E-2,
-6.813616287208E-3));
#2937=CARTESIAN_POINT('',(-1.36875E0,9.793670613174E-2,0.E0));
#2939=CURVE_STYLE('',#127,POSITIVE_LENGTH_MEASURE(2.E-2),#73);
#2940=PRESENTATION_STYLE_ASSIGNMENT((#2939));
#2941=STYLED_ITEM('',(#2940),#2938);
#2942=CARTESIAN_POINT('',(-1.41875E0,9.793670613174E-2,0.E0));
#2943=CARTESIAN_POINT('',(-1.419357336855E0,9.793670613174E-2,
-7.474549003061E-3));
#2944=CARTESIAN_POINT('',(-1.420572057375E0,9.621789121473E-2,
-2.242385708935E-2));
#2945=CARTESIAN_POINT('',(-1.422394350968E0,8.861595342617E-2,
-4.368003937468E-2));
#2946=CARTESIAN_POINT('',(-1.424216640229E0,7.638729590030E-2,
-6.265554480445E-2));
#2947=CARTESIAN_POINT('',(-1.426039055097E0,6.016928496251E-2,
-7.836086742592E-2));
#2948=CARTESIAN_POINT('',(-1.427861605026E0,4.080775583381E-2,
-8.997505382905E-2));
#2949=CARTESIAN_POINT('',(-1.429684131361E0,1.931526416941E-2,
-9.689001140566E-2));
#2950=CARTESIAN_POINT('',(-1.431506482335E0,-3.183715801652E-3,
-9.874517718427E-2));
#2951=CARTESIAN_POINT('',(-1.433328940638E0,-2.551774854947E-2,
-9.544428864897E-2));
#2952=CARTESIAN_POINT('',(-1.435151432414E0,-4.651965820301E-2,
-8.715899065555E-2));
#2953=CARTESIAN_POINT('',(-1.436973776872E0,-6.509049339392E-2,
-7.432298562428E-2));
#2954=CARTESIAN_POINT('',(-1.438795634056E0,-8.025948261664E-2,
-5.761161924276E-2));
#2955=CARTESIAN_POINT('',(-1.440617994862E0,-9.124280095442E-2,
-3.788817471101E-2));
#2956=CARTESIAN_POINT('',(-1.442440441309E0,-9.746186370349E-2,
-1.618505224856E-2));
#2957=CARTESIAN_POINT('',(-1.444262856747E0,-9.859109614647E-2,
6.362746389623E-3));
#2958=CARTESIAN_POINT('',(-1.446084676329E0,-9.457454931500E-2,
2.857118146635E-2));
#2959=CARTESIAN_POINT('',(-1.447906730102E0,-8.562151153684E-2,
4.929115492448E-2));
#2960=CARTESIAN_POINT('',(-1.449728324869E0,-7.220274949389E-2,
6.743375416099E-2));
#2961=CARTESIAN_POINT('',(-1.451549665211E0,-5.502040443391E-2,
8.205703350087E-2));
#2962=CARTESIAN_POINT('',(-1.453371590973E0,-3.496156368980E-2,
9.240331586299E-2));
#2963=CARTESIAN_POINT('',(-1.455193591315E0,-1.307691511567E-2,
9.792683967482E-2));
#2964=CARTESIAN_POINT('',(-1.457015493021E0,9.489046160930E-3,
9.833914009754E-2));
#2965=CARTESIAN_POINT('',(-1.458229885804E0,2.420015698477E-2,
9.519341604388E-2));
#2966=CARTESIAN_POINT('',(-1.458837041989E0,3.128107951339E-2,
9.280674798963E-2));
#2968=CURVE_STYLE('',#127,POSITIVE_LENGTH_MEASURE(2.E-2),#73);
#2969=PRESENTATION_STYLE_ASSIGNMENT((#2968));
#2970=STYLED_ITEM('',(#2969),#2967);
#2971=CARTESIAN_POINT('',(-1.458837041989E0,0.E0,0.E0));
#2972=DIRECTION('',(1.E0,0.E0,0.E0));
#2973=DIRECTION('',(0.E0,3.194009758845E-1,9.476196581984E-1));
#2974=AXIS2_PLACEMENT_3D('',#2971,#2972,#2973);
#2976=CURVE_STYLE('',#127,POSITIVE_LENGTH_MEASURE(2.E-2),#73);
#2977=PRESENTATION_STYLE_ASSIGNMENT((#2976));
#2978=STYLED_ITEM('',(#2977),#2975);
#2979=CARTESIAN_POINT('',(-1.458837041989E0,-9.280674798963E-2,
3.128107951340E-2));
#2980=CARTESIAN_POINT('',(-1.458224587547E0,-9.521424293948E-2,
2.413836639183E-2));
#2981=CARTESIAN_POINT('',(-1.456999368027E0,-9.837407617113E-2,
9.291281887379E-3));
#2982=CARTESIAN_POINT('',(-1.455160254602E0,-9.788760206578E-2,
-1.348928047647E-2));
#2983=CARTESIAN_POINT('',(-1.453320913728E0,-9.219416602472E-2,
-3.555522625129E-2));
#2984=CARTESIAN_POINT('',(-1.451481624666E0,-8.159738906174E-2,
-5.572940422195E-2));
#2985=CARTESIAN_POINT('',(-1.449642636659E0,-6.666367482962E-2,
-7.293703343677E-2));
#2986=CARTESIAN_POINT('',(-1.447803689857E0,-4.818633435750E-2,
-8.626676419855E-2));
#2987=CARTESIAN_POINT('',(-1.445964563413E0,-2.714499744422E-2,
-9.501086297047E-2));
#2988=CARTESIAN_POINT('',(-1.444125285553E0,-4.658259805255E-3,
-9.870274517404E-2));
#2989=CARTESIAN_POINT('',(-1.442285937958E0,1.807712771463E-2,
-9.714510798307E-2));
#2990=CARTESIAN_POINT('',(-1.440446455326E0,3.985257652685E-2,
-9.041976104433E-2));
#2991=CARTESIAN_POINT('',(-1.438607071192E0,5.950697089340E-2,
-7.888505811892E-2));
#2992=CARTESIAN_POINT('',(-1.436767779723E0,7.599551752421E-2,
-6.315548815353E-2));
#2993=CARTESIAN_POINT('',(-1.434928385519E0,8.844293802646E-2,
-4.406592363216E-2));
#2994=CARTESIAN_POINT('',(-1.433088995795E0,9.618572689963E-2,
-2.263231631577E-2));
#2995=CARTESIAN_POINT('',(-1.431862972187E0,9.793670613174E-2,
-7.543903543049E-3));
#2996=CARTESIAN_POINT('',(-1.43125E0,9.793670613174E-2,0.E0));
#2998=CURVE_STYLE('',#127,POSITIVE_LENGTH_MEASURE(2.E-2),#73);
#2999=PRESENTATION_STYLE_ASSIGNMENT((#2998));
#3000=STYLED_ITEM('',(#2999),#2997);
#3001=DIRECTION('',(-1.E0,0.E0,-1.559758153180E-14));
#3002=VECTOR('',#3001,1.25E-2);
#3003=CARTESIAN_POINT('',(-1.41875E0,9.793670613174E-2,0.E0));
#3004=LINE('',#3003,#3002);
#3005=CURVE_STYLE('',#127,POSITIVE_LENGTH_MEASURE(2.E-2),#73);
#3006=PRESENTATION_STYLE_ASSIGNMENT((#3005));
#3007=STYLED_ITEM('',(#3006),#3004);
#3008=CARTESIAN_POINT('',(-9.0625E-1,-9.793670613174E-2,0.E0));
#3009=CARTESIAN_POINT('',(-9.056713335888E-1,-9.793670613174E-2,
-7.121699289804E-3));
#3010=CARTESIAN_POINT('',(-9.045139643897E-1,-9.637697830503E-2,
-2.136525672348E-2));
#3011=CARTESIAN_POINT('',(-9.027777060067E-1,-8.946746933622E-2,
-4.172036486317E-2));
#3012=CARTESIAN_POINT('',(-9.010415294007E-1,-7.831612632343E-2,
-6.009621792369E-2));
#3013=CARTESIAN_POINT('',(-8.993055536736E-1,-6.345383756634E-2,
-7.562137860028E-2));
#3014=CARTESIAN_POINT('',(-8.975692924925E-1,-4.558073316335E-2,
-8.756383223160E-2));
#3015=CARTESIAN_POINT('',(-8.958329581747E-1,-2.554530805330E-2,
-9.535440486707E-2));
#3016=CARTESIAN_POINT('',(-8.940966918637E-1,-4.299392762136E-3,
-9.862306382713E-2));
#3017=CARTESIAN_POINT('',(-8.923606047841E-1,1.714816644666E-2,
-9.721590324481E-2));
#3018=CARTESIAN_POINT('',(-8.906243557358E-1,3.778469356270E-2,
-9.119944832802E-2));
#3019=CARTESIAN_POINT('',(-8.888880514687E-1,5.663016827960E-2,
-8.085814538651E-2));
#3020=CARTESIAN_POINT('',(-8.871518282164E-1,7.278959021152E-2,
-6.668338928803E-2));
#3021=CARTESIAN_POINT('',(-8.854156702186E-1,8.549737958351E-2,
-4.934766814621E-2));
#3022=CARTESIAN_POINT('',(-8.836794691825E-1,9.415199520900E-2,
-2.967187310629E-2));
#3023=CARTESIAN_POINT('',(-8.819431851475E-1,9.834244459906E-2,
-8.588168962082E-3));
#3024=CARTESIAN_POINT('',(-8.802072086608E-1,9.787015872981E-2,
1.289893656072E-2));
#3025=CARTESIAN_POINT('',(-8.784713108227E-1,9.275926531714E-2,
3.377363247569E-2));
#3026=CARTESIAN_POINT('',(-8.767355615851E-1,8.325278443631E-2,
5.304601271493E-2));
#3027=CARTESIAN_POINT('',(-8.755785030648E-1,7.428608938475E-2,
6.421732868090E-2));
#3028=CARTESIAN_POINT('',(-8.75E-1,6.925170903283E-2,6.925170903282E-2));
#3030=CURVE_STYLE('',#127,POSITIVE_LENGTH_MEASURE(2.E-2),#73);
#3031=PRESENTATION_STYLE_ASSIGNMENT((#3030));
#3032=STYLED_ITEM('',(#3031),#3029);
#3033=CARTESIAN_POINT('',(-8.75E-1,0.E0,0.E0));
#3034=DIRECTION('',(-1.E0,0.E0,0.E0));
#3035=DIRECTION('',(0.E0,7.071067811865E-1,7.071067811866E-1));
#3036=AXIS2_PLACEMENT_3D('',#3033,#3034,#3035);
#3038=CURVE_STYLE('',#127,POSITIVE_LENGTH_MEASURE(2.E-2),#73);
#3039=PRESENTATION_STYLE_ASSIGNMENT((#3038));
#3040=STYLED_ITEM('',(#3039),#3037);
#3041=CARTESIAN_POINT('',(-8.9375E-1,-9.793670613174E-2,0.E0));
#3042=CARTESIAN_POINT('',(-8.932333460800E-1,-9.793670613174E-2,
-6.358506013906E-3));
#3043=CARTESIAN_POINT('',(-8.921967196949E-1,-9.668678584232E-2,
-1.911448340139E-2));
#3044=CARTESIAN_POINT('',(-8.906418019528E-1,-9.115295294648E-2,
-3.753250570242E-2));
#3045=CARTESIAN_POINT('',(-8.890569736357E-1,-8.192503782314E-2,
-5.482161030956E-2));
#3046=CARTESIAN_POINT('',(-8.875027183230E-1,-6.971758945354E-2,
-6.967181854957E-2));
#3047=CARTESIAN_POINT('',(-8.859369941490E-1,-5.475698553706E-2,
-8.195923844016E-2));
#3048=CARTESIAN_POINT('',(-8.843814708100E-1,-3.779210329969E-2,
-9.103059731988E-2));
#3049=CARTESIAN_POINT('',(-8.828208957268E-1,-1.933108350075E-2,
-9.664948424647E-2));
#3050=CARTESIAN_POINT('',(-8.812678523687E-1,-2.214613447347E-4,
-9.856128842735E-2));
#3051=CARTESIAN_POINT('',(-8.797025642364E-1,1.904936298764E-2,
-9.672443889196E-2));
#3052=CARTESIAN_POINT('',(-8.781159912789E-1,3.782882438414E-2,
-9.103554120986E-2));
#3053=CARTESIAN_POINT('',(-8.765498183854E-1,5.489044797765E-2,
-8.186507839106E-2));
#3054=CARTESIAN_POINT('',(-8.755148358258E-1,6.477138814379E-2,
-7.373202992186E-2));
#3055=CARTESIAN_POINT('',(-8.75E-1,6.925170903282E-2,-6.925170903283E-2));
#3057=CURVE_STYLE('',#127,POSITIVE_LENGTH_MEASURE(2.E-2),#73);
#3058=PRESENTATION_STYLE_ASSIGNMENT((#3057));
#3059=STYLED_ITEM('',(#3058),#3056);
#3060=CARTESIAN_POINT('',(-8.75E-1,6.925170903282E-2,-6.925170903283E-2));
#3061=CARTESIAN_POINT('',(-8.75E-1,6.522794068438E-2,-7.459355695458E-2));
#3062=CARTESIAN_POINT('',(-8.75E-1,5.619282940374E-2,-8.435400411529E-2));
#3063=CARTESIAN_POINT('',(-8.75E-1,3.922600120025E-2,-9.649891843837E-2));
#3064=CARTESIAN_POINT('',(-8.75E-1,1.983539715647E-2,-1.050525168368E-1));
#3065=CARTESIAN_POINT('',(-8.75E-1,-1.179626481134E-3,-1.096362746869E-1));
#3066=CARTESIAN_POINT('',(-8.75E-1,-2.321518533830E-2,-1.099490541890E-1));
#3067=CARTESIAN_POINT('',(-8.75E-1,-4.518805897077E-2,-1.058257440039E-1));
#3068=CARTESIAN_POINT('',(-8.75E-1,-6.631573079707E-2,-9.732386393201E-2));
#3069=CARTESIAN_POINT('',(-8.75E-1,-8.581442530362E-2,-8.453889510838E-2));
#3070=CARTESIAN_POINT('',(-8.75E-1,-1.025671117916E-1,-6.806561330136E-2));
#3071=CARTESIAN_POINT('',(-8.75E-1,-1.115626257547E-1,-5.497235380863E-2));
#3072=CARTESIAN_POINT('',(-8.75E-1,-1.154849415639E-1,-4.783542904563E-2));
#3074=CURVE_STYLE('',#127,POSITIVE_LENGTH_MEASURE(2.E-2),#73);
#3075=PRESENTATION_STYLE_ASSIGNMENT((#3074));
#3076=STYLED_ITEM('',(#3075),#3073);
#3077=CARTESIAN_POINT('',(-8.75E-1,0.E0,0.E0));
#3078=DIRECTION('',(1.E0,0.E0,0.E0));
#3079=DIRECTION('',(0.E0,1.E0,0.E0));
#3080=AXIS2_PLACEMENT_3D('',#3077,#3078,#3079);
#3082=CURVE_STYLE('',#127,POSITIVE_LENGTH_MEASURE(2.E-2),#73);
#3083=PRESENTATION_STYLE_ASSIGNMENT((#3082));
#3084=STYLED_ITEM('',(#3083),#3081);
#3085=CARTESIAN_POINT('',(-8.75E-1,0.E0,0.E0));
#3086=DIRECTION('',(1.E0,0.E0,0.E0));
#3087=DIRECTION('',(0.E0,-1.E0,0.E0));
#3088=AXIS2_PLACEMENT_3D('',#3085,#3086,#3087);
#3090=CURVE_STYLE('',#127,POSITIVE_LENGTH_MEASURE(2.E-2),#73);
#3091=PRESENTATION_STYLE_ASSIGNMENT((#3090));
#3092=STYLED_ITEM('',(#3091),#3089);
#3093=CARTESIAN_POINT('',(-8.75E-1,-1.154849415639E-1,4.783542904564E-2));
#3094=CARTESIAN_POINT('',(-8.75E-1,-1.128630879977E-1,5.260607285710E-2));
#3095=CARTESIAN_POINT('',(-8.75E-1,-1.070448431302E-1,6.172141414939E-2));
#3096=CARTESIAN_POINT('',(-8.75E-1,-9.652516893257E-2,7.420139094562E-2));
#3097=CARTESIAN_POINT('',(-8.75E-1,-8.436467750746E-2,8.520392996497E-2));
#3098=CARTESIAN_POINT('',(-8.75E-1,-7.042902598182E-2,9.467915071233E-2));
#3099=CARTESIAN_POINT('',(-8.75E-1,-5.454473049948E-2,1.023586631572E-1));
#3100=CARTESIAN_POINT('',(-8.75E-1,-3.674617968884E-2,1.077506647931E-1));
#3101=CARTESIAN_POINT('',(-8.75E-1,-1.690958478850E-2,1.102106786341E-1));
#3102=CARTESIAN_POINT('',(-8.75E-1,3.702263362420E-3,1.088809821742E-1));
#3103=CARTESIAN_POINT('',(-8.75E-1,2.312019356134E-2,1.038223086195E-1));
#3104=CARTESIAN_POINT('',(-8.75E-1,4.085646711079E-2,9.542674449942E-2));
#3105=CARTESIAN_POINT('',(-8.75E-1,5.648104190539E-2,8.400433284625E-2));
#3106=CARTESIAN_POINT('',(-8.75E-1,6.528657793505E-2,7.451571169897E-2));
#3107=CARTESIAN_POINT('',(-8.75E-1,6.925170903283E-2,6.925170903282E-2));
#3109=CURVE_STYLE('',#127,POSITIVE_LENGTH_MEASURE(2.E-2),#73);
#3110=PRESENTATION_STYLE_ASSIGNMENT((#3109));
#3111=STYLED_ITEM('',(#3110),#3108);
#3112=CARTESIAN_POINT('',(-8.75E-1,-1.154849415639E-1,4.783542904564E-2));
#3113=CARTESIAN_POINT('',(-8.755324074074E-1,-1.122845462428E-1,
5.556186683490E-2));
#3114=CARTESIAN_POINT('',(-8.765972222222E-1,-1.043278473866E-1,
7.036998004310E-2));
#3115=CARTESIAN_POINT('',(-8.781944444444E-1,-8.820389419920E-2,
8.975694719989E-2));
#3116=CARTESIAN_POINT('',(-8.797916666667E-1,-6.853852404153E-2,
1.055400680230E-1));
#3117=CARTESIAN_POINT('',(-8.813888888889E-1,-4.612128589594E-2,
1.170857066672E-1));
#3118=CARTESIAN_POINT('',(-8.829861111111E-1,-2.185225241793E-2,
1.239302812947E-1));
#3119=CARTESIAN_POINT('',(-8.845833333333E-1,3.294162317465E-3,
1.257989829133E-1));
#3120=CARTESIAN_POINT('',(-8.861805555556E-1,2.830831437899E-2,
1.226167807838E-1));
#3121=CARTESIAN_POINT('',(-8.877777777778E-1,5.218587092450E-2,
1.145114425405E-1));
#3122=CARTESIAN_POINT('',(-8.89375E-1,7.396813391520E-2,1.018084022115E-1));
#3123=CARTESIAN_POINT('',(-8.909722222222E-1,9.278053263405E-2,
8.501769439466E-2));
#3124=CARTESIAN_POINT('',(-8.925694444444E-1,1.078677381562E-1,
6.481347592159E-2));
#3125=CARTESIAN_POINT('',(-8.941666666667E-1,1.186239902678E-1,
4.200695810153E-2));
#3126=CARTESIAN_POINT('',(-8.957638888889E-1,1.246174190919E-1,
1.751383609763E-2));
#3127=CARTESIAN_POINT('',(-8.973611111111E-1,1.256073849208E-1,
-7.682476772004E-3));
#3128=CARTESIAN_POINT('',(-8.989583333333E-1,1.215541400414E-1,
-3.257033366076E-2));
#3129=CARTESIAN_POINT('',(-9.005555555556E-1,1.126204246303E-1,
-5.615047241184E-2));
#3130=CARTESIAN_POINT('',(-9.021527777778E-1,9.916493263883E-2,
-7.747613652423E-2));
#3131=CARTESIAN_POINT('',(-9.0375E-1,8.172791001939E-2,-9.569108798549E-2));
#3132=CARTESIAN_POINT('',(-9.053472222222E-1,6.100946353123E-2,
-1.100639857338E-1));
#3133=CARTESIAN_POINT('',(-9.069444444444E-1,3.784145104044E-2,
-1.200177494337E-1));
#3134=CARTESIAN_POINT('',(-9.085416666667E-1,1.315408193522E-2,
-1.251527295924E-1));
#3135=CARTESIAN_POINT('',(-9.101388888889E-1,-1.206143133058E-2,
-1.252627537229E-1));
#3136=CARTESIAN_POINT('',(-9.117361111111E-1,-3.679267100307E-2,
-1.203434042914E-1));
#3137=CARTESIAN_POINT('',(-9.133333333333E-1,-6.004666319920E-2,
-1.105921960837E-1));
#3138=CARTESIAN_POINT('',(-9.149305555556E-1,-8.088974639483E-2,
-9.640064587007E-2));
#3139=CARTESIAN_POINT('',(-9.165277777778E-1,-9.848505848640E-2,
-7.833855277522E-2));
#3140=CARTESIAN_POINT('',(-9.18125E-1,-1.121261372989E-1,-5.713112050728E-2));
#3141=CARTESIAN_POINT('',(-9.197222222222E-1,-1.212652854594E-1,
-3.362984000030E-2));
#3142=CARTESIAN_POINT('',(-9.213194444444E-1,-1.255355607702E-1,
-8.778301550197E-3));
#3143=CARTESIAN_POINT('',(-9.229166666667E-1,-1.247655091549E-1,
1.642569089300E-2));
#3144=CARTESIAN_POINT('',(-9.245138888889E-1,-1.189860486407E-1,
4.097018214323E-2));
#3145=CARTESIAN_POINT('',(-9.261111111111E-1,-1.084292279817E-1,
6.386969637693E-2));
#3146=CARTESIAN_POINT('',(-9.277083333333E-1,-9.351890976369E-2,
8.420480456957E-2));
#3147=CARTESIAN_POINT('',(-9.293055555556E-1,-7.485375207161E-2,
1.011590401139E-1));
#3148=CARTESIAN_POINT('',(-9.309027777778E-1,-5.318317201338E-2,
1.140516804376E-1));
#3149=CARTESIAN_POINT('',(-9.325E-1,-2.937725618040E-2,1.223650784132E-1));
#3150=CARTESIAN_POINT('',(-9.340972222222E-1,-4.391826156931E-3,
1.257654462079E-1));
#3151=CARTESIAN_POINT('',(-9.356944444444E-1,2.076993828125E-2,
1.241162570196E-1));
#3152=CARTESIAN_POINT('',(-9.372916666667E-1,4.509777742743E-2,
1.174837268668E-1));
#3153=CARTESIAN_POINT('',(-9.388888888889E-1,6.761491416801E-2,
1.061341553863E-1));
#3154=CARTESIAN_POINT('',(-9.404861111111E-1,8.741727216066E-2,
9.052323594771E-2));
#3155=CARTESIAN_POINT('',(-9.420833333333E-1,1.037097750336E-1,
7.127775107684E-2));
#3156=CARTESIAN_POINT('',(-9.436805555556E-1,1.158382691715E-1,
4.917043743856E-2));
#3157=CARTESIAN_POINT('',(-9.452777777778E-1,1.233157883697E-1,
2.508884553590E-2));
#3158=CARTESIAN_POINT('',(-9.463425925926E-1,1.25E-1,8.363035999140E-3));
#3159=CARTESIAN_POINT('',(-9.46875E-1,1.25E-1,0.E0));
#3161=CURVE_STYLE('',#127,POSITIVE_LENGTH_MEASURE(2.E-2),#73);
#3162=PRESENTATION_STYLE_ASSIGNMENT((#3161));
#3163=STYLED_ITEM('',(#3162),#3160);
#3164=CARTESIAN_POINT('',(-9.0625E-1,-9.793670613174E-2,0.E0));
#3165=CARTESIAN_POINT('',(-9.067997449292E-1,-9.793670613174E-2,
6.765760023902E-3));
#3166=CARTESIAN_POINT('',(-9.079014855104E-1,-9.651947927767E-2,
2.032188822060E-2));
#3167=CARTESIAN_POINT('',(-9.095479011331E-1,-9.030381934869E-2,
3.972651784332E-2));
#3168=CARTESIAN_POINT('',(-9.112269637586E-1,-7.997999157985E-2,
5.775387978969E-2));
#3169=CARTESIAN_POINT('',(-9.128723294524E-1,-6.641150377192E-2,
7.293854660146E-2));
#3170=CARTESIAN_POINT('',(-9.145401234215E-1,-4.979145958652E-2,
8.516718047357E-2));
#3171=CARTESIAN_POINT('',(-9.161952080204E-1,-3.112670667280E-2,
9.360496530464E-2));
#3172=CARTESIAN_POINT('',(-9.178489379011E-1,-1.114579360895E-2,
9.800423865631E-2));
#3173=CARTESIAN_POINT('',(-9.194923906210E-1,9.189588633834E-3,
9.822103273350E-2));
#3174=CARTESIAN_POINT('',(-9.211767108039E-1,2.962871338811E-2,
9.412953124499E-2));
#3175=CARTESIAN_POINT('',(-9.228653126954E-1,4.877584754911E-2,
8.575370577417E-2));
#3176=CARTESIAN_POINT('',(-9.245087075100E-1,6.530411452116E-2,
7.390998217510E-2));
#3177=CARTESIAN_POINT('',(-9.261581509336E-1,7.914578823612E-2,
5.891203955767E-2));
#3178=CARTESIAN_POINT('',(-9.278636850251E-1,8.990118641411E-2,
4.074629500918E-2));
#3179=CARTESIAN_POINT('',(-9.295796278074E-1,9.651697144632E-2,
2.056152001699E-2));
#3180=CARTESIAN_POINT('',(-9.306959003521E-1,9.793670613174E-2,
6.819353936867E-3));
#3181=CARTESIAN_POINT('',(-9.3125E-1,9.793670613174E-2,0.E0));
#3183=CURVE_STYLE('',#127,POSITIVE_LENGTH_MEASURE(2.E-2),#73);
#3184=PRESENTATION_STYLE_ASSIGNMENT((#3183));
#3185=STYLED_ITEM('',(#3184),#3182);
#3186=DIRECTION('',(-1.E0,0.E0,1.791718870200E-14));
#3187=VECTOR('',#3186,1.25E-2);
#3188=CARTESIAN_POINT('',(-8.9375E-1,-9.793670613174E-2,0.E0));
#3189=LINE('',#3188,#3187);
#3190=CURVE_STYLE('',#127,POSITIVE_LENGTH_MEASURE(2.E-2),#73);
#3191=PRESENTATION_STYLE_ASSIGNMENT((#3190));
#3192=STYLED_ITEM('',(#3191),#3189);
#3193=CARTESIAN_POINT('',(-9.1875E-1,9.793670613174E-2,0.E0));
#3194=CARTESIAN_POINT('',(-9.181999339217E-1,9.793670613174E-2,
6.769712434627E-3));
#3195=CARTESIAN_POINT('',(-9.170997861904E-1,9.653649660075E-2,
2.031150362852E-2));
#3196=CARTESIAN_POINT('',(-9.154365377283E-1,9.021486491593E-2,
3.989653702250E-2));
#3197=CARTESIAN_POINT('',(-9.137992028247E-1,8.014589391217E-2,
5.747610840318E-2));
#3198=CARTESIAN_POINT('',(-9.121602453155E-1,6.671115607780E-2,
7.266381266377E-2));
#3199=CARTESIAN_POINT('',(-9.104905509122E-1,5.012759467869E-2,
8.499073353310E-2));
#3200=CARTESIAN_POINT('',(-9.088023714954E-1,3.110473790348E-2,
9.363304590408E-2));
#3201=CARTESIAN_POINT('',(-9.071495944082E-1,1.112553081323E-2,
9.799248395519E-2));
#3202=CARTESIAN_POINT('',(-9.055206579609E-1,-9.028396422281E-3,
9.823334013198E-2));
#3203=CARTESIAN_POINT('',(-9.038273990279E-1,-2.958129458752E-2,
9.415511468817E-2));
#3204=CARTESIAN_POINT('',(-9.021206803518E-1,-4.894497574747E-2,
8.569625576722E-2));
#3205=CARTESIAN_POINT('',(-9.004354457432E-1,-6.582774023119E-2,
7.345828032781E-2));
#3206=CARTESIAN_POINT('',(-8.988070103893E-1,-7.938627700115E-2,
5.855043203700E-2));
#3207=CARTESIAN_POINT('',(-8.971140401498E-1,-9.000627724185E-2,
4.049189263586E-2));
#3208=CARTESIAN_POINT('',(-8.954112234425E-1,-9.652985940030E-2,
2.044781283354E-2));
#3209=CARTESIAN_POINT('',(-8.943012964788E-1,-9.793670613174E-2,
6.784855083010E-3));
#3210=CARTESIAN_POINT('',(-8.9375E-1,-9.793670613174E-2,0.E0));
#3212=CURVE_STYLE('',#127,POSITIVE_LENGTH_MEASURE(2.E-2),#73);
#3213=PRESENTATION_STYLE_ASSIGNMENT((#3212));
#3214=STYLED_ITEM('',(#3213),#3211);
#3215=CARTESIAN_POINT('',(-9.6875E-1,9.793670613174E-2,0.E0));
#3216=CARTESIAN_POINT('',(-9.681959003521E-1,9.793670613174E-2,
6.819353936867E-3));
#3217=CARTESIAN_POINT('',(-9.670796278074E-1,9.651697144632E-2,
2.056152001699E-2));
#3218=CARTESIAN_POINT('',(-9.653636850251E-1,8.990118641411E-2,
4.074629500918E-2));
#3219=CARTESIAN_POINT('',(-9.636581509336E-1,7.914578823612E-2,
5.891203955767E-2));
#3220=CARTESIAN_POINT('',(-9.620087075100E-1,6.530411452116E-2,
7.390998217510E-2));
#3221=CARTESIAN_POINT('',(-9.603653126954E-1,4.877584754911E-2,
8.575370577417E-2));
#3222=CARTESIAN_POINT('',(-9.586767108039E-1,2.962871338811E-2,
9.412953124499E-2));
#3223=CARTESIAN_POINT('',(-9.569923906210E-1,9.189588633834E-3,
9.822103273350E-2));
#3224=CARTESIAN_POINT('',(-9.553489379011E-1,-1.114579360895E-2,
9.800423865631E-2));
#3225=CARTESIAN_POINT('',(-9.536952080204E-1,-3.112670667280E-2,
9.360496530464E-2));
#3226=CARTESIAN_POINT('',(-9.520401234215E-1,-4.979145958651E-2,
8.516718047357E-2));
#3227=CARTESIAN_POINT('',(-9.503723294524E-1,-6.641150377192E-2,
7.293854660146E-2));
#3228=CARTESIAN_POINT('',(-9.487269637586E-1,-7.997999157985E-2,
5.775387978969E-2));
#3229=CARTESIAN_POINT('',(-9.470479011331E-1,-9.030381934869E-2,
3.972651784332E-2));
#3230=CARTESIAN_POINT('',(-9.454014855104E-1,-9.651947927767E-2,
2.032188822061E-2));
#3231=CARTESIAN_POINT('',(-9.442997449292E-1,-9.793670613174E-2,
6.765760023902E-3));
#3232=CARTESIAN_POINT('',(-9.4375E-1,-9.793670613174E-2,0.E0));
#3234=CURVE_STYLE('',#127,POSITIVE_LENGTH_MEASURE(2.E-2),#73);
#3235=PRESENTATION_STYLE_ASSIGNMENT((#3234));
#3236=STYLED_ITEM('',(#3235),#3233);
#3237=CARTESIAN_POINT('',(-9.5625E-1,-9.793670613174E-2,0.E0));
#3238=CARTESIAN_POINT('',(-9.568011508890E-1,-9.793670613174E-2,
6.783063297230E-3));
#3239=CARTESIAN_POINT('',(-9.579099426899E-1,-9.653093357516E-2,
2.043194637288E-2));
#3240=CARTESIAN_POINT('',(-9.596088677054E-1,-9.002778254840E-2,
4.043125487200E-2));
#3241=CARTESIAN_POINT('',(-9.612947282974E-1,-7.947190899602E-2,
5.842431124107E-2));
#3242=CARTESIAN_POINT('',(-9.629188894282E-1,-6.597985272323E-2,
7.332051018835E-2));
#3243=CARTESIAN_POINT('',(-9.646047820592E-1,-4.911631098428E-2,
8.559823566945E-2));
#3244=CARTESIAN_POINT('',(-9.663108712044E-1,-2.977670070447E-2,
9.409431858352E-2));
#3245=CARTESIAN_POINT('',(-9.680053342300E-1,-9.217775688568E-3,
9.821398777588E-2));
#3246=CARTESIAN_POINT('',(-9.696315444574E-1,1.090374966982E-2,
9.801993737722E-2));
#3247=CARTESIAN_POINT('',(-9.712928087814E-1,3.099394987620E-2,
9.367675614512E-2));
#3248=CARTESIAN_POINT('',(-9.729845032424E-1,5.006435315443E-2,
8.503041869893E-2));
#3249=CARTESIAN_POINT('',(-9.746565628395E-1,6.667788301672E-2,
7.269511033593E-2));
#3250=CARTESIAN_POINT('',(-9.762940429158E-1,8.010688272245E-2,
5.752689644174E-2));
#3251=CARTESIAN_POINT('',(-9.779307493545E-1,9.018811836455E-2,
3.996315216358E-2));
#3252=CARTESIAN_POINT('',(-9.795990189452E-1,9.653781856234E-2,
2.032160820356E-2));
#3253=CARTESIAN_POINT('',(-9.806997734457E-1,9.793670613174E-2,
6.771687426901E-3));
#3254=CARTESIAN_POINT('',(-9.8125E-1,9.793670613174E-2,0.E0));
#3256=CURVE_STYLE('',#127,POSITIVE_LENGTH_MEASURE(2.E-2),#73);
#3257=PRESENTATION_STYLE_ASSIGNMENT((#3256));
#3258=STYLED_ITEM('',(#3257),#3255);
#3259=DIRECTION('',(-1.E0,0.E0,0.E0));
#3260=VECTOR('',#3259,1.25E-2);
#3261=CARTESIAN_POINT('',(-9.4375E-1,-9.793670613174E-2,0.E0));
#3262=LINE('',#3261,#3260);
#3263=CURVE_STYLE('',#127,POSITIVE_LENGTH_MEASURE(2.E-2),#73);
#3264=PRESENTATION_STYLE_ASSIGNMENT((#3263));
#3265=STYLED_ITEM('',(#3264),#3262);
#3266=CARTESIAN_POINT('',(-1.00625E0,-9.793670613174E-2,0.E0));
#3267=CARTESIAN_POINT('',(-1.006799318756E0,-9.793670613174E-2,
6.760515070542E-3));
#3268=CARTESIAN_POINT('',(-1.007901203717E0,-9.652236241306E-2,
2.031880761855E-2));
#3269=CARTESIAN_POINT('',(-1.009552145906E0,-9.028708969394E-2,
3.977671156113E-2));
#3270=CARTESIAN_POINT('',(-1.011236085648E0,-7.991579913669E-2,
5.784692325011E-2));
#3271=CARTESIAN_POINT('',(-1.012882670911E0,-6.631709994502E-2,
7.302583286746E-2));
#3272=CARTESIAN_POINT('',(-1.014550515538E0,-4.967870712984E-2,
8.522882119484E-2));
#3273=CARTESIAN_POINT('',(-1.016200711986E0,-3.106199661072E-2,
9.362752817287E-2));
#3274=CARTESIAN_POINT('',(-1.017861238600E0,-1.099518981409E-2,
9.802574743573E-2));
#3275=CARTESIAN_POINT('',(-1.019505129659E0,9.347255242737E-3,
9.820581755523E-2));
#3276=CARTESIAN_POINT('',(-1.021189210114E0,2.977558213550E-2,
9.408049920499E-2));
#3277=CARTESIAN_POINT('',(-1.022872631044E0,4.885288240257E-2,
8.570551038290E-2));
#3278=CARTESIAN_POINT('',(-1.024514902502E0,6.536238200297E-2,
7.386015794840E-2));
#3279=CARTESIAN_POINT('',(-1.026166338941E0,7.920705491993E-2,
5.883103802785E-2));
#3280=CARTESIAN_POINT('',(-1.027870945795E0,8.993664663780E-2,
4.066337691119E-2));
#3281=CARTESIAN_POINT('',(-1.029584139631E0,9.652563161367E-2,
2.050613758236E-2));
#3282=CARTESIAN_POINT('',(-1.030697582542E0,9.793670613174E-2,
6.798651072545E-3));
#3283=CARTESIAN_POINT('',(-1.03125E0,9.793670613174E-2,0.E0));
#3285=CURVE_STYLE('',#127,POSITIVE_LENGTH_MEASURE(2.E-2),#73);
#3286=PRESENTATION_STYLE_ASSIGNMENT((#3285));
#3287=STYLED_ITEM('',(#3286),#3284);
#3288=DIRECTION('',(-1.E0,0.E0,0.E0));
#3289=VECTOR('',#3288,1.25E-2);
#3290=CARTESIAN_POINT('',(-9.9375E-1,-9.793670613174E-2,0.E0));
#3291=LINE('',#3290,#3289);
#3292=CURVE_STYLE('',#127,POSITIVE_LENGTH_MEASURE(2.E-2),#73);
#3293=PRESENTATION_STYLE_ASSIGNMENT((#3292));
#3294=STYLED_ITEM('',(#3293),#3291);
#3295=CARTESIAN_POINT('',(-1.01875E0,9.793670613174E-2,0.E0));
#3296=CARTESIAN_POINT('',(-1.018199773446E0,9.793670613174E-2,
6.771687426902E-3));
#3297=CARTESIAN_POINT('',(-1.017099018945E0,9.653781856234E-2,
2.032160820356E-2));
#3298=CARTESIAN_POINT('',(-1.015430749354E0,9.018811836455E-2,
3.996315216358E-2));
#3299=CARTESIAN_POINT('',(-1.013794042916E0,8.010688272245E-2,
5.752689644174E-2));
#3300=CARTESIAN_POINT('',(-1.012156562839E0,6.667788301672E-2,
7.269511033593E-2));
#3301=CARTESIAN_POINT('',(-1.010484503242E0,5.006435315443E-2,
8.503041869893E-2));
#3302=CARTESIAN_POINT('',(-1.008792808781E0,3.099394987620E-2,
9.367675614512E-2));
#3303=CARTESIAN_POINT('',(-1.007131544457E0,1.090374966982E-2,
9.801993737722E-2));
#3304=CARTESIAN_POINT('',(-1.005505334230E0,-9.217775688569E-3,
9.821398777588E-2));
#3305=CARTESIAN_POINT('',(-1.003810871204E0,-2.977670070447E-2,
9.409431858352E-2));
#3306=CARTESIAN_POINT('',(-1.002104782059E0,-4.911631098428E-2,
8.559823566945E-2));
#3307=CARTESIAN_POINT('',(-1.000418889428E0,-6.597985272323E-2,
7.332051018835E-2));
#3308=CARTESIAN_POINT('',(-9.987947282974E-1,-7.947190899602E-2,
5.842431124107E-2));
#3309=CARTESIAN_POINT('',(-9.971088677054E-1,-9.002778254840E-2,
4.043125487200E-2));
#3310=CARTESIAN_POINT('',(-9.954099426899E-1,-9.653093357516E-2,
2.043194637288E-2));
#3311=CARTESIAN_POINT('',(-9.943011508890E-1,-9.793670613174E-2,
6.783063297230E-3));
#3312=CARTESIAN_POINT('',(-9.9375E-1,-9.793670613174E-2,0.E0));
#3314=CURVE_STYLE('',#127,POSITIVE_LENGTH_MEASURE(2.E-2),#73);
#3315=PRESENTATION_STYLE_ASSIGNMENT((#3314));
#3316=STYLED_ITEM('',(#3315),#3313);
#3317=CARTESIAN_POINT('',(-1.05625E0,-9.793670613174E-2,0.E0));
#3318=CARTESIAN_POINT('',(-1.056801296479E0,-9.793670613174E-2,
6.784855083007E-3));
#3319=CARTESIAN_POINT('',(-1.057911223442E0,-9.652985940030E-2,
2.044781283354E-2));
#3320=CARTESIAN_POINT('',(-1.059614040150E0,-9.000627724185E-2,
4.049189263586E-2));
#3321=CARTESIAN_POINT('',(-1.061307010389E0,-7.938627700115E-2,
5.855043203700E-2));
#3322=CARTESIAN_POINT('',(-1.062935445743E0,-6.582774023119E-2,
7.345828032782E-2));
#3323=CARTESIAN_POINT('',(-1.064620680352E0,-4.894497574747E-2,
8.569625576722E-2));
#3324=CARTESIAN_POINT('',(-1.066327399028E0,-2.958129458752E-2,
9.415511468817E-2));
#3325=CARTESIAN_POINT('',(-1.068020657961E0,-9.028396422281E-3,
9.823334013198E-2));
#3326=CARTESIAN_POINT('',(-1.069649594408E0,1.112553081323E-2,
9.799248395519E-2));
#3327=CARTESIAN_POINT('',(-1.071302371495E0,3.110473790348E-2,
9.363304590408E-2));
#3328=CARTESIAN_POINT('',(-1.072990550912E0,5.012759467869E-2,
8.499073353310E-2));
#3329=CARTESIAN_POINT('',(-1.074660245316E0,6.671115607780E-2,
7.266381266377E-2));
#3330=CARTESIAN_POINT('',(-1.076299202825E0,8.014589391217E-2,
5.747610840317E-2));
#3331=CARTESIAN_POINT('',(-1.077936537728E0,9.021486491593E-2,
3.989653702250E-2));
#3332=CARTESIAN_POINT('',(-1.079599786190E0,9.653649660075E-2,
2.031150362852E-2));
#3333=CARTESIAN_POINT('',(-1.080699933922E0,9.793670613174E-2,
6.769712434627E-3));
#3334=CARTESIAN_POINT('',(-1.08125E0,9.793670613174E-2,0.E0));
#3336=CURVE_STYLE('',#127,POSITIVE_LENGTH_MEASURE(2.E-2),#73);
#3337=PRESENTATION_STYLE_ASSIGNMENT((#3336));
#3338=STYLED_ITEM('',(#3337),#3335);
#3339=DIRECTION('',(-1.E0,0.E0,0.E0));
#3340=VECTOR('',#3339,1.25E-2);
#3341=CARTESIAN_POINT('',(-1.04375E0,-9.793670613174E-2,0.E0));
#3342=LINE('',#3341,#3340);
#3343=CURVE_STYLE('',#127,POSITIVE_LENGTH_MEASURE(2.E-2),#73);
#3344=PRESENTATION_STYLE_ASSIGNMENT((#3343));
#3345=STYLED_ITEM('',(#3344),#3342);
#3346=CARTESIAN_POINT('',(-1.06875E0,9.793670613174E-2,0.E0));
#3347=CARTESIAN_POINT('',(-1.068197582542E0,9.793670613174E-2,
6.798651072545E-3));
#3348=CARTESIAN_POINT('',(-1.067084139631E0,9.652563161367E-2,
2.050613758236E-2));
#3349=CARTESIAN_POINT('',(-1.065370945795E0,8.993664663780E-2,
4.066337691119E-2));
#3350=CARTESIAN_POINT('',(-1.063666338941E0,7.920705491993E-2,
5.883103802785E-2));
#3351=CARTESIAN_POINT('',(-1.062014902502E0,6.536238200297E-2,
7.386015794840E-2));
#3352=CARTESIAN_POINT('',(-1.060372631044E0,4.885288240257E-2,
8.570551038290E-2));
#3353=CARTESIAN_POINT('',(-1.058689210114E0,2.977558213550E-2,
9.408049920499E-2));
#3354=CARTESIAN_POINT('',(-1.057005129659E0,9.347255242737E-3,
9.820581755523E-2));
#3355=CARTESIAN_POINT('',(-1.055361238600E0,-1.099518981409E-2,
9.802574743573E-2));
#3356=CARTESIAN_POINT('',(-1.053700711986E0,-3.106199661072E-2,
9.362752817287E-2));
#3357=CARTESIAN_POINT('',(-1.052050515538E0,-4.967870712984E-2,
8.522882119484E-2));
#3358=CARTESIAN_POINT('',(-1.050382670911E0,-6.631709994502E-2,
7.302583286746E-2));
#3359=CARTESIAN_POINT('',(-1.048736085648E0,-7.991579913669E-2,
5.784692325011E-2));
#3360=CARTESIAN_POINT('',(-1.047052145906E0,-9.028708969394E-2,
3.977671156113E-2));
#3361=CARTESIAN_POINT('',(-1.045401203717E0,-9.652236241306E-2,
2.031880761855E-2));
#3362=CARTESIAN_POINT('',(-1.044299318756E0,-9.793670613174E-2,
6.760515070542E-3));
#3363=CARTESIAN_POINT('',(-1.04375E0,-9.793670613174E-2,0.E0));
#3365=CURVE_STYLE('',#127,POSITIVE_LENGTH_MEASURE(2.E-2),#73);
#3366=PRESENTATION_STYLE_ASSIGNMENT((#3365));
#3367=STYLED_ITEM('',(#3366),#3364);
#3368=CARTESIAN_POINT('',(-1.10625E0,-9.793670613174E-2,0.E0));
#3369=CARTESIAN_POINT('',(-1.106799744929E0,-9.793670613174E-2,
6.765760023902E-3));
#3370=CARTESIAN_POINT('',(-1.107901485510E0,-9.651947927767E-2,
2.032188822061E-2));
#3371=CARTESIAN_POINT('',(-1.109547901133E0,-9.030381934869E-2,
3.972651784332E-2));
#3372=CARTESIAN_POINT('',(-1.111226963759E0,-7.997999157985E-2,
5.775387978969E-2));
#3373=CARTESIAN_POINT('',(-1.112872329452E0,-6.641150377192E-2,
7.293854660146E-2));
#3374=CARTESIAN_POINT('',(-1.114540123422E0,-4.979145958652E-2,
8.516718047357E-2));
#3375=CARTESIAN_POINT('',(-1.116195208020E0,-3.112670667280E-2,
9.360496530464E-2));
#3376=CARTESIAN_POINT('',(-1.117848937901E0,-1.114579360895E-2,
9.800423865631E-2));
#3377=CARTESIAN_POINT('',(-1.119492390621E0,9.189588633833E-3,
9.822103273350E-2));
#3378=CARTESIAN_POINT('',(-1.121176710804E0,2.962871338811E-2,
9.412953124499E-2));
#3379=CARTESIAN_POINT('',(-1.122865312695E0,4.877584754911E-2,
8.575370577417E-2));
#3380=CARTESIAN_POINT('',(-1.124508707510E0,6.530411452116E-2,
7.390998217510E-2));
#3381=CARTESIAN_POINT('',(-1.126158150934E0,7.914578823612E-2,
5.891203955767E-2));
#3382=CARTESIAN_POINT('',(-1.127863685025E0,8.990118641411E-2,
4.074629500918E-2));
#3383=CARTESIAN_POINT('',(-1.129579627807E0,9.651697144632E-2,
2.056152001699E-2));
#3384=CARTESIAN_POINT('',(-1.130695900352E0,9.793670613174E-2,
6.819353936867E-3));
#3385=CARTESIAN_POINT('',(-1.13125E0,9.793670613174E-2,0.E0));
#3387=CURVE_STYLE('',#127,POSITIVE_LENGTH_MEASURE(2.E-2),#73);
#3388=PRESENTATION_STYLE_ASSIGNMENT((#3387));
#3389=STYLED_ITEM('',(#3388),#3386);
#3390=DIRECTION('',(-1.E0,0.E0,1.791718870200E-14));
#3391=VECTOR('',#3390,1.25E-2);
#3392=CARTESIAN_POINT('',(-1.09375E0,-9.793670613174E-2,0.E0));
#3393=LINE('',#3392,#3391);
#3394=CURVE_STYLE('',#127,POSITIVE_LENGTH_MEASURE(2.E-2),#73);
#3395=PRESENTATION_STYLE_ASSIGNMENT((#3394));
#3396=STYLED_ITEM('',(#3395),#3393);
#3397=CARTESIAN_POINT('',(-1.11875E0,9.793670613174E-2,0.E0));
#3398=CARTESIAN_POINT('',(-1.118199933922E0,9.793670613174E-2,
6.769712434626E-3));
#3399=CARTESIAN_POINT('',(-1.117099786190E0,9.653649660075E-2,
2.031150362852E-2));
#3400=CARTESIAN_POINT('',(-1.115436537728E0,9.021486491593E-2,
3.989653702250E-2));
#3401=CARTESIAN_POINT('',(-1.113799202825E0,8.014589391217E-2,
5.747610840318E-2));
#3402=CARTESIAN_POINT('',(-1.112160245316E0,6.671115607780E-2,
7.266381266377E-2));
#3403=CARTESIAN_POINT('',(-1.110490550912E0,5.012759467869E-2,
8.499073353311E-2));
#3404=CARTESIAN_POINT('',(-1.108802371495E0,3.110473790348E-2,
9.363304590408E-2));
#3405=CARTESIAN_POINT('',(-1.107149594408E0,1.112553081323E-2,
9.799248395519E-2));
#3406=CARTESIAN_POINT('',(-1.105520657961E0,-9.028396422282E-3,
9.823334013198E-2));
#3407=CARTESIAN_POINT('',(-1.103827399028E0,-2.958129458752E-2,
9.415511468817E-2));
#3408=CARTESIAN_POINT('',(-1.102120680352E0,-4.894497574747E-2,
8.569625576722E-2));
#3409=CARTESIAN_POINT('',(-1.100435445743E0,-6.582774023119E-2,
7.345828032781E-2));
#3410=CARTESIAN_POINT('',(-1.098807010389E0,-7.938627700115E-2,
5.855043203700E-2));
#3411=CARTESIAN_POINT('',(-1.097114040150E0,-9.000627724184E-2,
4.049189263587E-2));
#3412=CARTESIAN_POINT('',(-1.095411223442E0,-9.652985940030E-2,
2.044781283356E-2));
#3413=CARTESIAN_POINT('',(-1.094301296479E0,-9.793670613174E-2,
6.784855083015E-3));
#3414=CARTESIAN_POINT('',(-1.09375E0,-9.793670613174E-2,0.E0));
#3416=CURVE_STYLE('',#127,POSITIVE_LENGTH_MEASURE(2.E-2),#73);
#3417=PRESENTATION_STYLE_ASSIGNMENT((#3416));
#3418=STYLED_ITEM('',(#3417),#3415);
#3419=CARTESIAN_POINT('',(-1.16875E0,9.793670613174E-2,0.E0));
#3420=CARTESIAN_POINT('',(-1.168195900352E0,9.793670613174E-2,
6.819353936867E-3));
#3421=CARTESIAN_POINT('',(-1.167079627807E0,9.651697144632E-2,
2.056152001699E-2));
#3422=CARTESIAN_POINT('',(-1.165363685025E0,8.990118641411E-2,
4.074629500918E-2));
#3423=CARTESIAN_POINT('',(-1.163658150934E0,7.914578823612E-2,
5.891203955767E-2));
#3424=CARTESIAN_POINT('',(-1.162008707510E0,6.530411452116E-2,
7.390998217510E-2));
#3425=CARTESIAN_POINT('',(-1.160365312695E0,4.877584754911E-2,
8.575370577417E-2));
#3426=CARTESIAN_POINT('',(-1.158676710804E0,2.962871338811E-2,
9.412953124499E-2));
#3427=CARTESIAN_POINT('',(-1.156992390621E0,9.189588633834E-3,
9.822103273350E-2));
#3428=CARTESIAN_POINT('',(-1.155348937901E0,-1.114579360895E-2,
9.800423865631E-2));
#3429=CARTESIAN_POINT('',(-1.153695208020E0,-3.112670667280E-2,
9.360496530464E-2));
#3430=CARTESIAN_POINT('',(-1.152040123422E0,-4.979145958651E-2,
8.516718047357E-2));
#3431=CARTESIAN_POINT('',(-1.150372329452E0,-6.641150377192E-2,
7.293854660146E-2));
#3432=CARTESIAN_POINT('',(-1.148726963759E0,-7.997999157985E-2,
5.775387978969E-2));
#3433=CARTESIAN_POINT('',(-1.147047901133E0,-9.030381934869E-2,
3.972651784332E-2));
#3434=CARTESIAN_POINT('',(-1.145401485510E0,-9.651947927767E-2,
2.032188822060E-2));
#3435=CARTESIAN_POINT('',(-1.144299744929E0,-9.793670613174E-2,
6.765760023902E-3));
#3436=CARTESIAN_POINT('',(-1.14375E0,-9.793670613174E-2,0.E0));
#3438=CURVE_STYLE('',#127,POSITIVE_LENGTH_MEASURE(2.E-2),#73);
#3439=PRESENTATION_STYLE_ASSIGNMENT((#3438));
#3440=STYLED_ITEM('',(#3439),#3437);
#3441=CARTESIAN_POINT('',(-1.15625E0,-9.793670613174E-2,0.E0));
#3442=CARTESIAN_POINT('',(-1.156801150889E0,-9.793670613174E-2,
6.783063297230E-3));
#3443=CARTESIAN_POINT('',(-1.157909942690E0,-9.653093357516E-2,
2.043194637288E-2));
#3444=CARTESIAN_POINT('',(-1.159608867705E0,-9.002778254840E-2,
4.043125487200E-2));
#3445=CARTESIAN_POINT('',(-1.161294728297E0,-7.947190899602E-2,
5.842431124107E-2));
#3446=CARTESIAN_POINT('',(-1.162918889428E0,-6.597985272323E-2,
7.332051018835E-2));
#3447=CARTESIAN_POINT('',(-1.164604782059E0,-4.911631098428E-2,
8.559823566945E-2));
#3448=CARTESIAN_POINT('',(-1.166310871204E0,-2.977670070447E-2,
9.409431858352E-2));
#3449=CARTESIAN_POINT('',(-1.168005334230E0,-9.217775688567E-3,
9.821398777588E-2));
#3450=CARTESIAN_POINT('',(-1.169631544457E0,1.090374966982E-2,
9.801993737722E-2));
#3451=CARTESIAN_POINT('',(-1.171292808781E0,3.099394987620E-2,
9.367675614512E-2));
#3452=CARTESIAN_POINT('',(-1.172984503242E0,5.006435315443E-2,
8.503041869893E-2));
#3453=CARTESIAN_POINT('',(-1.174656562839E0,6.667788301672E-2,
7.269511033593E-2));
#3454=CARTESIAN_POINT('',(-1.176294042916E0,8.010688272245E-2,
5.752689644174E-2));
#3455=CARTESIAN_POINT('',(-1.177930749354E0,9.018811836455E-2,
3.996315216358E-2));
#3456=CARTESIAN_POINT('',(-1.179599018945E0,9.653781856234E-2,
2.032160820356E-2));
#3457=CARTESIAN_POINT('',(-1.180699773446E0,9.793670613174E-2,
6.771687426902E-3));
#3458=CARTESIAN_POINT('',(-1.18125E0,9.793670613174E-2,0.E0));
#3460=CURVE_STYLE('',#127,POSITIVE_LENGTH_MEASURE(2.E-2),#73);
#3461=PRESENTATION_STYLE_ASSIGNMENT((#3460));
#3462=STYLED_ITEM('',(#3461),#3459);
#3463=DIRECTION('',(-1.E0,0.E0,0.E0));
#3464=VECTOR('',#3463,1.25E-2);
#3465=CARTESIAN_POINT('',(-1.14375E0,-9.793670613174E-2,0.E0));
#3466=LINE('',#3465,#3464);
#3467=CURVE_STYLE('',#127,POSITIVE_LENGTH_MEASURE(2.E-2),#73);
#3468=PRESENTATION_STYLE_ASSIGNMENT((#3467));
#3469=STYLED_ITEM('',(#3468),#3466);
#3470=CARTESIAN_POINT('',(-1.20625E0,-9.793670613174E-2,0.E0));
#3471=CARTESIAN_POINT('',(-1.206799318756E0,-9.793670613174E-2,
6.760515070542E-3));
#3472=CARTESIAN_POINT('',(-1.207901203717E0,-9.652236241306E-2,
2.031880761855E-2));
#3473=CARTESIAN_POINT('',(-1.209552145906E0,-9.028708969394E-2,
3.977671156113E-2));
#3474=CARTESIAN_POINT('',(-1.211236085648E0,-7.991579913669E-2,
5.784692325011E-2));
#3475=CARTESIAN_POINT('',(-1.212882670911E0,-6.631709994502E-2,
7.302583286746E-2));
#3476=CARTESIAN_POINT('',(-1.214550515538E0,-4.967870712984E-2,
8.522882119484E-2));
#3477=CARTESIAN_POINT('',(-1.216200711986E0,-3.106199661072E-2,
9.362752817287E-2));
#3478=CARTESIAN_POINT('',(-1.217861238600E0,-1.099518981409E-2,
9.802574743573E-2));
#3479=CARTESIAN_POINT('',(-1.219505129659E0,9.347255242737E-3,
9.820581755523E-2));
#3480=CARTESIAN_POINT('',(-1.221189210114E0,2.977558213550E-2,
9.408049920499E-2));
#3481=CARTESIAN_POINT('',(-1.222872631044E0,4.885288240257E-2,
8.570551038290E-2));
#3482=CARTESIAN_POINT('',(-1.224514902502E0,6.536238200297E-2,
7.386015794840E-2));
#3483=CARTESIAN_POINT('',(-1.226166338941E0,7.920705491993E-2,
5.883103802785E-2));
#3484=CARTESIAN_POINT('',(-1.227870945795E0,8.993664663780E-2,
4.066337691119E-2));
#3485=CARTESIAN_POINT('',(-1.229584139631E0,9.652563161367E-2,
2.050613758236E-2));
#3486=CARTESIAN_POINT('',(-1.230697582542E0,9.793670613174E-2,
6.798651072545E-3));
#3487=CARTESIAN_POINT('',(-1.23125E0,9.793670613174E-2,0.E0));
#3489=CURVE_STYLE('',#127,POSITIVE_LENGTH_MEASURE(2.E-2),#73);
#3490=PRESENTATION_STYLE_ASSIGNMENT((#3489));
#3491=STYLED_ITEM('',(#3490),#3488);
#3492=DIRECTION('',(-1.E0,0.E0,0.E0));
#3493=VECTOR('',#3492,1.25E-2);
#3494=CARTESIAN_POINT('',(-1.19375E0,-9.793670613174E-2,0.E0));
#3495=LINE('',#3494,#3493);
#3496=CURVE_STYLE('',#127,POSITIVE_LENGTH_MEASURE(2.E-2),#73);
#3497=PRESENTATION_STYLE_ASSIGNMENT((#3496));
#3498=STYLED_ITEM('',(#3497),#3495);
#3499=CARTESIAN_POINT('',(-1.21875E0,9.793670613174E-2,0.E0));
#3500=CARTESIAN_POINT('',(-1.218199773446E0,9.793670613174E-2,
6.771687426902E-3));
#3501=CARTESIAN_POINT('',(-1.217099018945E0,9.653781856234E-2,
2.032160820356E-2));
#3502=CARTESIAN_POINT('',(-1.215430749354E0,9.018811836455E-2,
3.996315216358E-2));
#3503=CARTESIAN_POINT('',(-1.213794042916E0,8.010688272245E-2,
5.752689644174E-2));
#3504=CARTESIAN_POINT('',(-1.212156562839E0,6.667788301672E-2,
7.269511033593E-2));
#3505=CARTESIAN_POINT('',(-1.210484503242E0,5.006435315443E-2,
8.503041869893E-2));
#3506=CARTESIAN_POINT('',(-1.208792808781E0,3.099394987620E-2,
9.367675614512E-2));
#3507=CARTESIAN_POINT('',(-1.207131544457E0,1.090374966982E-2,
9.801993737722E-2));
#3508=CARTESIAN_POINT('',(-1.205505334230E0,-9.217775688567E-3,
9.821398777588E-2));
#3509=CARTESIAN_POINT('',(-1.203810871204E0,-2.977670070447E-2,
9.409431858352E-2));
#3510=CARTESIAN_POINT('',(-1.202104782059E0,-4.911631098428E-2,
8.559823566945E-2));
#3511=CARTESIAN_POINT('',(-1.200418889428E0,-6.597985272323E-2,
7.332051018835E-2));
#3512=CARTESIAN_POINT('',(-1.198794728297E0,-7.947190899602E-2,
5.842431124107E-2));
#3513=CARTESIAN_POINT('',(-1.197108867705E0,-9.002778254840E-2,
4.043125487200E-2));
#3514=CARTESIAN_POINT('',(-1.195409942690E0,-9.653093357516E-2,
2.043194637288E-2));
#3515=CARTESIAN_POINT('',(-1.194301150889E0,-9.793670613174E-2,
6.783063297230E-3));
#3516=CARTESIAN_POINT('',(-1.19375E0,-9.793670613174E-2,0.E0));
#3518=CURVE_STYLE('',#127,POSITIVE_LENGTH_MEASURE(2.E-2),#73);
#3519=PRESENTATION_STYLE_ASSIGNMENT((#3518));
#3520=STYLED_ITEM('',(#3519),#3517);
#3521=CARTESIAN_POINT('',(-1.25625E0,-9.793670613174E-2,0.E0));
#3522=CARTESIAN_POINT('',(-1.256801296479E0,-9.793670613174E-2,
6.784855083008E-3));
#3523=CARTESIAN_POINT('',(-1.257911223442E0,-9.652985940030E-2,
2.044781283354E-2));
#3524=CARTESIAN_POINT('',(-1.259614040150E0,-9.000627724185E-2,
4.049189263586E-2));
#3525=CARTESIAN_POINT('',(-1.261307010389E0,-7.938627700115E-2,
5.855043203700E-2));
#3526=CARTESIAN_POINT('',(-1.262935445743E0,-6.582774023119E-2,
7.345828032781E-2));
#3527=CARTESIAN_POINT('',(-1.264620680352E0,-4.894497574747E-2,
8.569625576722E-2));
#3528=CARTESIAN_POINT('',(-1.266327399028E0,-2.958129458752E-2,
9.415511468817E-2));
#3529=CARTESIAN_POINT('',(-1.268020657961E0,-9.028396422281E-3,
9.823334013198E-2));
#3530=CARTESIAN_POINT('',(-1.269649594408E0,1.112553081323E-2,
9.799248395519E-2));
#3531=CARTESIAN_POINT('',(-1.271302371495E0,3.110473790348E-2,
9.363304590408E-2));
#3532=CARTESIAN_POINT('',(-1.272990550912E0,5.012759467869E-2,
8.499073353310E-2));
#3533=CARTESIAN_POINT('',(-1.274660245316E0,6.671115607780E-2,
7.266381266377E-2));
#3534=CARTESIAN_POINT('',(-1.276299202825E0,8.014589391217E-2,
5.747610840318E-2));
#3535=CARTESIAN_POINT('',(-1.277936537728E0,9.021486491593E-2,
3.989653702250E-2));
#3536=CARTESIAN_POINT('',(-1.279599786190E0,9.653649660075E-2,
2.031150362852E-2));
#3537=CARTESIAN_POINT('',(-1.280699933922E0,9.793670613174E-2,
6.769712434627E-3));
#3538=CARTESIAN_POINT('',(-1.28125E0,9.793670613174E-2,0.E0));
#3540=CURVE_STYLE('',#127,POSITIVE_LENGTH_MEASURE(2.E-2),#73);
#3541=PRESENTATION_STYLE_ASSIGNMENT((#3540));
#3542=STYLED_ITEM('',(#3541),#3539);
#3543=DIRECTION('',(-1.E0,0.E0,0.E0));
#3544=VECTOR('',#3543,1.25E-2);
#3545=CARTESIAN_POINT('',(-1.24375E0,-9.793670613174E-2,0.E0));
#3546=LINE('',#3545,#3544);
#3547=CURVE_STYLE('',#127,POSITIVE_LENGTH_MEASURE(2.E-2),#73);
#3548=PRESENTATION_STYLE_ASSIGNMENT((#3547));
#3549=STYLED_ITEM('',(#3548),#3546);
#3550=CARTESIAN_POINT('',(-1.26875E0,9.793670613174E-2,0.E0));
#3551=CARTESIAN_POINT('',(-1.268197582542E0,9.793670613174E-2,
6.798651072545E-3));
#3552=CARTESIAN_POINT('',(-1.267084139631E0,9.652563161367E-2,
2.050613758236E-2));
#3553=CARTESIAN_POINT('',(-1.265370945795E0,8.993664663780E-2,
4.066337691119E-2));
#3554=CARTESIAN_POINT('',(-1.263666338941E0,7.920705491993E-2,
5.883103802785E-2));
#3555=CARTESIAN_POINT('',(-1.262014902502E0,6.536238200297E-2,
7.386015794840E-2));
#3556=CARTESIAN_POINT('',(-1.260372631044E0,4.885288240257E-2,
8.570551038290E-2));
#3557=CARTESIAN_POINT('',(-1.258689210114E0,2.977558213550E-2,
9.408049920499E-2));
#3558=CARTESIAN_POINT('',(-1.257005129659E0,9.347255242737E-3,
9.820581755523E-2));
#3559=CARTESIAN_POINT('',(-1.255361238600E0,-1.099518981409E-2,
9.802574743573E-2));
#3560=CARTESIAN_POINT('',(-1.253700711986E0,-3.106199661072E-2,
9.362752817287E-2));
#3561=CARTESIAN_POINT('',(-1.252050515538E0,-4.967870712984E-2,
8.522882119484E-2));
#3562=CARTESIAN_POINT('',(-1.250382670911E0,-6.631709994502E-2,
7.302583286746E-2));
#3563=CARTESIAN_POINT('',(-1.248736085648E0,-7.991579913669E-2,
5.784692325011E-2));
#3564=CARTESIAN_POINT('',(-1.247052145906E0,-9.028708969394E-2,
3.977671156113E-2));
#3565=CARTESIAN_POINT('',(-1.245401203717E0,-9.652236241306E-2,
2.031880761855E-2));
#3566=CARTESIAN_POINT('',(-1.244299318756E0,-9.793670613174E-2,
6.760515070542E-3));
#3567=CARTESIAN_POINT('',(-1.24375E0,-9.793670613174E-2,0.E0));
#3569=CURVE_STYLE('',#127,POSITIVE_LENGTH_MEASURE(2.E-2),#73);
#3570=PRESENTATION_STYLE_ASSIGNMENT((#3569));
#3571=STYLED_ITEM('',(#3570),#3568);
#3572=CARTESIAN_POINT('',(-1.30625E0,-9.793670613174E-2,0.E0));
#3573=CARTESIAN_POINT('',(-1.306799744929E0,-9.793670613174E-2,
6.765760023902E-3));
#3574=CARTESIAN_POINT('',(-1.307901485510E0,-9.651947927767E-2,
2.032188822060E-2));
#3575=CARTESIAN_POINT('',(-1.309547901133E0,-9.030381934869E-2,
3.972651784332E-2));
#3576=CARTESIAN_POINT('',(-1.311226963759E0,-7.997999157985E-2,
5.775387978969E-2));
#3577=CARTESIAN_POINT('',(-1.312872329452E0,-6.641150377192E-2,
7.293854660146E-2));
#3578=CARTESIAN_POINT('',(-1.314540123422E0,-4.979145958652E-2,
8.516718047357E-2));
#3579=CARTESIAN_POINT('',(-1.316195208020E0,-3.112670667280E-2,
9.360496530464E-2));
#3580=CARTESIAN_POINT('',(-1.317848937901E0,-1.114579360895E-2,
9.800423865631E-2));
#3581=CARTESIAN_POINT('',(-1.319492390621E0,9.189588633834E-3,
9.822103273350E-2));
#3582=CARTESIAN_POINT('',(-1.321176710804E0,2.962871338811E-2,
9.412953124499E-2));
#3583=CARTESIAN_POINT('',(-1.322865312695E0,4.877584754911E-2,
8.575370577417E-2));
#3584=CARTESIAN_POINT('',(-1.324508707510E0,6.530411452115E-2,
7.390998217510E-2));
#3585=CARTESIAN_POINT('',(-1.326158150934E0,7.914578823612E-2,
5.891203955767E-2));
#3586=CARTESIAN_POINT('',(-1.327863685025E0,8.990118641411E-2,
4.074629500918E-2));
#3587=CARTESIAN_POINT('',(-1.329579627807E0,9.651697144632E-2,
2.056152001699E-2));
#3588=CARTESIAN_POINT('',(-1.330695900352E0,9.793670613174E-2,
6.819353936867E-3));
#3589=CARTESIAN_POINT('',(-1.33125E0,9.793670613174E-2,0.E0));
#3591=CURVE_STYLE('',#127,POSITIVE_LENGTH_MEASURE(2.E-2),#73);
#3592=PRESENTATION_STYLE_ASSIGNMENT((#3591));
#3593=STYLED_ITEM('',(#3592),#3590);
#3594=DIRECTION('',(-1.E0,0.E0,0.E0));
#3595=VECTOR('',#3594,1.25E-2);
#3596=CARTESIAN_POINT('',(-1.29375E0,-9.793670613174E-2,0.E0));
#3597=LINE('',#3596,#3595);
#3598=CURVE_STYLE('',#127,POSITIVE_LENGTH_MEASURE(2.E-2),#73);
#3599=PRESENTATION_STYLE_ASSIGNMENT((#3598));
#3600=STYLED_ITEM('',(#3599),#3597);
#3601=CARTESIAN_POINT('',(-1.31875E0,9.793670613174E-2,0.E0));
#3602=CARTESIAN_POINT('',(-1.318199933922E0,9.793670613174E-2,
6.769712434627E-3));
#3603=CARTESIAN_POINT('',(-1.317099786190E0,9.653649660075E-2,
2.031150362852E-2));
#3604=CARTESIAN_POINT('',(-1.315436537728E0,9.021486491593E-2,
3.989653702250E-2));
#3605=CARTESIAN_POINT('',(-1.313799202825E0,8.014589391217E-2,
5.747610840318E-2));
#3606=CARTESIAN_POINT('',(-1.312160245316E0,6.671115607780E-2,
7.266381266377E-2));
#3607=CARTESIAN_POINT('',(-1.310490550912E0,5.012759467869E-2,
8.499073353310E-2));
#3608=CARTESIAN_POINT('',(-1.308802371495E0,3.110473790348E-2,
9.363304590408E-2));
#3609=CARTESIAN_POINT('',(-1.307149594408E0,1.112553081323E-2,
9.799248395519E-2));
#3610=CARTESIAN_POINT('',(-1.305520657961E0,-9.028396422282E-3,
9.823334013198E-2));
#3611=CARTESIAN_POINT('',(-1.303827399028E0,-2.958129458752E-2,
9.415511468817E-2));
#3612=CARTESIAN_POINT('',(-1.302120680352E0,-4.894497574747E-2,
8.569625576722E-2));
#3613=CARTESIAN_POINT('',(-1.300435445743E0,-6.582774023119E-2,
7.345828032781E-2));
#3614=CARTESIAN_POINT('',(-1.298807010389E0,-7.938627700115E-2,
5.855043203700E-2));
#3615=CARTESIAN_POINT('',(-1.297114040150E0,-9.000627724185E-2,
4.049189263586E-2));
#3616=CARTESIAN_POINT('',(-1.295411223442E0,-9.652985940030E-2,
2.044781283354E-2));
#3617=CARTESIAN_POINT('',(-1.294301296479E0,-9.793670613174E-2,
6.784855083009E-3));
#3618=CARTESIAN_POINT('',(-1.29375E0,-9.793670613174E-2,0.E0));
#3620=CURVE_STYLE('',#127,POSITIVE_LENGTH_MEASURE(2.E-2),#73);
#3621=PRESENTATION_STYLE_ASSIGNMENT((#3620));
#3622=STYLED_ITEM('',(#3621),#3619);
#3623=CARTESIAN_POINT('',(-1.36875E0,9.793670613174E-2,0.E0));
#3624=CARTESIAN_POINT('',(-1.368195900352E0,9.793670613174E-2,
6.819353936867E-3));
#3625=CARTESIAN_POINT('',(-1.367079627807E0,9.651697144632E-2,
2.056152001699E-2));
#3626=CARTESIAN_POINT('',(-1.365363685025E0,8.990118641411E-2,
4.074629500918E-2));
#3627=CARTESIAN_POINT('',(-1.363658150934E0,7.914578823612E-2,
5.891203955767E-2));
#3628=CARTESIAN_POINT('',(-1.362008707510E0,6.530411452116E-2,
7.390998217510E-2));
#3629=CARTESIAN_POINT('',(-1.360365312695E0,4.877584754911E-2,
8.575370577417E-2));
#3630=CARTESIAN_POINT('',(-1.358676710804E0,2.962871338811E-2,
9.412953124499E-2));
#3631=CARTESIAN_POINT('',(-1.356992390621E0,9.189588633834E-3,
9.822103273350E-2));
#3632=CARTESIAN_POINT('',(-1.355348937901E0,-1.114579360895E-2,
9.800423865631E-2));
#3633=CARTESIAN_POINT('',(-1.353695208020E0,-3.112670667280E-2,
9.360496530464E-2));
#3634=CARTESIAN_POINT('',(-1.352040123422E0,-4.979145958652E-2,
8.516718047357E-2));
#3635=CARTESIAN_POINT('',(-1.350372329452E0,-6.641150377192E-2,
7.293854660146E-2));
#3636=CARTESIAN_POINT('',(-1.348726963759E0,-7.997999157985E-2,
5.775387978969E-2));
#3637=CARTESIAN_POINT('',(-1.347047901133E0,-9.030381934869E-2,
3.972651784332E-2));
#3638=CARTESIAN_POINT('',(-1.345401485510E0,-9.651947927767E-2,
2.032188822061E-2));
#3639=CARTESIAN_POINT('',(-1.344299744929E0,-9.793670613174E-2,
6.765760023902E-3));
#3640=CARTESIAN_POINT('',(-1.34375E0,-9.793670613174E-2,0.E0));
#3642=CURVE_STYLE('',#127,POSITIVE_LENGTH_MEASURE(2.E-2),#73);
#3643=PRESENTATION_STYLE_ASSIGNMENT((#3642));
#3644=STYLED_ITEM('',(#3643),#3641);
#3645=CARTESIAN_POINT('',(-1.35625E0,-9.793670613174E-2,0.E0));
#3646=CARTESIAN_POINT('',(-1.356801150889E0,-9.793670613174E-2,
6.783063297230E-3));
#3647=CARTESIAN_POINT('',(-1.357909942690E0,-9.653093357516E-2,
2.043194637288E-2));
#3648=CARTESIAN_POINT('',(-1.359608867705E0,-9.002778254840E-2,
4.043125487200E-2));
#3649=CARTESIAN_POINT('',(-1.361294728297E0,-7.947190899602E-2,
5.842431124107E-2));
#3650=CARTESIAN_POINT('',(-1.362918889428E0,-6.597985272323E-2,
7.332051018835E-2));
#3651=CARTESIAN_POINT('',(-1.364604782059E0,-4.911631098428E-2,
8.559823566945E-2));
#3652=CARTESIAN_POINT('',(-1.366310871204E0,-2.977670070447E-2,
9.409431858352E-2));
#3653=CARTESIAN_POINT('',(-1.368005334230E0,-9.217775688568E-3,
9.821398777588E-2));
#3654=CARTESIAN_POINT('',(-1.369631544457E0,1.090374966982E-2,
9.801993737722E-2));
#3655=CARTESIAN_POINT('',(-1.371292808781E0,3.099394987620E-2,
9.367675614512E-2));
#3656=CARTESIAN_POINT('',(-1.372984503242E0,5.006435315443E-2,
8.503041869893E-2));
#3657=CARTESIAN_POINT('',(-1.374656562839E0,6.667788301672E-2,
7.269511033593E-2));
#3658=CARTESIAN_POINT('',(-1.376294042916E0,8.010688272245E-2,
5.752689644174E-2));
#3659=CARTESIAN_POINT('',(-1.377930749354E0,9.018811836455E-2,
3.996315216358E-2));
#3660=CARTESIAN_POINT('',(-1.379599018945E0,9.653781856234E-2,
2.032160820356E-2));
#3661=CARTESIAN_POINT('',(-1.380699773446E0,9.793670613174E-2,
6.771687426902E-3));
#3662=CARTESIAN_POINT('',(-1.38125E0,9.793670613174E-2,0.E0));
#3664=CURVE_STYLE('',#127,POSITIVE_LENGTH_MEASURE(2.E-2),#73);
#3665=PRESENTATION_STYLE_ASSIGNMENT((#3664));
#3666=STYLED_ITEM('',(#3665),#3663);
#3667=DIRECTION('',(-1.E0,0.E0,-1.339750809578E-14));
#3668=VECTOR('',#3667,1.25E-2);
#3669=CARTESIAN_POINT('',(-1.34375E0,-9.793670613174E-2,0.E0));
#3670=LINE('',#3669,#3668);
#3671=CURVE_STYLE('',#127,POSITIVE_LENGTH_MEASURE(2.E-2),#73);
#3672=PRESENTATION_STYLE_ASSIGNMENT((#3671));
#3673=STYLED_ITEM('',(#3672),#3670);
#3674=CARTESIAN_POINT('',(-1.40625E0,-9.793670613174E-2,0.E0));
#3675=CARTESIAN_POINT('',(-1.406799318756E0,-9.793670613174E-2,
6.760515070543E-3));
#3676=CARTESIAN_POINT('',(-1.407901203717E0,-9.652236241306E-2,
2.031880761855E-2));
#3677=CARTESIAN_POINT('',(-1.409552145906E0,-9.028708969394E-2,
3.977671156113E-2));
#3678=CARTESIAN_POINT('',(-1.411236085648E0,-7.991579913669E-2,
5.784692325011E-2));
#3679=CARTESIAN_POINT('',(-1.412882670911E0,-6.631709994502E-2,
7.302583286746E-2));
#3680=CARTESIAN_POINT('',(-1.414550515538E0,-4.967870712984E-2,
8.522882119484E-2));
#3681=CARTESIAN_POINT('',(-1.416200711986E0,-3.106199661072E-2,
9.362752817287E-2));
#3682=CARTESIAN_POINT('',(-1.417861238600E0,-1.099518981409E-2,
9.802574743573E-2));
#3683=CARTESIAN_POINT('',(-1.419505129659E0,9.347255242737E-3,
9.820581755523E-2));
#3684=CARTESIAN_POINT('',(-1.421189210114E0,2.977558213550E-2,
9.408049920499E-2));
#3685=CARTESIAN_POINT('',(-1.422872631044E0,4.885288240257E-2,
8.570551038290E-2));
#3686=CARTESIAN_POINT('',(-1.424514902502E0,6.536238200297E-2,
7.386015794840E-2));
#3687=CARTESIAN_POINT('',(-1.426166338941E0,7.920705491993E-2,
5.883103802785E-2));
#3688=CARTESIAN_POINT('',(-1.427870945795E0,8.993664663780E-2,
4.066337691119E-2));
#3689=CARTESIAN_POINT('',(-1.429584139631E0,9.652563161367E-2,
2.050613758236E-2));
#3690=CARTESIAN_POINT('',(-1.430697582542E0,9.793670613174E-2,
6.798651072545E-3));
#3691=CARTESIAN_POINT('',(-1.43125E0,9.793670613174E-2,0.E0));
#3693=CURVE_STYLE('',#127,POSITIVE_LENGTH_MEASURE(2.E-2),#73);
#3694=PRESENTATION_STYLE_ASSIGNMENT((#3693));
#3695=STYLED_ITEM('',(#3694),#3692);
#3696=DIRECTION('',(-1.E0,0.E0,0.E0));
#3697=VECTOR('',#3696,1.25E-2);
#3698=CARTESIAN_POINT('',(-1.39375E0,-9.793670613174E-2,0.E0));
#3699=LINE('',#3698,#3697);
#3700=CURVE_STYLE('',#127,POSITIVE_LENGTH_MEASURE(2.E-2),#73);
#3701=PRESENTATION_STYLE_ASSIGNMENT((#3700));
#3702=STYLED_ITEM('',(#3701),#3699);
#3703=CARTESIAN_POINT('',(-1.41875E0,9.793670613174E-2,0.E0));
#3704=CARTESIAN_POINT('',(-1.418199773446E0,9.793670613174E-2,
6.771687426902E-3));
#3705=CARTESIAN_POINT('',(-1.417099018945E0,9.653781856234E-2,
2.032160820356E-2));
#3706=CARTESIAN_POINT('',(-1.415430749354E0,9.018811836455E-2,
3.996315216358E-2));
#3707=CARTESIAN_POINT('',(-1.413794042916E0,8.010688272245E-2,
5.752689644174E-2));
#3708=CARTESIAN_POINT('',(-1.412156562839E0,6.667788301672E-2,
7.269511033593E-2));
#3709=CARTESIAN_POINT('',(-1.410484503242E0,5.006435315443E-2,
8.503041869893E-2));
#3710=CARTESIAN_POINT('',(-1.408792808781E0,3.099394987620E-2,
9.367675614512E-2));
#3711=CARTESIAN_POINT('',(-1.407131544457E0,1.090374966982E-2,
9.801993737722E-2));
#3712=CARTESIAN_POINT('',(-1.405505334230E0,-9.217775688568E-3,
9.821398777588E-2));
#3713=CARTESIAN_POINT('',(-1.403810871204E0,-2.977670070447E-2,
9.409431858352E-2));
#3714=CARTESIAN_POINT('',(-1.402104782059E0,-4.911631098428E-2,
8.559823566945E-2));
#3715=CARTESIAN_POINT('',(-1.400418889428E0,-6.597985272323E-2,
7.332051018835E-2));
#3716=CARTESIAN_POINT('',(-1.398794728297E0,-7.947190899602E-2,
5.842431124107E-2));
#3717=CARTESIAN_POINT('',(-1.397108867705E0,-9.002778254840E-2,
4.043125487200E-2));
#3718=CARTESIAN_POINT('',(-1.395409942690E0,-9.653093357516E-2,
2.043194637288E-2));
#3719=CARTESIAN_POINT('',(-1.394301150889E0,-9.793670613174E-2,
6.783063297230E-3));
#3720=CARTESIAN_POINT('',(-1.39375E0,-9.793670613174E-2,0.E0));
#3722=CURVE_STYLE('',#127,POSITIVE_LENGTH_MEASURE(2.E-2),#73);
#3723=PRESENTATION_STYLE_ASSIGNMENT((#3722));
#3724=STYLED_ITEM('',(#3723),#3721);
#3725=CARTESIAN_POINT('',(-9.46875E-1,1.25E-1,0.E0));
#3726=CARTESIAN_POINT('',(-9.474126344086E-1,1.25E-1,-8.445141541907E-3));
#3727=CARTESIAN_POINT('',(-9.484879032258E-1,1.232824422685E-1,
-2.533514899884E-2));
#3728=CARTESIAN_POINT('',(-9.501008064516E-1,1.156589079997E-1,
-4.963315625768E-2));
#3729=CARTESIAN_POINT('',(-9.517137096774E-1,1.033002844480E-1,
-7.189911730541E-2));
#3730=CARTESIAN_POINT('',(-9.533266129032E-1,8.671253511377E-2,
-9.122153584176E-2));
#3731=CARTESIAN_POINT('',(-9.549395161290E-1,6.657476440369E-2,
-1.068093297494E-1));
#3732=CARTESIAN_POINT('',(-9.565524193548E-1,4.371141501671E-2,
-1.180243382818E-1));
#3733=CARTESIAN_POINT('',(-9.581653225806E-1,1.905851516308E-2,
-1.244074162338E-1));
#3734=CARTESIAN_POINT('',(-9.597782258065E-1,-6.374642540605E-3,
-1.256972400293E-1));
#3735=CARTESIAN_POINT('',(-9.613911290323E-1,-3.154682162969E-2,
-1.218410040274E-1));
#3736=CARTESIAN_POINT('',(-9.630040322581E-1,-5.542747013466E-2,
-1.129965830108E-1));
#3737=CARTESIAN_POINT('',(-9.646169354839E-1,-7.703891149987E-2,
-9.952606860758E-2));
#3738=CARTESIAN_POINT('',(-9.662298387097E-1,-9.549637077659E-2,
-8.198094526219E-2));
#3739=CARTESIAN_POINT('',(-9.678427419355E-1,-1.100441974134E-1,
-6.107951238531E-2));
#3740=CARTESIAN_POINT('',(-9.694556451613E-1,-1.200868016784E-1,
-3.767747709487E-2));
#3741=CARTESIAN_POINT('',(-9.710685483871E-1,-1.252130381731E-1,
-1.273292146524E-2));
#3742=CARTESIAN_POINT('',(-9.726814516129E-1,-1.252130381731E-1,
1.273292146524E-2));
#3743=CARTESIAN_POINT('',(-9.742943548387E-1,-1.200868016784E-1,
3.767747709487E-2));
#3744=CARTESIAN_POINT('',(-9.759072580645E-1,-1.100441974134E-1,
6.107951238532E-2));
#3745=CARTESIAN_POINT('',(-9.775201612903E-1,-9.549637077659E-2,
8.198094526217E-2));
#3746=CARTESIAN_POINT('',(-9.791330645161E-1,-7.703891149987E-2,
9.952606860765E-2));
#3747=CARTESIAN_POINT('',(-9.807459677419E-1,-5.542747013467E-2,
1.129965830105E-1));
#3748=CARTESIAN_POINT('',(-9.823588709677E-1,-3.154682162969E-2,
1.218410040284E-1));
#3749=CARTESIAN_POINT('',(-9.839717741935E-1,-6.374642540606E-3,
1.256972400256E-1));
#3750=CARTESIAN_POINT('',(-9.855846774194E-1,1.905851516308E-2,
1.244074162474E-1));
#3751=CARTESIAN_POINT('',(-9.871975806452E-1,4.371141501671E-2,
1.180243382308E-1));
#3752=CARTESIAN_POINT('',(-9.888104838710E-1,6.657476440368E-2,
1.068093299397E-1));
#3753=CARTESIAN_POINT('',(-9.904233870968E-1,8.671253511377E-2,
9.122153513137E-2));
#3754=CARTESIAN_POINT('',(-9.920362903226E-1,1.033002844480E-1,
7.189911995665E-2));
#3755=CARTESIAN_POINT('',(-9.936491935484E-1,1.156589079997E-1,
4.963314636312E-2));
#3756=CARTESIAN_POINT('',(-9.952620967742E-1,1.232824422685E-1,
2.533518592584E-2));
#3757=CARTESIAN_POINT('',(-9.96875E-1,1.258587788658E-1,0.E0));
#3758=CARTESIAN_POINT('',(-9.984879032258E-1,1.232824422685E-1,
-2.533518592584E-2));
#3759=CARTESIAN_POINT('',(-1.000100806452E0,1.156589079997E-1,
-4.963314636312E-2));
#3760=CARTESIAN_POINT('',(-1.001713709677E0,1.033002844480E-1,
-7.189911995665E-2));
#3761=CARTESIAN_POINT('',(-1.003326612903E0,8.671253511377E-2,
-9.122153513136E-2));
#3762=CARTESIAN_POINT('',(-1.004939516129E0,6.657476440369E-2,
-1.068093299397E-1));
#3763=CARTESIAN_POINT('',(-1.006552419355E0,4.371141501671E-2,
-1.180243382308E-1));
#3764=CARTESIAN_POINT('',(-1.008165322581E0,1.905851516308E-2,
-1.244074162474E-1));
#3765=CARTESIAN_POINT('',(-1.009778225806E0,-6.374642540605E-3,
-1.256972400256E-1));
#3766=CARTESIAN_POINT('',(-1.011391129032E0,-3.154682162969E-2,
-1.218410040284E-1));
#3767=CARTESIAN_POINT('',(-1.013004032258E0,-5.542747013466E-2,
-1.129965830105E-1));
#3768=CARTESIAN_POINT('',(-1.014616935484E0,-7.703891149987E-2,
-9.952606860765E-2));
#3769=CARTESIAN_POINT('',(-1.016229838710E0,-9.549637077659E-2,
-8.198094526218E-2));
#3770=CARTESIAN_POINT('',(-1.017842741935E0,-1.100441974134E-1,
-6.107951238532E-2));
#3771=CARTESIAN_POINT('',(-1.019455645161E0,-1.200868016784E-1,
-3.767747709487E-2));
#3772=CARTESIAN_POINT('',(-1.021068548387E0,-1.252130381731E-1,
-1.273292146524E-2));
#3773=CARTESIAN_POINT('',(-1.022681451613E0,-1.252130381731E-1,
1.273292146524E-2));
#3774=CARTESIAN_POINT('',(-1.024294354839E0,-1.200868016784E-1,
3.767747709487E-2));
#3775=CARTESIAN_POINT('',(-1.025907258065E0,-1.100441974134E-1,
6.107951238532E-2));
#3776=CARTESIAN_POINT('',(-1.027520161290E0,-9.549637077659E-2,
8.198094526217E-2));
#3777=CARTESIAN_POINT('',(-1.029133064516E0,-7.703891149987E-2,
9.952606860765E-2));
#3778=CARTESIAN_POINT('',(-1.030745967742E0,-5.542747013467E-2,
1.129965830105E-1));
#3779=CARTESIAN_POINT('',(-1.032358870968E0,-3.154682162969E-2,
1.218410040284E-1));
#3780=CARTESIAN_POINT('',(-1.033971774194E0,-6.374642540607E-3,
1.256972400256E-1));
#3781=CARTESIAN_POINT('',(-1.035584677419E0,1.905851516308E-2,
1.244074162474E-1));
#3782=CARTESIAN_POINT('',(-1.037197580645E0,4.371141501671E-2,
1.180243382308E-1));
#3783=CARTESIAN_POINT('',(-1.038810483871E0,6.657476440368E-2,
1.068093299397E-1));
#3784=CARTESIAN_POINT('',(-1.040423387097E0,8.671253511377E-2,
9.122153513137E-2));
#3785=CARTESIAN_POINT('',(-1.042036290323E0,1.033002844480E-1,
7.189911995665E-2));
#3786=CARTESIAN_POINT('',(-1.043649193548E0,1.156589079997E-1,
4.963314636312E-2));
#3787=CARTESIAN_POINT('',(-1.045262096774E0,1.232824422685E-1,
2.533518592584E-2));
#3788=CARTESIAN_POINT('',(-1.046875E0,1.258587788658E-1,0.E0));
#3789=CARTESIAN_POINT('',(-1.048487903226E0,1.232824422685E-1,
-2.533518592584E-2));
#3790=CARTESIAN_POINT('',(-1.050100806452E0,1.156589079997E-1,
-4.963314636312E-2));
#3791=CARTESIAN_POINT('',(-1.051713709677E0,1.033002844480E-1,
-7.189911995665E-2));
#3792=CARTESIAN_POINT('',(-1.053326612903E0,8.671253511377E-2,
-9.122153513137E-2));
#3793=CARTESIAN_POINT('',(-1.054939516129E0,6.657476440369E-2,
-1.068093299397E-1));
#3794=CARTESIAN_POINT('',(-1.056552419355E0,4.371141501671E-2,
-1.180243382308E-1));
#3795=CARTESIAN_POINT('',(-1.058165322581E0,1.905851516308E-2,
-1.244074162474E-1));
#3796=CARTESIAN_POINT('',(-1.059778225806E0,-6.374642540605E-3,
-1.256972400256E-1));
#3797=CARTESIAN_POINT('',(-1.061391129032E0,-3.154682162969E-2,
-1.218410040284E-1));
#3798=CARTESIAN_POINT('',(-1.063004032258E0,-5.542747013466E-2,
-1.129965830105E-1));
#3799=CARTESIAN_POINT('',(-1.064616935484E0,-7.703891149987E-2,
-9.952606860765E-2));
#3800=CARTESIAN_POINT('',(-1.066229838710E0,-9.549637077659E-2,
-8.198094526218E-2));
#3801=CARTESIAN_POINT('',(-1.067842741935E0,-1.100441974134E-1,
-6.107951238532E-2));
#3802=CARTESIAN_POINT('',(-1.069455645161E0,-1.200868016784E-1,
-3.767747709487E-2));
#3803=CARTESIAN_POINT('',(-1.071068548387E0,-1.252130381731E-1,
-1.273292146524E-2));
#3804=CARTESIAN_POINT('',(-1.072681451613E0,-1.252130381731E-1,
1.273292146523E-2));
#3805=CARTESIAN_POINT('',(-1.074294354839E0,-1.200868016784E-1,
3.767747709487E-2));
#3806=CARTESIAN_POINT('',(-1.075907258065E0,-1.100441974134E-1,
6.107951238532E-2));
#3807=CARTESIAN_POINT('',(-1.077520161290E0,-9.549637077659E-2,
8.198094526217E-2));
#3808=CARTESIAN_POINT('',(-1.079133064516E0,-7.703891149987E-2,
9.952606860765E-2));
#3809=CARTESIAN_POINT('',(-1.080745967742E0,-5.542747013467E-2,
1.129965830105E-1));
#3810=CARTESIAN_POINT('',(-1.082358870968E0,-3.154682162969E-2,
1.218410040284E-1));
#3811=CARTESIAN_POINT('',(-1.083971774194E0,-6.374642540607E-3,
1.256972400256E-1));
#3812=CARTESIAN_POINT('',(-1.085584677419E0,1.905851516308E-2,
1.244074162474E-1));
#3813=CARTESIAN_POINT('',(-1.087197580645E0,4.371141501671E-2,
1.180243382308E-1));
#3814=CARTESIAN_POINT('',(-1.088810483871E0,6.657476440368E-2,
1.068093299397E-1));
#3815=CARTESIAN_POINT('',(-1.090423387097E0,8.671253511377E-2,
9.122153513137E-2));
#3816=CARTESIAN_POINT('',(-1.092036290323E0,1.033002844480E-1,
7.189911995665E-2));
#3817=CARTESIAN_POINT('',(-1.093649193548E0,1.156589079997E-1,
4.963314636312E-2));
#3818=CARTESIAN_POINT('',(-1.095262096774E0,1.232824422685E-1,
2.533518592584E-2));
#3819=CARTESIAN_POINT('',(-1.096875E0,1.258587788658E-1,0.E0));
#3820=CARTESIAN_POINT('',(-1.098487903226E0,1.232824422685E-1,
-2.533518592584E-2));
#3821=CARTESIAN_POINT('',(-1.100100806452E0,1.156589079997E-1,
-4.963314636312E-2));
#3822=CARTESIAN_POINT('',(-1.101713709677E0,1.033002844480E-1,
-7.189911995665E-2));
#3823=CARTESIAN_POINT('',(-1.103326612903E0,8.671253511377E-2,
-9.122153513136E-2));
#3824=CARTESIAN_POINT('',(-1.104939516129E0,6.657476440369E-2,
-1.068093299397E-1));
#3825=CARTESIAN_POINT('',(-1.106552419355E0,4.371141501671E-2,
-1.180243382308E-1));
#3826=CARTESIAN_POINT('',(-1.108165322581E0,1.905851516308E-2,
-1.244074162474E-1));
#3827=CARTESIAN_POINT('',(-1.109778225806E0,-6.374642540605E-3,
-1.256972400256E-1));
#3828=CARTESIAN_POINT('',(-1.111391129032E0,-3.154682162969E-2,
-1.218410040284E-1));
#3829=CARTESIAN_POINT('',(-1.113004032258E0,-5.542747013466E-2,
-1.129965830105E-1));
#3830=CARTESIAN_POINT('',(-1.114616935484E0,-7.703891149987E-2,
-9.952606860765E-2));
#3831=CARTESIAN_POINT('',(-1.116229838710E0,-9.549637077659E-2,
-8.198094526218E-2));
#3832=CARTESIAN_POINT('',(-1.117842741935E0,-1.100441974134E-1,
-6.107951238532E-2));
#3833=CARTESIAN_POINT('',(-1.119455645161E0,-1.200868016784E-1,
-3.767747709487E-2));
#3834=CARTESIAN_POINT('',(-1.121068548387E0,-1.252130381731E-1,
-1.273292146524E-2));
#3835=CARTESIAN_POINT('',(-1.122681451613E0,-1.252130381731E-1,
1.273292146523E-2));
#3836=CARTESIAN_POINT('',(-1.124294354839E0,-1.200868016784E-1,
3.767747709487E-2));
#3837=CARTESIAN_POINT('',(-1.125907258065E0,-1.100441974134E-1,
6.107951238531E-2));
#3838=CARTESIAN_POINT('',(-1.127520161290E0,-9.549637077659E-2,
8.198094526219E-2));
#3839=CARTESIAN_POINT('',(-1.129133064516E0,-7.703891149987E-2,
9.952606860758E-2));
#3840=CARTESIAN_POINT('',(-1.130745967742E0,-5.542747013467E-2,
1.129965830108E-1));
#3841=CARTESIAN_POINT('',(-1.132358870968E0,-3.154682162969E-2,
1.218410040274E-1));
#3842=CARTESIAN_POINT('',(-1.133971774194E0,-6.374642540607E-3,
1.256972400293E-1));
#3843=CARTESIAN_POINT('',(-1.135584677419E0,1.905851516308E-2,
1.244074162338E-1));
#3844=CARTESIAN_POINT('',(-1.137197580645E0,4.371141501671E-2,
1.180243382818E-1));
#3845=CARTESIAN_POINT('',(-1.138810483871E0,6.657476440368E-2,
1.068093297494E-1));
#3846=CARTESIAN_POINT('',(-1.140423387097E0,8.671253511377E-2,
9.122153584176E-2));
#3847=CARTESIAN_POINT('',(-1.142036290323E0,1.033002844480E-1,
7.189911730541E-2));
#3848=CARTESIAN_POINT('',(-1.143649193548E0,1.156589079997E-1,
4.963315625768E-2));
#3849=CARTESIAN_POINT('',(-1.145262096774E0,1.232824422685E-1,
2.533514899884E-2));
#3850=CARTESIAN_POINT('',(-1.146337365591E0,1.25E-1,8.445141541909E-3));
#3851=CARTESIAN_POINT('',(-1.146875E0,1.25E-1,0.E0));
#3853=CURVE_STYLE('',#127,POSITIVE_LENGTH_MEASURE(2.E-2),#73);
#3854=PRESENTATION_STYLE_ASSIGNMENT((#3853));
#3855=STYLED_ITEM('',(#3854),#3852);
#3856=DIRECTION('',(5.E-1,-8.660254037844E-1,-1.200975114745E-14));
#3857=VECTOR('',#3856,3.125E-2);
#3858=CARTESIAN_POINT('',(-9.46875E-1,1.25E-1,0.E0));
#3859=LINE('',#3858,#3857);
#3860=CURVE_STYLE('',#127,POSITIVE_LENGTH_MEASURE(2.E-2),#73);
#3861=PRESENTATION_STYLE_ASSIGNMENT((#3860));
#3862=STYLED_ITEM('',(#3861),#3859);
#3863=CARTESIAN_POINT('',(-1.146875E0,1.25E-1,0.E0));
#3864=CARTESIAN_POINT('',(-1.147412634409E0,1.25E-1,-8.445141541907E-3));
#3865=CARTESIAN_POINT('',(-1.148487903226E0,1.232824422685E-1,
-2.533514899884E-2));
#3866=CARTESIAN_POINT('',(-1.150100806452E0,1.156589079997E-1,
-4.963315625768E-2));
#3867=CARTESIAN_POINT('',(-1.151713709677E0,1.033002844480E-1,
-7.189911730541E-2));
#3868=CARTESIAN_POINT('',(-1.153326612903E0,8.671253511377E-2,
-9.122153584176E-2));
#3869=CARTESIAN_POINT('',(-1.154939516129E0,6.657476440369E-2,
-1.068093297494E-1));
#3870=CARTESIAN_POINT('',(-1.156552419355E0,4.371141501671E-2,
-1.180243382818E-1));
#3871=CARTESIAN_POINT('',(-1.158165322581E0,1.905851516308E-2,
-1.244074162338E-1));
#3872=CARTESIAN_POINT('',(-1.159778225806E0,-6.374642540605E-3,
-1.256972400293E-1));
#3873=CARTESIAN_POINT('',(-1.161391129032E0,-3.154682162969E-2,
-1.218410040274E-1));
#3874=CARTESIAN_POINT('',(-1.163004032258E0,-5.542747013466E-2,
-1.129965830108E-1));
#3875=CARTESIAN_POINT('',(-1.164616935484E0,-7.703891149987E-2,
-9.952606860758E-2));
#3876=CARTESIAN_POINT('',(-1.166229838710E0,-9.549637077659E-2,
-8.198094526219E-2));
#3877=CARTESIAN_POINT('',(-1.167842741935E0,-1.100441974134E-1,
-6.107951238531E-2));
#3878=CARTESIAN_POINT('',(-1.169455645161E0,-1.200868016784E-1,
-3.767747709487E-2));
#3879=CARTESIAN_POINT('',(-1.171068548387E0,-1.252130381731E-1,
-1.273292146524E-2));
#3880=CARTESIAN_POINT('',(-1.172681451613E0,-1.252130381731E-1,
1.273292146524E-2));
#3881=CARTESIAN_POINT('',(-1.174294354839E0,-1.200868016784E-1,
3.767747709487E-2));
#3882=CARTESIAN_POINT('',(-1.175907258065E0,-1.100441974134E-1,
6.107951238532E-2));
#3883=CARTESIAN_POINT('',(-1.177520161290E0,-9.549637077659E-2,
8.198094526217E-2));
#3884=CARTESIAN_POINT('',(-1.179133064516E0,-7.703891149987E-2,
9.952606860765E-2));
#3885=CARTESIAN_POINT('',(-1.180745967742E0,-5.542747013467E-2,
1.129965830105E-1));
#3886=CARTESIAN_POINT('',(-1.182358870968E0,-3.154682162969E-2,
1.218410040284E-1));
#3887=CARTESIAN_POINT('',(-1.183971774194E0,-6.374642540606E-3,
1.256972400256E-1));
#3888=CARTESIAN_POINT('',(-1.185584677419E0,1.905851516308E-2,
1.244074162474E-1));
#3889=CARTESIAN_POINT('',(-1.187197580645E0,4.371141501671E-2,
1.180243382308E-1));
#3890=CARTESIAN_POINT('',(-1.188810483871E0,6.657476440368E-2,
1.068093299397E-1));
#3891=CARTESIAN_POINT('',(-1.190423387097E0,8.671253511377E-2,
9.122153513137E-2));
#3892=CARTESIAN_POINT('',(-1.192036290323E0,1.033002844480E-1,
7.189911995665E-2));
#3893=CARTESIAN_POINT('',(-1.193649193548E0,1.156589079997E-1,
4.963314636312E-2));
#3894=CARTESIAN_POINT('',(-1.195262096774E0,1.232824422685E-1,
2.533518592584E-2));
#3895=CARTESIAN_POINT('',(-1.196875E0,1.258587788658E-1,0.E0));
#3896=CARTESIAN_POINT('',(-1.198487903226E0,1.232824422685E-1,
-2.533518592584E-2));
#3897=CARTESIAN_POINT('',(-1.200100806452E0,1.156589079997E-1,
-4.963314636312E-2));
#3898=CARTESIAN_POINT('',(-1.201713709677E0,1.033002844480E-1,
-7.189911995665E-2));
#3899=CARTESIAN_POINT('',(-1.203326612903E0,8.671253511377E-2,
-9.122153513136E-2));
#3900=CARTESIAN_POINT('',(-1.204939516129E0,6.657476440369E-2,
-1.068093299397E-1));
#3901=CARTESIAN_POINT('',(-1.206552419355E0,4.371141501671E-2,
-1.180243382308E-1));
#3902=CARTESIAN_POINT('',(-1.208165322581E0,1.905851516308E-2,
-1.244074162474E-1));
#3903=CARTESIAN_POINT('',(-1.209778225806E0,-6.374642540605E-3,
-1.256972400256E-1));
#3904=CARTESIAN_POINT('',(-1.211391129032E0,-3.154682162969E-2,
-1.218410040284E-1));
#3905=CARTESIAN_POINT('',(-1.213004032258E0,-5.542747013466E-2,
-1.129965830105E-1));
#3906=CARTESIAN_POINT('',(-1.214616935484E0,-7.703891149987E-2,
-9.952606860765E-2));
#3907=CARTESIAN_POINT('',(-1.216229838710E0,-9.549637077659E-2,
-8.198094526218E-2));
#3908=CARTESIAN_POINT('',(-1.217842741935E0,-1.100441974134E-1,
-6.107951238532E-2));
#3909=CARTESIAN_POINT('',(-1.219455645161E0,-1.200868016784E-1,
-3.767747709487E-2));
#3910=CARTESIAN_POINT('',(-1.221068548387E0,-1.252130381731E-1,
-1.273292146524E-2));
#3911=CARTESIAN_POINT('',(-1.222681451613E0,-1.252130381731E-1,
1.273292146523E-2));
#3912=CARTESIAN_POINT('',(-1.224294354839E0,-1.200868016784E-1,
3.767747709487E-2));
#3913=CARTESIAN_POINT('',(-1.225907258065E0,-1.100441974134E-1,
6.107951238532E-2));
#3914=CARTESIAN_POINT('',(-1.227520161290E0,-9.549637077659E-2,
8.198094526217E-2));
#3915=CARTESIAN_POINT('',(-1.229133064516E0,-7.703891149987E-2,
9.952606860765E-2));
#3916=CARTESIAN_POINT('',(-1.230745967742E0,-5.542747013467E-2,
1.129965830105E-1));
#3917=CARTESIAN_POINT('',(-1.232358870968E0,-3.154682162969E-2,
1.218410040284E-1));
#3918=CARTESIAN_POINT('',(-1.233971774194E0,-6.374642540606E-3,
1.256972400256E-1));
#3919=CARTESIAN_POINT('',(-1.235584677419E0,1.905851516308E-2,
1.244074162474E-1));
#3920=CARTESIAN_POINT('',(-1.237197580645E0,4.371141501671E-2,
1.180243382308E-1));
#3921=CARTESIAN_POINT('',(-1.238810483871E0,6.657476440368E-2,
1.068093299397E-1));
#3922=CARTESIAN_POINT('',(-1.240423387097E0,8.671253511377E-2,
9.122153513137E-2));
#3923=CARTESIAN_POINT('',(-1.242036290323E0,1.033002844480E-1,
7.189911995665E-2));
#3924=CARTESIAN_POINT('',(-1.243649193548E0,1.156589079997E-1,
4.963314636312E-2));
#3925=CARTESIAN_POINT('',(-1.245262096774E0,1.232824422685E-1,
2.533518592584E-2));
#3926=CARTESIAN_POINT('',(-1.246875E0,1.258587788658E-1,0.E0));
#3927=CARTESIAN_POINT('',(-1.248487903226E0,1.232824422685E-1,
-2.533518592584E-2));
#3928=CARTESIAN_POINT('',(-1.250100806452E0,1.156589079997E-1,
-4.963314636312E-2));
#3929=CARTESIAN_POINT('',(-1.251713709677E0,1.033002844480E-1,
-7.189911995665E-2));
#3930=CARTESIAN_POINT('',(-1.253326612903E0,8.671253511377E-2,
-9.122153513136E-2));
#3931=CARTESIAN_POINT('',(-1.254939516129E0,6.657476440369E-2,
-1.068093299397E-1));
#3932=CARTESIAN_POINT('',(-1.256552419355E0,4.371141501671E-2,
-1.180243382308E-1));
#3933=CARTESIAN_POINT('',(-1.258165322581E0,1.905851516308E-2,
-1.244074162474E-1));
#3934=CARTESIAN_POINT('',(-1.259778225806E0,-6.374642540605E-3,
-1.256972400256E-1));
#3935=CARTESIAN_POINT('',(-1.261391129032E0,-3.154682162969E-2,
-1.218410040284E-1));
#3936=CARTESIAN_POINT('',(-1.263004032258E0,-5.542747013466E-2,
-1.129965830105E-1));
#3937=CARTESIAN_POINT('',(-1.264616935484E0,-7.703891149987E-2,
-9.952606860765E-2));
#3938=CARTESIAN_POINT('',(-1.266229838710E0,-9.549637077659E-2,
-8.198094526218E-2));
#3939=CARTESIAN_POINT('',(-1.267842741935E0,-1.100441974134E-1,
-6.107951238532E-2));
#3940=CARTESIAN_POINT('',(-1.269455645161E0,-1.200868016784E-1,
-3.767747709487E-2));
#3941=CARTESIAN_POINT('',(-1.271068548387E0,-1.252130381731E-1,
-1.273292146524E-2));
#3942=CARTESIAN_POINT('',(-1.272681451613E0,-1.252130381731E-1,
1.273292146523E-2));
#3943=CARTESIAN_POINT('',(-1.274294354839E0,-1.200868016784E-1,
3.767747709487E-2));
#3944=CARTESIAN_POINT('',(-1.275907258065E0,-1.100441974134E-1,
6.107951238532E-2));
#3945=CARTESIAN_POINT('',(-1.277520161290E0,-9.549637077659E-2,
8.198094526217E-2));
#3946=CARTESIAN_POINT('',(-1.279133064516E0,-7.703891149987E-2,
9.952606860765E-2));
#3947=CARTESIAN_POINT('',(-1.280745967742E0,-5.542747013467E-2,
1.129965830105E-1));
#3948=CARTESIAN_POINT('',(-1.282358870968E0,-3.154682162969E-2,
1.218410040284E-1));
#3949=CARTESIAN_POINT('',(-1.283971774194E0,-6.374642540608E-3,
1.256972400256E-1));
#3950=CARTESIAN_POINT('',(-1.285584677419E0,1.905851516308E-2,
1.244074162474E-1));
#3951=CARTESIAN_POINT('',(-1.287197580645E0,4.371141501671E-2,
1.180243382308E-1));
#3952=CARTESIAN_POINT('',(-1.288810483871E0,6.657476440368E-2,
1.068093299397E-1));
#3953=CARTESIAN_POINT('',(-1.290423387097E0,8.671253511377E-2,
9.122153513137E-2));
#3954=CARTESIAN_POINT('',(-1.292036290323E0,1.033002844480E-1,
7.189911995665E-2));
#3955=CARTESIAN_POINT('',(-1.293649193548E0,1.156589079997E-1,
4.963314636312E-2));
#3956=CARTESIAN_POINT('',(-1.295262096774E0,1.232824422685E-1,
2.533518592584E-2));
#3957=CARTESIAN_POINT('',(-1.296875E0,1.258587788658E-1,0.E0));
#3958=CARTESIAN_POINT('',(-1.298487903226E0,1.232824422685E-1,
-2.533518592584E-2));
#3959=CARTESIAN_POINT('',(-1.300100806452E0,1.156589079997E-1,
-4.963314636312E-2));
#3960=CARTESIAN_POINT('',(-1.301713709677E0,1.033002844480E-1,
-7.189911995665E-2));
#3961=CARTESIAN_POINT('',(-1.303326612903E0,8.671253511377E-2,
-9.122153513136E-2));
#3962=CARTESIAN_POINT('',(-1.304939516129E0,6.657476440369E-2,
-1.068093299397E-1));
#3963=CARTESIAN_POINT('',(-1.306552419355E0,4.371141501671E-2,
-1.180243382308E-1));
#3964=CARTESIAN_POINT('',(-1.308165322581E0,1.905851516308E-2,
-1.244074162474E-1));
#3965=CARTESIAN_POINT('',(-1.309778225806E0,-6.374642540605E-3,
-1.256972400256E-1));
#3966=CARTESIAN_POINT('',(-1.311391129032E0,-3.154682162969E-2,
-1.218410040284E-1));
#3967=CARTESIAN_POINT('',(-1.313004032258E0,-5.542747013466E-2,
-1.129965830105E-1));
#3968=CARTESIAN_POINT('',(-1.314616935484E0,-7.703891149987E-2,
-9.952606860765E-2));
#3969=CARTESIAN_POINT('',(-1.316229838710E0,-9.549637077659E-2,
-8.198094526218E-2));
#3970=CARTESIAN_POINT('',(-1.317842741935E0,-1.100441974134E-1,
-6.107951238532E-2));
#3971=CARTESIAN_POINT('',(-1.319455645161E0,-1.200868016784E-1,
-3.767747709487E-2));
#3972=CARTESIAN_POINT('',(-1.321068548387E0,-1.252130381731E-1,
-1.273292146524E-2));
#3973=CARTESIAN_POINT('',(-1.322681451613E0,-1.252130381731E-1,
1.273292146524E-2));
#3974=CARTESIAN_POINT('',(-1.324294354839E0,-1.200868016784E-1,
3.767747709487E-2));
#3975=CARTESIAN_POINT('',(-1.325907258065E0,-1.100441974134E-1,
6.107951238531E-2));
#3976=CARTESIAN_POINT('',(-1.327520161290E0,-9.549637077659E-2,
8.198094526219E-2));
#3977=CARTESIAN_POINT('',(-1.329133064516E0,-7.703891149987E-2,
9.952606860758E-2));
#3978=CARTESIAN_POINT('',(-1.330745967742E0,-5.542747013467E-2,
1.129965830108E-1));
#3979=CARTESIAN_POINT('',(-1.332358870968E0,-3.154682162969E-2,
1.218410040274E-1));
#3980=CARTESIAN_POINT('',(-1.333971774194E0,-6.374642540607E-3,
1.256972400293E-1));
#3981=CARTESIAN_POINT('',(-1.335584677419E0,1.905851516308E-2,
1.244074162338E-1));
#3982=CARTESIAN_POINT('',(-1.337197580645E0,4.371141501671E-2,
1.180243382818E-1));
#3983=CARTESIAN_POINT('',(-1.338810483871E0,6.657476440368E-2,
1.068093297494E-1));
#3984=CARTESIAN_POINT('',(-1.340423387097E0,8.671253511377E-2,
9.122153584176E-2));
#3985=CARTESIAN_POINT('',(-1.342036290323E0,1.033002844480E-1,
7.189911730541E-2));
#3986=CARTESIAN_POINT('',(-1.343649193548E0,1.156589079997E-1,
4.963315625768E-2));
#3987=CARTESIAN_POINT('',(-1.345262096774E0,1.232824422685E-1,
2.533514899884E-2));
#3988=CARTESIAN_POINT('',(-1.346337365591E0,1.25E-1,8.445141541909E-3));
#3989=CARTESIAN_POINT('',(-1.346875E0,1.25E-1,0.E0));
#3991=CURVE_STYLE('',#127,POSITIVE_LENGTH_MEASURE(2.E-2),#73);
#3992=PRESENTATION_STYLE_ASSIGNMENT((#3991));
#3993=STYLED_ITEM('',(#3992),#3990);
#3994=DIRECTION('',(5.E-1,-8.660254037844E-1,-2.085338769454E-14));
#3995=VECTOR('',#3994,3.125E-2);
#3996=CARTESIAN_POINT('',(-1.146875E0,1.25E-1,0.E0));
#3997=LINE('',#3996,#3995);
#3998=CURVE_STYLE('',#127,POSITIVE_LENGTH_MEASURE(2.E-2),#73);
#3999=PRESENTATION_STYLE_ASSIGNMENT((#3998));
#4000=STYLED_ITEM('',(#3999),#3997);
#4001=CARTESIAN_POINT('',(-1.488893874852E0,6.722849170122E-2,
1.053818290958E-1));
#4002=CARTESIAN_POINT('',(-1.487791275864E0,5.968368175347E-2,
1.090174475209E-1));
#4003=CARTESIAN_POINT('',(-1.485586952825E0,4.404230571054E-2,
1.146888825600E-1));
#4004=CARTESIAN_POINT('',(-1.482231790238E0,1.958493290268E-2,
1.181819464578E-1));
#4005=CARTESIAN_POINT('',(-1.478981858120E0,-3.720820489737E-3,
1.167588063253E-1));
#4006=CARTESIAN_POINT('',(-1.475694816976E0,-2.599622127846E-2,
1.108748540679E-1));
#4007=CARTESIAN_POINT('',(-1.472321887585E0,-4.661014654242E-2,
1.005790956186E-1));
#4008=CARTESIAN_POINT('',(-1.468918328481E0,-6.430098393338E-2,
8.647686414619E-2));
#4009=CARTESIAN_POINT('',(-1.465554186674E0,-7.812096881855E-2,
6.969420554456E-2));
#4010=CARTESIAN_POINT('',(-1.462219196305E0,-8.786986358330E-2,
5.114913540946E-2));
#4011=CARTESIAN_POINT('',(-1.459966599310E0,-9.163857657790E-2,
3.793115366483E-2));
#4012=CARTESIAN_POINT('',(-1.458837041989E0,-9.280674798963E-2,
3.128107951340E-2));
#4014=CURVE_STYLE('',#127,POSITIVE_LENGTH_MEASURE(2.E-2),#73);
#4015=PRESENTATION_STYLE_ASSIGNMENT((#4014));
#4016=STYLED_ITEM('',(#4015),#4013);
#4017=CARTESIAN_POINT('',(-1.346875E0,1.25E-1,0.E0));
#4018=CARTESIAN_POINT('',(-1.347406905898E0,1.25E-1,-8.355158312831E-3));
#4019=CARTESIAN_POINT('',(-1.348470717695E0,1.233189704314E-1,
-2.506521371315E-2));
#4020=CARTESIAN_POINT('',(-1.350066435390E0,1.158553888651E-1,
-4.912601096631E-2));
#4021=CARTESIAN_POINT('',(-1.351662153085E0,1.037488749006E-1,
-7.121801569926E-2));
#4022=CARTESIAN_POINT('',(-1.353257870780E0,8.748459997845E-2,
-9.045595640751E-2));
#4023=CARTESIAN_POINT('',(-1.354853588475E0,6.771435880331E-2,
-1.060688490310E-1));
#4024=CARTESIAN_POINT('',(-1.356449306170E0,4.523044851538E-2,
-1.174310082543E-1));
#4025=CARTESIAN_POINT('',(-1.358045023865E0,2.093391719310E-2,
-1.240870914677E-1));
#4026=CARTESIAN_POINT('',(-1.359640741560E0,-4.201545863899E-3,
-1.257703549109E-1));
#4027=CARTESIAN_POINT('',(-1.361236459255E0,-2.916863096624E-2,
-1.224133413011E-1));
#4028=CARTESIAN_POINT('',(-1.362832176950E0,-5.296677621129E-2,
-1.141505837875E-1));
#4029=CARTESIAN_POINT('',(-1.364427894645E0,-7.464226524060E-2,
-1.013132143450E-1));
#4030=CARTESIAN_POINT('',(-1.366023612340E0,-9.332644765087E-2,
-8.441569362420E-2));
#4031=CARTESIAN_POINT('',(-1.367619330035E0,-1.082705503665E-1,
-6.413519380590E-2));
#4032=CARTESIAN_POINT('',(-1.369215047729E0,-1.188756848995E-1,
-4.128446076753E-2));
#4033=CARTESIAN_POINT('',(-1.370810765424E0,-1.247168479488E-1,
-1.677924309690E-2));
#4034=CARTESIAN_POINT('',(-1.372406483119E0,-1.255599535092E-1,
8.398406751088E-3));
#4035=CARTESIAN_POINT('',(-1.374002200814E0,-1.213712139238E-1,
3.323948844130E-2));
#4036=CARTESIAN_POINT('',(-1.375597918509E0,-1.123184939327E-1,
5.674848968798E-2));
#4037=CARTESIAN_POINT('',(-1.377193636204E0,-9.876458345311E-2,
7.798328164751E-2));
#4038=CARTESIAN_POINT('',(-1.378789353899E0,-8.125265868685E-2,
9.609287495699E-2));
#4039=CARTESIAN_POINT('',(-1.380385071594E0,-6.048451420431E-2,
1.103515233363E-1));
#4040=CARTESIAN_POINT('',(-1.381980789289E0,-3.729243835921E-2,
1.201878080439E-1));
#4041=CARTESIAN_POINT('',(-1.383576506984E0,-1.260585913397E-2,
1.252075376193E-1));
#4042=CARTESIAN_POINT('',(-1.385172224679E0,1.258590290888E-2,
1.252095451998E-1));
#4043=CARTESIAN_POINT('',(-1.386767942374E0,3.727328188462E-2,
1.201937503314E-1));
#4044=CARTESIAN_POINT('',(-1.388363660069E0,6.046692518050E-2,
1.103611621921E-1));
#4045=CARTESIAN_POINT('',(-1.389959377764E0,8.123734199817E-2,
9.610582410164E-2));
#4046=CARTESIAN_POINT('',(-1.391555095459E0,9.875215291951E-2,
7.799902214095E-2));
#4047=CARTESIAN_POINT('',(-1.393150813154E0,1.123094477108E-1,
5.676639072617E-2));
#4048=CARTESIAN_POINT('',(-1.394746530849E0,1.213659145431E-1,
3.325883263586E-2));
#4049=CARTESIAN_POINT('',(-1.396342248544E0,1.255586133436E-1,
8.418418878800E-3));
#4050=CARTESIAN_POINT('',(-1.397937966239E0,1.247195207058E-1,
-1.675936502683E-2));
#4051=CARTESIAN_POINT('',(-1.399533683934E0,1.188822634677E-1,
-4.126551337353E-2));
#4052=CARTESIAN_POINT('',(-1.401129401629E0,1.082807711082E-1,
-6.411793640931E-2));
#4053=CARTESIAN_POINT('',(-1.402725119324E0,9.333990096748E-2,
-8.440081781928E-2));
#4054=CARTESIAN_POINT('',(-1.404320837019E0,7.465841198719E-2,
-1.013013162833E-1));
#4055=CARTESIAN_POINT('',(-1.405916554714E0,5.298496930313E-2,
-1.141421402863E-1));
#4056=CARTESIAN_POINT('',(-1.407512272409E0,2.918814131083E-2,
-1.224086907372E-1));
#4057=CARTESIAN_POINT('',(-1.409107990104E0,4.221591579514E-3,
-1.257696836512E-1));
#4058=CARTESIAN_POINT('',(-1.410703707799E0,-2.091413944331E-2,
-1.240904264338E-1));
#4059=CARTESIAN_POINT('',(-1.412299425493E0,-4.521173132945E-2,
-1.174382157195E-1));
#4060=CARTESIAN_POINT('',(-1.413895143188E0,-6.769745227696E-2,
-1.060796404424E-1));
#4061=CARTESIAN_POINT('',(-1.415490860883E0,-8.747018164475E-2,
-9.046989822155E-2));
#4062=CARTESIAN_POINT('',(-1.417086578578E0,-1.037375225777E-1,
-7.123455320712E-2));
#4063=CARTESIAN_POINT('',(-1.418682296273E0,-1.158475575001E-1,
-4.914446644784E-2));
#4064=CARTESIAN_POINT('',(-1.420278013968E0,-1.233149738681E-1,
-2.508490345012E-2));
#4065=CARTESIAN_POINT('',(-1.421873731663E0,-1.258405131859E-1,
-2.005695133535E-5));
#4066=CARTESIAN_POINT('',(-1.423469449358E0,-1.233229638620E-1,
2.504559333457E-2));
#4067=CARTESIAN_POINT('',(-1.425065167053E0,-1.158632172870E-1,
4.910753548168E-2));
#4068=CARTESIAN_POINT('',(-1.426660884748E0,-1.037602245879E-1,
7.120148140765E-2));
#4069=CARTESIAN_POINT('',(-1.428256602443E0,-8.749901608976E-2,
9.044201094904E-2));
#4070=CARTESIAN_POINT('',(-1.429852320138E0,-6.773126360951E-2,
1.060580552860E-1));
#4071=CARTESIAN_POINT('',(-1.431448037833E0,-4.524916455231E-2,
1.174237977094E-1));
#4072=CARTESIAN_POINT('',(-1.433043755528E0,-2.095369441111E-2,
1.240837533753E-1));
#4073=CARTESIAN_POINT('',(-1.434639473223E0,4.181500041554E-3,
1.257710229687E-1));
#4074=CARTESIAN_POINT('',(-1.436235190918E0,2.914911988067E-2,
1.224179887572E-1));
#4075=CARTESIAN_POINT('',(-1.437830908613E0,5.294858177392E-2,
1.141590243884E-1));
#4076=CARTESIAN_POINT('',(-1.439426626308E0,7.462611659785E-2,
1.013251098332E-1));
#4077=CARTESIAN_POINT('',(-1.441022344003E0,9.331299196347E-2,
8.443056728465E-2));
#4078=CARTESIAN_POINT('',(-1.442618061698E0,1.082603268743E-1,
6.415244957327E-2));
#4079=CARTESIAN_POINT('',(-1.444213779393E0,1.188691033114E-1,
4.130340711277E-2));
#4080=CARTESIAN_POINT('',(-1.445809497088E0,1.247141720236E-1,
1.679912074071E-2));
#4081=CARTESIAN_POINT('',(-1.447405214783E0,1.255612904851E-1,
-8.378394410029E-3));
#4082=CARTESIAN_POINT('',(-1.449000932478E0,1.213765102213E-1,
-3.322014340235E-2));
#4083=CARTESIAN_POINT('',(-1.450596650173E0,1.123275373014E-1,
-5.673058720820E-2));
#4084=CARTESIAN_POINT('',(-1.452192367868E0,9.877701147778E-2,
-7.796753917305E-2));
#4085=CARTESIAN_POINT('',(-1.453788085563E0,8.126797331146E-2,
-9.607992337127E-2));
#4086=CARTESIAN_POINT('',(-1.455383803257E0,6.050210169162E-2,
-1.103418816773E-1));
#4087=CARTESIAN_POINT('',(-1.456979520952E0,3.731159388646E-2,
-1.201818627033E-1));
#4088=CARTESIAN_POINT('',(-1.458575238647E0,1.262581503882E-2,
-1.252055268580E-1));
#4089=CARTESIAN_POINT('',(-1.460170956342E0,-1.256594636408E-2,
-1.252115495997E-1));
#4090=CARTESIAN_POINT('',(-1.461766674037E0,-3.725412446316E-2,
-1.201996895656E-1));
#4091=CARTESIAN_POINT('',(-1.463362391732E0,-6.044933462064E-2,
-1.103707982444E-1));
#4092=CARTESIAN_POINT('',(-1.464958109427E0,-8.122202324579E-2,
-9.611877080488E-2));
#4093=CARTESIAN_POINT('',(-1.466553827122E0,-9.873971987728E-2,
-7.801476065296E-2));
#4094=CARTESIAN_POINT('',(-1.468149544817E0,-1.123003986359E-1,
-5.678429032232E-2));
#4095=CARTESIAN_POINT('',(-1.469745262512E0,-1.213606120793E-1,
-3.327817598554E-2));
#4096=CARTESIAN_POINT('',(-1.471340980207E0,-1.255572699883E-1,
-8.438430792693E-3));
#4097=CARTESIAN_POINT('',(-1.472936697902E0,-1.247221902947E-1,
1.673948653117E-2));
#4098=CARTESIAN_POINT('',(-1.474532415597E0,-1.188888390151E-1,
4.124656493075E-2));
#4099=CARTESIAN_POINT('',(-1.476128133292E0,-1.082909891022E-1,
6.410067738577E-2));
#4100=CARTESIAN_POINT('',(-1.477723850987E0,-9.335335190204E-2,
8.438593986335E-2));
#4101=CARTESIAN_POINT('',(-1.479319568682E0,-7.467455687797E-2,
1.012894156742E-1));
#4102=CARTESIAN_POINT('',(-1.480915286377E0,-5.300316089689E-2,
1.141336937887E-1));
#4103=CARTESIAN_POINT('',(-1.482511004072E0,-2.920765148155E-2,
1.224040374249E-1));
#4104=CARTESIAN_POINT('',(-1.484106721767E0,-4.241635069531E-3,
1.257690078486E-1));
#4105=CARTESIAN_POINT('',(-1.485702439462E0,2.089435325642E-2,
1.240937632782E-1));
#4106=CARTESIAN_POINT('',(-1.487298157157E0,4.519304249988E-2,
1.174454014270E-1));
#4107=CARTESIAN_POINT('',(-1.488361968953E0,6.018463677809E-2,
1.098754666262E-1));
#4108=CARTESIAN_POINT('',(-1.488893874852E0,6.722849170122E-2,
1.053818290958E-1));
#4110=CURVE_STYLE('',#127,POSITIVE_LENGTH_MEASURE(2.E-2),#73);
#4111=PRESENTATION_STYLE_ASSIGNMENT((#4110));
#4112=STYLED_ITEM('',(#4111),#4109);
#4113=DIRECTION('',(5.E-1,-8.660254037844E-1,-1.689364827429E-14));
#4114=VECTOR('',#4113,3.125E-2);
#4115=CARTESIAN_POINT('',(-1.346875E0,1.25E-1,0.E0));
#4116=LINE('',#4115,#4114);
#4117=CURVE_STYLE('',#127,POSITIVE_LENGTH_MEASURE(2.E-2),#73);
#4118=PRESENTATION_STYLE_ASSIGNMENT((#4117));
#4119=STYLED_ITEM('',(#4118),#4116);
#4120=CARTESIAN_POINT('',(-1.488893874852E0,-2.697848359657E-2,
1.220539283384E-1));
#4121=CARTESIAN_POINT('',(-1.489021482850E0,-2.402860488774E-2,
1.228236339948E-1));
#4122=CARTESIAN_POINT('',(-1.489253938973E0,-1.831184303957E-2,
1.240752751269E-1));
#4123=CARTESIAN_POINT('',(-1.489548519238E0,-1.028379504159E-2,
1.252457894725E-1));
#4124=CARTESIAN_POINT('',(-1.489787727127E0,-3.140617709088E-3,
1.258244865213E-1));
#4125=CARTESIAN_POINT('',(-1.489982693138E0,3.163916772466E-3,
1.259887298931E-1));
#4126=CARTESIAN_POINT('',(-1.490149622275E0,8.985139925800E-3,
1.258511705329E-1));
#4127=CARTESIAN_POINT('',(-1.490289799958E0,1.425512168317E-2,
1.254830286219E-1));
#4128=CARTESIAN_POINT('',(-1.490407362610E0,1.901576579761E-2,
1.249513654534E-1));
#4129=CARTESIAN_POINT('',(-1.490505252402E0,2.329193812671E-2,
1.243097286136E-1));
#4130=CARTESIAN_POINT('',(-1.490586301114E0,2.712004090304E-2,
1.236014535873E-1));
#4131=CARTESIAN_POINT('',(-1.490652982866E0,3.053778829634E-2,
1.228599854647E-1));
#4132=CARTESIAN_POINT('',(-1.490707511165E0,3.358503223692E-2,
1.221101936779E-1));
#4133=CARTESIAN_POINT('',(-1.490751835826E0,3.630216958568E-2,
1.213694673516E-1));
#4134=CARTESIAN_POINT('',(-1.490787661714E0,3.872962840455E-2,
1.206488189777E-1));
#4135=CARTESIAN_POINT('',(-1.490816458430E0,4.090739594891E-2,
1.199538751537E-1));
#4136=CARTESIAN_POINT('',(-1.490839470059E0,4.287477341672E-2,
1.192857555875E-1));
#4137=CARTESIAN_POINT('',(-1.490857722553E0,4.467025172686E-2,
1.186418167518E-1));
#4138=CARTESIAN_POINT('',(-1.490872028E0,4.633140949779E-2,1.180162893183E-1));
#4139=CARTESIAN_POINT('',(-1.490882984788E0,4.789505884737E-2,
1.174006982838E-1));
#4140=CARTESIAN_POINT('',(-1.490890965895E0,4.939661292401E-2,
1.167844872273E-1));
#4141=CARTESIAN_POINT('',(-1.490896107752E0,5.087257936942E-2,
1.161542017725E-1));
#4142=CARTESIAN_POINT('',(-1.490898212574E0,5.234725118751E-2,
1.154992053137E-1));
#4143=CARTESIAN_POINT('',(-1.490896890277E0,5.380181975185E-2,
1.148274460972E-1));
#4144=CARTESIAN_POINT('',(-1.490891938419E0,5.522446722121E-2,
1.141449650435E-1));
#4145=CARTESIAN_POINT('',(-1.490883250047E0,5.660215444148E-2,
1.134591544615E-1));
#4146=CARTESIAN_POINT('',(-1.490870830079E0,5.792271630140E-2,
1.127778655091E-1));
#4147=CARTESIAN_POINT('',(-1.490854825609E0,5.917405326699E-2,
1.121097506563E-1));
#4148=CARTESIAN_POINT('',(-1.490835526990E0,6.034538055035E-2,
1.114635085267E-1));
#4149=CARTESIAN_POINT('',(-1.490813496836E0,6.142310562671E-2,
1.108502169321E-1));
#4150=CARTESIAN_POINT('',(-1.490789146440E0,6.241019824024E-2,
1.102719717701E-1));
#4151=CARTESIAN_POINT('',(-1.490762845663E0,6.331108695639E-2,
1.097295846700E-1));
#4152=CARTESIAN_POINT('',(-1.490735057349E0,6.412778665631E-2,
1.092250238124E-1));
#4153=CARTESIAN_POINT('',(-1.490706222263E0,6.486412773799E-2,
1.087588950442E-1));
#4154=CARTESIAN_POINT('',(-1.490676763234E0,6.552462469856E-2,
1.083310465643E-1));
#4155=CARTESIAN_POINT('',(-1.490647066555E0,6.611447982876E-2,
1.079405462879E-1));
#4156=CARTESIAN_POINT('',(-1.490617477643E0,6.663921290509E-2,
1.075859067949E-1));
#4157=CARTESIAN_POINT('',(-1.490588298138E0,6.710444092346E-2,
1.072652425116E-1));
#4158=CARTESIAN_POINT('',(-1.490559784931E0,6.751570784728E-2,
1.069764061756E-1));
#4159=CARTESIAN_POINT('',(-1.490532148691E0,6.787839109287E-2,
1.067170808872E-1));
#4160=CARTESIAN_POINT('',(-1.490505551015E0,6.819766066258E-2,
1.064848369101E-1));
#4161=CARTESIAN_POINT('',(-1.490480099735E0,6.847847584447E-2,
1.062771599225E-1));
#4162=CARTESIAN_POINT('',(-1.490455842614E0,6.872560214787E-2,
1.060914608806E-1));
#4163=CARTESIAN_POINT('',(-1.490432759955E0,6.894363684809E-2,
1.059250752769E-1));
#4164=CARTESIAN_POINT('',(-1.490410756772E0,6.913703494966E-2,
1.057752579463E-1));
#4165=CARTESIAN_POINT('',(-1.490389654871E0,6.931013114098E-2,
1.056391770141E-1));
#4166=CARTESIAN_POINT('',(-1.490369184788E0,6.946715541512E-2,
1.055139087588E-1));
#4167=CARTESIAN_POINT('',(-1.490348976090E0,6.961224214724E-2,
1.053964321619E-1));
#4168=CARTESIAN_POINT('',(-1.490328545025E0,6.974942875186E-2,
1.052836248708E-1));
#4169=CARTESIAN_POINT('',(-1.490307269596E0,6.988265196460E-2,
1.051722444294E-1));
#4170=CARTESIAN_POINT('',(-1.490284364194E0,7.001569691570E-2,
1.050589385282E-1));
#4171=CARTESIAN_POINT('',(-1.490258763315E0,7.015223281341E-2,
1.049400949890E-1));
#4172=CARTESIAN_POINT('',(-1.490229164501E0,7.029536153265E-2,
1.048121935453E-1));
#4173=CARTESIAN_POINT('',(-1.490193107857E0,7.044864740136E-2,
1.046701007689E-1));
#4174=CARTESIAN_POINT('',(-1.490148810298E0,7.061083593037E-2,
1.045126490694E-1));
#4175=CARTESIAN_POINT('',(-1.490084473129E0,7.079193683265E-2,
1.043200704019E-1));
#4176=CARTESIAN_POINT('',(-1.490003652898E0,7.094836458516E-2,
1.041256859285E-1));
#4177=CARTESIAN_POINT('',(-1.489867905134E0,7.104440932741E-2,
1.039120713845E-1));
#4178=CARTESIAN_POINT('',(-1.489701890694E0,7.086761476643E-2,
1.038518388948E-1));
#4179=CARTESIAN_POINT('',(-1.489602664702E0,7.064170164307E-2,
1.038976671744E-1));
#4180=CARTESIAN_POINT('',(-1.489513168832E0,7.039052596449E-2,
1.039707266702E-1));
#4181=CARTESIAN_POINT('',(-1.489433947282E0,7.011649738080E-2,
1.040697504983E-1));
#4182=CARTESIAN_POINT('',(-1.489362549889E0,6.983463741771E-2,
1.041817134977E-1));
#4183=CARTESIAN_POINT('',(-1.489302362335E0,6.957084504698E-2,
1.042928899537E-1));
#4184=CARTESIAN_POINT('',(-1.489253797778E0,6.934202523520E-2,
1.043926504679E-1));
#4185=CARTESIAN_POINT('',(-1.489212503242E0,6.913653589856E-2,
1.044842576274E-1));
#4186=CARTESIAN_POINT('',(-1.489177018839E0,6.895197588683E-2,
1.045678635147E-1));
#4187=CARTESIAN_POINT('',(-1.489145908674E0,6.878424042841E-2,
1.046447466971E-1));
#4188=CARTESIAN_POINT('',(-1.489118111281E0,6.862972918076E-2,
1.047162150748E-1));
#4189=CARTESIAN_POINT('',(-1.489092707468E0,6.848474663841E-2,
1.047837626422E-1));
#4190=CARTESIAN_POINT('',(-1.489068902743E0,6.834565033963E-2,
1.048489551880E-1));
#4191=CARTESIAN_POINT('',(-1.489045984676E0,6.820880203550E-2,
1.049134198375E-1));
#4192=CARTESIAN_POINT('',(-1.489023306439E0,6.807057839383E-2,
1.049788216547E-1));
#4193=CARTESIAN_POINT('',(-1.489000272927E0,6.792735376243E-2,
1.050468598724E-1));
#4194=CARTESIAN_POINT('',(-1.488976341135E0,6.777554297605E-2,
1.051192394820E-1));
#4195=CARTESIAN_POINT('',(-1.488950993389E0,6.761143625261E-2,
1.051977450287E-1));
#4196=CARTESIAN_POINT('',(-1.488923825668E0,6.743180739949E-2,
1.052839424528E-1));
#4197=CARTESIAN_POINT('',(-1.488904085397E0,6.729835991638E-2,
1.053481616910E-1));
#4198=CARTESIAN_POINT('',(-1.488893874852E0,6.722849170122E-2,
1.053818290958E-1));
#4200=CURVE_STYLE('',#127,POSITIVE_LENGTH_MEASURE(2.E-2),#73);
#4201=PRESENTATION_STYLE_ASSIGNMENT((#4200));
#4202=STYLED_ITEM('',(#4201),#4199);
#4203=CARTESIAN_POINT('',(-1.353125E0,1.25E-1,0.E0));
#4204=CARTESIAN_POINT('',(-1.353651235949E0,1.25E-1,-8.266094957756E-3));
#4205=CARTESIAN_POINT('',(-1.354703707847E0,1.233547347403E-1,
-2.479803730228E-2));
#4206=CARTESIAN_POINT('',(-1.356282415694E0,1.160478522711E-1,
-4.862336608512E-2));
#4207=CARTESIAN_POINT('',(-1.357861123541E0,1.041886210913E-1,
-7.054123461521E-2));
#4208=CARTESIAN_POINT('',(-1.359439831388E0,8.824225752941E-2,
-8.969191146632E-2));
#4209=CARTESIAN_POINT('',(-1.361018539236E0,6.883430877298E-2,
-1.053241320004E-1));
#4210=CARTESIAN_POINT('',(-1.362597247083E0,4.672611377627E-2,
-1.168246771191E-1));
#4211=CARTESIAN_POINT('',(-1.364175954930E0,2.278493730133E-2,
-1.237423998112E-1));
#4212=CARTESIAN_POINT('',(-1.365754662777E0,-2.050051320188E-3,
-1.258059305928E-1));
#4213=CARTESIAN_POINT('',(-1.367333370624E0,-2.680462011229E-2,
-1.229343207665E-1));
#4214=CARTESIAN_POINT('',(-1.368912078471E0,-5.050769182437E-2,
-1.152402184506E-1));
#4215=CARTESIAN_POINT('',(-1.370490786318E0,-7.222943754676E-2,
-1.030254494461E-1));
#4216=CARTESIAN_POINT('',(-1.372069494165E0,-9.111775222800E-2,
-8.676917719344E-2));
#4217=CARTESIAN_POINT('',(-1.373648202012E0,-1.064316812248E-1,
-6.710910604060E-2));
#4218=CARTESIAN_POINT('',(-1.375226909860E0,-1.175704866212E-1,
-4.481646525056E-2));
#4219=CARTESIAN_POINT('',(-1.376805617707E0,-1.240972130976E-1,
-2.076575506238E-2));
#4220=CARTESIAN_POINT('',(-1.378384325554E0,-1.257558289026E-1,
4.099558381542E-3));
#4221=CARTESIAN_POINT('',(-1.379963033401E0,-1.224812695187E-1,
2.880405351693E-2));
#4222=CARTESIAN_POINT('',(-1.381541741248E0,-1.144019900261E-1,
5.237861739273E-2));
#4223=CARTESIAN_POINT('',(-1.383120449095E0,-1.018349260413E-1,
7.389846223080E-2));
#4224=CARTESIAN_POINT('',(-1.384699156942E0,-8.527306090169E-2,
9.251940318854E-2));
#4225=CARTESIAN_POINT('',(-1.386277864789E0,-6.536608681570E-2,
1.075109742134E-1));
#4226=CARTESIAN_POINT('',(-1.387856572636E0,-4.289491860453E-2,
1.182850829133E-1));
#4227=CARTESIAN_POINT('',(-1.389435280484E0,-1.874105981721E-2,
1.244190803649E-1));
#4228=CARTESIAN_POINT('',(-1.391013988331E0,6.147977069712E-3,
1.256723408704E-1));
#4229=CARTESIAN_POINT('',(-1.392592696178E0,3.079583986389E-2,
1.219957012726E-1));
#4230=CARTESIAN_POINT('',(-1.394171404025E0,5.423563719927E-2,
1.135333895358E-1));
#4231=CARTESIAN_POINT('',(-1.395750111872E0,7.554786794690E-2,
1.006173669432E-1));
#4232=CARTESIAN_POINT('',(-1.397328819719E0,9.389649159189E-2,
8.375430585135E-2));
#4233=CARTESIAN_POINT('',(-1.398907527566E0,1.085617246005E-1,
6.360571384455E-2));
#4234=CARTESIAN_POINT('',(-1.400486235413E0,1.189682762347E-1,
4.096198398090E-2));
#4235=CARTESIAN_POINT('',(-1.402064943260E0,1.247079161741E-1,
1.671138909296E-2));
#4236=CARTESIAN_POINT('',(-1.403643651108E0,1.255554886579E-1,
-8.194763559305E-3));
#4237=CARTESIAN_POINT('',(-1.405222358955E0,1.214777449404E-1,
-3.277945036285E-2));
#4238=CARTESIAN_POINT('',(-1.406801066802E0,1.126346475804E-1,
-5.607825823220E-2));
#4239=CARTESIAN_POINT('',(-1.408379774649E0,9.937309539626E-2,
-7.717721680181E-2));
#4240=CARTESIAN_POINT('',(-1.409958482496E0,8.221331524981E-2,
-9.524865184108E-2));
#4241=CARTESIAN_POINT('',(-1.411537190343E0,6.182845448060E-2,
-1.095836534272E-1));
#4242=CARTESIAN_POINT('',(-1.413115898190E0,3.901817454573E-2,
-1.196198852074E-1));
#4243=CARTESIAN_POINT('',(-1.414694606037E0,1.467728173774E-2,
-1.249636438437E-1));
#4244=CARTESIAN_POINT('',(-1.416273313885E0,-1.023937445825E-2,
-1.254053032874E-1));
#4245=CARTESIAN_POINT('',(-1.417852021732E0,-3.475435839404E-2,
-1.209275380322E-1));
#4246=CARTESIAN_POINT('',(-1.419430729579E0,-5.790599130242E-2,
-1.117060027626E-1));
#4247=CARTESIAN_POINT('',(-1.421009437426E0,-7.878607622708E-2,
-9.810244173642E-2));
#4248=CARTESIAN_POINT('',(-1.422588145273E0,-9.657552495722E-2,
-8.065049820766E-2));
#4249=CARTESIAN_POINT('',(-1.424166853120E0,-1.105764893862E-1,
-6.003478056039E-2));
#4250=CARTESIAN_POINT('',(-1.425745560967E0,-1.202397368387E-1,
-3.706400635216E-2));
#4251=CARTESIAN_POINT('',(-1.427324268814E0,-1.251861954817E-1,
-1.263927777749E-2));
#4252=CARTESIAN_POINT('',(-1.428902976661E0,-1.252218246312E-1,
1.228126695205E-2));
#4253=CARTESIAN_POINT('',(-1.430481684509E0,-1.203452266197E-1,
3.672003964808E-2));
#4254=CARTESIAN_POINT('',(-1.432060392356E0,-1.107477016242E-1,
5.971835117335E-2));
#4255=CARTESIAN_POINT('',(-1.433639100203E0,-9.680574330378E-2,
8.037401909392E-2));
#4256=CARTESIAN_POINT('',(-1.435217808050E0,-7.906626963014E-2,
9.787675867479E-2));
#4257=CARTESIAN_POINT('',(-1.436796515897E0,-5.822516827827E-2,
1.115399688940E-1));
#4258=CARTESIAN_POINT('',(-1.438375223744E0,-3.509999820347E-2,
1.208276665670E-1));
#4259=CARTESIAN_POINT('',(-1.439953931591E0,-1.059791827264E-2,
1.253755120037E-1));
#4260=CARTESIAN_POINT('',(-1.441532639438E0,1.431989894794E-2,1.250051014E-1));
#4261=CARTESIAN_POINT('',(-1.443111347285E0,3.867597226515E-2,
1.197309652983E-1));
#4262=CARTESIAN_POINT('',(-1.444690055133E0,6.151485668979E-2,
1.097599985803E-1));
#4263=CARTESIAN_POINT('',(-1.446268762980E0,8.194062382657E-2,
9.548334435293E-2));
#4264=CARTESIAN_POINT('',(-1.447847470827E0,9.915200753512E-2,
7.746105010690E-2));
#4265=CARTESIAN_POINT('',(-1.449426178674E0,1.124738361608E-1,
5.640009806002E-2));
#4266=CARTESIAN_POINT('',(-1.451004886521E0,1.213835183055E-1,
3.312667151528E-2));
#4267=CARTESIAN_POINT('',(-1.452583594368E0,1.255315431491E-1,
8.553745174479E-3));
#4268=CARTESIAN_POINT('',(-1.454162302215E0,1.247551911308E-1,
-1.635472921873E-2));
#4269=CARTESIAN_POINT('',(-1.455741010062E0,1.190849171453E-1,
-4.062163697357E-2));
#4270=CARTESIAN_POINT('',(-1.457319717909E0,1.087431558516E-1,
-6.329503090562E-2));
#4271=CARTESIAN_POINT('',(-1.458898425757E0,9.413559596158E-2,
-8.348547451423E-2));
#4272=CARTESIAN_POINT('',(-1.460477133604E0,7.583526580041E-2,
-1.004009329782E-1));
#4273=CARTESIAN_POINT('',(-1.462055841451E0,5.456005443525E-2,
-1.133778432584E-1));
#4274=CARTESIAN_POINT('',(-1.463634549298E0,3.114455017714E-2,
-1.219071444837E-1));
#4275=CARTESIAN_POINT('',(-1.465213257145E0,6.507301181270E-3,
-1.256542474938E-1));
#4276=CARTESIAN_POINT('',(-1.466791964992E0,-1.838521754655E-2,
-1.244721601712E-1));
#4277=CARTESIAN_POINT('',(-1.468370672839E0,-4.255651722762E-2,
-1.184072536771E-1));
#4278=CARTESIAN_POINT('',(-1.469949380686E0,-6.505840121047E-2,
-1.076974433951E-1));
#4279=CARTESIAN_POINT('',(-1.471528088533E0,-8.500816102144E-2,
-9.276285593732E-2));
#4280=CARTESIAN_POINT('',(-1.473106796381E0,-1.016232034326E-1,
-7.418934833282E-2));
#4281=CARTESIAN_POINT('',(-1.474685504228E0,-1.142517501852E-1,
-5.270552590863E-2));
#4282=CARTESIAN_POINT('',(-1.476264212075E0,-1.223984060896E-1,
-2.915416041419E-2));
#4283=CARTESIAN_POINT('',(-1.477842919922E0,-1.257435924497E-1,
-4.459129591499E-3));
#4284=CARTESIAN_POINT('',(-1.479421627769E0,-1.241560837063E-1,
2.041082485637E-2));
#4285=CARTESIAN_POINT('',(-1.481000335616E0,-1.176981546367E-1,
4.448009938162E-2));
#4286=CARTESIAN_POINT('',(-1.482579043463E0,-1.066231394554E-1,
6.680449931737E-2));
#4287=CARTESIAN_POINT('',(-1.484157751310E0,-9.136548639749E-2,
8.650827961119E-2));
#4288=CARTESIAN_POINT('',(-1.485736459157E0,-7.252374334910E-2,
1.028184924846E-1));
#4289=CARTESIAN_POINT('',(-1.487315167005E0,-5.083697244461E-2,
1.150953320928E-1));
#4290=CARTESIAN_POINT('',(-1.488367638903E0,-3.504975848947E-2,
1.202698746806E-1));
#4291=CARTESIAN_POINT('',(-1.488893874852E0,-2.697848359657E-2,
1.220539283384E-1));
#4293=CURVE_STYLE('',#127,POSITIVE_LENGTH_MEASURE(2.E-2),#73);
#4294=PRESENTATION_STYLE_ASSIGNMENT((#4293));
#4295=STYLED_ITEM('',(#4294),#4292);
#4296=CARTESIAN_POINT('',(-1.353125E0,1.25E-1,0.E0));
#4297=CARTESIAN_POINT('',(-1.352811392267E0,1.255431845281E-1,0.E0));
#4298=CARTESIAN_POINT('',(-1.351876601465E0,1.264447756178E-1,0.E0));
#4299=CARTESIAN_POINT('',(-1.35E0,1.269839415779E-1,0.E0));
#4300=CARTESIAN_POINT('',(-1.348123398535E0,1.264447756178E-1,0.E0));
#4301=CARTESIAN_POINT('',(-1.347188607733E0,1.255431845281E-1,0.E0));
#4302=CARTESIAN_POINT('',(-1.346875E0,1.25E-1,0.E0));
#4304=CURVE_STYLE('',#127,POSITIVE_LENGTH_MEASURE(2.E-2),#73);
#4305=PRESENTATION_STYLE_ASSIGNMENT((#4304));
#4306=STYLED_ITEM('',(#4305),#4303);
#4307=CARTESIAN_POINT('',(-1.153125E0,1.25E-1,0.E0));
#4308=CARTESIAN_POINT('',(-1.152811392267E0,1.255431845281E-1,0.E0));
#4309=CARTESIAN_POINT('',(-1.151876601465E0,1.264447756178E-1,0.E0));
#4310=CARTESIAN_POINT('',(-1.15E0,1.269839415779E-1,0.E0));
#4311=CARTESIAN_POINT('',(-1.148123398535E0,1.264447756178E-1,0.E0));
#4312=CARTESIAN_POINT('',(-1.147188607733E0,1.255431845281E-1,0.E0));
#4313=CARTESIAN_POINT('',(-1.146875E0,1.25E-1,0.E0));
#4315=CURVE_STYLE('',#127,POSITIVE_LENGTH_MEASURE(2.E-2),#73);
#4316=PRESENTATION_STYLE_ASSIGNMENT((#4315));
#4317=STYLED_ITEM('',(#4316),#4314);
#4318=CARTESIAN_POINT('',(-1.153125E0,1.25E-1,0.E0));
#4319=CARTESIAN_POINT('',(-1.153662634409E0,1.25E-1,-8.445141541907E-3));
#4320=CARTESIAN_POINT('',(-1.154737903226E0,1.232824422685E-1,
-2.533514899884E-2));
#4321=CARTESIAN_POINT('',(-1.156350806452E0,1.156589079997E-1,
-4.963315625768E-2));
#4322=CARTESIAN_POINT('',(-1.157963709677E0,1.033002844480E-1,
-7.189911730541E-2));
#4323=CARTESIAN_POINT('',(-1.159576612903E0,8.671253511377E-2,
-9.122153584176E-2));
#4324=CARTESIAN_POINT('',(-1.161189516129E0,6.657476440369E-2,
-1.068093297494E-1));
#4325=CARTESIAN_POINT('',(-1.162802419355E0,4.371141501671E-2,
-1.180243382818E-1));
#4326=CARTESIAN_POINT('',(-1.164415322581E0,1.905851516308E-2,
-1.244074162338E-1));
#4327=CARTESIAN_POINT('',(-1.166028225806E0,-6.374642540605E-3,
-1.256972400293E-1));
#4328=CARTESIAN_POINT('',(-1.167641129032E0,-3.154682162969E-2,
-1.218410040274E-1));
#4329=CARTESIAN_POINT('',(-1.169254032258E0,-5.542747013466E-2,
-1.129965830108E-1));
#4330=CARTESIAN_POINT('',(-1.170866935484E0,-7.703891149987E-2,
-9.952606860758E-2));
#4331=CARTESIAN_POINT('',(-1.172479838710E0,-9.549637077659E-2,
-8.198094526219E-2));
#4332=CARTESIAN_POINT('',(-1.174092741935E0,-1.100441974134E-1,
-6.107951238531E-2));
#4333=CARTESIAN_POINT('',(-1.175705645161E0,-1.200868016784E-1,
-3.767747709487E-2));
#4334=CARTESIAN_POINT('',(-1.177318548387E0,-1.252130381731E-1,
-1.273292146524E-2));
#4335=CARTESIAN_POINT('',(-1.178931451613E0,-1.252130381731E-1,
1.273292146524E-2));
#4336=CARTESIAN_POINT('',(-1.180544354839E0,-1.200868016784E-1,
3.767747709487E-2));
#4337=CARTESIAN_POINT('',(-1.182157258065E0,-1.100441974134E-1,
6.107951238532E-2));
#4338=CARTESIAN_POINT('',(-1.183770161290E0,-9.549637077659E-2,
8.198094526217E-2));
#4339=CARTESIAN_POINT('',(-1.185383064516E0,-7.703891149987E-2,
9.952606860765E-2));
#4340=CARTESIAN_POINT('',(-1.186995967742E0,-5.542747013467E-2,
1.129965830105E-1));
#4341=CARTESIAN_POINT('',(-1.188608870968E0,-3.154682162969E-2,
1.218410040284E-1));
#4342=CARTESIAN_POINT('',(-1.190221774194E0,-6.374642540606E-3,
1.256972400256E-1));
#4343=CARTESIAN_POINT('',(-1.191834677419E0,1.905851516308E-2,
1.244074162474E-1));
#4344=CARTESIAN_POINT('',(-1.193447580645E0,4.371141501671E-2,
1.180243382308E-1));
#4345=CARTESIAN_POINT('',(-1.195060483871E0,6.657476440368E-2,
1.068093299397E-1));
#4346=CARTESIAN_POINT('',(-1.196673387097E0,8.671253511377E-2,
9.122153513137E-2));
#4347=CARTESIAN_POINT('',(-1.198286290323E0,1.033002844480E-1,
7.189911995665E-2));
#4348=CARTESIAN_POINT('',(-1.199899193548E0,1.156589079997E-1,
4.963314636312E-2));
#4349=CARTESIAN_POINT('',(-1.201512096774E0,1.232824422685E-1,
2.533518592584E-2));
#4350=CARTESIAN_POINT('',(-1.203125E0,1.258587788658E-1,0.E0));
#4351=CARTESIAN_POINT('',(-1.204737903226E0,1.232824422685E-1,
-2.533518592584E-2));
#4352=CARTESIAN_POINT('',(-1.206350806452E0,1.156589079997E-1,
-4.963314636312E-2));
#4353=CARTESIAN_POINT('',(-1.207963709677E0,1.033002844480E-1,
-7.189911995665E-2));
#4354=CARTESIAN_POINT('',(-1.209576612903E0,8.671253511377E-2,
-9.122153513136E-2));
#4355=CARTESIAN_POINT('',(-1.211189516129E0,6.657476440369E-2,
-1.068093299397E-1));
#4356=CARTESIAN_POINT('',(-1.212802419355E0,4.371141501671E-2,
-1.180243382308E-1));
#4357=CARTESIAN_POINT('',(-1.214415322581E0,1.905851516308E-2,
-1.244074162474E-1));
#4358=CARTESIAN_POINT('',(-1.216028225806E0,-6.374642540605E-3,
-1.256972400256E-1));
#4359=CARTESIAN_POINT('',(-1.217641129032E0,-3.154682162969E-2,
-1.218410040284E-1));
#4360=CARTESIAN_POINT('',(-1.219254032258E0,-5.542747013466E-2,
-1.129965830105E-1));
#4361=CARTESIAN_POINT('',(-1.220866935484E0,-7.703891149987E-2,
-9.952606860765E-2));
#4362=CARTESIAN_POINT('',(-1.222479838710E0,-9.549637077659E-2,
-8.198094526218E-2));
#4363=CARTESIAN_POINT('',(-1.224092741935E0,-1.100441974134E-1,
-6.107951238532E-2));
#4364=CARTESIAN_POINT('',(-1.225705645161E0,-1.200868016784E-1,
-3.767747709487E-2));
#4365=CARTESIAN_POINT('',(-1.227318548387E0,-1.252130381731E-1,
-1.273292146524E-2));
#4366=CARTESIAN_POINT('',(-1.228931451613E0,-1.252130381731E-1,
1.273292146523E-2));
#4367=CARTESIAN_POINT('',(-1.230544354839E0,-1.200868016784E-1,
3.767747709487E-2));
#4368=CARTESIAN_POINT('',(-1.232157258065E0,-1.100441974134E-1,
6.107951238532E-2));
#4369=CARTESIAN_POINT('',(-1.233770161290E0,-9.549637077659E-2,
8.198094526217E-2));
#4370=CARTESIAN_POINT('',(-1.235383064516E0,-7.703891149987E-2,
9.952606860765E-2));
#4371=CARTESIAN_POINT('',(-1.236995967742E0,-5.542747013467E-2,
1.129965830105E-1));
#4372=CARTESIAN_POINT('',(-1.238608870968E0,-3.154682162969E-2,
1.218410040284E-1));
#4373=CARTESIAN_POINT('',(-1.240221774194E0,-6.374642540606E-3,
1.256972400256E-1));
#4374=CARTESIAN_POINT('',(-1.241834677419E0,1.905851516308E-2,
1.244074162474E-1));
#4375=CARTESIAN_POINT('',(-1.243447580645E0,4.371141501671E-2,
1.180243382308E-1));
#4376=CARTESIAN_POINT('',(-1.245060483871E0,6.657476440368E-2,
1.068093299397E-1));
#4377=CARTESIAN_POINT('',(-1.246673387097E0,8.671253511377E-2,
9.122153513137E-2));
#4378=CARTESIAN_POINT('',(-1.248286290323E0,1.033002844480E-1,
7.189911995665E-2));
#4379=CARTESIAN_POINT('',(-1.249899193548E0,1.156589079997E-1,
4.963314636312E-2));
#4380=CARTESIAN_POINT('',(-1.251512096774E0,1.232824422685E-1,
2.533518592584E-2));
#4381=CARTESIAN_POINT('',(-1.253125E0,1.258587788658E-1,0.E0));
#4382=CARTESIAN_POINT('',(-1.254737903226E0,1.232824422685E-1,
-2.533518592584E-2));
#4383=CARTESIAN_POINT('',(-1.256350806452E0,1.156589079997E-1,
-4.963314636312E-2));
#4384=CARTESIAN_POINT('',(-1.257963709677E0,1.033002844480E-1,
-7.189911995665E-2));
#4385=CARTESIAN_POINT('',(-1.259576612903E0,8.671253511377E-2,
-9.122153513136E-2));
#4386=CARTESIAN_POINT('',(-1.261189516129E0,6.657476440369E-2,
-1.068093299397E-1));
#4387=CARTESIAN_POINT('',(-1.262802419355E0,4.371141501671E-2,
-1.180243382308E-1));
#4388=CARTESIAN_POINT('',(-1.264415322581E0,1.905851516308E-2,
-1.244074162474E-1));
#4389=CARTESIAN_POINT('',(-1.266028225806E0,-6.374642540605E-3,
-1.256972400256E-1));
#4390=CARTESIAN_POINT('',(-1.267641129032E0,-3.154682162969E-2,
-1.218410040284E-1));
#4391=CARTESIAN_POINT('',(-1.269254032258E0,-5.542747013466E-2,
-1.129965830105E-1));
#4392=CARTESIAN_POINT('',(-1.270866935484E0,-7.703891149987E-2,
-9.952606860765E-2));
#4393=CARTESIAN_POINT('',(-1.272479838710E0,-9.549637077659E-2,
-8.198094526218E-2));
#4394=CARTESIAN_POINT('',(-1.274092741935E0,-1.100441974134E-1,
-6.107951238532E-2));
#4395=CARTESIAN_POINT('',(-1.275705645161E0,-1.200868016784E-1,
-3.767747709487E-2));
#4396=CARTESIAN_POINT('',(-1.277318548387E0,-1.252130381731E-1,
-1.273292146524E-2));
#4397=CARTESIAN_POINT('',(-1.278931451613E0,-1.252130381731E-1,
1.273292146523E-2));
#4398=CARTESIAN_POINT('',(-1.280544354839E0,-1.200868016784E-1,
3.767747709487E-2));
#4399=CARTESIAN_POINT('',(-1.282157258065E0,-1.100441974134E-1,
6.107951238532E-2));
#4400=CARTESIAN_POINT('',(-1.283770161290E0,-9.549637077659E-2,
8.198094526217E-2));
#4401=CARTESIAN_POINT('',(-1.285383064516E0,-7.703891149987E-2,
9.952606860765E-2));
#4402=CARTESIAN_POINT('',(-1.286995967742E0,-5.542747013467E-2,
1.129965830105E-1));
#4403=CARTESIAN_POINT('',(-1.288608870968E0,-3.154682162969E-2,
1.218410040284E-1));
#4404=CARTESIAN_POINT('',(-1.290221774194E0,-6.374642540608E-3,
1.256972400256E-1));
#4405=CARTESIAN_POINT('',(-1.291834677419E0,1.905851516308E-2,
1.244074162474E-1));
#4406=CARTESIAN_POINT('',(-1.293447580645E0,4.371141501671E-2,
1.180243382308E-1));
#4407=CARTESIAN_POINT('',(-1.295060483871E0,6.657476440368E-2,
1.068093299397E-1));
#4408=CARTESIAN_POINT('',(-1.296673387097E0,8.671253511377E-2,
9.122153513137E-2));
#4409=CARTESIAN_POINT('',(-1.298286290323E0,1.033002844480E-1,
7.189911995665E-2));
#4410=CARTESIAN_POINT('',(-1.299899193548E0,1.156589079997E-1,
4.963314636312E-2));
#4411=CARTESIAN_POINT('',(-1.301512096774E0,1.232824422685E-1,
2.533518592584E-2));
#4412=CARTESIAN_POINT('',(-1.303125E0,1.258587788658E-1,0.E0));
#4413=CARTESIAN_POINT('',(-1.304737903226E0,1.232824422685E-1,
-2.533518592584E-2));
#4414=CARTESIAN_POINT('',(-1.306350806452E0,1.156589079997E-1,
-4.963314636312E-2));
#4415=CARTESIAN_POINT('',(-1.307963709677E0,1.033002844480E-1,
-7.189911995665E-2));
#4416=CARTESIAN_POINT('',(-1.309576612903E0,8.671253511377E-2,
-9.122153513136E-2));
#4417=CARTESIAN_POINT('',(-1.311189516129E0,6.657476440369E-2,
-1.068093299397E-1));
#4418=CARTESIAN_POINT('',(-1.312802419355E0,4.371141501671E-2,
-1.180243382308E-1));
#4419=CARTESIAN_POINT('',(-1.314415322581E0,1.905851516308E-2,
-1.244074162474E-1));
#4420=CARTESIAN_POINT('',(-1.316028225806E0,-6.374642540605E-3,
-1.256972400256E-1));
#4421=CARTESIAN_POINT('',(-1.317641129032E0,-3.154682162969E-2,
-1.218410040284E-1));
#4422=CARTESIAN_POINT('',(-1.319254032258E0,-5.542747013466E-2,
-1.129965830105E-1));
#4423=CARTESIAN_POINT('',(-1.320866935484E0,-7.703891149987E-2,
-9.952606860765E-2));
#4424=CARTESIAN_POINT('',(-1.322479838710E0,-9.549637077659E-2,
-8.198094526218E-2));
#4425=CARTESIAN_POINT('',(-1.324092741935E0,-1.100441974134E-1,
-6.107951238532E-2));
#4426=CARTESIAN_POINT('',(-1.325705645161E0,-1.200868016784E-1,
-3.767747709487E-2));
#4427=CARTESIAN_POINT('',(-1.327318548387E0,-1.252130381731E-1,
-1.273292146524E-2));
#4428=CARTESIAN_POINT('',(-1.328931451613E0,-1.252130381731E-1,
1.273292146524E-2));
#4429=CARTESIAN_POINT('',(-1.330544354839E0,-1.200868016784E-1,
3.767747709487E-2));
#4430=CARTESIAN_POINT('',(-1.332157258065E0,-1.100441974134E-1,
6.107951238531E-2));
#4431=CARTESIAN_POINT('',(-1.333770161290E0,-9.549637077659E-2,
8.198094526219E-2));
#4432=CARTESIAN_POINT('',(-1.335383064516E0,-7.703891149987E-2,
9.952606860758E-2));
#4433=CARTESIAN_POINT('',(-1.336995967742E0,-5.542747013467E-2,
1.129965830108E-1));
#4434=CARTESIAN_POINT('',(-1.338608870968E0,-3.154682162969E-2,
1.218410040274E-1));
#4435=CARTESIAN_POINT('',(-1.340221774194E0,-6.374642540607E-3,
1.256972400293E-1));
#4436=CARTESIAN_POINT('',(-1.341834677419E0,1.905851516308E-2,
1.244074162338E-1));
#4437=CARTESIAN_POINT('',(-1.343447580645E0,4.371141501671E-2,
1.180243382818E-1));
#4438=CARTESIAN_POINT('',(-1.345060483871E0,6.657476440368E-2,
1.068093297494E-1));
#4439=CARTESIAN_POINT('',(-1.346673387097E0,8.671253511377E-2,
9.122153584176E-2));
#4440=CARTESIAN_POINT('',(-1.348286290323E0,1.033002844480E-1,
7.189911730541E-2));
#4441=CARTESIAN_POINT('',(-1.349899193548E0,1.156589079997E-1,
4.963315625768E-2));
#4442=CARTESIAN_POINT('',(-1.351512096774E0,1.232824422685E-1,
2.533514899884E-2));
#4443=CARTESIAN_POINT('',(-1.352587365591E0,1.25E-1,8.445141541909E-3));
#4444=CARTESIAN_POINT('',(-1.353125E0,1.25E-1,0.E0));
#4446=CURVE_STYLE('',#127,POSITIVE_LENGTH_MEASURE(2.E-2),#73);
#4447=PRESENTATION_STYLE_ASSIGNMENT((#4446));
#4448=STYLED_ITEM('',(#4447),#4445);
#4449=CARTESIAN_POINT('',(-9.53125E-1,1.25E-1,0.E0));
#4450=CARTESIAN_POINT('',(-9.528113922665E-1,1.255431845281E-1,0.E0));
#4451=CARTESIAN_POINT('',(-9.518766014652E-1,1.264447756178E-1,0.E0));
#4452=CARTESIAN_POINT('',(-9.5E-1,1.269839415779E-1,0.E0));
#4453=CARTESIAN_POINT('',(-9.481233985348E-1,1.264447756178E-1,0.E0));
#4454=CARTESIAN_POINT('',(-9.471886077335E-1,1.255431845281E-1,0.E0));
#4455=CARTESIAN_POINT('',(-9.46875E-1,1.25E-1,0.E0));
#4457=CURVE_STYLE('',#127,POSITIVE_LENGTH_MEASURE(2.E-2),#73);
#4458=PRESENTATION_STYLE_ASSIGNMENT((#4457));
#4459=STYLED_ITEM('',(#4458),#4456);
#4460=CARTESIAN_POINT('',(-9.53125E-1,1.25E-1,0.E0));
#4461=CARTESIAN_POINT('',(-9.536626344086E-1,1.25E-1,-8.445141541907E-3));
#4462=CARTESIAN_POINT('',(-9.547379032258E-1,1.232824422685E-1,
-2.533514899884E-2));
#4463=CARTESIAN_POINT('',(-9.563508064516E-1,1.156589079997E-1,
-4.963315625768E-2));
#4464=CARTESIAN_POINT('',(-9.579637096774E-1,1.033002844480E-1,
-7.189911730541E-2));
#4465=CARTESIAN_POINT('',(-9.595766129032E-1,8.671253511377E-2,
-9.122153584176E-2));
#4466=CARTESIAN_POINT('',(-9.611895161290E-1,6.657476440369E-2,
-1.068093297494E-1));
#4467=CARTESIAN_POINT('',(-9.628024193548E-1,4.371141501671E-2,
-1.180243382818E-1));
#4468=CARTESIAN_POINT('',(-9.644153225806E-1,1.905851516308E-2,
-1.244074162338E-1));
#4469=CARTESIAN_POINT('',(-9.660282258065E-1,-6.374642540605E-3,
-1.256972400293E-1));
#4470=CARTESIAN_POINT('',(-9.676411290323E-1,-3.154682162969E-2,
-1.218410040274E-1));
#4471=CARTESIAN_POINT('',(-9.692540322581E-1,-5.542747013466E-2,
-1.129965830108E-1));
#4472=CARTESIAN_POINT('',(-9.708669354839E-1,-7.703891149987E-2,
-9.952606860758E-2));
#4473=CARTESIAN_POINT('',(-9.724798387097E-1,-9.549637077659E-2,
-8.198094526219E-2));
#4474=CARTESIAN_POINT('',(-9.740927419355E-1,-1.100441974134E-1,
-6.107951238531E-2));
#4475=CARTESIAN_POINT('',(-9.757056451613E-1,-1.200868016784E-1,
-3.767747709487E-2));
#4476=CARTESIAN_POINT('',(-9.773185483871E-1,-1.252130381731E-1,
-1.273292146524E-2));
#4477=CARTESIAN_POINT('',(-9.789314516129E-1,-1.252130381731E-1,
1.273292146524E-2));
#4478=CARTESIAN_POINT('',(-9.805443548387E-1,-1.200868016784E-1,
3.767747709487E-2));
#4479=CARTESIAN_POINT('',(-9.821572580645E-1,-1.100441974134E-1,
6.107951238532E-2));
#4480=CARTESIAN_POINT('',(-9.837701612903E-1,-9.549637077659E-2,
8.198094526217E-2));
#4481=CARTESIAN_POINT('',(-9.853830645161E-1,-7.703891149987E-2,
9.952606860765E-2));
#4482=CARTESIAN_POINT('',(-9.869959677419E-1,-5.542747013467E-2,
1.129965830105E-1));
#4483=CARTESIAN_POINT('',(-9.886088709677E-1,-3.154682162969E-2,
1.218410040284E-1));
#4484=CARTESIAN_POINT('',(-9.902217741935E-1,-6.374642540606E-3,
1.256972400256E-1));
#4485=CARTESIAN_POINT('',(-9.918346774194E-1,1.905851516308E-2,
1.244074162474E-1));
#4486=CARTESIAN_POINT('',(-9.934475806452E-1,4.371141501671E-2,
1.180243382308E-1));
#4487=CARTESIAN_POINT('',(-9.950604838710E-1,6.657476440368E-2,
1.068093299397E-1));
#4488=CARTESIAN_POINT('',(-9.966733870968E-1,8.671253511377E-2,
9.122153513137E-2));
#4489=CARTESIAN_POINT('',(-9.982862903226E-1,1.033002844480E-1,
7.189911995665E-2));
#4490=CARTESIAN_POINT('',(-9.998991935484E-1,1.156589079997E-1,
4.963314636312E-2));
#4491=CARTESIAN_POINT('',(-1.001512096774E0,1.232824422685E-1,
2.533518592584E-2));
#4492=CARTESIAN_POINT('',(-1.003125E0,1.258587788658E-1,0.E0));
#4493=CARTESIAN_POINT('',(-1.004737903226E0,1.232824422685E-1,
-2.533518592584E-2));
#4494=CARTESIAN_POINT('',(-1.006350806452E0,1.156589079997E-1,
-4.963314636312E-2));
#4495=CARTESIAN_POINT('',(-1.007963709677E0,1.033002844480E-1,
-7.189911995665E-2));
#4496=CARTESIAN_POINT('',(-1.009576612903E0,8.671253511377E-2,
-9.122153513136E-2));
#4497=CARTESIAN_POINT('',(-1.011189516129E0,6.657476440369E-2,
-1.068093299397E-1));
#4498=CARTESIAN_POINT('',(-1.012802419355E0,4.371141501671E-2,
-1.180243382308E-1));
#4499=CARTESIAN_POINT('',(-1.014415322581E0,1.905851516308E-2,
-1.244074162474E-1));
#4500=CARTESIAN_POINT('',(-1.016028225806E0,-6.374642540605E-3,
-1.256972400256E-1));
#4501=CARTESIAN_POINT('',(-1.017641129032E0,-3.154682162969E-2,
-1.218410040284E-1));
#4502=CARTESIAN_POINT('',(-1.019254032258E0,-5.542747013466E-2,
-1.129965830105E-1));
#4503=CARTESIAN_POINT('',(-1.020866935484E0,-7.703891149987E-2,
-9.952606860765E-2));
#4504=CARTESIAN_POINT('',(-1.022479838710E0,-9.549637077659E-2,
-8.198094526218E-2));
#4505=CARTESIAN_POINT('',(-1.024092741935E0,-1.100441974134E-1,
-6.107951238532E-2));
#4506=CARTESIAN_POINT('',(-1.025705645161E0,-1.200868016784E-1,
-3.767747709487E-2));
#4507=CARTESIAN_POINT('',(-1.027318548387E0,-1.252130381731E-1,
-1.273292146524E-2));
#4508=CARTESIAN_POINT('',(-1.028931451613E0,-1.252130381731E-1,
1.273292146524E-2));
#4509=CARTESIAN_POINT('',(-1.030544354839E0,-1.200868016784E-1,
3.767747709487E-2));
#4510=CARTESIAN_POINT('',(-1.032157258065E0,-1.100441974134E-1,
6.107951238532E-2));
#4511=CARTESIAN_POINT('',(-1.033770161290E0,-9.549637077659E-2,
8.198094526217E-2));
#4512=CARTESIAN_POINT('',(-1.035383064516E0,-7.703891149987E-2,
9.952606860765E-2));
#4513=CARTESIAN_POINT('',(-1.036995967742E0,-5.542747013467E-2,
1.129965830105E-1));
#4514=CARTESIAN_POINT('',(-1.038608870968E0,-3.154682162969E-2,
1.218410040284E-1));
#4515=CARTESIAN_POINT('',(-1.040221774194E0,-6.374642540607E-3,
1.256972400256E-1));
#4516=CARTESIAN_POINT('',(-1.041834677419E0,1.905851516308E-2,
1.244074162474E-1));
#4517=CARTESIAN_POINT('',(-1.043447580645E0,4.371141501671E-2,
1.180243382308E-1));
#4518=CARTESIAN_POINT('',(-1.045060483871E0,6.657476440368E-2,
1.068093299397E-1));
#4519=CARTESIAN_POINT('',(-1.046673387097E0,8.671253511377E-2,
9.122153513137E-2));
#4520=CARTESIAN_POINT('',(-1.048286290323E0,1.033002844480E-1,
7.189911995665E-2));
#4521=CARTESIAN_POINT('',(-1.049899193548E0,1.156589079997E-1,
4.963314636312E-2));
#4522=CARTESIAN_POINT('',(-1.051512096774E0,1.232824422685E-1,
2.533518592584E-2));
#4523=CARTESIAN_POINT('',(-1.053125E0,1.258587788658E-1,0.E0));
#4524=CARTESIAN_POINT('',(-1.054737903226E0,1.232824422685E-1,
-2.533518592584E-2));
#4525=CARTESIAN_POINT('',(-1.056350806452E0,1.156589079997E-1,
-4.963314636312E-2));
#4526=CARTESIAN_POINT('',(-1.057963709677E0,1.033002844480E-1,
-7.189911995665E-2));
#4527=CARTESIAN_POINT('',(-1.059576612903E0,8.671253511377E-2,
-9.122153513137E-2));
#4528=CARTESIAN_POINT('',(-1.061189516129E0,6.657476440369E-2,
-1.068093299397E-1));
#4529=CARTESIAN_POINT('',(-1.062802419355E0,4.371141501671E-2,
-1.180243382308E-1));
#4530=CARTESIAN_POINT('',(-1.064415322581E0,1.905851516308E-2,
-1.244074162474E-1));
#4531=CARTESIAN_POINT('',(-1.066028225806E0,-6.374642540605E-3,
-1.256972400256E-1));
#4532=CARTESIAN_POINT('',(-1.067641129032E0,-3.154682162969E-2,
-1.218410040284E-1));
#4533=CARTESIAN_POINT('',(-1.069254032258E0,-5.542747013466E-2,
-1.129965830105E-1));
#4534=CARTESIAN_POINT('',(-1.070866935484E0,-7.703891149987E-2,
-9.952606860765E-2));
#4535=CARTESIAN_POINT('',(-1.072479838710E0,-9.549637077659E-2,
-8.198094526218E-2));
#4536=CARTESIAN_POINT('',(-1.074092741935E0,-1.100441974134E-1,
-6.107951238532E-2));
#4537=CARTESIAN_POINT('',(-1.075705645161E0,-1.200868016784E-1,
-3.767747709487E-2));
#4538=CARTESIAN_POINT('',(-1.077318548387E0,-1.252130381731E-1,
-1.273292146524E-2));
#4539=CARTESIAN_POINT('',(-1.078931451613E0,-1.252130381731E-1,
1.273292146523E-2));
#4540=CARTESIAN_POINT('',(-1.080544354839E0,-1.200868016784E-1,
3.767747709487E-2));
#4541=CARTESIAN_POINT('',(-1.082157258065E0,-1.100441974134E-1,
6.107951238532E-2));
#4542=CARTESIAN_POINT('',(-1.083770161290E0,-9.549637077659E-2,
8.198094526217E-2));
#4543=CARTESIAN_POINT('',(-1.085383064516E0,-7.703891149987E-2,
9.952606860765E-2));
#4544=CARTESIAN_POINT('',(-1.086995967742E0,-5.542747013467E-2,
1.129965830105E-1));
#4545=CARTESIAN_POINT('',(-1.088608870968E0,-3.154682162969E-2,
1.218410040284E-1));
#4546=CARTESIAN_POINT('',(-1.090221774194E0,-6.374642540607E-3,
1.256972400256E-1));
#4547=CARTESIAN_POINT('',(-1.091834677419E0,1.905851516308E-2,
1.244074162474E-1));
#4548=CARTESIAN_POINT('',(-1.093447580645E0,4.371141501671E-2,
1.180243382308E-1));
#4549=CARTESIAN_POINT('',(-1.095060483871E0,6.657476440368E-2,
1.068093299397E-1));
#4550=CARTESIAN_POINT('',(-1.096673387097E0,8.671253511377E-2,
9.122153513137E-2));
#4551=CARTESIAN_POINT('',(-1.098286290323E0,1.033002844480E-1,
7.189911995665E-2));
#4552=CARTESIAN_POINT('',(-1.099899193548E0,1.156589079997E-1,
4.963314636312E-2));
#4553=CARTESIAN_POINT('',(-1.101512096774E0,1.232824422685E-1,
2.533518592584E-2));
#4554=CARTESIAN_POINT('',(-1.103125E0,1.258587788658E-1,0.E0));
#4555=CARTESIAN_POINT('',(-1.104737903226E0,1.232824422685E-1,
-2.533518592584E-2));
#4556=CARTESIAN_POINT('',(-1.106350806452E0,1.156589079997E-1,
-4.963314636312E-2));
#4557=CARTESIAN_POINT('',(-1.107963709677E0,1.033002844480E-1,
-7.189911995665E-2));
#4558=CARTESIAN_POINT('',(-1.109576612903E0,8.671253511377E-2,
-9.122153513136E-2));
#4559=CARTESIAN_POINT('',(-1.111189516129E0,6.657476440369E-2,
-1.068093299397E-1));
#4560=CARTESIAN_POINT('',(-1.112802419355E0,4.371141501671E-2,
-1.180243382308E-1));
#4561=CARTESIAN_POINT('',(-1.114415322581E0,1.905851516308E-2,
-1.244074162474E-1));
#4562=CARTESIAN_POINT('',(-1.116028225806E0,-6.374642540605E-3,
-1.256972400256E-1));
#4563=CARTESIAN_POINT('',(-1.117641129032E0,-3.154682162969E-2,
-1.218410040284E-1));
#4564=CARTESIAN_POINT('',(-1.119254032258E0,-5.542747013466E-2,
-1.129965830105E-1));
#4565=CARTESIAN_POINT('',(-1.120866935484E0,-7.703891149987E-2,
-9.952606860765E-2));
#4566=CARTESIAN_POINT('',(-1.122479838710E0,-9.549637077659E-2,
-8.198094526218E-2));
#4567=CARTESIAN_POINT('',(-1.124092741935E0,-1.100441974134E-1,
-6.107951238532E-2));
#4568=CARTESIAN_POINT('',(-1.125705645161E0,-1.200868016784E-1,
-3.767747709487E-2));
#4569=CARTESIAN_POINT('',(-1.127318548387E0,-1.252130381731E-1,
-1.273292146524E-2));
#4570=CARTESIAN_POINT('',(-1.128931451613E0,-1.252130381731E-1,
1.273292146523E-2));
#4571=CARTESIAN_POINT('',(-1.130544354839E0,-1.200868016784E-1,
3.767747709487E-2));
#4572=CARTESIAN_POINT('',(-1.132157258065E0,-1.100441974134E-1,
6.107951238531E-2));
#4573=CARTESIAN_POINT('',(-1.133770161290E0,-9.549637077659E-2,
8.198094526219E-2));
#4574=CARTESIAN_POINT('',(-1.135383064516E0,-7.703891149987E-2,
9.952606860758E-2));
#4575=CARTESIAN_POINT('',(-1.136995967742E0,-5.542747013467E-2,
1.129965830108E-1));
#4576=CARTESIAN_POINT('',(-1.138608870968E0,-3.154682162969E-2,
1.218410040274E-1));
#4577=CARTESIAN_POINT('',(-1.140221774194E0,-6.374642540607E-3,
1.256972400293E-1));
#4578=CARTESIAN_POINT('',(-1.141834677419E0,1.905851516308E-2,
1.244074162338E-1));
#4579=CARTESIAN_POINT('',(-1.143447580645E0,4.371141501671E-2,
1.180243382818E-1));
#4580=CARTESIAN_POINT('',(-1.145060483871E0,6.657476440368E-2,
1.068093297494E-1));
#4581=CARTESIAN_POINT('',(-1.146673387097E0,8.671253511377E-2,
9.122153584176E-2));
#4582=CARTESIAN_POINT('',(-1.148286290323E0,1.033002844480E-1,
7.189911730541E-2));
#4583=CARTESIAN_POINT('',(-1.149899193548E0,1.156589079997E-1,
4.963315625768E-2));
#4584=CARTESIAN_POINT('',(-1.151512096774E0,1.232824422685E-1,
2.533514899884E-2));
#4585=CARTESIAN_POINT('',(-1.152587365591E0,1.25E-1,8.445141541909E-3));
#4586=CARTESIAN_POINT('',(-1.153125E0,1.25E-1,0.E0));
#4588=CURVE_STYLE('',#127,POSITIVE_LENGTH_MEASURE(2.E-2),#73);
#4589=PRESENTATION_STYLE_ASSIGNMENT((#4588));
#4590=STYLED_ITEM('',(#4589),#4587);
#4591=CARTESIAN_POINT('',(-8.75E-1,-1.154849415639E-1,-4.783542904563E-2));
#4592=CARTESIAN_POINT('',(-8.75E-1,-1.155706726977E-1,-4.767943532112E-2));
#4593=CARTESIAN_POINT('',(-8.75E-1,-1.157522578251E-1,-4.734552070412E-2));
#4594=CARTESIAN_POINT('',(-8.75E-1,-1.160522469017E-1,-4.678036750672E-2));
#4595=CARTESIAN_POINT('',(-8.75E-1,-1.163819220422E-1,-4.614302218898E-2));
#4596=CARTESIAN_POINT('',(-8.75E-1,-1.167417083180E-1,-4.542789911202E-2));
#4597=CARTESIAN_POINT('',(-8.75E-1,-1.171320766323E-1,-4.462859073472E-2));
#4598=CARTESIAN_POINT('',(-8.75E-1,-1.175530369236E-1,-4.373872083801E-2));
#4599=CARTESIAN_POINT('',(-8.75E-1,-1.180042077796E-1,-4.275174633731E-2));
#4600=CARTESIAN_POINT('',(-8.75E-1,-1.184847180811E-1,-4.166106524097E-2));
#4601=CARTESIAN_POINT('',(-8.75E-1,-1.189931353E-1,-4.046009081290E-2));
#4602=CARTESIAN_POINT('',(-8.75E-1,-1.195273897697E-1,-3.914233280923E-2));
#4603=CARTESIAN_POINT('',(-8.75E-1,-1.200846375746E-1,-3.770169458100E-2));
#4604=CARTESIAN_POINT('',(-8.75E-1,-1.206613513477E-1,-3.613212649444E-2));
#4605=CARTESIAN_POINT('',(-8.75E-1,-1.212525859259E-1,-3.442985231714E-2));
#4606=CARTESIAN_POINT('',(-8.75E-1,-1.218544815553E-1,-3.258588073554E-2));
#4607=CARTESIAN_POINT('',(-8.75E-1,-1.224570101307E-1,-3.060777105890E-2));
#4608=CARTESIAN_POINT('',(-8.75E-1,-1.230411414891E-1,-2.853852081012E-2));
#4609=CARTESIAN_POINT('',(-8.75E-1,-1.235974173594E-1,-2.639851522681E-2));
#4610=CARTESIAN_POINT('',(-8.75E-1,-1.241217889403E-1,-2.419079724062E-2));
#4611=CARTESIAN_POINT('',(-8.75E-1,-1.246095918352E-1,-2.192185972163E-2));
#4612=CARTESIAN_POINT('',(-8.75E-1,-1.250566657040E-1,-1.959809512553E-2));
#4613=CARTESIAN_POINT('',(-8.75E-1,-1.254592177992E-1,-1.722631327468E-2));
#4614=CARTESIAN_POINT('',(-8.75E-1,-1.258139080935E-1,-1.481357826941E-2));
#4615=CARTESIAN_POINT('',(-8.75E-1,-1.261178720697E-1,-1.236721820403E-2));
#4616=CARTESIAN_POINT('',(-8.75E-1,-1.263687555924E-1,-9.894781309789E-3));
#4617=CARTESIAN_POINT('',(-8.75E-1,-1.265647409384E-1,-7.404000001533E-3));
#4618=CARTESIAN_POINT('',(-8.75E-1,-1.267045682664E-1,-4.902747361612E-3));
#4619=CARTESIAN_POINT('',(-8.75E-1,-1.267875520406E-1,-2.398991469501E-3));
#4620=CARTESIAN_POINT('',(-8.75E-1,-1.268135866505E-1,9.925279743876E-5));
#4621=CARTESIAN_POINT('',(-8.75E-1,-1.267831623518E-1,2.583970452263E-3));
#4622=CARTESIAN_POINT('',(-8.75E-1,-1.266976383337E-1,5.047211257981E-3));
#4623=CARTESIAN_POINT('',(-8.75E-1,-1.265589220710E-1,7.481147709942E-3));
#4624=CARTESIAN_POINT('',(-8.75E-1,-1.263694604235E-1,9.878116586344E-3));
#4625=CARTESIAN_POINT('',(-8.75E-1,-1.261322104674E-1,1.223065771861E-2));
#4626=CARTESIAN_POINT('',(-8.75E-1,-1.258506093790E-1,1.453154796816E-2));
#4627=CARTESIAN_POINT('',(-8.75E-1,-1.255285390311E-1,1.677383000070E-2));
#4628=CARTESIAN_POINT('',(-8.75E-1,-1.251702878851E-1,1.895083395687E-2));
#4629=CARTESIAN_POINT('',(-8.75E-1,-1.247805091325E-1,2.105619686345E-2));
#4630=CARTESIAN_POINT('',(-8.75E-1,-1.243641817957E-1,2.308386021886E-2));
#4631=CARTESIAN_POINT('',(-8.75E-1,-1.239265540037E-1,2.502811814140E-2));
#4632=CARTESIAN_POINT('',(-8.75E-1,-1.234731495304E-1,2.688344606862E-2));
#4633=CARTESIAN_POINT('',(-8.75E-1,-1.230095380702E-1,2.864511853668E-2));
#4634=CARTESIAN_POINT('',(-8.75E-1,-1.225420945323E-1,3.030646710035E-2));
#4635=CARTESIAN_POINT('',(-8.75E-1,-1.220747843732E-1,3.186978803247E-2));
#4636=CARTESIAN_POINT('',(-8.75E-1,-1.216101736038E-1,3.334054544455E-2));
#4637=CARTESIAN_POINT('',(-8.75E-1,-1.211511248465E-1,3.472185676400E-2));
#4638=CARTESIAN_POINT('',(-8.75E-1,-1.207000295732E-1,3.601728873706E-2));
#4639=CARTESIAN_POINT('',(-8.75E-1,-1.202588577257E-1,3.723063335121E-2));
#4640=CARTESIAN_POINT('',(-8.75E-1,-1.198291984960E-1,3.836582108301E-2));
#4641=CARTESIAN_POINT('',(-8.75E-1,-1.194122855121E-1,3.942687619207E-2));
#4642=CARTESIAN_POINT('',(-8.75E-1,-1.190090269770E-1,4.041787239146E-2));
#4643=CARTESIAN_POINT('',(-8.75E-1,-1.186200338045E-1,4.134289938225E-2));
#4644=CARTESIAN_POINT('',(-8.75E-1,-1.182456465791E-1,4.220603636587E-2));
#4645=CARTESIAN_POINT('',(-8.75E-1,-1.178859603656E-1,4.301133238888E-2));
#4646=CARTESIAN_POINT('',(-8.75E-1,-1.175408473727E-1,4.376279189885E-2));
#4647=CARTESIAN_POINT('',(-8.75E-1,-1.172099766336E-1,4.446436573254E-2));
#4648=CARTESIAN_POINT('',(-8.75E-1,-1.168928331991E-1,4.511994195384E-2));
#4649=CARTESIAN_POINT('',(-8.75E-1,-1.165887275032E-1,4.573335269287E-2));
#4650=CARTESIAN_POINT('',(-8.75E-1,-1.162968299388E-1,4.630833251924E-2));
#4651=CARTESIAN_POINT('',(-8.75E-1,-1.160161001266E-1,4.684866518496E-2));
#4652=CARTESIAN_POINT('',(-8.75E-1,-1.157455980808E-1,4.735763150292E-2));
#4653=CARTESIAN_POINT('',(-8.75E-1,-1.155707718887E-1,4.767925483627E-2));
#4654=CARTESIAN_POINT('',(-8.75E-1,-1.154849415639E-1,4.783542904564E-2));
#4656=CURVE_STYLE('',#127,POSITIVE_LENGTH_MEASURE(2.E-2),#73);
#4657=PRESENTATION_STYLE_ASSIGNMENT((#4656));
#4658=STYLED_ITEM('',(#4657),#4655);
#4659=CARTESIAN_POINT('',(-8.75E-1,-1.154849415639E-1,-4.783542904563E-2));
#4660=CARTESIAN_POINT('',(-8.755314625850E-1,-1.186796573903E-1,
-4.012270276975E-2));
#4661=CARTESIAN_POINT('',(-8.765943877551E-1,-1.235185170416E-1,
-2.405526383532E-2));
#4662=CARTESIAN_POINT('',(-8.781887755102E-1,-1.258350720123E-1,
1.008506052232E-3));
#4663=CARTESIAN_POINT('',(-8.797831632653E-1,-1.231171093598E-1,
2.603187551368E-2));
#4664=CARTESIAN_POINT('',(-8.813775510204E-1,-1.154733982140E-1,
5.001375752874E-2));
#4665=CARTESIAN_POINT('',(-8.829719387755E-1,-1.032097462045E-1,
7.199465095635E-2));
#4666=CARTESIAN_POINT('',(-8.845663265306E-1,-8.681680791565E-2,
9.109513373751E-2));
#4667=CARTESIAN_POINT('',(-8.861607142857E-1,-6.695044280585E-2,
1.065510193331E-1));
#4668=CARTESIAN_POINT('',(-8.877551020408E-1,-4.440547824745E-2,
1.177439383514E-1));
#4669=CARTESIAN_POINT('',(-8.893494897959E-1,-2.008390868993E-2,
1.242260766809E-1));
#4670=CARTESIAN_POINT('',(-8.909438775510E-1,5.041191732164E-3,
1.257380924859E-1));
#4671=CARTESIAN_POINT('',(-8.925382653061E-1,2.996460068011E-2,
1.222194919891E-1));
#4672=CARTESIAN_POINT('',(-8.941326530612E-1,5.368916522335E-2,
1.138110497871E-1));
#4673=CARTESIAN_POINT('',(-8.957270408163E-1,7.526569662577E-2,
1.008491766325E-1));
#4674=CARTESIAN_POINT('',(-8.973214285714E-1,9.383094614199E-2,
8.385246008386E-2));
#4675=CARTESIAN_POINT('',(-8.989158163265E-1,1.086421424687E-1,
6.350091649604E-2));
#4676=CARTESIAN_POINT('',(-9.005102040816E-1,1.191067090508E-1,
4.060878445724E-2));
#4677=CARTESIAN_POINT('',(-9.021045918367E-1,1.248059722934E-1,
1.609194817019E-2));
#4678=CARTESIAN_POINT('',(-9.036989795918E-1,1.255119121429E-1,
-9.068705874632E-3));
#4679=CARTESIAN_POINT('',(-9.052933673469E-1,1.211962848712E-1,
-3.386653288196E-2));
#4680=CARTESIAN_POINT('',(-9.068877551020E-1,1.120317530696E-1,
-5.730940429083E-2));
#4681=CARTESIAN_POINT('',(-9.084821428571E-1,9.838497764549E-2,
-7.845940153807E-2));
#4682=CARTESIAN_POINT('',(-9.100765306122E-1,8.080194819945E-2,
-9.647034095094E-2));
#4683=CARTESIAN_POINT('',(-9.116709183673E-1,5.998613869702E-2,
-1.106216284469E-1));
#4684=CARTESIAN_POINT('',(-9.132653061224E-1,3.677036239723E-2,
-1.203470895585E-1));
#4685=CARTESIAN_POINT('',(-9.148596938776E-1,1.208345208555E-2,
-1.252576213318E-1));
#4686=CARTESIAN_POINT('',(-9.164540816327E-1,-1.308690130869E-2,
-1.251567598260E-1));
#4687=CARTESIAN_POINT('',(-9.180484693878E-1,-3.773366493197E-2,
-1.200485403777E-1));
#4688=CARTESIAN_POINT('',(-9.196428571429E-1,-6.087075407135E-2,
-1.101373361526E-1));
#4689=CARTESIAN_POINT('',(-9.212372448980E-1,-8.157248411155E-2,
-9.581968144326E-2));
#4690=CARTESIAN_POINT('',(-9.228316326531E-1,-9.901060596330E-2,
-7.766840685116E-2));
#4691=CARTESIAN_POINT('',(-9.244260204082E-1,-1.124874432240E-1,
-5.640972108550E-2));
#4692=CARTESIAN_POINT('',(-9.260204081633E-1,-1.214638052963E-1,
-3.289415630423E-2));
#4693=CARTESIAN_POINT('',(-9.276147959184E-1,-1.255805596971E-1,
-8.062539437074E-3));
#4694=CARTESIAN_POINT('',(-9.292091836735E-1,-1.246730004780E-1,
1.709164906699E-2));
#4695=CARTESIAN_POINT('',(-9.308035714286E-1,-1.187774378939E-1,
4.156202309052E-2));
#4696=CARTESIAN_POINT('',(-9.323979591837E-1,-1.081297456777E-1,
6.436955503729E-2));
#4697=CARTESIAN_POINT('',(-9.339923469388E-1,-9.315592404107E-2,
8.460174544343E-2));
#4698=CARTESIAN_POINT('',(-9.355867346939E-1,-7.445505596455E-2,
1.014491308850E-1));
#4699=CARTESIAN_POINT('',(-9.371811224490E-1,-5.277533867235E-2,
1.142376695495E-1));
#4700=CARTESIAN_POINT('',(-9.387755102041E-1,-2.898414924203E-2,
1.224557087624E-1));
#4701=CARTESIAN_POINT('',(-9.403698979592E-1,-4.033341984307E-3,
1.257744555517E-1));
#4702=CARTESIAN_POINT('',(-9.419642857143E-1,2.107883400051E-2,
1.240611311813E-1));
#4703=CARTESIAN_POINT('',(-9.435586734694E-1,4.534767346081E-2,
1.173842836116E-1));
#4704=CARTESIAN_POINT('',(-9.451530612245E-1,6.780221193413E-2,
1.060110443999E-1));
#4705=CARTESIAN_POINT('',(-9.467474489796E-1,8.754407276287E-2,
9.039644330018E-2));
#4706=CARTESIAN_POINT('',(-9.483418367347E-1,1.037834099670E-1,
7.116519497264E-2));
#4707=CARTESIAN_POINT('',(-9.499362244898E-1,1.158705089467E-1,
4.908673536966E-2));
#4708=CARTESIAN_POINT('',(-9.515306122449E-1,1.233217807118E-1,
2.504432415551E-2));
#4709=CARTESIAN_POINT('',(-9.525935374150E-1,1.25E-1,8.348194764004E-3));
#4710=CARTESIAN_POINT('',(-9.53125E-1,1.25E-1,0.E0));
#4712=CURVE_STYLE('',#127,POSITIVE_LENGTH_MEASURE(2.E-2),#73);
#4713=PRESENTATION_STYLE_ASSIGNMENT((#4712));
#4714=STYLED_ITEM('',(#4713),#4711);
#4715=DIRECTION('',(5.E-1,8.660254037844E-1,1.218117886689E-14));
#4716=VECTOR('',#4715,3.125E-2);
#4717=CARTESIAN_POINT('',(-9.6875E-1,9.793670613174E-2,0.E0));
#4718=LINE('',#4717,#4716);
#4719=CURVE_STYLE('',#127,POSITIVE_LENGTH_MEASURE(2.E-2),#73);
#4720=PRESENTATION_STYLE_ASSIGNMENT((#4719));
#4721=STYLED_ITEM('',(#4720),#4718);
#4722=DIRECTION('',(5.E-1,8.660254037844E-1,1.449389044265E-14));
#4723=VECTOR('',#4722,3.125E-2);
#4724=CARTESIAN_POINT('',(-1.16875E0,9.793670613174E-2,0.E0));
#4725=LINE('',#4724,#4723);
#4726=CURVE_STYLE('',#127,POSITIVE_LENGTH_MEASURE(2.E-2),#73);
#4727=PRESENTATION_STYLE_ASSIGNMENT((#4726));
#4728=STYLED_ITEM('',(#4727),#4725);
#4729=CARTESIAN_POINT('',(-8.15E-1,0.E0,0.E0));
#4730=DIRECTION('',(1.E0,0.E0,0.E0));
#4731=DIRECTION('',(0.E0,1.E0,0.E0));
#4732=AXIS2_PLACEMENT_3D('',#4729,#4730,#4731);
#4734=CURVE_STYLE('',#127,POSITIVE_LENGTH_MEASURE(2.E-2),#73);
#4735=PRESENTATION_STYLE_ASSIGNMENT((#4734));
#4736=STYLED_ITEM('',(#4735),#4733);
#4737=DIRECTION('',(-1.E0,0.E0,0.E0));
#4738=VECTOR('',#4737,6.E-2);
#4739=CARTESIAN_POINT('',(-8.15E-1,9.739544025437E-2,0.E0));
#4740=LINE('',#4739,#4738);
#4741=CURVE_STYLE('',#127,POSITIVE_LENGTH_MEASURE(2.E-2),#73);
#4742=PRESENTATION_STYLE_ASSIGNMENT((#4741));
#4743=STYLED_ITEM('',(#4742),#4740);
#4744=CARTESIAN_POINT('',(-8.15E-1,0.E0,0.E0));
#4745=DIRECTION('',(-1.E0,0.E0,0.E0));
#4746=DIRECTION('',(0.E0,1.E0,0.E0));
#4747=AXIS2_PLACEMENT_3D('',#4744,#4745,#4746);
#4749=CURVE_STYLE('',#127,POSITIVE_LENGTH_MEASURE(2.E-2),#73);
#4750=PRESENTATION_STYLE_ASSIGNMENT((#4749));
#4751=STYLED_ITEM('',(#4750),#4748);
#4752=DIRECTION('',(-1.E0,0.E0,0.E0));
#4753=VECTOR('',#4752,6.E-2);
#4754=CARTESIAN_POINT('',(-8.15E-1,-9.739544025437E-2,0.E0));
#4755=LINE('',#4754,#4753);
#4756=CURVE_STYLE('',#127,POSITIVE_LENGTH_MEASURE(2.E-2),#73);
#4757=PRESENTATION_STYLE_ASSIGNMENT((#4756));
#4758=STYLED_ITEM('',(#4757),#4755);
#4759=DIRECTION('',(-3.799050492122E-1,9.250254880721E-1,0.E0));
#4760=VECTOR('',#4759,1.052894666258E-1);
#4761=CARTESIAN_POINT('',(-7.75E-1,0.E0,0.E0));
#4762=LINE('',#4761,#4760);
#4763=CURVE_STYLE('',#127,POSITIVE_LENGTH_MEASURE(2.E-2),#73);
#4764=PRESENTATION_STYLE_ASSIGNMENT((#4763));
#4765=STYLED_ITEM('',(#4764),#4762);
#4766=DIRECTION('',(-3.799050492122E-1,-9.250254880721E-1,0.E0));
#4767=VECTOR('',#4766,1.052894666258E-1);
#4768=CARTESIAN_POINT('',(-7.75E-1,0.E0,0.E0));
#4769=LINE('',#4768,#4767);
#4770=CURVE_STYLE('',#127,POSITIVE_LENGTH_MEASURE(2.E-2),#73);
#4771=PRESENTATION_STYLE_ASSIGNMENT((#4770));
#4772=STYLED_ITEM('',(#4771),#4769);
#4773=VERTEX_POINT('',#3164);
#4774=VERTEX_POINT('',#3181);
#4775=VERTEX_POINT('',#3193);
#4776=VERTEX_POINT('',#3210);
#4777=VERTEX_POINT('',#3215);
#4778=VERTEX_POINT('',#3232);
#4779=VERTEX_POINT('',#3237);
#4780=VERTEX_POINT('',#3254);
#4781=VERTEX_POINT('',#3266);
#4782=VERTEX_POINT('',#3283);
#4783=VERTEX_POINT('',#3317);
#4784=VERTEX_POINT('',#3334);
#4785=VERTEX_POINT('',#3368);
#4786=VERTEX_POINT('',#3385);
#4787=VERTEX_POINT('',#3295);
#4788=VERTEX_POINT('',#3312);
#4789=VERTEX_POINT('',#3346);
#4790=VERTEX_POINT('',#3363);
#4791=VERTEX_POINT('',#3397);
#4792=VERTEX_POINT('',#3414);
#4793=VERTEX_POINT('',#3419);
#4794=VERTEX_POINT('',#3436);
#4795=VERTEX_POINT('',#3441);
#4796=VERTEX_POINT('',#3458);
#4797=VERTEX_POINT('',#3470);
#4798=VERTEX_POINT('',#3487);
#4799=VERTEX_POINT('',#3521);
#4800=VERTEX_POINT('',#3538);
#4801=VERTEX_POINT('',#3572);
#4802=VERTEX_POINT('',#3589);
#4803=VERTEX_POINT('',#3499);
#4804=VERTEX_POINT('',#3516);
#4805=VERTEX_POINT('',#3550);
#4806=VERTEX_POINT('',#3567);
#4807=VERTEX_POINT('',#3601);
#4808=VERTEX_POINT('',#3618);
#4809=VERTEX_POINT('',#3623);
#4810=VERTEX_POINT('',#3640);
#4811=VERTEX_POINT('',#3645);
#4812=VERTEX_POINT('',#3662);
#4813=VERTEX_POINT('',#3674);
#4814=VERTEX_POINT('',#3691);
#4815=VERTEX_POINT('',#3703);
#4816=VERTEX_POINT('',#3720);
#4817=CARTESIAN_POINT('',(-9.46875E-1,1.25E-1,0.E0));
#4818=VERTEX_POINT('',#4817);
#4819=CARTESIAN_POINT('',(-9.53125E-1,1.25E-1,0.E0));
#4820=VERTEX_POINT('',#4819);
#4821=CARTESIAN_POINT('',(-1.146875E0,1.25E-1,0.E0));
#4822=VERTEX_POINT('',#4821);
#4823=CARTESIAN_POINT('',(-1.153125E0,1.25E-1,0.E0));
#4824=VERTEX_POINT('',#4823);
#4825=CARTESIAN_POINT('',(-1.346875E0,1.25E-1,0.E0));
#4826=VERTEX_POINT('',#4825);
#4827=CARTESIAN_POINT('',(-1.353125E0,1.25E-1,0.E0));
#4828=VERTEX_POINT('',#4827);
#4829=CARTESIAN_POINT('',(-8.75E-1,6.925170903282E-2,6.925170903283E-2));
#4830=CARTESIAN_POINT('',(-8.75E-1,6.925170903282E-2,-6.925170903283E-2));
#4831=VERTEX_POINT('',#4829);
#4832=VERTEX_POINT('',#4830);
#4833=VERTEX_POINT('',#377);
#4834=VERTEX_POINT('',#391);
#4835=VERTEX_POINT('',#414);
#4836=VERTEX_POINT('',#431);
#4837=VERTEX_POINT('',#436);
#4838=VERTEX_POINT('',#450);
#4839=CARTESIAN_POINT('',(1.59375E-1,0.E0,-1.25E-1));
#4840=CARTESIAN_POINT('',(1.65625E-1,0.E0,-1.25E-1));
#4841=VERTEX_POINT('',#4839);
#4842=VERTEX_POINT('',#4840);
#4843=CARTESIAN_POINT('',(2.09375E-1,0.E0,-1.25E-1));
#4844=CARTESIAN_POINT('',(2.15625E-1,0.E0,-1.25E-1));
#4845=VERTEX_POINT('',#4843);
#4846=VERTEX_POINT('',#4844);
#4847=CARTESIAN_POINT('',(1.34375E-1,0.E0,1.25E-1));
#4848=CARTESIAN_POINT('',(1.40625E-1,0.E0,1.25E-1));
#4849=VERTEX_POINT('',#4847);
#4850=VERTEX_POINT('',#4848);
#4851=CARTESIAN_POINT('',(1.84375E-1,0.E0,1.25E-1));
#4852=CARTESIAN_POINT('',(1.90625E-1,0.E0,1.25E-1));
#4853=VERTEX_POINT('',#4851);
#4854=VERTEX_POINT('',#4852);
#4855=CARTESIAN_POINT('',(2.34375E-1,0.E0,1.25E-1));
#4856=CARTESIAN_POINT('',(2.40625E-1,0.E0,1.25E-1));
#4857=VERTEX_POINT('',#4855);
#4858=VERTEX_POINT('',#4856);
#4859=CARTESIAN_POINT('',(2.59375E-1,0.E0,-1.25E-1));
#4860=CARTESIAN_POINT('',(2.65625E-1,0.E0,-1.25E-1));
#4861=VERTEX_POINT('',#4859);
#4862=VERTEX_POINT('',#4860);
#4863=CARTESIAN_POINT('',(3.09375E-1,0.E0,-1.25E-1));
#4864=CARTESIAN_POINT('',(3.15625E-1,0.E0,-1.25E-1));
#4865=VERTEX_POINT('',#4863);
#4866=VERTEX_POINT('',#4864);
#4867=CARTESIAN_POINT('',(3.59375E-1,0.E0,-1.25E-1));
#4868=CARTESIAN_POINT('',(3.65625E-1,0.E0,-1.25E-1));
#4869=VERTEX_POINT('',#4867);
#4870=VERTEX_POINT('',#4868);
#4871=CARTESIAN_POINT('',(4.09375E-1,0.E0,-1.25E-1));
#4872=VERTEX_POINT('',#4871);
#4873=CARTESIAN_POINT('',(2.84375E-1,0.E0,1.25E-1));
#4874=CARTESIAN_POINT('',(2.90625E-1,0.E0,1.25E-1));
#4875=VERTEX_POINT('',#4873);
#4876=VERTEX_POINT('',#4874);
#4877=CARTESIAN_POINT('',(3.34375E-1,0.E0,1.25E-1));
#4878=CARTESIAN_POINT('',(3.40625E-1,0.E0,1.25E-1));
#4879=VERTEX_POINT('',#4877);
#4880=VERTEX_POINT('',#4878);
#4881=CARTESIAN_POINT('',(3.84375E-1,0.E0,1.25E-1));
#4882=VERTEX_POINT('',#4881);
#4883=CARTESIAN_POINT('',(3.995833333333E-1,6.553244755872E-2,
-7.278115638610E-2));
#4884=VERTEX_POINT('',#4883);
#4885=CARTESIAN_POINT('',(3.870833333333E-1,6.553244755872E-2,
-7.278115638610E-2));
#4886=VERTEX_POINT('',#4885);
#4887=CARTESIAN_POINT('',(5.E-1,9.125505055372E-2,0.E0));
#4888=CARTESIAN_POINT('',(5.E-1,-9.125505055372E-2,0.E0));
#4889=VERTEX_POINT('',#4887);
#4890=VERTEX_POINT('',#4888);
#4891=VERTEX_POINT('',#755);
#4892=VERTEX_POINT('',#772);
#4893=VERTEX_POINT('',#777);
#4894=VERTEX_POINT('',#799);
#4895=VERTEX_POINT('',#1218);
#4896=VERTEX_POINT('',#1229);
#4897=CARTESIAN_POINT('',(0.E0,9.793670613174E-2,0.E0));
#4898=CARTESIAN_POINT('',(7.5E-2,9.793670613174E-2,0.E0));
#4899=VERTEX_POINT('',#4897);
#4900=VERTEX_POINT('',#4898);
#4901=CARTESIAN_POINT('',(0.E0,-9.793670613174E-2,0.E0));
#4902=CARTESIAN_POINT('',(7.5E-2,-9.793670613174E-2,0.E0));
#4903=VERTEX_POINT('',#4901);
#4904=VERTEX_POINT('',#4902);
#4905=CARTESIAN_POINT('',(7.5E-2,-6.925170903283E-2,-6.925170903282E-2));
#4906=VERTEX_POINT('',#4905);
#4907=CARTESIAN_POINT('',(7.5E-2,-9.601684966156E-2,-1.929670927914E-2));
#4908=VERTEX_POINT('',#4907);
#4909=CARTESIAN_POINT('',(1.020632938683E-1,-1.238891278345E-1,
1.662780816614E-2));
#4910=CARTESIAN_POINT('',(1.020632938683E-1,-9.936047831760E-2,
-7.584520649651E-2));
#4911=VERTEX_POINT('',#4909);
#4912=VERTEX_POINT('',#4910);
#4913=CARTESIAN_POINT('',(-1.5E0,1.35E-1,0.E0));
#4914=CARTESIAN_POINT('',(-1.5E0,-1.35E-1,0.E0));
#4915=VERTEX_POINT('',#4913);
#4916=VERTEX_POINT('',#4914);
#4917=CARTESIAN_POINT('',(-1.458837041989E0,3.128107951339E-2,
9.280674798963E-2));
#4918=CARTESIAN_POINT('',(-1.458837041989E0,-9.280674798963E-2,
3.128107951339E-2));
#4919=VERTEX_POINT('',#4917);
#4920=VERTEX_POINT('',#4918);
#4921=CARTESIAN_POINT('',(-1.465359374904E0,1.038094410669E-1,0.E0));
#4922=VERTEX_POINT('',#4921);
#4923=CARTESIAN_POINT('',(-1.481808382627E0,-1.186201941455E-1,0.E0));
#4924=VERTEX_POINT('',#4923);
#4925=VERTEX_POINT('',#3093);
#4926=VERTEX_POINT('',#4591);
#4927=VERTEX_POINT('',#4001);
#4928=VERTEX_POINT('',#2405);
#4929=CARTESIAN_POINT('',(-1.5E0,0.E0,-2.863657335181E-1));
#4930=CARTESIAN_POINT('',(-1.5E0,-2.48E-1,-1.431828667590E-1));
#4931=VERTEX_POINT('',#4929);
#4932=VERTEX_POINT('',#4930);
#4933=CARTESIAN_POINT('',(-1.498E0,-1.E-3,-2.880977843256E-1));
#4934=CARTESIAN_POINT('',(-1.498E0,-2.49E-1,-1.449149175666E-1));
#4935=VERTEX_POINT('',#4933);
#4936=VERTEX_POINT('',#4934);
#4937=CARTESIAN_POINT('',(-1.498E0,-2.5E-1,-1.431828667590E-1));
#4938=CARTESIAN_POINT('',(-1.498E0,-2.5E-1,1.431828667590E-1));
#4939=VERTEX_POINT('',#4937);
#4940=VERTEX_POINT('',#4938);
#4941=CARTESIAN_POINT('',(-1.5E0,-2.48E-1,1.431828667590E-1));
#4942=VERTEX_POINT('',#4941);
#4943=CARTESIAN_POINT('',(-2.E-3,-2.5E-1,1.431828667590E-1));
#4944=CARTESIAN_POINT('',(-2.E-3,-2.5E-1,-1.431828667590E-1));
#4945=VERTEX_POINT('',#4943);
#4946=VERTEX_POINT('',#4944);
#4947=CARTESIAN_POINT('',(0.E0,-2.48E-1,1.431828667590E-1));
#4948=CARTESIAN_POINT('',(0.E0,-2.48E-1,-1.431828667590E-1));
#4949=VERTEX_POINT('',#4947);
#4950=VERTEX_POINT('',#4948);
#4951=CARTESIAN_POINT('',(-2.E-3,1.E-3,-2.880977843256E-1));
#4952=CARTESIAN_POINT('',(-2.E-3,2.49E-1,-1.449149175666E-1));
#4953=VERTEX_POINT('',#4951);
#4954=VERTEX_POINT('',#4952);
#4955=CARTESIAN_POINT('',(0.E0,0.E0,-2.863657335181E-1));
#4956=CARTESIAN_POINT('',(0.E0,2.48E-1,-1.431828667590E-1));
#4957=VERTEX_POINT('',#4955);
#4958=VERTEX_POINT('',#4956);
#4959=CARTESIAN_POINT('',(-1.498E0,2.49E-1,-1.449149175666E-1));
#4960=VERTEX_POINT('',#4959);
#4961=CARTESIAN_POINT('',(-2.E-3,2.5E-1,-1.431828667590E-1));
#4962=CARTESIAN_POINT('',(-1.498E0,2.5E-1,-1.431828667590E-1));
#4963=VERTEX_POINT('',#4961);
#4964=VERTEX_POINT('',#4962);
#4965=CARTESIAN_POINT('',(-2.E-3,2.5E-1,1.431828667590E-1));
#4966=VERTEX_POINT('',#4965);
#4967=CARTESIAN_POINT('',(0.E0,2.48E-1,1.431828667590E-1));
#4968=VERTEX_POINT('',#4967);
#4969=CARTESIAN_POINT('',(-1.498E0,2.5E-1,1.431828667590E-1));
#4970=VERTEX_POINT('',#4969);
#4971=CARTESIAN_POINT('',(-2.E-3,2.49E-1,1.449149175666E-1));
#4972=CARTESIAN_POINT('',(-1.498E0,2.49E-1,1.449149175666E-1));
#4973=VERTEX_POINT('',#4971);
#4974=VERTEX_POINT('',#4972);
#4975=CARTESIAN_POINT('',(-2.E-3,1.E-3,2.880977843256E-1));
#4976=VERTEX_POINT('',#4975);
#4977=CARTESIAN_POINT('',(0.E0,0.E0,2.863657335181E-1));
#4978=VERTEX_POINT('',#4977);
#4979=CARTESIAN_POINT('',(-1.498E0,1.E-3,2.880977843256E-1));
#4980=VERTEX_POINT('',#4979);
#4981=CARTESIAN_POINT('',(-2.E-3,-1.E-3,2.880977843256E-1));
#4982=CARTESIAN_POINT('',(-1.498E0,-1.E-3,2.880977843256E-1));
#4983=VERTEX_POINT('',#4981);
#4984=VERTEX_POINT('',#4982);
#4985=CARTESIAN_POINT('',(-2.E-3,-2.49E-1,1.449149175666E-1));
#4986=VERTEX_POINT('',#4985);
#4987=CARTESIAN_POINT('',(-1.498E0,-2.49E-1,1.449149175666E-1));
#4988=VERTEX_POINT('',#4987);
#4989=CARTESIAN_POINT('',(-1.5E0,0.E0,2.863657335181E-1));
#4990=VERTEX_POINT('',#4989);
#4991=CARTESIAN_POINT('',(-1.5E0,2.48E-1,1.431828667590E-1));
#4992=VERTEX_POINT('',#4991);
#4993=CARTESIAN_POINT('',(-1.5E0,2.48E-1,-1.431828667590E-1));
#4994=VERTEX_POINT('',#4993);
#4995=CARTESIAN_POINT('',(-1.498E0,1.E-3,-2.880977843256E-1));
#4996=VERTEX_POINT('',#4995);
#4997=CARTESIAN_POINT('',(-2.E-3,-9.999999999999E-4,-2.880977843256E-1));
#4998=VERTEX_POINT('',#4997);
#4999=CARTESIAN_POINT('',(-2.E-3,-2.49E-1,-1.449149175666E-1));
#5000=VERTEX_POINT('',#4999);
#5001=CARTESIAN_POINT('',(-7.75E-1,0.E0,0.E0));
#5002=CARTESIAN_POINT('',(-8.15E-1,9.739544025437E-2,0.E0));
#5003=VERTEX_POINT('',#5001);
#5004=VERTEX_POINT('',#5002);
#5005=CARTESIAN_POINT('',(-8.15E-1,-9.739544025437E-2,0.E0));
#5006=VERTEX_POINT('',#5005);
#5007=CARTESIAN_POINT('',(-8.75E-1,9.739544025437E-2,0.E0));
#5008=CARTESIAN_POINT('',(-8.75E-1,-9.739544025437E-2,0.E0));
#5009=VERTEX_POINT('',#5007);
#5010=VERTEX_POINT('',#5008);
#5011=VERTEX_POINT('',#1601);
#5012=VERTEX_POINT('',#1607);
#5013=VERTEX_POINT('',#1025);
#5014=VERTEX_POINT('',#991);
#5015=VERTEX_POINT('',#301);
#5016=VERTEX_POINT('',#307);
#5017=VERTEX_POINT('',#290);
#5018=VERTEX_POINT('',#349);
#5019=CARTESIAN_POINT('',(0.E0,0.E0,0.E0));
#5020=DIRECTION('',(1.E0,0.E0,0.E0));
#5021=DIRECTION('',(0.E0,-1.E0,0.E0));
#5022=AXIS2_PLACEMENT_3D('',#5019,#5020,#5021);
#5023=PLANE('',#5022);
#5025=ORIENTED_EDGE('',*,*,#5024,.F.);
#5027=ORIENTED_EDGE('',*,*,#5026,.F.);
#5029=ORIENTED_EDGE('',*,*,#5028,.F.);
#5031=ORIENTED_EDGE('',*,*,#5030,.F.);
#5033=ORIENTED_EDGE('',*,*,#5032,.F.);
#5035=ORIENTED_EDGE('',*,*,#5034,.F.);
#5036=EDGE_LOOP('',(#5025,#5027,#5029,#5031,#5033,#5035));
#5037=FACE_OUTER_BOUND('',#5036,.F.);
#5039=ORIENTED_EDGE('',*,*,#5038,.T.);
#5041=ORIENTED_EDGE('',*,*,#5040,.F.);
#5042=EDGE_LOOP('',(#5039,#5041));
#5043=FACE_BOUND('',#5042,.F.);
#5045=CARTESIAN_POINT('',(-1.600625E0,0.E0,0.E0));
#5046=DIRECTION('',(1.E0,0.E0,0.E0));
#5047=DIRECTION('',(0.E0,-1.E0,0.E0));
#5048=AXIS2_PLACEMENT_3D('',#5045,#5046,#5047);
#5049=CYLINDRICAL_SURFACE('',#5048,9.793670613174E-2);
#5051=ORIENTED_EDGE('',*,*,#5050,.T.);
#5053=ORIENTED_EDGE('',*,*,#5052,.T.);
#5055=ORIENTED_EDGE('',*,*,#5054,.F.);
#5056=ORIENTED_EDGE('',*,*,#5038,.F.);
#5057=EDGE_LOOP('',(#5051,#5053,#5055,#5056));
#5058=FACE_OUTER_BOUND('',#5057,.F.);
#5060=CARTESIAN_POINT('',(-1.600625E0,0.E0,0.E0));
#5061=DIRECTION('',(1.E0,0.E0,0.E0));
#5062=DIRECTION('',(0.E0,-1.E0,0.E0));
#5063=AXIS2_PLACEMENT_3D('',#5060,#5061,#5062);
#5064=CYLINDRICAL_SURFACE('',#5063,9.793670613174E-2);
#5066=ORIENTED_EDGE('',*,*,#5065,.F.);
#5067=ORIENTED_EDGE('',*,*,#5050,.F.);
#5068=ORIENTED_EDGE('',*,*,#5040,.T.);
#5069=ORIENTED_EDGE('',*,*,#5054,.T.);
#5071=ORIENTED_EDGE('',*,*,#5070,.F.);
#5073=ORIENTED_EDGE('',*,*,#5072,.T.);
#5075=ORIENTED_EDGE('',*,*,#5074,.T.);
#5076=EDGE_LOOP('',(#5066,#5067,#5068,#5069,#5071,#5073,#5075));
#5077=FACE_OUTER_BOUND('',#5076,.F.);
#5079=CARTESIAN_POINT('',(8.853164693413E-2,0.E0,0.E0));
#5080=DIRECTION('',(1.E0,0.E0,0.E0));
#5081=DIRECTION('',(0.E0,-1.E0,0.E0));
#5082=AXIS2_PLACEMENT_3D('',#5079,#5080,#5081);
#5083=CONICAL_SURFACE('',#5082,1.114683530659E-1,4.5E1);
#5085=ORIENTED_EDGE('',*,*,#5084,.T.);
#5086=ORIENTED_EDGE('',*,*,#5070,.T.);
#5087=ORIENTED_EDGE('',*,*,#5052,.F.);
#5088=ORIENTED_EDGE('',*,*,#5065,.T.);
#5090=ORIENTED_EDGE('',*,*,#5089,.T.);
#5092=ORIENTED_EDGE('',*,*,#5091,.T.);
#5094=ORIENTED_EDGE('',*,*,#5093,.T.);
#5096=ORIENTED_EDGE('',*,*,#5095,.T.);
#5097=EDGE_LOOP('',(#5085,#5086,#5087,#5088,#5090,#5092,#5094,#5096));
#5098=FACE_OUTER_BOUND('',#5097,.F.);
#5100=CARTESIAN_POINT('',(8.699647308308E-2,-7.845698432603E-2,
-6.024534332519E-2));
#5101=CARTESIAN_POINT('',(8.492615816688E-2,-9.577267507495E-2,
-4.109460061065E-2));
#5102=CARTESIAN_POINT('',(8.285584325068E-2,-1.056748625820E-1,
-1.422044225217E-2));
#5103=CARTESIAN_POINT('',(8.078552833448E-2,-1.043013596671E-1,
1.317440076980E-2));
#5104=CARTESIAN_POINT('',(8.606276022408E-2,-7.620427258173E-2,
-5.851553694002E-2));
#5105=CARTESIAN_POINT('',(8.399244530789E-2,-9.306993094186E-2,
-3.995086747405E-2));
#5106=CARTESIAN_POINT('',(8.192213039169E-2,-1.027644176470E-1,
-1.384326640813E-2));
#5107=CARTESIAN_POINT('',(7.985181547549E-2,-1.014835133448E-1,
1.281847600645E-2));
#5108=CARTESIAN_POINT('',(8.020895850989E-2,-7.309125414701E-2,
-5.612512051007E-2));
#5109=CARTESIAN_POINT('',(7.813864359369E-2,-8.933501353313E-2,
-3.837034464521E-2));
#5110=CARTESIAN_POINT('',(7.606832867750E-2,-9.874247886206E-2,
-1.332204776637E-2));
#5111=CARTESIAN_POINT('',(7.399801376130E-2,-9.758953642142E-2,
1.232662419607E-2));
#5112=CARTESIAN_POINT('',(7.435515679570E-2,-7.620653971631E-2,
-5.851727782138E-2));
#5113=CARTESIAN_POINT('',(7.228484187950E-2,-9.307265099013E-2,
-3.995201852986E-2));
#5114=CARTESIAN_POINT('',(7.021452696331E-2,-1.027673467259E-1,
-1.384364599882E-2));
#5115=CARTESIAN_POINT('',(6.814421204711E-2,-1.014863492322E-1,1.281883421E-2));
#5116=CARTESIAN_POINT('',(7.342366873474E-2,-7.846190721764E-2,
-6.024912350229E-2));
#5117=CARTESIAN_POINT('',(7.135335381854E-2,-9.577858143045E-2,
-4.109710003131E-2));
#5118=CARTESIAN_POINT('',(6.928303890234E-2,-1.056812228298E-1,
-1.422126650134E-2));
#5119=CARTESIAN_POINT('',(6.721272398614E-2,-1.043075175575E-1,
1.317517857861E-2));
#5120=B_SPLINE_SURFACE_WITH_KNOTS('',3,3,((#5100,#5101,#5102,#5103),(#5104,
#5105,#5106,#5107),(#5108,#5109,#5110,#5111),(#5112,#5113,#5114,#5115),(#5116,
#5117,#5118,#5119)),.UNSPECIFIED.,.F.,.F.,.F.,(4,1,4),(4,4),(-8.629076222776E-2,
5.E-1,1.086717743335E0),(-8.443572948658E-3,2.399942169951E-1),.UNSPECIFIED.);
#5121=ORIENTED_EDGE('',*,*,#5084,.F.);
#5123=ORIENTED_EDGE('',*,*,#5122,.F.);
#5125=ORIENTED_EDGE('',*,*,#5124,.T.);
#5126=ORIENTED_EDGE('',*,*,#5072,.F.);
#5127=EDGE_LOOP('',(#5121,#5123,#5125,#5126));
#5128=FACE_OUTER_BOUND('',#5127,.F.);
#5130=CARTESIAN_POINT('',(1.031363705110E-1,-1.004182212733E-1,
-7.710888034612E-2));
#5131=CARTESIAN_POINT('',(1.011206442952E-1,-1.215489383800E-1,
-5.290023083568E-2));
#5132=CARTESIAN_POINT('',(9.910491807938E-2,-1.334430536298E-1,
-1.971621483457E-2));
#5133=CARTESIAN_POINT('',(9.708919186357E-2,-1.319237202930E-1,
1.391193701228E-2));
#5134=CARTESIAN_POINT('',(9.714211165034E-2,-9.218352999141E-2,
-7.078564720487E-2));
#5135=CARTESIAN_POINT('',(9.512638543453E-2,-1.117125492100E-1,
-4.866287486211E-2));
#5136=CARTESIAN_POINT('',(9.311065921871E-2,-1.228421407369E-1,
-1.818965550501E-2));
#5137=CARTESIAN_POINT('',(9.109493300290E-2,-1.215986115244E-1,
1.282310884313E-2));
#5138=CARTESIAN_POINT('',(9.114785278967E-2,-8.394883870956E-2,
-6.446241406363E-2));
#5139=CARTESIAN_POINT('',(8.913212657386E-2,-1.018761600401E-1,
-4.442551888855E-2));
#5140=CARTESIAN_POINT('',(8.711640035805E-2,-1.122412278440E-1,
-1.666309617545E-2));
#5141=CARTESIAN_POINT('',(8.510067414224E-2,-1.112735027557E-1,
1.173428067398E-2));
#5142=CARTESIAN_POINT('',(8.515359392901E-2,-7.571414742770E-2,
-5.813918092239E-2));
#5143=CARTESIAN_POINT('',(8.313786771320E-2,-9.203977087015E-2,
-4.018816291499E-2));
#5144=CARTESIAN_POINT('',(8.112214149738E-2,-1.016403149511E-1,
-1.513653684589E-2));
#5145=CARTESIAN_POINT('',(7.910641528157E-2,-1.009483939871E-1,
1.064545250483E-2));
#5146=B_SPLINE_SURFACE_WITH_KNOTS('',3,3,((#5130,#5131,#5132,#5133),(#5134,
#5135,#5136,#5137),(#5138,#5139,#5140,#5141),(#5142,#5143,#5144,#5145)),
.UNSPECIFIED.,.F.,.F.,.F.,(4,4),(4,4),(4.325715216256E-2,1.075017437692E0),(
-8.443572948659E-3,2.334435729487E-1),.UNSPECIFIED.);
#5147=ORIENTED_EDGE('',*,*,#5095,.F.);
#5149=ORIENTED_EDGE('',*,*,#5148,.T.);
#5150=ORIENTED_EDGE('',*,*,#5122,.T.);
#5151=EDGE_LOOP('',(#5147,#5149,#5150));
#5152=FACE_OUTER_BOUND('',#5151,.F.);
#5154=CARTESIAN_POINT('',(2.629824953947E-1,3.627287624095E-2,
-1.219859385151E-1));
#5155=CARTESIAN_POINT('',(2.612852731725E-1,1.025580864325E-2,
-1.297221897963E-1));
#5156=CARTESIAN_POINT('',(2.578908287280E-1,-4.681124011668E-2,
-1.279464713345E-1));
#5157=CARTESIAN_POINT('',(2.527991620614E-1,-1.139587538726E-1,
-7.468506478464E-2));
#5158=CARTESIAN_POINT('',(2.477074953947E-1,-1.360047881655E-1,
8.128119103950E-3));
#5159=CARTESIAN_POINT('',(2.426158287280E-1,-1.042500840034E-1,
8.772428760578E-2));
#5160=CARTESIAN_POINT('',(2.375241620614E-1,-3.125124562581E-2,
1.326158202991E-1));
#5161=CARTESIAN_POINT('',(2.324324953947E-1,5.411070266563E-2,
1.250424889038E-1));
#5162=CARTESIAN_POINT('',(2.273408287280E-1,1.180657550793E-1,
6.800054291562E-2));
#5163=CARTESIAN_POINT('',(2.222491620614E-1,1.353122394287E-1,
-1.594342203407E-2));
#5164=CARTESIAN_POINT('',(2.171574953947E-1,9.902722471101E-2,
-9.357993354206E-2));
#5165=CARTESIAN_POINT('',(2.120658287280E-1,2.356558637746E-2,
-1.341948519596E-1));
#5166=CARTESIAN_POINT('',(2.069741620614E-1,-6.121894293306E-2,
-1.217203194738E-1));
#5167=CARTESIAN_POINT('',(2.018824953947E-1,-1.217843610613E-1,
-6.109144419314E-2));
#5168=CARTESIAN_POINT('',(1.967908287280E-1,-1.341701005326E-1,
2.370610203534E-2));
#5169=CARTESIAN_POINT('',(1.916991620614E-1,-9.347618127688E-2,
9.912516675892E-2));
#5170=CARTESIAN_POINT('',(1.866074953947E-1,-1.580171432283E-2,
1.353288623151E-1));
#5171=CARTESIAN_POINT('',(1.815158287280E-1,6.812414247354E-2,
1.179944759862E-1));
#5172=CARTESIAN_POINT('',(1.764241620614E-1,1.250990897916E-1,
5.397974513064E-2));
#5173=CARTESIAN_POINT('',(1.713324953947E-1,1.325830032060E-1,
-3.139016425508E-2));
#5174=CARTESIAN_POINT('',(1.662408287280E-1,8.761513685359E-2,
-1.043416644718E-1));
#5175=CARTESIAN_POINT('',(1.611491620614E-1,7.985437905535E-3,
-1.360140725594E-1));
#5176=CARTESIAN_POINT('',(1.560574953947E-1,-7.480341735455E-2,
-1.138773195098E-1));
#5177=CARTESIAN_POINT('',(1.509658287280E-1,-1.279989440429E-1,
-4.668902952187E-2));
#5178=CARTESIAN_POINT('',(1.458741620614E-1,-1.305562120874E-1,
3.897012549498E-2));
#5179=CARTESIAN_POINT('',(1.407824953947E-1,-8.146352821909E-2,
1.092121257711E-1));
#5180=CARTESIAN_POINT('',(1.356908287280E-1,-1.426799035873E-4,
1.362482146735E-1));
#5181=CARTESIAN_POINT('',(1.305991620614E-1,8.123462061029E-2,
1.093824875770E-1));
#5182=CARTESIAN_POINT('',(1.255074953947E-1,1.304742921357E-1,
3.924353753771E-2));
#5183=CARTESIAN_POINT('',(1.204158287280E-1,1.280965035972E-1,
-4.642107729071E-2));
#5184=CARTESIAN_POINT('',(1.153241620614E-1,7.504155171177E-2,
-1.137195420357E-1));
#5185=CARTESIAN_POINT('',(1.102324953947E-1,-7.699786450476E-3,
-1.360337082296E-1));
#5186=CARTESIAN_POINT('',(1.051408287280E-1,-8.739927444190E-2,
-1.045129587909E-1));
#5187=CARTESIAN_POINT('',(1.017463842836E-1,-1.174706161197E-1,
-5.597930407672E-2));
#5188=CARTESIAN_POINT('',(1.000491620614E-1,-1.237793597790E-1,
-2.957973696456E-2));
#5189=CARTESIAN_POINT('',(2.569024984649E-1,3.327137726670E-2,
-1.118918763047E-1));
#5190=CARTESIAN_POINT('',(2.552052762427E-1,9.407163531179E-3,
-1.189879701820E-1));
#5191=CARTESIAN_POINT('',(2.518108317982E-1,-4.293771522E-2,
-1.173591884315E-1));
#5192=CARTESIAN_POINT('',(2.467191651316E-1,-1.045289231478E-1,
-6.850504355187E-2));
#5193=CARTESIAN_POINT('',(2.416274984649E-1,-1.247506976583E-1,
7.455535518601E-3));
#5194=CARTESIAN_POINT('',(2.365358317982E-1,-9.562362388695E-2,
8.046529999431E-2));
#5195=CARTESIAN_POINT('',(2.314441651316E-1,-2.866527529727E-2,
1.216421592651E-1));
#5196=CARTESIAN_POINT('',(2.263524984649E-1,4.963316365087E-2,
1.146955040193E-1));
#5197=CARTESIAN_POINT('',(2.212608317982E-1,1.082960792364E-1,
6.237365084195E-2));
#5198=CARTESIAN_POINT('',(2.161691651316E-1,1.241154557727E-1,
-1.462413969861E-2));
#5199=CARTESIAN_POINT('',(2.110774984649E-1,9.083294446099E-2,
-8.583640439177E-2));
#5200=CARTESIAN_POINT('',(2.059858317982E-1,2.161558707578E-2,
-1.230905296051E-1));
#5201=CARTESIAN_POINT('',(2.008941651316E-1,-5.615321301417E-2,
-1.116482366420E-1));
#5202=CARTESIAN_POINT('',(1.958024984649E-1,-1.117069789322E-1,
-5.603626450839E-2));
#5203=CARTESIAN_POINT('',(1.907108317982E-1,-1.230678263030E-1,
2.174447537884E-2));
#5204=CARTESIAN_POINT('',(1.856191651316E-1,-8.574123739332E-2,
9.092278202459E-2));
#5205=CARTESIAN_POINT('',(1.805274984649E-1,-1.449415798194E-2,
1.241307031527E-1));
#5206=CARTESIAN_POINT('',(1.754358317982E-1,6.248702281428E-2,
1.082306983281E-1));
#5207=CARTESIAN_POINT('',(1.703441651316E-1,1.147474213108E-1,
4.951304255753E-2));
#5208=CARTESIAN_POINT('',(1.652524984649E-1,1.216120577127E-1,
-2.879269872223E-2));
#5209=CARTESIAN_POINT('',(1.601608317982E-1,8.036518122152E-2,
-9.570762627748E-2));
#5210=CARTESIAN_POINT('',(1.550691651316E-1,7.324660868634E-3,
-1.247592137895E-1));
#5211=CARTESIAN_POINT('',(1.499774984649E-1,-6.861360271266E-2,
-1.044542272954E-1));
#5212=CARTESIAN_POINT('',(1.448858317982E-1,-1.174073191412E-1,
-4.282561727720E-2));
#5213=CARTESIAN_POINT('',(1.397941651316E-1,-1.197529790033E-1,
3.574543520787E-2));
#5214=CARTESIAN_POINT('',(1.347024984649E-1,-7.472260437385E-2,
1.001750678522E-1));
#5215=CARTESIAN_POINT('',(1.296108317982E-1,-1.308734622834E-4,
1.249739811699E-1));
#5216=CARTESIAN_POINT('',(1.245191651316E-1,7.451263835514E-2,
1.003313326015E-1));
#5217=CARTESIAN_POINT('',(1.194274984649E-1,1.196778377434E-1,
3.599622301865E-2));
#5218=CARTESIAN_POINT('',(1.143358317982E-1,1.174968058617E-1,
-4.257983749087E-2));
#5219=CARTESIAN_POINT('',(1.092441651316E-1,6.883203198710E-2,
-1.043095055527E-1));
#5220=CARTESIAN_POINT('',(1.041524984649E-1,-7.062646429390E-3,
-1.247772246521E-1));
#5221=CARTESIAN_POINT('',(9.906083179824E-2,-8.016718093918E-2,
-9.586474637672E-2));
#5222=CARTESIAN_POINT('',(9.566638735379E-2,-1.077501866880E-1,
-5.134714249546E-2));
#5223=CARTESIAN_POINT('',(9.396916513157E-2,-1.135368959903E-1,
-2.713208022050E-2));
#5224=CARTESIAN_POINT('',(2.508225015351E-1,3.026987829245E-2,
-1.017978140943E-1));
#5225=CARTESIAN_POINT('',(2.491252793129E-1,8.558518419104E-3,
-1.082537505678E-1));
#5226=CARTESIAN_POINT('',(2.457308348684E-1,-3.906419032332E-2,
-1.067719055285E-1));
#5227=CARTESIAN_POINT('',(2.406391682018E-1,-9.509909242294E-2,
-6.232502231910E-2));
#5228=CARTESIAN_POINT('',(2.355475015351E-1,-1.134966071512E-1,
6.782951933252E-3));
#5229=CARTESIAN_POINT('',(2.304558348684E-1,-8.699716377050E-2,
7.320631238285E-2));
#5230=CARTESIAN_POINT('',(2.253641682018E-1,-2.607930496873E-2,
1.106684982311E-1));
#5231=CARTESIAN_POINT('',(2.202725015351E-1,4.515562463610E-2,
1.043485191348E-1));
#5232=CARTESIAN_POINT('',(2.151808348684E-1,9.852640339346E-2,
5.674675876828E-2));
#5233=CARTESIAN_POINT('',(2.100891682018E-1,1.129186721168E-1,
-1.330485736314E-2));
#5234=CARTESIAN_POINT('',(2.049975015351E-1,8.263866421097E-2,
-7.809287524148E-2));
#5235=CARTESIAN_POINT('',(1.999058348684E-1,1.966558777411E-2,
-1.119862072505E-1));
#5236=CARTESIAN_POINT('',(1.948141682018E-1,-5.108748309528E-2,
-1.015761538103E-1));
#5237=CARTESIAN_POINT('',(1.897225015351E-1,-1.016295968030E-1,
-5.098108482363E-2));
#5238=CARTESIAN_POINT('',(1.846308348684E-1,-1.119655520734E-1,
1.978284872233E-2));
#5239=CARTESIAN_POINT('',(1.795391682018E-1,-7.800629350976E-2,
8.272039729026E-2));
#5240=CARTESIAN_POINT('',(1.744475015351E-1,-1.318660164104E-2,
1.129325439903E-1));
#5241=CARTESIAN_POINT('',(1.693558348684E-1,5.684990315502E-2,
9.846692066987E-2));
#5242=CARTESIAN_POINT('',(1.642641682018E-1,1.043957528301E-1,
4.504633998442E-2));
#5243=CARTESIAN_POINT('',(1.591725015351E-1,1.106411122194E-1,
-2.619523318939E-2));
#5244=CARTESIAN_POINT('',(1.540808348684E-1,7.311522558945E-2,
-8.707358808313E-2));
#5245=CARTESIAN_POINT('',(1.489891682018E-1,6.663883831733E-3,
-1.135043550196E-1));
#5246=CARTESIAN_POINT('',(1.438975015351E-1,-6.242378807076E-2,
-9.503113508105E-2));
#5247=CARTESIAN_POINT('',(1.388058348684E-1,-1.068156942395E-1,
-3.896220503254E-2));
#5248=CARTESIAN_POINT('',(1.337141682018E-1,-1.089497459192E-1,
3.252074492077E-2));
#5249=CARTESIAN_POINT('',(1.286225015351E-1,-6.798168052861E-2,
9.113800993319E-2));
#5250=CARTESIAN_POINT('',(1.235308348684E-1,-1.190670209794E-4,
1.136997476664E-1));
#5251=CARTESIAN_POINT('',(1.184391682018E-1,6.779065609998E-2,
9.128017762603E-2));
#5252=CARTESIAN_POINT('',(1.133475015351E-1,1.088813833512E-1,
3.274890849960E-2));
#5253=CARTESIAN_POINT('',(1.082558348684E-1,1.068971081262E-1,
-3.873859769103E-2));
#5254=CARTESIAN_POINT('',(1.031641682018E-1,6.262251226243E-2,
-9.489946906962E-2));
#5255=CARTESIAN_POINT('',(9.807250153510E-2,-6.425506408303E-3,
-1.135207410747E-1));
#5256=CARTESIAN_POINT('',(9.298083486843E-2,-7.293508743645E-2,
-8.721653396250E-2));
#5257=CARTESIAN_POINT('',(8.958639042399E-2,-9.802975725620E-2,
-4.671498091419E-2));
#5258=CARTESIAN_POINT('',(8.788916820176E-2,-1.032944322016E-1,
-2.468442347644E-2));
#5259=CARTESIAN_POINT('',(2.447425046053E-1,2.726837931821E-2,
-9.170375188395E-2));
#5260=CARTESIAN_POINT('',(2.430452823831E-1,7.709873307028E-3,
-9.751953095355E-2));
#5261=CARTESIAN_POINT('',(2.396508379386E-1,-3.519066542665E-2,
-9.618462262545E-2));
#5262=CARTESIAN_POINT('',(2.345591712720E-1,-8.566926169811E-2,
-5.614500108634E-2));
#5263=CARTESIAN_POINT('',(2.294675046053E-1,-1.022425166440E-1,
6.110368347903E-3));
#5264=CARTESIAN_POINT('',(2.243758379386E-1,-7.837070365406E-2,
6.594732477138E-2));
#5265=CARTESIAN_POINT('',(2.192841712720E-1,-2.349333464020E-2,
9.969483719711E-2));
#5266=CARTESIAN_POINT('',(2.141925046053E-1,4.067808562133E-2,
9.400153425033E-2));
#5267=CARTESIAN_POINT('',(2.091008379386E-1,8.875672755055E-2,
5.111986669461E-2));
#5268=CARTESIAN_POINT('',(2.040091712720E-1,1.017218884609E-1,
-1.198557502767E-2));
#5269=CARTESIAN_POINT('',(1.989175046053E-1,7.444438396096E-2,
-7.034934609120E-2));
#5270=CARTESIAN_POINT('',(1.938258379386E-1,1.771558847244E-2,
-1.008818848960E-1));
#5271=CARTESIAN_POINT('',(1.887341712720E-1,-4.602175317639E-2,
-9.150407097849E-2));
#5272=CARTESIAN_POINT('',(1.836425046053E-1,-9.155221467378E-2,
-4.592590513887E-2));
#5273=CARTESIAN_POINT('',(1.785508379386E-1,-1.008632778438E-1,
1.782122206582E-2));
#5274=CARTESIAN_POINT('',(1.734591712720E-1,-7.027134962620E-2,
7.451801255594E-2));
#5275=CARTESIAN_POINT('',(1.683675046053E-1,-1.187904530015E-2,
1.017343848279E-1));
#5276=CARTESIAN_POINT('',(1.632758379386E-1,5.121278349576E-2,
8.870314301169E-2));
#5277=CARTESIAN_POINT('',(1.581841712720E-1,9.404408434939E-2,
4.057963741130E-2));
#5278=CARTESIAN_POINT('',(1.530925046053E-1,9.967016672607E-2,
-2.359776765654E-2));
#5279=CARTESIAN_POINT('',(1.480008379386E-1,6.586526995738E-2,
-7.843954988877E-2));
#5280=CARTESIAN_POINT('',(1.429091712720E-1,6.003106794832E-3,
-1.022494962497E-1));
#5281=CARTESIAN_POINT('',(1.378175046053E-1,-5.623397342887E-2,
-8.560804286669E-2));
#5282=CARTESIAN_POINT('',(1.327258379386E-1,-9.622406933782E-2,
-3.509879278788E-2));
#5283=CARTESIAN_POINT('',(1.276341712720E-1,-9.814651283508E-2,
2.929605463367E-2));
#5284=CARTESIAN_POINT('',(1.225425046053E-1,-6.124075668337E-2,
8.210095201421E-2));
#5285=CARTESIAN_POINT('',(1.174508379386E-1,-1.072605796755E-4,
1.024255141629E-1));
#5286=CARTESIAN_POINT('',(1.123591712720E-1,6.106867384483E-2,
8.222902265056E-2));
#5287=CARTESIAN_POINT('',(1.072675046053E-1,9.808492895895E-2,
2.950159398054E-2));
#5288=CARTESIAN_POINT('',(1.021758379386E-1,9.629741039067E-2,
-3.489735789118E-2));
#5289=CARTESIAN_POINT('',(9.708417127196E-2,5.641299253775E-2,
-8.548943258659E-2));
#5290=CARTESIAN_POINT('',(9.199250460529E-2,-5.788366387217E-3,
-1.022642574972E-1));
#5291=CARTESIAN_POINT('',(8.690083793862E-2,-6.570299393373E-2,
-7.856832154828E-2));
#5292=CARTESIAN_POINT('',(8.350639349418E-2,-8.830932782443E-2,
-4.208281933293E-2));
#5293=CARTESIAN_POINT('',(8.180917127196E-2,-9.305196841295E-2,
-2.223676673238E-2));
#5294=B_SPLINE_SURFACE_WITH_KNOTS('',3,3,((#5154,#5155,#5156,#5157,#5158,#5159,
#5160,#5161,#5162,#5163,#5164,#5165,#5166,#5167,#5168,#5169,#5170,#5171,#5172,
#5173,#5174,#5175,#5176,#5177,#5178,#5179,#5180,#5181,#5182,#5183,#5184,#5185,
#5186,#5187,#5188),(#5189,#5190,#5191,#5192,#5193,#5194,#5195,#5196,#5197,#5198,
#5199,#5200,#5201,#5202,#5203,#5204,#5205,#5206,#5207,#5208,#5209,#5210,#5211,
#5212,#5213,#5214,#5215,#5216,#5217,#5218,#5219,#5220,#5221,#5222,#5223),(#5224,
#5225,#5226,#5227,#5228,#5229,#5230,#5231,#5232,#5233,#5234,#5235,#5236,#5237,
#5238,#5239,#5240,#5241,#5242,#5243,#5244,#5245,#5246,#5247,#5248,#5249,#5250,
#5251,#5252,#5253,#5254,#5255,#5256,#5257,#5258),(#5259,#5260,#5261,#5262,#5263,
#5264,#5265,#5266,#5267,#5268,#5269,#5270,#5271,#5272,#5273,#5274,#5275,#5276,
#5277,#5278,#5279,#5280,#5281,#5282,#5283,#5284,#5285,#5286,#5287,#5288,#5289,
#5290,#5291,#5292,#5293)),.UNSPECIFIED.,.F.,.F.,.F.,(4,4),(4,1,1,1,1,1,1,1,1,1,
1,1,1,1,1,1,1,1,1,1,1,1,1,1,1,1,1,1,1,1,1,1,4),(2.849950876500E-2,
1.075017437692E0),(-2.E-2,1.25E-2,4.5E-2,7.75E-2,1.1E-1,1.425E-1,1.75E-1,
2.075E-1,2.4E-1,2.725E-1,3.05E-1,3.375E-1,3.7E-1,4.025E-1,4.35E-1,4.675E-1,
5.E-1,5.325E-1,5.65E-1,5.975E-1,6.3E-1,6.625E-1,6.95E-1,7.275E-1,7.6E-1,
7.925E-1,8.25E-1,8.575E-1,8.9E-1,9.225E-1,9.55E-1,9.875E-1,1.02E0),
.UNSPECIFIED.);
#5295=ORIENTED_EDGE('',*,*,#5093,.F.);
#5297=ORIENTED_EDGE('',*,*,#5296,.F.);
#5299=ORIENTED_EDGE('',*,*,#5298,.T.);
#5301=ORIENTED_EDGE('',*,*,#5300,.T.);
#5303=ORIENTED_EDGE('',*,*,#5302,.T.);
#5305=ORIENTED_EDGE('',*,*,#5304,.T.);
#5307=ORIENTED_EDGE('',*,*,#5306,.T.);
#5309=ORIENTED_EDGE('',*,*,#5308,.T.);
#5311=ORIENTED_EDGE('',*,*,#5310,.T.);
#5312=ORIENTED_EDGE('',*,*,#5148,.F.);
#5313=EDGE_LOOP('',(#5295,#5297,#5299,#5301,#5303,#5305,#5307,#5309,#5311,
#5312));
#5314=FACE_OUTER_BOUND('',#5313,.F.);
#5316=CARTESIAN_POINT('',(0.E0,0.E0,0.E0));
#5317=DIRECTION('',(1.E0,0.E0,0.E0));
#5318=DIRECTION('',(0.E0,0.E0,-1.E0));
#5319=AXIS2_PLACEMENT_3D('',#5316,#5317,#5318);
#5320=CYLINDRICAL_SURFACE('',#5319,1.25E-1);
#5322=ORIENTED_EDGE('',*,*,#5321,.F.);
#5324=ORIENTED_EDGE('',*,*,#5323,.F.);
#5326=ORIENTED_EDGE('',*,*,#5325,.T.);
#5328=ORIENTED_EDGE('',*,*,#5327,.F.);
#5330=ORIENTED_EDGE('',*,*,#5329,.F.);
#5331=EDGE_LOOP('',(#5322,#5324,#5326,#5328,#5330));
#5332=FACE_OUTER_BOUND('',#5331,.F.);
#5334=CARTESIAN_POINT('',(0.E0,0.E0,0.E0));
#5335=DIRECTION('',(1.E0,0.E0,0.E0));
#5336=DIRECTION('',(0.E0,0.E0,-1.E0));
#5337=AXIS2_PLACEMENT_3D('',#5334,#5335,#5336);
#5338=CYLINDRICAL_SURFACE('',#5337,1.25E-1);
#5340=ORIENTED_EDGE('',*,*,#5339,.F.);
#5342=ORIENTED_EDGE('',*,*,#5341,.F.);
#5344=ORIENTED_EDGE('',*,*,#5343,.F.);
#5346=ORIENTED_EDGE('',*,*,#5345,.T.);
#5348=ORIENTED_EDGE('',*,*,#5347,.F.);
#5349=EDGE_LOOP('',(#5340,#5342,#5344,#5346,#5348));
#5350=FACE_OUTER_BOUND('',#5349,.F.);
#5352=CARTESIAN_POINT('',(0.E0,0.E0,0.E0));
#5353=DIRECTION('',(1.E0,0.E0,0.E0));
#5354=DIRECTION('',(0.E0,0.E0,-1.E0));
#5355=AXIS2_PLACEMENT_3D('',#5352,#5353,#5354);
#5356=CYLINDRICAL_SURFACE('',#5355,1.25E-1);
#5357=ORIENTED_EDGE('',*,*,#5296,.T.);
#5358=ORIENTED_EDGE('',*,*,#5091,.F.);
#5360=ORIENTED_EDGE('',*,*,#5359,.T.);
#5362=ORIENTED_EDGE('',*,*,#5361,.F.);
#5363=EDGE_LOOP('',(#5357,#5358,#5360,#5362));
#5364=FACE_OUTER_BOUND('',#5363,.F.);
#5366=CARTESIAN_POINT('',(0.E0,0.E0,0.E0));
#5367=DIRECTION('',(1.E0,0.E0,0.E0));
#5368=DIRECTION('',(0.E0,0.E0,-1.E0));
#5369=AXIS2_PLACEMENT_3D('',#5366,#5367,#5368);
#5370=CYLINDRICAL_SURFACE('',#5369,1.25E-1);
#5372=ORIENTED_EDGE('',*,*,#5371,.T.);
#5374=ORIENTED_EDGE('',*,*,#5373,.F.);
#5376=ORIENTED_EDGE('',*,*,#5375,.F.);
#5377=ORIENTED_EDGE('',*,*,#5300,.F.);
#5378=EDGE_LOOP('',(#5372,#5374,#5376,#5377));
#5379=FACE_OUTER_BOUND('',#5378,.F.);
#5381=CARTESIAN_POINT('',(0.E0,0.E0,0.E0));
#5382=DIRECTION('',(1.E0,0.E0,0.E0));
#5383=DIRECTION('',(0.E0,0.E0,-1.E0));
#5384=AXIS2_PLACEMENT_3D('',#5381,#5382,#5383);
#5385=CYLINDRICAL_SURFACE('',#5384,1.25E-1);
#5387=ORIENTED_EDGE('',*,*,#5386,.T.);
#5389=ORIENTED_EDGE('',*,*,#5388,.F.);
#5391=ORIENTED_EDGE('',*,*,#5390,.F.);
#5392=ORIENTED_EDGE('',*,*,#5304,.F.);
#5393=EDGE_LOOP('',(#5387,#5389,#5391,#5392));
#5394=FACE_OUTER_BOUND('',#5393,.F.);
#5396=CARTESIAN_POINT('',(0.E0,0.E0,0.E0));
#5397=DIRECTION('',(1.E0,0.E0,0.E0));
#5398=DIRECTION('',(0.E0,0.E0,-1.E0));
#5399=AXIS2_PLACEMENT_3D('',#5396,#5397,#5398);
#5400=CYLINDRICAL_SURFACE('',#5399,1.25E-1);
#5402=ORIENTED_EDGE('',*,*,#5401,.T.);
#5404=ORIENTED_EDGE('',*,*,#5403,.F.);
#5406=ORIENTED_EDGE('',*,*,#5405,.F.);
#5408=ORIENTED_EDGE('',*,*,#5407,.F.);
#5409=EDGE_LOOP('',(#5402,#5404,#5406,#5408));
#5410=FACE_OUTER_BOUND('',#5409,.F.);
#5412=CARTESIAN_POINT('',(0.E0,0.E0,0.E0));
#5413=DIRECTION('',(1.E0,0.E0,0.E0));
#5414=DIRECTION('',(0.E0,0.E0,-1.E0));
#5415=AXIS2_PLACEMENT_3D('',#5412,#5413,#5414);
#5416=CYLINDRICAL_SURFACE('',#5415,1.25E-1);
#5418=ORIENTED_EDGE('',*,*,#5417,.T.);
#5420=ORIENTED_EDGE('',*,*,#5419,.F.);
#5422=ORIENTED_EDGE('',*,*,#5421,.F.);
#5424=ORIENTED_EDGE('',*,*,#5423,.F.);
#5425=EDGE_LOOP('',(#5418,#5420,#5422,#5424));
#5426=FACE_OUTER_BOUND('',#5425,.F.);
#5428=CARTESIAN_POINT('',(5.113716838172E-1,1.100810523149E-2,
-1.267876664562E-1));
#5429=CARTESIAN_POINT('',(5.093567718627E-1,-2.109469721548E-2,
-1.295749330527E-1));
#5430=CARTESIAN_POINT('',(5.053269479537E-1,-8.730086397879E-2,
-1.095513173413E-1));
#5431=CARTESIAN_POINT('',(4.992822120902E-1,-1.387744938800E-1,
-1.930047951478E-2));
#5432=CARTESIAN_POINT('',(4.932374762266E-1,-1.139092566842E-1,
8.156516330584E-2));
#5433=CARTESIAN_POINT('',(4.871927403631E-1,-2.643027005705E-2,
1.375867167497E-1));
#5434=CARTESIAN_POINT('',(4.811480044996E-1,7.558270680722E-2,
1.179657911599E-1));
#5435=CARTESIAN_POINT('',(4.751032686361E-1,1.360408170485E-1,
3.348928452670E-2));
#5436=CARTESIAN_POINT('',(4.690585327725E-1,1.217063091492E-1,
-6.939902072005E-2));
#5437=CARTESIAN_POINT('',(4.630137969090E-1,4.045976553614E-2,
-1.341329727840E-1));
#5438=CARTESIAN_POINT('',(4.569690610455E-1,-6.303084092475E-2,
-1.251229909167E-1));
#5439=CARTESIAN_POINT('',(4.509243251820E-1,-1.318681557190E-1,
-4.732256954782E-2));
#5440=CARTESIAN_POINT('',(4.448795893184E-1,-1.282068813728E-1,
5.649485835835E-2));
#5441=CARTESIAN_POINT('',(4.388348534549E-1,-5.405899687844E-2,
1.292528090903E-1));
#5442=CARTESIAN_POINT('',(4.327901175914E-1,4.980684282888E-2,
1.309483601687E-1));
#5443=CARTESIAN_POINT('',(4.267453817279E-1,1.262999366306E-1,
6.065636543905E-2));
#5444=CARTESIAN_POINT('',(4.207006458643E-1,1.333175744048E-1,
-4.300414325967E-2));
#5445=CARTESIAN_POINT('',(4.166708219553E-1,8.922673138123E-2,
-9.629766317647E-2));
#5446=CARTESIAN_POINT('',(4.146559100008E-1,6.093729281655E-2,
-1.117270651650E-1));
#5447=CARTESIAN_POINT('',(5.052916868874E-1,1.009720926776E-2,
-1.162962720521E-1));
#5448=CARTESIAN_POINT('',(5.032767749329E-1,-1.934915843786E-2,
-1.188528986030E-1));
#5449=CARTESIAN_POINT('',(4.992469510239E-1,-8.007691372068E-2,
-1.004861920824E-1));
#5450=CARTESIAN_POINT('',(4.932022151604E-1,-1.272912164508E-1,
-1.770340821883E-2));
#5451=CARTESIAN_POINT('',(4.871574792968E-1,-1.044835217404E-1,
7.481582938563E-2));
#5452=CARTESIAN_POINT('',(4.811127434333E-1,-2.424322462017E-2,
1.262017252080E-1));
#5453=CARTESIAN_POINT('',(4.750680075698E-1,6.932840771482E-2,
1.082043871066E-1));
#5454=CARTESIAN_POINT('',(4.690232717063E-1,1.247837452322E-1,
3.071812150981E-2));
#5455=CARTESIAN_POINT('',(4.629785358427E-1,1.116353856403E-1,
-6.365640775158E-2));
#5456=CARTESIAN_POINT('',(4.569337999792E-1,3.711181088406E-2,
-1.230337707921E-1));
#5457=CARTESIAN_POINT('',(4.508890641157E-1,-5.781518051986E-2,
-1.147693446716E-1));
#5458=CARTESIAN_POINT('',(4.448443282522E-1,-1.209563622484E-1,
-4.340673329009E-2));
#5459=CARTESIAN_POINT('',(4.387995923886E-1,-1.175980501245E-1,
5.182003581915E-2));
#5460=CARTESIAN_POINT('',(4.327548565251E-1,-4.958573640134E-2,
1.185574296744E-1));
#5461=CARTESIAN_POINT('',(4.267101206616E-1,4.568543854133E-2,
1.201126777123E-1));
#5462=CARTESIAN_POINT('',(4.206653847981E-1,1.158489007732E-1,
5.563718754322E-2));
#5463=CARTESIAN_POINT('',(4.146206489345E-1,1.222858447959E-1,
-3.944564707027E-2));
#5464=CARTESIAN_POINT('',(4.105908250255E-1,8.184341992456E-2,
-8.832924800788E-2));
#5465=CARTESIAN_POINT('',(4.085759130710E-1,5.589486881170E-2,
-1.024819016643E-1));
#5466=CARTESIAN_POINT('',(4.992116899576E-1,9.186313304029E-3,
-1.058048776480E-1));
#5467=CARTESIAN_POINT('',(4.971967780031E-1,-1.760361966025E-2,
-1.081308641533E-1));
#5468=CARTESIAN_POINT('',(4.931669540941E-1,-7.285296346257E-2,
-9.142106682340E-2));
#5469=CARTESIAN_POINT('',(4.871222182306E-1,-1.158079390215E-1,
-1.610633692287E-2));
#5470=CARTESIAN_POINT('',(4.810774823670E-1,-9.505778679666E-2,
6.806649546542E-2));
#5471=CARTESIAN_POINT('',(4.750327465035E-1,-2.205617918329E-2,
1.148167336664E-1));
#5472=CARTESIAN_POINT('',(4.689880106400E-1,6.307410862241E-2,
9.844298305331E-2));
#5473=CARTESIAN_POINT('',(4.629432747765E-1,1.135266734160E-1,
2.794695849292E-2));
#5474=CARTESIAN_POINT('',(4.568985389129E-1,1.015644621314E-1,
-5.791379478311E-2));
#5475=CARTESIAN_POINT('',(4.508538030494E-1,3.376385623199E-2,
-1.119345688003E-1));
#5476=CARTESIAN_POINT('',(4.448090671859E-1,-5.259952011497E-2,
-1.044156984265E-1));
#5477=CARTESIAN_POINT('',(4.387643313224E-1,-1.100445687778E-1,
-3.949089703236E-2));
#5478=CARTESIAN_POINT('',(4.327195954588E-1,-1.069892188762E-1,
4.714521327995E-2));
#5479=CARTESIAN_POINT('',(4.266748595953E-1,-4.511247592424E-2,
1.078620502585E-1));
#5480=CARTESIAN_POINT('',(4.206301237318E-1,4.156403425377E-2,
1.092769952560E-1));
#5481=CARTESIAN_POINT('',(4.145853878682E-1,1.053978649158E-1,
5.061800964738E-2));
#5482=CARTESIAN_POINT('',(4.085406520047E-1,1.112541151871E-1,
-3.588715088086E-2));
#5483=CARTESIAN_POINT('',(4.045108280957E-1,7.446010846789E-2,
-8.036083283930E-2));
#5484=CARTESIAN_POINT('',(4.024959161412E-1,5.085244480685E-2,
-9.323673816361E-2));
#5485=CARTESIAN_POINT('',(4.931316930278E-1,8.275417340301E-3,
-9.531348324386E-2));
#5486=CARTESIAN_POINT('',(4.911167810733E-1,-1.585808088263E-2,
-9.740882970356E-2));
#5487=CARTESIAN_POINT('',(4.870869571643E-1,-6.562901320446E-2,
-8.235594156443E-2));
#5488=CARTESIAN_POINT('',(4.810422213008E-1,-1.043246615922E-1,
-1.450926562692E-2));
#5489=CARTESIAN_POINT('',(4.749974854372E-1,-8.563205185291E-2,
6.131716154520E-2));
#5490=CARTESIAN_POINT('',(4.689527495737E-1,-1.986913374641E-2,
1.034317421248E-1));
#5491=CARTESIAN_POINT('',(4.629080137102E-1,5.681980953001E-2,
8.868157900003E-2));
#5492=CARTESIAN_POINT('',(4.568632778466E-1,1.022696015997E-1,
2.517579547603E-2));
#5493=CARTESIAN_POINT('',(4.508185419831E-1,9.149353862251E-2,
-5.217118181464E-2));
#5494=CARTESIAN_POINT('',(4.447738061196E-1,3.041590157992E-2,
-1.008353668084E-1));
#5495=CARTESIAN_POINT('',(4.387290702561E-1,-4.738385971007E-2,
-9.406205218143E-2));
#5496=CARTESIAN_POINT('',(4.326843343925E-1,-9.913277530715E-2,
-3.557506077463E-2));
#5497=CARTESIAN_POINT('',(4.266395985290E-1,-9.638038762784E-2,
4.247039074075E-2));
#5498=CARTESIAN_POINT('',(4.205948626655E-1,-4.063921544713E-2,
9.716667084261E-2));
#5499=CARTESIAN_POINT('',(4.145501268020E-1,3.744262996622E-2,
9.844131279962E-2));
#5500=CARTESIAN_POINT('',(4.085053909384E-1,9.494682905846E-2,
4.559883175155E-2));
#5501=CARTESIAN_POINT('',(4.024606550749E-1,1.002223855783E-1,
-3.232865469145E-2));
#5502=CARTESIAN_POINT('',(3.984308311659E-1,6.707679701122E-2,
-7.239241767072E-2));
#5503=CARTESIAN_POINT('',(3.964159192114E-1,4.581002080201E-2,
-8.399157466290E-2));
#5504=B_SPLINE_SURFACE_WITH_KNOTS('',3,3,((#5428,#5429,#5430,#5431,#5432,#5433,
#5434,#5435,#5436,#5437,#5438,#5439,#5440,#5441,#5442,#5443,#5444,#5445,#5446),(
#5447,#5448,#5449,#5450,#5451,#5452,#5453,#5454,#5455,#5456,#5457,#5458,#5459,
#5460,#5461,#5462,#5463,#5464,#5465),(#5466,#5467,#5468,#5469,#5470,#5471,#5472,
#5473,#5474,#5475,#5476,#5477,#5478,#5479,#5480,#5481,#5482,#5483,#5484),(#5485,
#5486,#5487,#5488,#5489,#5490,#5491,#5492,#5493,#5494,#5495,#5496,#5497,#5498,
#5499,#5500,#5501,#5502,#5503)),.UNSPECIFIED.,.F.,.F.,.F.,(4,4),(4,1,1,1,1,1,1,
1,1,1,1,1,1,1,1,1,4),(2.849950876500E-2,1.075017437692E0),(3.945370951754E-1,
4.331205155809E-1,4.717039359864E-1,5.102873563919E-1,5.488707767974E-1,
5.874541972029E-1,6.260376176083E-1,6.646210380138E-1,7.032044584193E-1,
7.417878788248E-1,7.803712992303E-1,8.189547196358E-1,8.575381400413E-1,
8.961215604468E-1,9.347049808523E-1,9.732884012577E-1,1.011871821663E0),
.UNSPECIFIED.);
#5506=ORIENTED_EDGE('',*,*,#5505,.F.);
#5508=ORIENTED_EDGE('',*,*,#5507,.F.);
#5510=ORIENTED_EDGE('',*,*,#5509,.T.);
#5512=ORIENTED_EDGE('',*,*,#5511,.F.);
#5513=ORIENTED_EDGE('',*,*,#5321,.T.);
#5515=ORIENTED_EDGE('',*,*,#5514,.F.);
#5517=ORIENTED_EDGE('',*,*,#5516,.F.);
#5518=EDGE_LOOP('',(#5506,#5508,#5510,#5512,#5513,#5515,#5517));
#5519=FACE_OUTER_BOUND('',#5518,.F.);
#5521=CARTESIAN_POINT('',(4.843380260918E-1,0.E0,0.E0));
#5522=DIRECTION('',(-1.E0,0.E0,0.E0));
#5523=DIRECTION('',(0.E0,1.E0,0.E0));
#5524=AXIS2_PLACEMENT_3D('',#5521,#5522,#5523);
#5525=CONICAL_SURFACE('',#5524,1.053571552024E-1,4.2E1);
#5527=ORIENTED_EDGE('',*,*,#5526,.T.);
#5529=ORIENTED_EDGE('',*,*,#5528,.F.);
#5530=ORIENTED_EDGE('',*,*,#5505,.T.);
#5532=ORIENTED_EDGE('',*,*,#5531,.T.);
#5533=EDGE_LOOP('',(#5527,#5529,#5530,#5532));
#5534=FACE_OUTER_BOUND('',#5533,.F.);
#5536=CARTESIAN_POINT('',(5.E-1,0.E0,0.E0));
#5537=DIRECTION('',(1.E0,0.E0,0.E0));
#5538=DIRECTION('',(0.E0,0.E0,-1.E0));
#5539=AXIS2_PLACEMENT_3D('',#5536,#5537,#5538);
#5540=PLANE('',#5539);
#5541=ORIENTED_EDGE('',*,*,#5526,.F.);
#5543=ORIENTED_EDGE('',*,*,#5542,.F.);
#5544=EDGE_LOOP('',(#5541,#5543));
#5545=FACE_OUTER_BOUND('',#5544,.F.);
#5547=CARTESIAN_POINT('',(4.812612184163E-1,0.E0,0.E0));
#5548=DIRECTION('',(-1.E0,0.E0,0.E0));
#5549=DIRECTION('',(0.E0,1.E0,0.E0));
#5550=AXIS2_PLACEMENT_3D('',#5547,#5548,#5549);
#5551=CONICAL_SURFACE('',#5550,1.081275252769E-1,4.2E1);
#5552=ORIENTED_EDGE('',*,*,#5542,.T.);
#5553=ORIENTED_EDGE('',*,*,#5531,.F.);
#5554=ORIENTED_EDGE('',*,*,#5516,.T.);
#5556=ORIENTED_EDGE('',*,*,#5555,.F.);
#5558=ORIENTED_EDGE('',*,*,#5557,.T.);
#5560=ORIENTED_EDGE('',*,*,#5559,.T.);
#5561=ORIENTED_EDGE('',*,*,#5507,.T.);
#5562=ORIENTED_EDGE('',*,*,#5528,.T.);
#5563=EDGE_LOOP('',(#5552,#5553,#5554,#5556,#5558,#5560,#5561,#5562));
#5564=FACE_OUTER_BOUND('',#5563,.F.);
#5566=CARTESIAN_POINT('',(0.E0,0.E0,0.E0));
#5567=DIRECTION('',(1.E0,0.E0,0.E0));
#5568=DIRECTION('',(0.E0,0.E0,-1.E0));
#5569=AXIS2_PLACEMENT_3D('',#5566,#5567,#5568);
#5570=CYLINDRICAL_SURFACE('',#5569,1.25E-1);
#5572=ORIENTED_EDGE('',*,*,#5571,.F.);
#5573=ORIENTED_EDGE('',*,*,#5325,.F.);
#5575=ORIENTED_EDGE('',*,*,#5574,.F.);
#5576=ORIENTED_EDGE('',*,*,#5341,.T.);
#5577=EDGE_LOOP('',(#5572,#5573,#5575,#5576));
#5578=FACE_OUTER_BOUND('',#5577,.F.);
#5580=CARTESIAN_POINT('',(0.E0,0.E0,0.E0));
#5581=DIRECTION('',(1.E0,0.E0,0.E0));
#5582=DIRECTION('',(0.E0,0.E0,-1.E0));
#5583=AXIS2_PLACEMENT_3D('',#5580,#5581,#5582);
#5584=CYLINDRICAL_SURFACE('',#5583,1.25E-1);
#5585=ORIENTED_EDGE('',*,*,#5371,.F.);
#5586=ORIENTED_EDGE('',*,*,#5298,.F.);
#5587=ORIENTED_EDGE('',*,*,#5361,.T.);
#5589=ORIENTED_EDGE('',*,*,#5588,.F.);
#5590=EDGE_LOOP('',(#5585,#5586,#5587,#5589));
#5591=FACE_OUTER_BOUND('',#5590,.F.);
#5593=CARTESIAN_POINT('',(0.E0,0.E0,0.E0));
#5594=DIRECTION('',(1.E0,0.E0,0.E0));
#5595=DIRECTION('',(0.E0,0.E0,-1.E0));
#5596=AXIS2_PLACEMENT_3D('',#5593,#5594,#5595);
#5597=CYLINDRICAL_SURFACE('',#5596,1.25E-1);
#5598=ORIENTED_EDGE('',*,*,#5386,.F.);
#5599=ORIENTED_EDGE('',*,*,#5302,.F.);
#5600=ORIENTED_EDGE('',*,*,#5375,.T.);
#5602=ORIENTED_EDGE('',*,*,#5601,.F.);
#5604=ORIENTED_EDGE('',*,*,#5603,.F.);
#5605=EDGE_LOOP('',(#5598,#5599,#5600,#5602,#5604));
#5606=FACE_OUTER_BOUND('',#5605,.F.);
#5608=CARTESIAN_POINT('',(0.E0,0.E0,0.E0));
#5609=DIRECTION('',(1.E0,0.E0,0.E0));
#5610=DIRECTION('',(0.E0,0.E0,-1.E0));
#5611=AXIS2_PLACEMENT_3D('',#5608,#5609,#5610);
#5612=CYLINDRICAL_SURFACE('',#5611,1.25E-1);
#5613=ORIENTED_EDGE('',*,*,#5390,.T.);
#5615=ORIENTED_EDGE('',*,*,#5614,.F.);
#5616=ORIENTED_EDGE('',*,*,#5401,.F.);
#5618=ORIENTED_EDGE('',*,*,#5617,.F.);
#5619=ORIENTED_EDGE('',*,*,#5306,.F.);
#5620=EDGE_LOOP('',(#5613,#5615,#5616,#5618,#5619));
#5621=FACE_OUTER_BOUND('',#5620,.F.);
#5623=CARTESIAN_POINT('',(0.E0,0.E0,0.E0));
#5624=DIRECTION('',(1.E0,0.E0,0.E0));
#5625=DIRECTION('',(0.E0,0.E0,-1.E0));
#5626=AXIS2_PLACEMENT_3D('',#5623,#5624,#5625);
#5627=CYLINDRICAL_SURFACE('',#5626,1.25E-1);
#5628=ORIENTED_EDGE('',*,*,#5417,.F.);
#5630=ORIENTED_EDGE('',*,*,#5629,.F.);
#5631=ORIENTED_EDGE('',*,*,#5405,.T.);
#5633=ORIENTED_EDGE('',*,*,#5632,.F.);
#5634=EDGE_LOOP('',(#5628,#5630,#5631,#5633));
#5635=FACE_OUTER_BOUND('',#5634,.F.);
#5637=CARTESIAN_POINT('',(0.E0,0.E0,0.E0));
#5638=DIRECTION('',(1.E0,0.E0,0.E0));
#5639=DIRECTION('',(0.E0,0.E0,-1.E0));
#5640=AXIS2_PLACEMENT_3D('',#5637,#5638,#5639);
#5641=CYLINDRICAL_SURFACE('',#5640,1.25E-1);
#5642=ORIENTED_EDGE('',*,*,#5345,.F.);
#5644=ORIENTED_EDGE('',*,*,#5643,.F.);
#5645=ORIENTED_EDGE('',*,*,#5421,.T.);
#5647=ORIENTED_EDGE('',*,*,#5646,.F.);
#5648=EDGE_LOOP('',(#5642,#5644,#5645,#5647));
#5649=FACE_OUTER_BOUND('',#5648,.F.);
#5651=CARTESIAN_POINT('',(0.E0,0.E0,0.E0));
#5652=DIRECTION('',(1.E0,0.E0,0.E0));
#5653=DIRECTION('',(0.E0,0.E0,-1.E0));
#5654=AXIS2_PLACEMENT_3D('',#5651,#5652,#5653);
#5655=CYLINDRICAL_SURFACE('',#5654,1.25E-1);
#5656=ORIENTED_EDGE('',*,*,#5555,.T.);
#5657=ORIENTED_EDGE('',*,*,#5514,.T.);
#5658=ORIENTED_EDGE('',*,*,#5329,.T.);
#5660=ORIENTED_EDGE('',*,*,#5659,.F.);
#5661=EDGE_LOOP('',(#5656,#5657,#5658,#5660));
#5662=FACE_OUTER_BOUND('',#5661,.F.);
#5664=CARTESIAN_POINT('',(4.959966838172E-1,9.500651465320E-2,
1.126520278047E-2));
#5665=CARTESIAN_POINT('',(4.948538111733E-1,9.662439617619E-2,
-2.379405986570E-3));
#5666=CARTESIAN_POINT('',(4.925680658855E-1,9.388874967502E-2,
-3.036729008503E-2));
#5667=CARTESIAN_POINT('',(4.891394479537E-1,7.262512974197E-2,
-6.680578654481E-2));
#5668=CARTESIAN_POINT('',(4.857108300219E-1,3.808684451077E-2,
-9.103157564836E-2));
#5669=CARTESIAN_POINT('',(4.822822120902E-1,-3.412900655822E-3,
-9.861911217963E-2));
#5670=CARTESIAN_POINT('',(4.788535941584E-1,-4.428885158131E-2,
-8.818088829448E-2));
#5671=CARTESIAN_POINT('',(4.754249762267E-1,-7.706967265124E-2,
-6.162498058071E-2));
#5672=CARTESIAN_POINT('',(4.719963582949E-1,-9.576368420059E-2,
-2.380523621701E-2));
#5673=CARTESIAN_POINT('',(4.685677403631E-1,-9.695398943619E-2,
1.836563147583E-2));
#5674=CARTESIAN_POINT('',(4.651391224314E-1,-8.042302452216E-2,
5.717962596539E-2));
#5675=CARTESIAN_POINT('',(4.617105044996E-1,-4.919232253576E-2,
8.554231640752E-2));
#5676=CARTESIAN_POINT('',(4.582818865678E-1,-8.970237671838E-3,
9.826956462212E-2));
#5677=CARTESIAN_POINT('',(4.548532686361E-1,3.289142908998E-2,
9.303508148406E-2));
#5678=CARTESIAN_POINT('',(4.514246507043E-1,6.874119364197E-2,
7.079562692100E-2));
#5679=CARTESIAN_POINT('',(4.479960327725E-1,9.202642860794E-2,
3.561613303132E-2));
#5680=CARTESIAN_POINT('',(4.445674148408E-1,9.849105392643E-2,
-6.073285017213E-3));
#5681=CARTESIAN_POINT('',(4.411387969090E-1,8.695346404520E-2,
-4.665262677471E-2));
#5682=CARTESIAN_POINT('',(4.377101789773E-1,5.952250202811E-2,
-7.870479176488E-2));
#5683=CARTESIAN_POINT('',(4.342815610455E-1,2.121200478410E-2,
-9.637127864399E-2));
#5684=CARTESIAN_POINT('',(4.308529431137E-1,-2.097562708018E-2,
-9.642300328788E-2));
#5685=CARTESIAN_POINT('',(4.274243251820E-1,-5.932932948914E-2,
-7.885051145488E-2));
#5686=CARTESIAN_POINT('',(4.239957072502E-1,-8.683880479103E-2,
-4.686570683746E-2));
#5687=CARTESIAN_POINT('',(4.205670893184E-1,-9.847586538690E-2,
-6.314778628541E-3));
#5688=CARTESIAN_POINT('',(4.171384713867E-1,-9.211348699358E-2,
3.539036610037E-2));
#5689=CARTESIAN_POINT('',(4.137098534549E-1,-6.891458623089E-2,
7.062685248349E-2));
#5690=CARTESIAN_POINT('',(4.102812355231E-1,-3.311946379141E-2,
9.295414784283E-2));
#5691=CARTESIAN_POINT('',(4.068526175914E-1,8.729243485555E-3,
9.829126605305E-2));
#5692=CARTESIAN_POINT('',(4.034239996596E-1,4.898240888313E-2,
8.566268180952E-2));
#5693=CARTESIAN_POINT('',(3.999953817279E-1,8.028259286098E-2,
5.737667175345E-2));
#5694=CARTESIAN_POINT('',(3.965667637961E-1,9.690858325534E-2,
1.860327877692E-2));
#5695=CARTESIAN_POINT('',(3.931381458643E-1,9.582206801098E-2,
-2.357019024123E-2));
#5696=CARTESIAN_POINT('',(3.897095279326E-1,7.721943904796E-2,
-6.143637241704E-2));
#5697=CARTESIAN_POINT('',(3.874237826447E-1,5.541254973032E-2,
-7.919207562406E-2));
#5698=CARTESIAN_POINT('',(3.862809100008E-1,4.314917720577E-2,
-8.538905741780E-2));
#5699=CARTESIAN_POINT('',(4.899166868874E-1,1.054641202538E-1,
1.250519193404E-2));
#5700=CARTESIAN_POINT('',(4.887738142435E-1,1.072600860581E-1,
-2.641313177484E-3));
#5701=CARTESIAN_POINT('',(4.864880689557E-1,1.042233200781E-1,
-3.370989394781E-2));
#5702=CARTESIAN_POINT('',(4.830594510239E-1,8.061916011251E-2,
-7.415926719901E-2));
#5703=CARTESIAN_POINT('',(4.796308330921E-1,4.227915911067E-2,
-1.010516497329E-1));
#5704=CARTESIAN_POINT('',(4.762022151604E-1,-3.788567199775E-3,
-1.094743654601E-1));
#5705=CARTESIAN_POINT('',(4.727735972286E-1,-4.916383667084E-2,
-9.788718006471E-2));
#5706=CARTESIAN_POINT('',(4.693449792968E-1,-8.555292501871E-2,
-6.840819691500E-2));
#5707=CARTESIAN_POINT('',(4.659163613651E-1,-1.063046333543E-1,
-2.642553833520E-2));
#5708=CARTESIAN_POINT('',(4.624877434333E-1,-1.076259584757E-1,
2.038718264294E-2));
#5709=CARTESIAN_POINT('',(4.590591255016E-1,-8.927538874931E-2,
6.347353095623E-2));
#5710=CARTESIAN_POINT('',(4.556305075698E-1,-5.460704498438E-2,
9.495817394550E-2));
#5711=CARTESIAN_POINT('',(4.522018896380E-1,-9.957614253943E-3,
1.090863423254E-1));
#5712=CARTESIAN_POINT('',(4.487732717063E-1,3.651187127039E-2,
1.032756864861E-1));
#5713=CARTESIAN_POINT('',(4.453446537745E-1,7.630770941459E-2,
7.858827932270E-2));
#5714=CARTESIAN_POINT('',(4.419160358427E-1,1.021560086555E-1,
3.953649021546E-2));
#5715=CARTESIAN_POINT('',(4.384874179110E-1,1.093322115135E-1,
-6.741786747248E-3));
#5716=CARTESIAN_POINT('',(4.350587999792E-1,9.652465014662E-2,
-5.178779853451E-2));
#5717=CARTESIAN_POINT('',(4.316301820474E-1,6.607429326943E-2,
-8.736802579847E-2));
#5718=CARTESIAN_POINT('',(4.282015641157E-1,2.354686340764E-2,
-1.069791072436E-1));
#5719=CARTESIAN_POINT('',(4.247729461839E-1,-2.328446701639E-2,
-1.070365253489E-1));
#5720=CARTESIAN_POINT('',(4.213443282522E-1,-6.585985774410E-2,
-8.752978522061E-2));
#5721=CARTESIAN_POINT('',(4.179157103204E-1,-9.639737006048E-2,
-5.202433285474E-2));
#5722=CARTESIAN_POINT('',(4.144870923886E-1,-1.093153511333E-1,
-7.009862166693E-3));
#5723=CARTESIAN_POINT('',(4.110584744569E-1,-1.022526497762E-1,
3.928587255159E-2));
#5724=CARTESIAN_POINT('',(4.076298565251E-1,-7.650018776110E-2,
7.840092745911E-2));
#5725=CARTESIAN_POINT('',(4.042012385933E-1,-3.676500632393E-2,
1.031858442758E-1));
#5726=CARTESIAN_POINT('',(4.007726206616E-1,9.690093232512E-3,
1.091104324873E-1));
#5727=CARTESIAN_POINT('',(3.973440027298E-1,5.437402560898E-2,
9.509178826950E-2));
#5728=CARTESIAN_POINT('',(3.939153847981E-1,8.911949942261E-2,
6.369226606890E-2));
#5729=CARTESIAN_POINT('',(3.904867668663E-1,1.075755543225E-1,
2.065098837913E-2));
#5730=CARTESIAN_POINT('',(3.870581489345E-1,1.063694436173E-1,
-2.616462025874E-2));
#5731=CARTESIAN_POINT('',(3.836295310028E-1,8.571917657874E-2,
-6.819882817721E-2));
#5732=CARTESIAN_POINT('',(3.813437857149E-1,6.151194820337E-2,
-8.790894621546E-2));
#5733=CARTESIAN_POINT('',(3.802009130710E-1,4.789871547540E-2,
-9.478804535399E-2));
#5734=CARTESIAN_POINT('',(4.838366899576E-1,1.159217258545E-1,
1.374518108762E-2));
#5735=CARTESIAN_POINT('',(4.826938173137E-1,1.178957759400E-1,
-2.903220368398E-3));
#5736=CARTESIAN_POINT('',(4.804080720259E-1,1.145578904812E-1,
-3.705249781059E-2));
#5737=CARTESIAN_POINT('',(4.769794540941E-1,8.861319048304E-2,
-8.151274785322E-2));
#5738=CARTESIAN_POINT('',(4.735508361623E-1,4.647147371057E-2,
-1.110717238173E-1));
#5739=CARTESIAN_POINT('',(4.701222182306E-1,-4.164233743727E-3,
-1.203296187407E-1));
#5740=CARTESIAN_POINT('',(4.666936002988E-1,-5.403882176037E-2,
-1.075934718349E-1));
#5741=CARTESIAN_POINT('',(4.632649823670E-1,-9.403617738617E-2,
-7.519141324929E-2));
#5742=CARTESIAN_POINT('',(4.598363644353E-1,-1.168455825081E-1,
-2.904584045338E-2));
#5743=CARTESIAN_POINT('',(4.564077465035E-1,-1.182979275152E-1,
2.240873381006E-2));
#5744=CARTESIAN_POINT('',(4.529791285717E-1,-9.812775297647E-2,
6.976743594707E-2));
#5745=CARTESIAN_POINT('',(4.495505106400E-1,-6.002176743301E-2,
1.043740314835E-1));
#5746=CARTESIAN_POINT('',(4.461218927082E-1,-1.094499083605E-2,
1.199031200286E-1));
#5747=CARTESIAN_POINT('',(4.426932747765E-1,4.013231345079E-2,
1.135162914881E-1));
#5748=CARTESIAN_POINT('',(4.392646568447E-1,8.387422518720E-2,
8.638093172440E-2));
#5749=CARTESIAN_POINT('',(4.358360389129E-1,1.122855887030E-1,
4.345684739961E-2));
#5750=CARTESIAN_POINT('',(4.324074209812E-1,1.201733691006E-1,
-7.410288477282E-3));
#5751=CARTESIAN_POINT('',(4.289788030494E-1,1.060958362480E-1,
-5.692297029430E-2));
#5752=CARTESIAN_POINT('',(4.255501851176E-1,7.262608451075E-2,
-9.603125983207E-2));
#5753=CARTESIAN_POINT('',(4.221215671859E-1,2.588172203118E-2,
-1.175869358432E-1));
#5754=CARTESIAN_POINT('',(4.186929492541E-1,-2.559330695259E-2,
-1.176500474099E-1));
#5755=CARTESIAN_POINT('',(4.152643313224E-1,-7.239038599905E-2,
-9.620905898634E-2));
#5756=CARTESIAN_POINT('',(4.118357133906E-1,-1.059559353299E-1,
-5.718295887202E-2));
#5757=CARTESIAN_POINT('',(4.084070954588E-1,-1.201548368797E-1,
-7.704945704844E-3));
#5758=CARTESIAN_POINT('',(4.049784775271E-1,-1.123918125588E-1,
4.318137900281E-2));
#5759=CARTESIAN_POINT('',(4.015498595953E-1,-8.408578929131E-2,
8.617500243473E-2));
#5760=CARTESIAN_POINT('',(3.981212416635E-1,-4.041054885645E-2,
1.134175407087E-1));
#5761=CARTESIAN_POINT('',(3.946926237318E-1,1.065094297947E-2,
1.199295989215E-1));
#5762=CARTESIAN_POINT('',(3.912640058E-1,5.976564233483E-2,1.045208947295E-1));
#5763=CARTESIAN_POINT('',(3.878353878682E-1,9.795640598424E-2,
7.000786038435E-2));
#5764=CARTESIAN_POINT('',(3.844067699365E-1,1.182425253897E-1,
2.269869798134E-2));
#5765=CARTESIAN_POINT('',(3.809781520047E-1,1.169168192236E-1,
-2.875905027624E-2));
#5766=CARTESIAN_POINT('',(3.775495340730E-1,9.421891410951E-2,
-7.496128393739E-2));
#5767=CARTESIAN_POINT('',(3.752637887851E-1,6.761134667641E-2,
-9.662581680686E-2));
#5768=CARTESIAN_POINT('',(3.741209161412E-1,5.264825374503E-2,
-1.041870332902E-1));
#5769=CARTESIAN_POINT('',(4.777566930278E-1,1.263793314551E-1,
1.498517024120E-2));
#5770=CARTESIAN_POINT('',(4.766138203839E-1,1.285314658218E-1,
-3.165127559311E-3));
#5771=CARTESIAN_POINT('',(4.743280750960E-1,1.248924608844E-1,
-4.039510167337E-2));
#5772=CARTESIAN_POINT('',(4.708994571643E-1,9.660722085358E-2,
-8.886622850742E-2));
#5773=CARTESIAN_POINT('',(4.674708392325E-1,5.066378831047E-2,
-1.210917979018E-1));
#5774=CARTESIAN_POINT('',(4.640422213008E-1,-4.539900287679E-3,
-1.311848720212E-1));
#5775=CARTESIAN_POINT('',(4.606136033690E-1,-5.891380684989E-2,
-1.172997636052E-1));
#5776=CARTESIAN_POINT('',(4.571849854372E-1,-1.025194297536E-1,
-8.197462958358E-2));
#5777=CARTESIAN_POINT('',(4.537563675055E-1,-1.273865316618E-1,
-3.166614257157E-2));
#5778=CARTESIAN_POINT('',(4.503277495737E-1,-1.289698965548E-1,
2.443028497718E-2));
#5779=CARTESIAN_POINT('',(4.468991316419E-1,-1.069801172036E-1,
7.606134093791E-2));
#5780=CARTESIAN_POINT('',(4.434705137102E-1,-6.543648988163E-2,
1.137898890215E-1));
#5781=CARTESIAN_POINT('',(4.400418957784E-1,-1.193236741815E-2,
1.307198977319E-1));
#5782=CARTESIAN_POINT('',(4.366132778466E-1,4.375275563120E-2,
1.237568964902E-1));
#5783=CARTESIAN_POINT('',(4.331846599149E-1,9.144074095981E-2,
9.417358412610E-2));
#5784=CARTESIAN_POINT('',(4.297560419831E-1,1.224151687505E-1,
4.737720458375E-2));
#5785=CARTESIAN_POINT('',(4.263274240514E-1,1.310145266876E-1,
-8.078790207317E-3));
#5786=CARTESIAN_POINT('',(4.228988061196E-1,1.156670223495E-1,
-6.205814205409E-2));
#5787=CARTESIAN_POINT('',(4.194701881878E-1,7.917787575206E-2,
-1.046944938657E-1));
#5788=CARTESIAN_POINT('',(4.160415702561E-1,2.821658065472E-2,
-1.281947644428E-1));
#5789=CARTESIAN_POINT('',(4.126129523243E-1,-2.790214688879E-2,
-1.282635694710E-1));
#5790=CARTESIAN_POINT('',(4.091843343925E-1,-7.892091425401E-2,
-1.048883327521E-1));
#5791=CARTESIAN_POINT('',(4.057557164608E-1,-1.155145005994E-1,
-6.234158488929E-2));
#5792=CARTESIAN_POINT('',(4.023270985290E-1,-1.309943226261E-1,
-8.400029242996E-3));
#5793=CARTESIAN_POINT('',(3.988984805973E-1,-1.225309753414E-1,
4.707688545403E-2));
#5794=CARTESIAN_POINT('',(3.954698626655E-1,-9.167139082152E-2,
9.394907741035E-2));
#5795=CARTESIAN_POINT('',(3.920412447337E-1,-4.405609138898E-2,
1.236492371417E-1));
#5796=CARTESIAN_POINT('',(3.886126268020E-1,1.161179272643E-2,
1.307487653558E-1));
#5797=CARTESIAN_POINT('',(3.851840088702E-1,6.515725906068E-2,
1.139500011895E-1));
#5798=CARTESIAN_POINT('',(3.817553909384E-1,1.067933125459E-1,
7.632345469980E-2));
#5799=CARTESIAN_POINT('',(3.783267730067E-1,1.289094964569E-1,
2.474640758355E-2));
#5800=CARTESIAN_POINT('',(3.748981550749E-1,1.274641948300E-1,
-3.135348029374E-2));
#5801=CARTESIAN_POINT('',(3.714695371431E-1,1.027186516403E-1,
-8.172373969757E-2));
#5802=CARTESIAN_POINT('',(3.691837918553E-1,7.371074514946E-2,
-1.053426873983E-1));
#5803=CARTESIAN_POINT('',(3.680409192114E-1,5.739779201466E-2,
-1.135860212264E-1));
#5804=B_SPLINE_SURFACE_WITH_KNOTS('',3,3,((#5664,#5665,#5666,#5667,#5668,#5669,
#5670,#5671,#5672,#5673,#5674,#5675,#5676,#5677,#5678,#5679,#5680,#5681,#5682,
#5683,#5684,#5685,#5686,#5687,#5688,#5689,#5690,#5691,#5692,#5693,#5694,#5695,
#5696,#5697,#5698),(#5699,#5700,#5701,#5702,#5703,#5704,#5705,#5706,#5707,#5708,
#5709,#5710,#5711,#5712,#5713,#5714,#5715,#5716,#5717,#5718,#5719,#5720,#5721,
#5722,#5723,#5724,#5725,#5726,#5727,#5728,#5729,#5730,#5731,#5732,#5733),(#5734,
#5735,#5736,#5737,#5738,#5739,#5740,#5741,#5742,#5743,#5744,#5745,#5746,#5747,
#5748,#5749,#5750,#5751,#5752,#5753,#5754,#5755,#5756,#5757,#5758,#5759,#5760,
#5761,#5762,#5763,#5764,#5765,#5766,#5767,#5768),(#5769,#5770,#5771,#5772,#5773,
#5774,#5775,#5776,#5777,#5778,#5779,#5780,#5781,#5782,#5783,#5784,#5785,#5786,
#5787,#5788,#5789,#5790,#5791,#5792,#5793,#5794,#5795,#5796,#5797,#5798,#5799,
#5800,#5801,#5802,#5803)),.UNSPECIFIED.,.F.,.F.,.F.,(4,4),(4,1,1,1,1,1,1,1,1,1,
1,1,1,1,1,1,1,1,1,1,1,1,1,1,1,1,1,1,1,1,1,1,4),(-7.501743769235E-2,
9.715004912350E-1),(3.131541164520E-1,3.350389117611E-1,3.569237070703E-1,
3.788085023794E-1,4.006932976885E-1,4.225780929976E-1,4.444628883068E-1,
4.663476836159E-1,4.882324789250E-1,5.101172742342E-1,5.320020695433E-1,
5.538868648524E-1,5.757716601615E-1,5.976564554707E-1,6.195412507798E-1,
6.414260460889E-1,6.633108413980E-1,6.851956367072E-1,7.070804320163E-1,
7.289652273254E-1,7.508500226346E-1,7.727348179437E-1,7.946196132528E-1,
8.165044085619E-1,8.383892038711E-1,8.602739991802E-1,8.821587944893E-1,
9.040435897984E-1,9.259283851076E-1,9.478131804167E-1,9.696979757258E-1,
9.915827710350E-1,1.013467566344E0),.UNSPECIFIED.);
#5805=ORIENTED_EDGE('',*,*,#5557,.F.);
#5806=ORIENTED_EDGE('',*,*,#5659,.T.);
#5807=ORIENTED_EDGE('',*,*,#5327,.T.);
#5808=ORIENTED_EDGE('',*,*,#5571,.T.);
#5809=ORIENTED_EDGE('',*,*,#5339,.T.);
#5811=ORIENTED_EDGE('',*,*,#5810,.F.);
#5813=ORIENTED_EDGE('',*,*,#5812,.F.);
#5814=EDGE_LOOP('',(#5805,#5806,#5807,#5808,#5809,#5811,#5813));
#5815=FACE_OUTER_BOUND('',#5814,.F.);
#5817=CARTESIAN_POINT('',(3.915241620614E-1,8.639527587704E-2,
-4.109743211401E-2));
#5818=CARTESIAN_POINT('',(3.898269398392E-1,7.763004701199E-2,
-5.952375042557E-2));
#5819=CARTESIAN_POINT('',(3.864324953947E-1,4.793195329949E-2,
-9.051183577668E-2));
#5820=CARTESIAN_POINT('',(3.813408287280E-1,-1.560005799264E-2,
-1.012330071543E-1));
#5821=CARTESIAN_POINT('',(3.762491620614E-1,-7.295448577715E-2,
-7.189236271005E-2));
#5822=CARTESIAN_POINT('',(3.711574953947E-1,-1.014486496147E-1,
-1.411340947752E-2));
#5823=CARTESIAN_POINT('',(3.660658287280E-1,-8.980781164303E-2,
4.924991679348E-2));
#5824=CARTESIAN_POINT('',(3.609741620614E-1,-4.263780166775E-2,
9.312901245141E-2));
#5825=CARTESIAN_POINT('',(3.558824953947E-1,2.140037851114E-2,
1.001649702038E-1));
#5826=CARTESIAN_POINT('',(3.507908287280E-1,7.697224696798E-2,
6.757417996166E-2));
#5827=CARTESIAN_POINT('',(3.456991620614E-1,1.020927683032E-1,
8.250058119485E-3));
#5828=CARTESIAN_POINT('',(3.406074953947E-1,8.682389320144E-2,
-5.433790890751E-2));
#5829=CARTESIAN_POINT('',(3.355158287280E-1,3.720621324917E-2,
-9.542900223057E-2));
#5830=CARTESIAN_POINT('',(3.304241620614E-1,-2.713079015884E-2,
-9.876698334897E-2));
#5831=CARTESIAN_POINT('',(3.253324953947E-1,-8.073445522485E-2,
-6.303129788334E-2));
#5832=CARTESIAN_POINT('',(3.202408287280E-1,-1.023983862208E-1,
-2.359506927816E-3));
#5833=CARTESIAN_POINT('',(3.151491620614E-1,-8.355201444261E-2,
5.924573956100E-2));
#5834=CARTESIAN_POINT('',(3.100574953947E-1,-3.165124085887E-2,
9.741250292252E-2));
#5835=CARTESIAN_POINT('',(3.049658287280E-1,3.277122762322E-2,
9.704145203786E-2));
#5836=CARTESIAN_POINT('',(2.998741620614E-1,8.422891802408E-2,
5.827938007621E-2));
#5837=CARTESIAN_POINT('',(2.947824953947E-1,1.023644136372E-1,
-3.538869032096E-3));
#5838=CARTESIAN_POINT('',(2.896908287280E-1,8.000304653526E-2,
-6.395708967405E-2));
#5839=CARTESIAN_POINT('',(2.845991620614E-1,2.599130133720E-2,
-9.907294800228E-2));
#5840=CARTESIAN_POINT('',(2.795074953947E-1,-3.830298362152E-2,
-9.499409571539E-2));
#5841=CARTESIAN_POINT('',(2.744158287280E-1,-8.744404705326E-2,
-5.333418635109E-2));
#5842=CARTESIAN_POINT('',(2.693241620614E-1,-1.019909623095E-1,
9.425508366342E-3));
#5843=CARTESIAN_POINT('',(2.642324953947E-1,-7.618876218370E-2,
6.845633625365E-2));
#5844=CARTESIAN_POINT('',(2.591408287280E-1,-2.024515392750E-2,
1.004048247530E-1));
#5845=CARTESIAN_POINT('',(2.540491620614E-1,4.370767107900E-2,
9.263172688191E-2));
#5846=CARTESIAN_POINT('',(2.489574953947E-1,9.036933554516E-2,
4.821203199265E-2));
#5847=CARTESIAN_POINT('',(2.438658287280E-1,1.012786893630E-1,
-1.528057236981E-2));
#5848=CARTESIAN_POINT('',(2.387741620614E-1,7.212398067981E-2,
-7.272973915656E-2));
#5849=CARTESIAN_POINT('',(2.336824953947E-1,1.442375743458E-2,
-1.013993085984E-1));
#5850=CARTESIAN_POINT('',(2.302880509503E-1,-2.781684464554E-2,
-9.378552243164E-2));
#5851=CARTESIAN_POINT('',(2.285908287280E-1,-4.573878191453E-2,
-8.403039003366E-2));
#5852=CARTESIAN_POINT('',(3.854441651316E-1,9.590502080535E-2,
-4.562112965008E-2));
#5853=CARTESIAN_POINT('',(3.837469429093E-1,8.617498119228E-2,
-6.607567908113E-2));
#5854=CARTESIAN_POINT('',(3.803524984649E-1,5.320794374187E-2,
-1.004747007886E-1));
#5855=CARTESIAN_POINT('',(3.752608317982E-1,-1.731719554293E-2,
-1.123759784174E-1));
#5856=CARTESIAN_POINT('',(3.701691651316E-1,-8.098476919339E-2,
-7.980573557362E-2));
#5857=CARTESIAN_POINT('',(3.650774984649E-1,-1.126153571849E-1,
-1.566690789323E-2));
#5858=CARTESIAN_POINT('',(3.599858317982E-1,-9.969318295096E-2,
5.467097878665E-2));
#5859=CARTESIAN_POINT('',(3.548941651316E-1,-4.733105154800E-2,
1.033799566708E-1));
#5860=CARTESIAN_POINT('',(3.498024984649E-1,2.375597190377E-2,
1.111903799583E-1));
#5861=CARTESIAN_POINT('',(3.447108317982E-1,8.544477544589E-2,
7.501223960846E-2));
#5862=CARTESIAN_POINT('',(3.396191651316E-1,1.133303756345E-1,
9.158162730109E-3));
#5863=CARTESIAN_POINT('',(3.345274984649E-1,9.638081711478E-2,
-6.031901896709E-2));
#5864=CARTESIAN_POINT('',(3.294358317982E-1,4.130159455510E-2,
-1.059331120996E-1));
#5865=CARTESIAN_POINT('',(3.243441651316E-1,-3.011714434887E-2,
-1.096385131803E-1));
#5866=CARTESIAN_POINT('',(3.192524984649E-1,-8.962109941136E-2,
-6.996931109397E-2));
#5867=CARTESIAN_POINT('',(3.141608317982E-1,-1.136696336837E-1,
-2.619223779372E-3));
#5868=CARTESIAN_POINT('',(3.090691651316E-1,-9.274879444626E-2,
6.576706686270E-2));
#5869=CARTESIAN_POINT('',(3.039774984649E-1,-3.513517240695E-2,
1.081349416927E-1));
#5870=CARTESIAN_POINT('',(2.988858317982E-1,3.637843892639E-2,
1.077230483055E-1));
#5871=CARTESIAN_POINT('',(2.937941651316E-1,9.350020650445E-2,
6.469433776318E-2));
#5872=CARTESIAN_POINT('',(2.887024984649E-1,1.136319216525E-1,
-3.928401231493E-3));
#5873=CARTESIAN_POINT('',(2.836108317982E-1,8.880918273096E-2,
-7.099700711147E-2));
#5874=CARTESIAN_POINT('',(2.785191651316E-1,2.885222913172E-2,
-1.099781561312E-1));
#5875=CARTESIAN_POINT('',(2.734274984649E-1,-4.251908919600E-2,
-1.054503343324E-1));
#5876=CARTESIAN_POINT('',(2.683358317982E-1,-9.706923285809E-2,
-5.920481414884E-2));
#5877=CARTESIAN_POINT('',(2.632441651316E-1,-1.132173635996E-1,
1.046299773684E-2));
#5878=CARTESIAN_POINT('',(2.581524984649E-1,-8.457505052431E-2,
7.599149705833E-2));
#5879=CARTESIAN_POINT('',(2.530608317982E-1,-2.247358884979E-2,
1.114566358999E-1));
#5880=CARTESIAN_POINT('',(2.479691651316E-1,4.851868417147E-2,
1.028279336302E-1));
#5881=CARTESIAN_POINT('',(2.428774984649E-1,1.003165151988E-1,
5.351885139998E-2));
#5882=CARTESIAN_POINT('',(2.377858317982E-1,1.124266889815E-1,
-1.696254333547E-2));
#5883=CARTESIAN_POINT('',(2.326941651316E-1,8.006284831484E-2,
-8.073528414800E-2));
#5884=CARTESIAN_POINT('',(2.276024984649E-1,1.601141662911E-2,
-1.125605850790E-1));
#5885=CARTESIAN_POINT('',(2.242080540205E-1,-3.087871457539E-2,
-1.041087303529E-1));
#5886=CARTESIAN_POINT('',(2.225108317982E-1,-5.077336447617E-2,
-9.327982603968E-2));
#5887=CARTESIAN_POINT('',(3.793641682018E-1,1.054147657337E-1,
-5.014482718614E-2));
#5888=CARTESIAN_POINT('',(3.776669459795E-1,9.471991537257E-2,
-7.262760773669E-2));
#5889=CARTESIAN_POINT('',(3.742725015351E-1,5.848393418425E-2,
-1.104375658005E-1));
#5890=CARTESIAN_POINT('',(3.691808348684E-1,-1.903433309323E-2,
-1.235189496805E-1));
#5891=CARTESIAN_POINT('',(3.640891682018E-1,-8.901505260963E-2,
-8.771910843720E-2));
#5892=CARTESIAN_POINT('',(3.589975015351E-1,-1.237820647550E-1,
-1.722040630894E-2));
#5893=CARTESIAN_POINT('',(3.539058348684E-1,-1.095785542589E-1,
6.009204077982E-2));
#5894=CARTESIAN_POINT('',(3.488141682018E-1,-5.202430142825E-2,
1.136309008903E-1));
#5895=CARTESIAN_POINT('',(3.437225015351E-1,2.611156529640E-2,
1.222157897127E-1));
#5896=CARTESIAN_POINT('',(3.386308348684E-1,9.391730392379E-2,
8.245029925527E-2));
#5897=CARTESIAN_POINT('',(3.335391682018E-1,1.245679829659E-1,
1.006626734073E-2));
#5898=CARTESIAN_POINT('',(3.284475015351E-1,1.059377410281E-1,
-6.630012902666E-2));
#5899=CARTESIAN_POINT('',(3.233558348684E-1,4.539697586104E-2,
-1.164372219686E-1));
#5900=CARTESIAN_POINT('',(3.182641682018E-1,-3.310349853890E-2,
-1.205100430117E-1));
#5901=CARTESIAN_POINT('',(3.131725015351E-1,-9.850774359787E-2,
-7.690732430460E-2));
#5902=CARTESIAN_POINT('',(3.080808348684E-1,-1.249408811465E-1,
-2.878940630928E-3));
#5903=CARTESIAN_POINT('',(3.029891682018E-1,-1.019455744499E-1,
7.228839416439E-2));
#5904=CARTESIAN_POINT('',(2.978975015351E-1,-3.861910395502E-2,
1.188573804628E-1));
#5905=CARTESIAN_POINT('',(2.928058348684E-1,3.998565022956E-2,
1.184046445732E-1));
#5906=CARTESIAN_POINT('',(2.877141682018E-1,1.027714949848E-1,
7.110929545014E-2));
#5907=CARTESIAN_POINT('',(2.826225015351E-1,1.248994296677E-1,
-4.317933430890E-3));
#5908=CARTESIAN_POINT('',(2.775308348684E-1,9.761531892666E-2,
-7.803692454889E-2));
#5909=CARTESIAN_POINT('',(2.724391682018E-1,3.171315692624E-2,
-1.208833642602E-1));
#5910=CARTESIAN_POINT('',(2.673475015351E-1,-4.673519477048E-2,
-1.159065729493E-1));
#5911=CARTESIAN_POINT('',(2.622558348684E-1,-1.066944186629E-1,
-6.507544194659E-2));
#5912=CARTESIAN_POINT('',(2.571641682018E-1,-1.244437648896E-1,
1.150048710734E-2));
#5913=CARTESIAN_POINT('',(2.520725015351E-1,-9.296133886491E-2,
8.352665786302E-2));
#5914=CARTESIAN_POINT('',(2.469808348684E-1,-2.470202377208E-2,
1.225084470467E-1));
#5915=CARTESIAN_POINT('',(2.418891682018E-1,5.332969726393E-2,
1.130241403785E-1));
#5916=CARTESIAN_POINT('',(2.367975015351E-1,1.102636948525E-1,
5.882567080731E-2));
#5917=CARTESIAN_POINT('',(2.317058348684E-1,1.235746886E-1,-1.864451430113E-2));
#5918=CARTESIAN_POINT('',(2.266141682018E-1,8.800171594987E-2,
-8.874082913944E-2));
#5919=CARTESIAN_POINT('',(2.215225015351E-1,1.759907582365E-2,
-1.237218615596E-1));
#5920=CARTESIAN_POINT('',(2.181280570907E-1,-3.394058450525E-2,
-1.144319382742E-1));
#5921=CARTESIAN_POINT('',(2.164308348684E-1,-5.580794703781E-2,
-1.025292620457E-1));
#5922=CARTESIAN_POINT('',(3.732841712720E-1,1.149245106620E-1,
-5.466852472221E-2));
#5923=CARTESIAN_POINT('',(3.715869490497E-1,1.032648495529E-1,
-7.917953639225E-2));
#5924=CARTESIAN_POINT('',(3.681925046053E-1,6.375992462663E-2,
-1.204004308124E-1));
#5925=CARTESIAN_POINT('',(3.631008379386E-1,-2.075147064353E-2,
-1.346619209436E-1));
#5926=CARTESIAN_POINT('',(3.580091712720E-1,-9.704533602587E-2,
-9.563248130077E-2));
#5927=CARTESIAN_POINT('',(3.529175046053E-1,-1.349487723251E-1,
-1.877390472465E-2));
#5928=CARTESIAN_POINT('',(3.478258379386E-1,-1.194639255668E-1,
6.551310277300E-2));
#5929=CARTESIAN_POINT('',(3.427341712720E-1,-5.671755130850E-2,
1.238818451097E-1));
#5930=CARTESIAN_POINT('',(3.376425046053E-1,2.846715868902E-2,
1.332411994671E-1));
#5931=CARTESIAN_POINT('',(3.325508379386E-1,1.023898324017E-1,
8.988835890207E-2));
#5932=CARTESIAN_POINT('',(3.274591712720E-1,1.358055902972E-1,
1.097437195136E-2));
#5933=CARTESIAN_POINT('',(3.223675046053E-1,1.154946649415E-1,
-7.228123908624E-2));
#5934=CARTESIAN_POINT('',(3.172758379386E-1,4.949235716697E-2,
-1.269413318376E-1));
#5935=CARTESIAN_POINT('',(3.121841712720E-1,-3.608985272893E-2,
-1.313815728431E-1));
#5936=CARTESIAN_POINT('',(3.070925046053E-1,-1.073943877844E-1,
-8.384533751523E-2));
#5937=CARTESIAN_POINT('',(3.020008379386E-1,-1.362121286094E-1,
-3.138657482484E-3));
#5938=CARTESIAN_POINT('',(2.969091712720E-1,-1.111423544536E-1,
7.880972146608E-2));
#5939=CARTESIAN_POINT('',(2.918175046053E-1,-4.210303550309E-2,
1.295798192330E-1));
#5940=CARTESIAN_POINT('',(2.867258379386E-1,4.359286153274E-2,
1.290862408409E-1));
#5941=CARTESIAN_POINT('',(2.816341712720E-1,1.120427834652E-1,
7.752425313711E-2));
#5942=CARTESIAN_POINT('',(2.765425046053E-1,1.361669376830E-1,
-4.707465630288E-3));
#5943=CARTESIAN_POINT('',(2.714508379386E-1,1.064214551224E-1,
-8.507684198631E-2));
#5944=CARTESIAN_POINT('',(2.663591712720E-1,3.457408472076E-2,
-1.317885723892E-1));
#5945=CARTESIAN_POINT('',(2.612675046053E-1,-5.095130034496E-2,
-1.263628115663E-1));
#5946=CARTESIAN_POINT('',(2.561758379386E-1,-1.163196044677E-1,
-7.094606974434E-2));
#5947=CARTESIAN_POINT('',(2.510841712720E-1,-1.356701661796E-1,
1.253797647783E-2));
#5948=CARTESIAN_POINT('',(2.459925046053E-1,-1.013476272055E-1,
9.106181866771E-2));
#5949=CARTESIAN_POINT('',(2.409008379386E-1,-2.693045869437E-2,
1.335602581936E-1));
#5950=CARTESIAN_POINT('',(2.358091712720E-1,5.814071035640E-2,
1.232203471267E-1));
#5951=CARTESIAN_POINT('',(2.307175046053E-1,1.202108745061E-1,
6.413249021464E-2));
#5952=CARTESIAN_POINT('',(2.256258379386E-1,1.347226882185E-1,
-2.032648526680E-2));
#5953=CARTESIAN_POINT('',(2.205341712720E-1,9.594058358490E-2,
-9.674637413088E-2));
#5954=CARTESIAN_POINT('',(2.154425046053E-1,1.918673501819E-2,
-1.348831380401E-1));
#5955=CARTESIAN_POINT('',(2.120480601608E-1,-3.700245443511E-2,
-1.247551461954E-1));
#5956=CARTESIAN_POINT('',(2.103508379386E-1,-6.084252959946E-2,
-1.117786980517E-1));
#5957=B_SPLINE_SURFACE_WITH_KNOTS('',3,3,((#5817,#5818,#5819,#5820,#5821,#5822,
#5823,#5824,#5825,#5826,#5827,#5828,#5829,#5830,#5831,#5832,#5833,#5834,#5835,
#5836,#5837,#5838,#5839,#5840,#5841,#5842,#5843,#5844,#5845,#5846,#5847,#5848,
#5849,#5850,#5851),(#5852,#5853,#5854,#5855,#5856,#5857,#5858,#5859,#5860,#5861,
#5862,#5863,#5864,#5865,#5866,#5867,#5868,#5869,#5870,#5871,#5872,#5873,#5874,
#5875,#5876,#5877,#5878,#5879,#5880,#5881,#5882,#5883,#5884,#5885,#5886),(#5887,
#5888,#5889,#5890,#5891,#5892,#5893,#5894,#5895,#5896,#5897,#5898,#5899,#5900,
#5901,#5902,#5903,#5904,#5905,#5906,#5907,#5908,#5909,#5910,#5911,#5912,#5913,
#5914,#5915,#5916,#5917,#5918,#5919,#5920,#5921),(#5922,#5923,#5924,#5925,#5926,
#5927,#5928,#5929,#5930,#5931,#5932,#5933,#5934,#5935,#5936,#5937,#5938,#5939,
#5940,#5941,#5942,#5943,#5944,#5945,#5946,#5947,#5948,#5949,#5950,#5951,#5952,
#5953,#5954,#5955,#5956)),.UNSPECIFIED.,.F.,.F.,.F.,(4,4),(4,1,1,1,1,1,1,1,1,1,
1,1,1,1,1,1,1,1,1,1,1,1,1,1,1,1,1,1,1,1,1,1,4),(-7.501743769235E-2,
9.715004912350E-1),(-2.E-2,1.25E-2,4.5E-2,7.75E-2,1.1E-1,1.425E-1,1.75E-1,
2.075E-1,2.4E-1,2.725E-1,3.05E-1,3.375E-1,3.7E-1,4.025E-1,4.35E-1,4.675E-1,
5.E-1,5.325E-1,5.65E-1,5.975E-1,6.3E-1,6.625E-1,6.95E-1,7.275E-1,7.6E-1,
7.925E-1,8.25E-1,8.575E-1,8.9E-1,9.225E-1,9.55E-1,9.875E-1,1.02E0),
.UNSPECIFIED.);
#5958=ORIENTED_EDGE('',*,*,#5810,.T.);
#5959=ORIENTED_EDGE('',*,*,#5347,.T.);
#5960=ORIENTED_EDGE('',*,*,#5646,.T.);
#5961=ORIENTED_EDGE('',*,*,#5419,.T.);
#5962=ORIENTED_EDGE('',*,*,#5632,.T.);
#5963=ORIENTED_EDGE('',*,*,#5403,.T.);
#5964=ORIENTED_EDGE('',*,*,#5614,.T.);
#5965=ORIENTED_EDGE('',*,*,#5388,.T.);
#5966=ORIENTED_EDGE('',*,*,#5603,.T.);
#5968=ORIENTED_EDGE('',*,*,#5967,.F.);
#5970=ORIENTED_EDGE('',*,*,#5969,.F.);
#5971=EDGE_LOOP('',(#5958,#5959,#5960,#5961,#5962,#5963,#5964,#5965,#5966,#5968,
#5970));
#5972=FACE_OUTER_BOUND('',#5971,.F.);
#5974=CARTESIAN_POINT('',(2.348324953947E-1,2.698014939493E-2,
-9.178896534367E-2));
#5975=CARTESIAN_POINT('',(2.331488148392E-1,7.559666039357E-3,
-9.749735894298E-2));
#5976=CARTESIAN_POINT('',(2.297814537280E-1,-3.496417077284E-2,
-9.614945396680E-2));
#5977=CARTESIAN_POINT('',(2.247304120614E-1,-8.517784008694E-2,
-5.668765225155E-2));
#5978=CARTESIAN_POINT('',(2.196793703947E-1,-1.021985620994E-1,
4.859994180396E-3));
#5979=CARTESIAN_POINT('',(2.146283287280E-1,-7.941234685878E-2,
6.451347158339E-2));
#5980=CARTESIAN_POINT('',(2.095772870614E-1,-2.569096924411E-2,
9.903667713444E-2));
#5981=CARTESIAN_POINT('',(2.045262453947E-1,3.803780785517E-2,
9.498111727060E-2));
#5982=CARTESIAN_POINT('',(1.994752037280E-1,8.694942420471E-2,
5.392668446339E-2));
#5983=CARTESIAN_POINT('',(1.944241620614E-1,1.019907917994E-1,
-8.134324658067E-3));
#5984=CARTESIAN_POINT('',(1.893731203947E-1,7.730272699869E-2,
-6.702669201599E-2));
#5985=CARTESIAN_POINT('',(1.843220787280E-1,2.250219901922E-2,
-9.980951887505E-2));
#5986=CARTESIAN_POINT('',(1.792710370614E-1,-4.106382289279E-2,
-9.371260035415E-2));
#5987=CARTESIAN_POINT('',(1.742199953947E-1,-8.863386583231E-2,
-5.111092687932E-2));
#5988=CARTESIAN_POINT('',(1.691689537280E-1,-1.016775212287E-1,
1.140046904684E-2));
#5989=CARTESIAN_POINT('',(1.641179120614E-1,-7.511377073882E-2,
6.947093250683E-2));
#5990=CARTESIAN_POINT('',(1.590668703947E-1,-1.929024316126E-2,
1.004797269937E-1));
#5991=CARTESIAN_POINT('',(1.540158287280E-1,4.404759516446E-2,
9.234770369728E-2));
#5992=CARTESIAN_POINT('',(1.489647870614E-1,9.022715741111E-2,
4.824260651595E-2));
#5993=CARTESIAN_POINT('',(1.439137453947E-1,1.012596822109E-1,
-1.465488916768E-2));
#5994=CARTESIAN_POINT('',(1.388627037280E-1,7.284756589913E-2,
-7.184372735516E-2));
#5995=CARTESIAN_POINT('',(1.338116620614E-1,1.605844869528E-2,
-1.010465993705E-1));
#5996=CARTESIAN_POINT('',(1.287606203947E-1,-4.698606782196E-2,
-9.088783442429E-2));
#5997=CARTESIAN_POINT('',(1.237095787280E-1,-9.172765719496E-2,
-4.532467235727E-2));
#5998=CARTESIAN_POINT('',(1.186585370614E-1,-1.007377053941E-1,
1.789423806636E-2));
#5999=CARTESIAN_POINT('',(1.136074953947E-1,-7.050644253586E-2,
7.414263557793E-2));
#6000=CARTESIAN_POINT('',(1.085564537280E-1,-1.281014059659E-2,
1.015095560262E-1));
#6001=CARTESIAN_POINT('',(1.035054120614E-1,4.987622358742E-2,
8.933448262041E-2));
#6002=CARTESIAN_POINT('',(9.845437039471E-2,9.313380448230E-2,
4.236016738856E-2));
#6003=CARTESIAN_POINT('',(9.340332872804E-2,1.001121930800E-1,
-2.111534148628E-2));
#6004=CARTESIAN_POINT('',(8.835228706138E-2,6.809256391513E-2,
-7.636470636415E-2));
#6005=CARTESIAN_POINT('',(8.330124539471E-2,9.549571620530E-3,
-1.018703099118E-1));
#6006=CARTESIAN_POINT('',(7.825020372804E-2,-5.271849422309E-2,
-8.768107608142E-2));
#6007=CARTESIAN_POINT('',(7.488284261693E-2,-8.052713074335E-2,
-5.548211212388E-2));
#6008=CARTESIAN_POINT('',(7.319916206138E-2,-8.831258189095E-2,
-3.679715342237E-2));
#6009=CARTESIAN_POINT('',(2.287524984649E-1,2.994992217787E-2,
-1.018924072135E-1));
#6010=CARTESIAN_POINT('',(2.270688179093E-1,8.391777460354E-3,
-1.082291380284E-1));
#6011=CARTESIAN_POINT('',(2.237014567982E-1,-3.881276483431E-2,
-1.067328657673E-1));
#6012=CARTESIAN_POINT('',(2.186504151316E-1,-9.455357880122E-2,
-6.292740446051E-2));
#6013=CARTESIAN_POINT('',(2.135993734649E-1,-1.134478144195E-1,
5.394945941814E-3));
#6014=CARTESIAN_POINT('',(2.085483317982E-1,-8.815346325803E-2,
7.161463137448E-2));
#6015=CARTESIAN_POINT('',(2.034972901316E-1,-2.851883873110E-2,
1.099378928379E-1));
#6016=CARTESIAN_POINT('',(1.984462484649E-1,4.222472486727E-2,
1.054359273176E-1));
#6017=CARTESIAN_POINT('',(1.933952067982E-1,9.652016563075E-2,
5.986253001595E-2));
#6018=CARTESIAN_POINT('',(1.883441651316E-1,1.132171743209E-1,
-9.029690196021E-3));
#6019=CARTESIAN_POINT('',(1.832931234649E-1,8.581163224331E-2,
-7.440448829004E-2));
#6020=CARTESIAN_POINT('',(1.782420817982E-1,2.497907256151E-2,
-1.107958032093E-1));
#6021=CARTESIAN_POINT('',(1.731910401316E-1,-4.558382097750E-2,
-1.040277815593E-1));
#6022=CARTESIAN_POINT('',(1.681399984649E-1,-9.839001797743E-2,
-5.673683492507E-2));
#6023=CARTESIAN_POINT('',(1.630889567982E-1,-1.128694212720E-1,
1.265534729797E-2));
#6024=CARTESIAN_POINT('',(1.580379151316E-1,-8.338173207211E-2,
7.711777246846E-2));
#6025=CARTESIAN_POINT('',(1.529868734649E-1,-2.141356865801E-2,
1.115397828182E-1));
#6026=CARTESIAN_POINT('',(1.479358317982E-1,4.889602455446E-2,
1.025126473005E-1));
#6027=CARTESIAN_POINT('',(1.428847901316E-1,1.001586871606E-1,
5.355279133782E-2));
#6028=CARTESIAN_POINT('',(1.378337484649E-1,1.124055896645E-1,
-1.626798961238E-2));
#6029=CARTESIAN_POINT('',(1.327827067982E-1,8.086608037595E-2,
-7.975174680311E-2));
#6030=CARTESIAN_POINT('',(1.277316651316E-1,1.782604246109E-2,
-1.121690522608E-1));
#6031=CARTESIAN_POINT('',(1.226806234649E-1,-5.215794227499E-2,
-1.008920865514E-1));
#6032=CARTESIAN_POINT('',(1.176295817982E-1,-1.018243507229E-1,
-5.031367284024E-2));
#6033=CARTESIAN_POINT('',(1.125785401316E-1,-1.118261575489E-1,
1.986390177736E-2));
#6034=CARTESIAN_POINT('',(1.075274984649E-1,-7.826726368624E-2,
8.230370162583E-2));
#6035=CARTESIAN_POINT('',(1.024764567982E-1,-1.422018493446E-2,
1.126829677180E-1));
#6036=CARTESIAN_POINT('',(9.742541513157E-2,5.536622474187E-2,
9.916775341443E-2));
#6037=CARTESIAN_POINT('',(9.237437346490E-2,1.033852761726E-1,
4.702285736664E-2));
#6038=CARTESIAN_POINT('',(8.732333179824E-2,1.111317935238E-1,
-2.343956013794E-2));
#6039=CARTESIAN_POINT('',(8.227229013157E-2,7.558768338520E-2,
-8.477036132244E-2));
#6040=CARTESIAN_POINT('',(7.722124846490E-2,1.060071694490E-2,
-1.130834306895E-1));
#6041=CARTESIAN_POINT('',(7.217020679824E-2,-5.852135124249E-2,
-9.733235226649E-2));
#6042=CARTESIAN_POINT('',(6.880284568713E-2,-8.939095420365E-2,
-6.158916750424E-2));
#6043=CARTESIAN_POINT('',(6.711916513157E-2,-9.803336950599E-2,
-4.084750848614E-2));
#6044=CARTESIAN_POINT('',(2.226725015351E-1,3.291969496080E-2,
-1.119958490833E-1));
#6045=CARTESIAN_POINT('',(2.209888209795E-1,9.223888881352E-3,
-1.189609171137E-1));
#6046=CARTESIAN_POINT('',(2.176214598684E-1,-4.266135889579E-2,
-1.173162775677E-1));
#6047=CARTESIAN_POINT('',(2.125704182018E-1,-1.039293175155E-1,
-6.916715666946E-2));
#6048=CARTESIAN_POINT('',(2.075193765351E-1,-1.246970667396E-1,
5.929897703233E-3));
#6049=CARTESIAN_POINT('',(2.024683348684E-1,-9.689457965727E-2,
7.871579116557E-2));
#6050=CARTESIAN_POINT('',(1.974172932018E-1,-3.134670821809E-2,
1.208391085414E-1));
#6051=CARTESIAN_POINT('',(1.923662515351E-1,4.641164187937E-2,
1.158907373645E-1));
#6052=CARTESIAN_POINT('',(1.873152098684E-1,1.060909070568E-1,
6.579837556850E-2));
#6053=CARTESIAN_POINT('',(1.822641682018E-1,1.244435568424E-1,
-9.925055733975E-3));
#6054=CARTESIAN_POINT('',(1.772131265351E-1,9.432053748793E-2,
-8.178228456408E-2));
#6055=CARTESIAN_POINT('',(1.721620848684E-1,2.745594610380E-2,
-1.217820875435E-1));
#6056=CARTESIAN_POINT('',(1.671110432018E-1,-5.010381906221E-2,
-1.143429627644E-1));
#6057=CARTESIAN_POINT('',(1.620600015351E-1,-1.081461701225E-1,
-6.236274297083E-2));
#6058=CARTESIAN_POINT('',(1.570089598684E-1,-1.240613213153E-1,
1.391022554910E-2));
#6059=CARTESIAN_POINT('',(1.519579182018E-1,-9.164969340540E-2,
8.476461243008E-2));
#6060=CARTESIAN_POINT('',(1.469068765351E-1,-2.353689415476E-2,
1.225998386427E-1));
#6061=CARTESIAN_POINT('',(1.418558348684E-1,5.374445394446E-2,
1.126775909038E-1));
#6062=CARTESIAN_POINT('',(1.368047932018E-1,1.100902169101E-1,
5.886297615969E-2));
#6063=CARTESIAN_POINT('',(1.317537515351E-1,1.235514971180E-1,
-1.788109005708E-2));
#6064=CARTESIAN_POINT('',(1.267027098684E-1,8.888459485277E-2,
-8.765976625107E-2));
#6065=CARTESIAN_POINT('',(1.216516682018E-1,1.959363622691E-2,
-1.232915051511E-1));
#6066=CARTESIAN_POINT('',(1.166006265351E-1,-5.732981672803E-2,
-1.108963386784E-1));
#6067=CARTESIAN_POINT('',(1.115495848684E-1,-1.119210442509E-1,
-5.530267332321E-2));
#6068=CARTESIAN_POINT('',(1.064985432018E-1,-1.229146097036E-1,
2.183356548837E-2));
#6069=CARTESIAN_POINT('',(1.014475015351E-1,-8.602808483661E-2,
9.046476767373E-2));
#6070=CARTESIAN_POINT('',(9.639645986843E-2,-1.563022927233E-2,
1.238563794097E-1));
#6071=CARTESIAN_POINT('',(9.134541820176E-2,6.085622589632E-2,
1.090010242084E-1));
#6072=CARTESIAN_POINT('',(8.629437653510E-2,1.136367478629E-1,
5.168554734473E-2));
#6073=CARTESIAN_POINT('',(8.124333486843E-2,1.221513939677E-1,
-2.576377878960E-2));
#6074=CARTESIAN_POINT('',(7.619229320176E-2,8.308280285527E-2,
-9.317601628073E-2));
#6075=CARTESIAN_POINT('',(7.114125153510E-2,1.165186226927E-2,
-1.242965514672E-1));
#6076=CARTESIAN_POINT('',(6.609020986843E-2,-6.432420826189E-2,
-1.069836284516E-1));
#6077=CARTESIAN_POINT('',(6.272284875732E-2,-9.825477766395E-2,
-6.769622288459E-2));
#6078=CARTESIAN_POINT('',(6.103916820176E-2,-1.077541571210E-1,
-4.489786354991E-2));
#6079=CARTESIAN_POINT('',(2.165925046053E-1,3.588946774373E-2,
-1.220992909532E-1));
#6080=CARTESIAN_POINT('',(2.149088240497E-1,1.005600030235E-2,
-1.296926961991E-1));
#6081=CARTESIAN_POINT('',(2.115414629386E-1,-4.650995295726E-2,
-1.278996893682E-1));
#6082=CARTESIAN_POINT('',(2.064904212720E-1,-1.133050562298E-1,
-7.540690887842E-2));
#6083=CARTESIAN_POINT('',(2.014393796053E-1,-1.359463190597E-1,
6.464849464651E-3));
#6084=CARTESIAN_POINT('',(1.963883379386E-1,-1.056356960565E-1,
8.581695095665E-2));
#6085=CARTESIAN_POINT('',(1.913372962720E-1,-3.417457770507E-2,
1.317403242448E-1));
#6086=CARTESIAN_POINT('',(1.862862546053E-1,5.059855889147E-2,
1.263455474115E-1));
#6087=CARTESIAN_POINT('',(1.812352129386E-1,1.156616484828E-1,
7.173422112106E-2));
#6088=CARTESIAN_POINT('',(1.761841712720E-1,1.356699393640E-1,
-1.082042127193E-2));
#6089=CARTESIAN_POINT('',(1.711331296053E-1,1.028294427326E-1,
-8.916008083812E-2));
#6090=CARTESIAN_POINT('',(1.660820879386E-1,2.993281964609E-2,
-1.327683718777E-1));
#6091=CARTESIAN_POINT('',(1.610310462720E-1,-5.462381714691E-2,
-1.246581439695E-1));
#6092=CARTESIAN_POINT('',(1.559800046053E-1,-1.179023222677E-1,
-6.798865101658E-2));
#6093=CARTESIAN_POINT('',(1.509289629386E-1,-1.352532213586E-1,
1.516510380024E-2));
#6094=CARTESIAN_POINT('',(1.458779212720E-1,-9.991765473868E-2,
9.241145239171E-2));
#6095=CARTESIAN_POINT('',(1.408268796053E-1,-2.566021965151E-2,
1.336598944673E-1));
#6096=CARTESIAN_POINT('',(1.357758379386E-1,5.859288333447E-2,
1.228425345070E-1));
#6097=CARTESIAN_POINT('',(1.307247962720E-1,1.200217466595E-1,
6.417316098156E-2));
#6098=CARTESIAN_POINT('',(1.256737546053E-1,1.346974045715E-1,
-1.949419050178E-2));
#6099=CARTESIAN_POINT('',(1.206227129386E-1,9.690310932959E-2,
-9.556778569902E-2));
#6100=CARTESIAN_POINT('',(1.155716712720E-1,2.136122999273E-2,
-1.344139580414E-1));
#6101=CARTESIAN_POINT('',(1.105206296053E-1,-6.250169118106E-2,
-1.209005908055E-1));
#6102=CARTESIAN_POINT('',(1.054695879386E-1,-1.220177377789E-1,
-6.029167380618E-2));
#6103=CARTESIAN_POINT('',(1.004185462720E-1,-1.340030618584E-1,
2.380322919938E-2));
#6104=CARTESIAN_POINT('',(9.536750460529E-2,-9.378890598698E-2,
9.862583372163E-2));
#6105=CARTESIAN_POINT('',(9.031646293862E-2,-1.704027361020E-2,
1.350297911014E-1));
#6106=CARTESIAN_POINT('',(8.526542127196E-2,6.634622705076E-2,
1.188342950025E-1));
#6107=CARTESIAN_POINT('',(8.021437960529E-2,1.238882195532E-1,
5.634823732281E-2));
#6108=CARTESIAN_POINT('',(7.516333793862E-2,1.331709944116E-1,
-2.808799744126E-2));
#6109=CARTESIAN_POINT('',(7.011229627196E-2,9.057792232533E-2,
-1.015816712390E-1));
#6110=CARTESIAN_POINT('',(6.506125460529E-2,1.270300759364E-2,
-1.355096722449E-1));
#6111=CARTESIAN_POINT('',(6.001021293862E-2,-7.012706528129E-2,
-1.166349046366E-1));
#6112=CARTESIAN_POINT('',(5.664285182751E-2,-1.071186011243E-1,
-7.380327826495E-2));
#6113=CARTESIAN_POINT('',(5.495917127196E-2,-1.174749447361E-1,
-4.894821861369E-2));
#6114=B_SPLINE_SURFACE_WITH_KNOTS('',3,3,((#5974,#5975,#5976,#5977,#5978,#5979,
#5980,#5981,#5982,#5983,#5984,#5985,#5986,#5987,#5988,#5989,#5990,#5991,#5992,
#5993,#5994,#5995,#5996,#5997,#5998,#5999,#6000,#6001,#6002,#6003,#6004,#6005,
#6006,#6007,#6008),(#6009,#6010,#6011,#6012,#6013,#6014,#6015,#6016,#6017,#6018,
#6019,#6020,#6021,#6022,#6023,#6024,#6025,#6026,#6027,#6028,#6029,#6030,#6031,
#6032,#6033,#6034,#6035,#6036,#6037,#6038,#6039,#6040,#6041,#6042,#6043),(#6044,
#6045,#6046,#6047,#6048,#6049,#6050,#6051,#6052,#6053,#6054,#6055,#6056,#6057,
#6058,#6059,#6060,#6061,#6062,#6063,#6064,#6065,#6066,#6067,#6068,#6069,#6070,
#6071,#6072,#6073,#6074,#6075,#6076,#6077,#6078),(#6079,#6080,#6081,#6082,#6083,
#6084,#6085,#6086,#6087,#6088,#6089,#6090,#6091,#6092,#6093,#6094,#6095,#6096,
#6097,#6098,#6099,#6100,#6101,#6102,#6103,#6104,#6105,#6106,#6107,#6108,#6109,
#6110,#6111,#6112,#6113)),.UNSPECIFIED.,.F.,.F.,.F.,(4,4),(4,1,1,1,1,1,1,1,1,1,
1,1,1,1,1,1,1,1,1,1,1,1,1,1,1,1,1,1,1,1,1,1,4),(-7.501743769235E-2,
9.715004912350E-1),(-1.984042553191E-2,1.240026595745E-2,4.464095744681E-2,
7.688164893617E-2,1.091223404255E-1,1.413630319149E-1,1.736037234043E-1,
2.058444148936E-1,2.380851063830E-1,2.703257978723E-1,3.025664893617E-1,
3.348071808511E-1,3.670478723404E-1,3.992885638298E-1,4.315292553191E-1,
4.637699468085E-1,4.960106382979E-1,5.282513297872E-1,5.604920212766E-1,
5.927327127660E-1,6.249734042553E-1,6.572140957447E-1,6.894547872340E-1,
7.216954787234E-1,7.539361702128E-1,7.861768617021E-1,8.184175531915E-1,
8.506582446808E-1,8.828989361702E-1,9.151396276596E-1,9.473803191489E-1,
9.796210106383E-1,1.011861702128E0),.UNSPECIFIED.);
#6115=ORIENTED_EDGE('',*,*,#5089,.F.);
#6117=ORIENTED_EDGE('',*,*,#6116,.F.);
#6118=ORIENTED_EDGE('',*,*,#5967,.T.);
#6119=ORIENTED_EDGE('',*,*,#5601,.T.);
#6120=ORIENTED_EDGE('',*,*,#5373,.T.);
#6121=ORIENTED_EDGE('',*,*,#5588,.T.);
#6122=ORIENTED_EDGE('',*,*,#5359,.F.);
#6123=EDGE_LOOP('',(#6115,#6117,#6118,#6119,#6120,#6121,#6122));
#6124=FACE_OUTER_BOUND('',#6123,.F.);
#6126=CARTESIAN_POINT('',(2.465853837594E-1,2.825402992661E-2,
-9.501850182866E-2));
#6127=CARTESIAN_POINT('',(2.448881615371E-1,7.988556584355E-3,
-1.010444997056E-1));
#6128=CARTESIAN_POINT('',(2.414937170927E-1,-3.646267724602E-2,
-9.966133940071E-2));
#6129=CARTESIAN_POINT('',(2.364020504260E-1,-8.876588724115E-2,
-5.817443429297E-2));
#6130=CARTESIAN_POINT('',(2.313103837594E-1,-1.059382037825E-1,
6.331235463231E-3));
#6131=CARTESIAN_POINT('',(2.262187170927E-1,-8.120351343847E-2,
6.833107556292E-2));
#6132=CARTESIAN_POINT('',(2.211270504260E-1,-2.434253140805E-2,
1.032984351885E-1));
#6133=CARTESIAN_POINT('',(2.160353837594E-1,4.214844729459E-2,
9.739934049116E-2));
#6134=CARTESIAN_POINT('',(2.109437170927E-1,9.196495351401E-2,
5.296765996171E-2));
#6135=CARTESIAN_POINT('',(2.058520504260E-1,1.053987568248E-1,
-1.241880903767E-2));
#6136=CARTESIAN_POINT('',(2.007603837594E-1,7.713527187502E-2,
-7.289221359962E-2));
#6137=CARTESIAN_POINT('',(1.956687170927E-1,1.835594118106E-2,
-1.045283902517E-1));
#6138=CARTESIAN_POINT('',(1.905770504260E-1,-4.768526857966E-2,
-9.481160320030E-2));
#6139=CARTESIAN_POINT('',(1.854853837594E-1,-9.486148711131E-2,
-4.758595599167E-2));
#6140=CARTESIAN_POINT('',(1.803937170927E-1,-1.045091106237E-1,
1.846539303640E-2));
#6141=CARTESIAN_POINT('',(1.753020504260E-1,-7.281139785218E-2,
7.721156187017E-2));
#6142=CARTESIAN_POINT('',(1.702103837594E-1,-1.230842865626E-2,
1.054117048890E-1));
#6143=CARTESIAN_POINT('',(1.651187170927E-1,5.306393536004E-2,
9.190943209314E-2));
#6144=CARTESIAN_POINT('',(1.600270504260E-1,9.744342861823E-2,
4.204644054751E-2));
#6145=CARTESIAN_POINT('',(1.549353837594E-1,1.032728729715E-1,
-2.445073928996E-2));
#6146=CARTESIAN_POINT('',(1.498437170927E-1,6.824605477222E-2,
-8.127484820880E-2));
#6147=CARTESIAN_POINT('',(1.447520504260E-1,6.220096803501E-3,
-1.059454356750E-1));
#6148=CARTESIAN_POINT('',(1.396603837594E-1,-5.826662265515E-2,
-8.870245557642E-2));
#6149=CARTESIAN_POINT('',(1.345687170927E-1,-9.970221196519E-2,
-3.636748375267E-2));
#6150=CARTESIAN_POINT('',(1.294770504260E-1,-1.016941446529E-1,
3.035499817177E-2));
#6151=CARTESIAN_POINT('',(1.243853837594E-1,-6.345438252375E-2,
8.506859641871E-2));
#6152=CARTESIAN_POINT('',(1.192937170927E-1,-1.111376511502E-4,
1.061278159818E-1));
#6153=CARTESIAN_POINT('',(1.142020504260E-1,6.327607952990E-2,
8.520129633277E-2));
#6154=CARTESIAN_POINT('',(1.091103837594E-1,1.016303347484E-1,
3.056796700244E-2));
#6155=CARTESIAN_POINT('',(1.040187170927E-1,9.977820402464E-2,
-3.615876773281E-2));
#6156=CARTESIAN_POINT('',(9.892705042603E-2,5.845211263976E-2,
-8.857955797533E-2));
#6157=CARTESIAN_POINT('',(9.383538375936E-2,-5.997594327926E-3,
-1.059607304868E-1));
#6158=CARTESIAN_POINT('',(8.874371709269E-2,-6.807791307319E-2,
-8.140827448540E-2));
#6159=CARTESIAN_POINT('',(8.534927264825E-2,-9.150138194991E-2,
-4.360395691118E-2));
#6160=CARTESIAN_POINT('',(8.365205042603E-2,-9.641545137646E-2,
-2.304054323860E-2));
#6161=CARTESIAN_POINT('',(2.456516709004E-1,2.744450796682E-2,
-9.229607377090E-2));
#6162=CARTESIAN_POINT('',(2.439544486781E-1,7.759671996957E-3,
-9.814941742386E-2));
#6163=CARTESIAN_POINT('',(2.405600042337E-1,-3.541796475650E-2,
-9.680588681583E-2));
#6164=CARTESIAN_POINT('',(2.354683375670E-1,-8.622260632905E-2,
-5.650764615050E-2));
#6165=CARTESIAN_POINT('',(2.303766709004E-1,-1.029029092576E-1,
6.149835707040E-3));
#6166=CARTESIAN_POINT('',(2.252850042337E-1,-7.887690631334E-2,
6.637328383026E-2));
#6167=CARTESIAN_POINT('',(2.201933375670E-1,-2.364507997252E-2,
1.003387741449E-1));
#6168=CARTESIAN_POINT('',(2.151016709004E-1,4.094082863825E-2,
9.460869769784E-2));
#6169=CARTESIAN_POINT('',(2.100100042337E-1,8.933001437102E-2,
5.145005401278E-2));
#6170=CARTESIAN_POINT('',(2.049183375670E-1,1.023789182953E-1,
-1.206299081788E-2));
#6171=CARTESIAN_POINT('',(1.998266709004E-1,7.492522620650E-2,
-7.080373815877E-2));
#6172=CARTESIAN_POINT('',(1.947350042337E-1,1.783001487896E-2,
-1.015334890801E-1));
#6173=CARTESIAN_POINT('',(1.896433375670E-1,-4.631901137054E-2,
-9.209510311046E-2));
#6174=CARTESIAN_POINT('',(1.845516709004E-1,-9.214355776974E-2,
-4.622254424287E-2));
#6175=CARTESIAN_POINT('',(1.794600042337E-1,-1.015147618434E-1,
1.793633076819E-2));
#6176=CARTESIAN_POINT('',(1.743683375670E-1,-7.072523790835E-2,
7.499933037448E-2));
#6177=CARTESIAN_POINT('',(1.692766709004E-1,-1.195577300630E-2,
1.023914953773E-1));
#6178=CARTESIAN_POINT('',(1.641850042337E-1,5.154357097101E-2,
8.927608372532E-2));
#6179=CARTESIAN_POINT('',(1.590933375670E-1,9.465152263140E-2,
4.084174454334E-2));
#6180=CARTESIAN_POINT('',(1.540016709004E-1,1.003139443253E-1,
-2.375018753009E-2));
#6181=CARTESIAN_POINT('',(1.489100042337E-1,6.629069901763E-2,
-7.894619723141E-2));
#6182=CARTESIAN_POINT('',(1.438183375670E-1,6.041881342996E-3,
-1.029099339451E-1));
#6183=CARTESIAN_POINT('',(1.387266709004E-1,-5.659719317253E-2,
-8.616099208030E-2));
#6184=CARTESIAN_POINT('',(1.336350042337E-1,-9.684558831768E-2,
-3.532549870499E-2));
#6185=CARTESIAN_POINT('',(1.285433375670E-1,-9.878044903164E-2,
2.948528019974E-2));
#6186=CARTESIAN_POINT('',(1.234516709004E-1,-6.163631564156E-2,
8.263124864677E-2));
#6187=CARTESIAN_POINT('',(1.183600042337E-1,-1.079533843607E-4,
1.030870887721E-1));
#6188=CARTESIAN_POINT('',(1.132683375670E-1,6.146312130616E-2,
8.276014650163E-2));
#6189=CARTESIAN_POINT('',(1.081766709004E-1,9.871846738032E-2,
2.969214714173E-2));
#6190=CARTESIAN_POINT('',(1.030850042337E-1,9.691940308627E-2,
-3.512276272415E-2));
#6191=CARTESIAN_POINT('',(9.799333756703E-2,5.677736858020E-2,
-8.604161568688E-2));
#6192=CARTESIAN_POINT('',(9.290167090037E-2,-5.825753909869E-3,
-1.029247905367E-1));
#6193=CARTESIAN_POINT('',(8.781000423370E-2,-6.612737484014E-2,
-7.907580063739E-2));
#6194=CARTESIAN_POINT('',(8.441555978926E-2,-8.887972485419E-2,
-4.235463563753E-2));
#6195=CARTESIAN_POINT('',(8.271833756703E-2,-9.365299853857E-2,
-2.238039579182E-2));
#6196=CARTESIAN_POINT('',(2.397978691862E-1,2.632583098095E-2,
-8.853395518096E-2));
#6197=CARTESIAN_POINT('',(2.381006469640E-1,7.443376784400E-3,
-9.414870826262E-2));
#6198=CARTESIAN_POINT('',(2.347062025195E-1,-3.397427838736E-2,
-9.285994186361E-2));
#6199=CARTESIAN_POINT('',(2.296145358528E-1,-8.270805086758E-2,
-5.420431452034E-2));
#6200=CARTESIAN_POINT('',(2.245228691862E-1,-9.870844104177E-2,
5.899159699998E-3));
#6201=CARTESIAN_POINT('',(2.194312025195E-1,-7.566177198060E-2,
6.366781484582E-2));
#6202=CARTESIAN_POINT('',(2.143395358528E-1,-2.268127304888E-2,
9.624882370518E-2));
#6203=CARTESIAN_POINT('',(2.092478691862E-1,3.927202252100E-2,
9.075231328367E-2));
#6204=CARTESIAN_POINT('',(2.041562025195E-1,8.568879655996E-2,
4.935287699596E-2));
#6205=CARTESIAN_POINT('',(1.990645358528E-1,9.820580869270E-2,
-1.157128623986E-2));
#6206=CARTESIAN_POINT('',(1.939728691862E-1,7.187116794757E-2,
-6.791767758564E-2));
#6207=CARTESIAN_POINT('',(1.888812025195E-1,1.710323823837E-2,
-9.739484036876E-2));
#6208=CARTESIAN_POINT('',(1.837895358528E-1,-4.443098291358E-2,
-8.834117636906E-2));
#6209=CARTESIAN_POINT('',(1.786978691862E-1,-8.838765594785E-2,
-4.433844792256E-2));
#6210=CARTESIAN_POINT('',(1.736062025195E-1,-9.737687648077E-2,
1.720522054149E-2));
#6211=CARTESIAN_POINT('',(1.685145358528E-1,-6.784237711653E-2,
7.194225152478E-2));
#6212=CARTESIAN_POINT('',(1.634228691862E-1,-1.146843877802E-2,
9.821787311506E-2));
#6213=CARTESIAN_POINT('',(1.583312025195E-1,4.944258207062E-2,
8.563706420371E-2));
#6214=CARTESIAN_POINT('',(1.532395358528E-1,9.079339261233E-2,
3.917697723402E-2));
#6215=CARTESIAN_POINT('',(1.481478691862E-1,9.622500598418E-2,
-2.278209627365E-2));
#6216=CARTESIAN_POINT('',(1.430562025195E-1,6.358859630703E-2,
-7.572823850278E-2));
#6217=CARTESIAN_POINT('',(1.379645358528E-1,5.795605708616E-3,
-9.871517939308E-2));
#6218=CARTESIAN_POINT('',(1.328728691862E-1,-5.429021147902E-2,
-8.264894810281E-2));
#6219=CARTESIAN_POINT('',(1.277812025195E-1,-9.289802507606E-2,
-3.388558138298E-2));
#6220=CARTESIAN_POINT('',(1.226895358528E-1,-9.475401812899E-2,
2.828341844943E-2));
#6221=CARTESIAN_POINT('',(1.175978691862E-1,-5.912393218453E-2,
7.926308200714E-2));
#6222=CARTESIAN_POINT('',(1.125062025195E-1,-1.035530516319E-4,
9.888511313863E-2));
#6223=CARTESIAN_POINT('',(1.074145358528E-1,5.895779749536E-2,
7.938672580301E-2));
#6224=CARTESIAN_POINT('',(1.023228691862E-1,9.469456293750E-2,
2.848185320209E-2));
#6225=CARTESIAN_POINT('',(9.723120251951E-2,9.296883105022E-2,
-3.369110920763E-2));
#6226=CARTESIAN_POINT('',(9.213953585284E-2,5.446304268207E-2,
-8.253443766014E-2));
#6227=CARTESIAN_POINT('',(8.704786918618E-2,-5.588287935540E-3,
-9.872943040899E-2));
#6228=CARTESIAN_POINT('',(8.195620251951E-2,-6.343192945415E-2,
-7.585255909051E-2));
#6229=CARTESIAN_POINT('',(7.856175807506E-2,-8.525686148112E-2,
-4.062820074608E-2));
#6230=CARTESIAN_POINT('',(7.686453585284E-2,-8.983556977470E-2,
-2.146813918524E-2));
#6231=CARTESIAN_POINT('',(2.339440674720E-1,2.744532267169E-2,
-9.229881362912E-2));
#6232=CARTESIAN_POINT('',(2.322468452498E-1,7.759902346963E-3,
-9.815233104171E-2));
#6233=CARTESIAN_POINT('',(2.288524008053E-1,-3.541901615769E-2,
-9.680876055025E-2));
#6234=CARTESIAN_POINT('',(2.237607341387E-1,-8.622516589315E-2,
-5.650932361014E-2));
#6235=CARTESIAN_POINT('',(2.186690674720E-1,-1.029059639854E-1,
6.150018268196E-3));
#6236=CARTESIAN_POINT('',(2.135774008053E-1,-7.887924781641E-2,
6.637525415662E-2));
#6237=CARTESIAN_POINT('',(2.084857341387E-1,-2.364578188934E-2,
1.003417527550E-1));
#6238=CARTESIAN_POINT('',(2.033940674720E-1,4.094204398861E-2,
9.461150620753E-2));
#6239=CARTESIAN_POINT('',(1.983024008053E-1,8.933266618018E-2,
5.145158133510E-2));
#6240=CARTESIAN_POINT('',(1.932107341387E-1,1.023819574682E-1,
-1.206334891420E-2));
#6241=CARTESIAN_POINT('',(1.881190674720E-1,7.492745040184E-2,
-7.080584000553E-2));
#6242=CARTESIAN_POINT('',(1.830274008053E-1,1.783054417247E-2,
-1.015365031559E-1));
#6243=CARTESIAN_POINT('',(1.779357341387E-1,-4.632038637512E-2,
-9.209783700275E-2));
#6244=CARTESIAN_POINT('',(1.728440674720E-1,-9.214629310044E-2,
-4.622391638377E-2));
#6245=CARTESIAN_POINT('',(1.677524008053E-1,-1.015177753633E-1,
1.793686321774E-2));
#6246=CARTESIAN_POINT('',(1.626607341387E-1,-7.072733742479E-2,
7.500155676964E-2));
#6247=CARTESIAN_POINT('',(1.575690674720E-1,-1.195612791980E-2,
1.023945349235E-1));
#6248=CARTESIAN_POINT('',(1.524774008053E-1,5.154510106943E-2,
8.927873393352E-2));
#6249=CARTESIAN_POINT('',(1.473857341387E-1,9.465433241238E-2,
4.084295695233E-2));
#6250=CARTESIAN_POINT('',(1.422940674720E-1,1.003169221983E-1,
-2.375089256709E-2));
#6251=CARTESIAN_POINT('',(1.372024008053E-1,6.629266689242E-2,
-7.894854079142E-2));
#6252=CARTESIAN_POINT('',(1.321107341387E-1,6.042060699469E-3,
-1.029129888814E-1));
#6253=CARTESIAN_POINT('',(1.270190674720E-1,-5.659887329042E-2,
-8.616354981534E-2));
#6254=CARTESIAN_POINT('',(1.219274008053E-1,-9.684846323066E-2,
-3.532654736128E-2));
#6255=CARTESIAN_POINT('',(1.168357341387E-1,-9.878338138200E-2,
2.948615548602E-2));
#6256=CARTESIAN_POINT('',(1.117440674720E-1,-6.163814534849E-2,
8.263370159950E-2));
#6257=CARTESIAN_POINT('',(1.066524008053E-1,-1.079565890145E-4,
1.030901489674E-1));
#6258=CARTESIAN_POINT('',(1.015607341387E-1,6.146494587173E-2,
8.276260328076E-2));
#6259=CARTESIAN_POINT('',(9.646906747198E-2,9.872139789072E-2,
2.969302856897E-2));
#6260=CARTESIAN_POINT('',(9.137740080532E-2,9.692228019049E-2,
-3.512380536211E-2));
#6261=CARTESIAN_POINT('',(8.628573413865E-2,5.677905404669E-2,
-8.604416987817E-2));
#6262=CARTESIAN_POINT('',(8.119406747198E-2,-5.825926850484E-3,
-1.029278459141E-1));
#6263=CARTESIAN_POINT('',(7.610240080532E-2,-6.612933786656E-2,
-7.907814804474E-2));
#6264=CARTESIAN_POINT('',(7.270795636087E-2,-8.888236329626E-2,
-4.235589295750E-2));
#6265=CARTESIAN_POINT('',(7.101073413865E-2,-9.365577867782E-2,
-2.238106016582E-2));
#6266=CARTESIAN_POINT('',(2.330125794110E-1,2.825579898955E-2,
-9.502445119980E-2));
#6267=CARTESIAN_POINT('',(2.313153571888E-1,7.989056769973E-3,
-1.010508263811E-1));
#6268=CARTESIAN_POINT('',(2.279209127444E-1,-3.646496027507E-2,
-9.966757947275E-2));
#6269=CARTESIAN_POINT('',(2.228292460777E-1,-8.877144511881E-2,
-5.817807675517E-2));
#6270=CARTESIAN_POINT('',(2.177375794110E-1,-1.059448368664E-1,
6.331631879391E-3));
#6271=CARTESIAN_POINT('',(2.126459127444E-1,-8.120859781499E-2,
6.833535396050E-2));
#6272=CARTESIAN_POINT('',(2.075542460777E-1,-2.434405556125E-2,
1.033049029891E-1));
#6273=CARTESIAN_POINT('',(2.024625794110E-1,4.215108632543E-2,
9.740543893319E-2));
#6274=CARTESIAN_POINT('',(1.973709127444E-1,9.197071169405E-2,
5.297097641337E-2));
#6275=CARTESIAN_POINT('',(1.922792460777E-1,1.054053561324E-1,
-1.241958661364E-2));
#6276=CARTESIAN_POINT('',(1.871875794110E-1,7.714010152768E-2,
-7.289677758267E-2));
#6277=CARTESIAN_POINT('',(1.820959127444E-1,1.835709049730E-2,
-1.045349350632E-1));
#6278=CARTESIAN_POINT('',(1.770042460777E-1,-4.768825428618E-2,
-9.481753961694E-2));
#6279=CARTESIAN_POINT('',(1.719125794110E-1,-9.486742665133E-2,
-4.758893547996E-2));
#6280=CARTESIAN_POINT('',(1.668209127444E-1,-1.045156542281E-1,
1.846654920572E-2));
#6281=CARTESIAN_POINT('',(1.617292460777E-1,-7.281595677514E-2,
7.721639629956E-2));
#6282=CARTESIAN_POINT('',(1.566375794110E-1,-1.230919932101E-2,
1.054183050073E-1));
#6283=CARTESIAN_POINT('',(1.515459127444E-1,5.306725783976E-2,
9.191518679683E-2));
#6284=CARTESIAN_POINT('',(1.464542460777E-1,9.744952982074E-2,
4.204907319142E-2));
#6285=CARTESIAN_POINT('',(1.413625794110E-1,1.032793391717E-1,
-2.445227021836E-2));
#6286=CARTESIAN_POINT('',(1.362709127444E-1,6.825032784642E-2,
-8.127993705179E-2));
#6287=CARTESIAN_POINT('',(1.311792460777E-1,6.220486260961E-3,
-1.059520692117E-1));
#6288=CARTESIAN_POINT('',(1.260875794110E-1,-5.827027088952E-2,
-8.870800948244E-2));
#6289=CARTESIAN_POINT('',(1.209959127444E-1,-9.970845459637E-2,
-3.636976082139E-2));
#6290=CARTESIAN_POINT('',(1.159042460777E-1,-1.017005120045E-1,
3.035689878215E-2));
#6291=CARTESIAN_POINT('',(1.108125794110E-1,-6.345835557810E-2,
8.507392279876E-2));
#6292=CARTESIAN_POINT('',(1.057209127444E-1,-1.111446097859E-4,
1.061344609379E-1));
#6293=CARTESIAN_POINT('',(1.006292460777E-1,6.328004142021E-2,
8.520663102153E-2));
#6294=CARTESIAN_POINT('',(9.553757941102E-2,1.016366981047E-1,
3.056988094738E-2));
#6295=CARTESIAN_POINT('',(9.044591274435E-2,9.978445141389E-2,
-3.616103173324E-2));
#6296=CARTESIAN_POINT('',(8.535424607769E-2,5.845577248816E-2,
-8.858510418639E-2));
#6297=CARTESIAN_POINT('',(8.026257941102E-2,-5.997969853892E-3,
-1.059673649811E-1));
#6298=CARTESIAN_POINT('',(7.517091274435E-2,-6.808217561957E-2,
-8.141337168258E-2));
#6299=CARTESIAN_POINT('',(7.177646829991E-2,-9.150711110445E-2,
-4.360668707549E-2));
#6300=CARTESIAN_POINT('',(7.007924607769E-2,-9.642148821448E-2,
-2.304198587072E-2));
#6301=B_SPLINE_SURFACE_WITH_KNOTS('',3,3,((#6126,#6127,#6128,#6129,#6130,#6131,
#6132,#6133,#6134,#6135,#6136,#6137,#6138,#6139,#6140,#6141,#6142,#6143,#6144,
#6145,#6146,#6147,#6148,#6149,#6150,#6151,#6152,#6153,#6154,#6155,#6156,#6157,
#6158,#6159,#6160),(#6161,#6162,#6163,#6164,#6165,#6166,#6167,#6168,#6169,#6170,
#6171,#6172,#6173,#6174,#6175,#6176,#6177,#6178,#6179,#6180,#6181,#6182,#6183,
#6184,#6185,#6186,#6187,#6188,#6189,#6190,#6191,#6192,#6193,#6194,#6195),(#6196,
#6197,#6198,#6199,#6200,#6201,#6202,#6203,#6204,#6205,#6206,#6207,#6208,#6209,
#6210,#6211,#6212,#6213,#6214,#6215,#6216,#6217,#6218,#6219,#6220,#6221,#6222,
#6223,#6224,#6225,#6226,#6227,#6228,#6229,#6230),(#6231,#6232,#6233,#6234,#6235,
#6236,#6237,#6238,#6239,#6240,#6241,#6242,#6243,#6244,#6245,#6246,#6247,#6248,
#6249,#6250,#6251,#6252,#6253,#6254,#6255,#6256,#6257,#6258,#6259,#6260,#6261,
#6262,#6263,#6264,#6265),(#6266,#6267,#6268,#6269,#6270,#6271,#6272,#6273,#6274,
#6275,#6276,#6277,#6278,#6279,#6280,#6281,#6282,#6283,#6284,#6285,#6286,#6287,
#6288,#6289,#6290,#6291,#6292,#6293,#6294,#6295,#6296,#6297,#6298,#6299,#6300)),
.UNSPECIFIED.,.F.,.F.,.F.,(4,1,4),(4,1,1,1,1,1,1,1,1,1,1,1,1,1,1,1,1,1,1,1,1,1,
1,1,1,1,1,1,1,1,1,1,4),(-8.629076222775E-2,5.E-1,1.086717743335E0),(-2.E-2,
1.25E-2,4.5E-2,7.75E-2,1.1E-1,1.425E-1,1.75E-1,2.075E-1,2.4E-1,2.725E-1,3.05E-1,
3.375E-1,3.7E-1,4.025E-1,4.35E-1,4.675E-1,5.E-1,5.325E-1,5.65E-1,5.975E-1,
6.3E-1,6.625E-1,6.95E-1,7.275E-1,7.6E-1,7.925E-1,8.25E-1,8.575E-1,8.9E-1,
9.225E-1,9.55E-1,9.875E-1,1.02E0),.UNSPECIFIED.);
#6302=ORIENTED_EDGE('',*,*,#5074,.F.);
#6303=ORIENTED_EDGE('',*,*,#5124,.F.);
#6304=ORIENTED_EDGE('',*,*,#5310,.F.);
#6306=ORIENTED_EDGE('',*,*,#6305,.T.);
#6307=ORIENTED_EDGE('',*,*,#6116,.T.);
#6308=EDGE_LOOP('',(#6302,#6303,#6304,#6306,#6307));
#6309=FACE_OUTER_BOUND('',#6308,.F.);
#6311=CARTESIAN_POINT('',(4.032520504260E-1,8.951814413546E-2,
-4.258295160508E-2));
#6312=CARTESIAN_POINT('',(4.015548282038E-1,8.043608481039E-2,
-6.167531286854E-2));
#6313=CARTESIAN_POINT('',(3.981603837594E-1,4.966451534069E-2,
-9.378350238217E-2));
#6314=CARTESIAN_POINT('',(3.930687170927E-1,-1.616394213376E-2,
-1.048922042752E-1));
#6315=CARTESIAN_POINT('',(3.879770504260E-1,-7.559151940694E-2,
-7.449100453683E-2));
#6316=CARTESIAN_POINT('',(3.828853837594E-1,-1.051156414094E-1,
-1.462355679782E-2));
#6317=CARTESIAN_POINT('',(3.777937170927E-1,-9.305403039159E-2,
5.103011831866E-2));
#6318=CARTESIAN_POINT('',(3.727020504260E-1,-4.417899979560E-2,
9.649528027069E-2));
#6319=CARTESIAN_POINT('',(3.676103837594E-1,2.217392269040E-2,
1.037855617568E-1));
#6320=CARTESIAN_POINT('',(3.625187170927E-1,7.975450773856E-2,
7.001673552444E-2));
#6321=CARTESIAN_POINT('',(3.574270504260E-1,1.057830425955E-1,
8.548267070958E-3));
#6322=CARTESIAN_POINT('',(3.523353837594E-1,8.996225438380E-2,
-5.630202244536E-2));
#6323=CARTESIAN_POINT('',(3.472437170927E-1,3.855107963442E-2,
-9.887840613574E-2));
#6324=CARTESIAN_POINT('',(3.421520504260E-1,-2.811146743029E-2,
-1.023370428707E-1));
#6325=CARTESIAN_POINT('',(3.370603837594E-1,-8.365270584704E-2,
-6.530964513611E-2));
#6326=CARTESIAN_POINT('',(3.319687170927E-1,-1.060997074655E-1,
-2.444794337522E-3));
#6327=CARTESIAN_POINT('',(3.268770504260E-1,-8.657210936310E-2,
6.138725294404E-2));
#6328=CARTESIAN_POINT('',(3.217853837594E-1,-3.279531562933E-2,
1.009336030089E-1));
#6329=CARTESIAN_POINT('',(3.166937170927E-1,3.395578575438E-2,
1.005491400132E-1));
#6330=CARTESIAN_POINT('',(3.116020504260E-1,8.727348049429E-2,
6.038596315397E-2));
#6331=CARTESIAN_POINT('',(3.065103837594E-1,1.060645068992E-1,
-3.666786000458E-3));
#6332=CARTESIAN_POINT('',(3.014187170927E-1,8.289485945056E-2,
-6.626890086068E-2));
#6333=CARTESIAN_POINT('',(2.963270504260E-1,2.693079032103E-2,
-1.026540670096E-1));
#6334=CARTESIAN_POINT('',(2.912353837594E-1,-3.968749418115E-2,
-9.842777936575E-2));
#6335=CARTESIAN_POINT('',(2.861437170927E-1,-9.060482449344E-2,
-5.526201904742E-2));
#6336=CARTESIAN_POINT('',(2.810520504260E-1,-1.056775566934E-1,
9.766205477358E-3));
#6337=CARTESIAN_POINT('',(2.759603837594E-1,-7.894270289003E-2,
7.093077848911E-2));
#6338=CARTESIAN_POINT('',(2.708687170927E-1,-2.097694102981E-2,
1.040340861568E-1));
#6339=CARTESIAN_POINT('',(2.657770504260E-1,4.528754101143E-2,
9.598001967531E-2));
#6340=CARTESIAN_POINT('',(2.606853837594E-1,9.363585129668E-2,
4.995471783809E-2));
#6341=CARTESIAN_POINT('',(2.555937170927E-1,1.049395377260E-1,
-1.583290829258E-2));
#6342=CARTESIAN_POINT('',(2.505020504260E-1,7.473099463572E-2,
-7.535864903097E-2));
#6343=CARTESIAN_POINT('',(2.454103837594E-1,1.494512268056E-2,
-1.050645168987E-1));
#6344=CARTESIAN_POINT('',(2.420159393149E-1,-2.882232023794E-2,
-9.717552064773E-2));
#6345=CARTESIAN_POINT('',(2.403187170927E-1,-4.739206895794E-2,
-8.706777645457E-2));
#6346=CARTESIAN_POINT('',(4.023183375670E-1,8.695330989178E-2,
-4.136288372355E-2));
#6347=CARTESIAN_POINT('',(4.006211153448E-1,7.813146571064E-2,
-5.990821910266E-2));
#6348=CARTESIAN_POINT('',(3.972266709004E-1,4.824154962942E-2,
-9.109645898192E-2));
#6349=CARTESIAN_POINT('',(3.921350042337E-1,-1.570082001815E-2,
-1.018868792652E-1));
#6350=CARTESIAN_POINT('',(3.870433375670E-1,-7.342570465085E-2,
-7.235672124569E-2));
#6351=CARTESIAN_POINT('',(3.819516709004E-1,-1.021039145776E-1,
-1.420456912106E-2));
#6352=CARTESIAN_POINT('',(3.768600042337E-1,-9.038788749994E-2,
4.956802595530E-2));
#6353=CARTESIAN_POINT('',(3.717683375670E-1,-4.291320264775E-2,
9.373054021065E-2));
#6354=CARTESIAN_POINT('',(3.666766709004E-1,2.153860527199E-2,
1.008119437784E-1));
#6355=CARTESIAN_POINT('',(3.615850042337E-1,7.746941688339E-2,
6.801064700867E-2));
#6356=CARTESIAN_POINT('',(3.564933375670E-1,1.027521936803E-1,
8.303345906434E-3));
#6357=CARTESIAN_POINT('',(3.514016709004E-1,8.738469568986E-2,
-5.468888181838E-2));
#6358=CARTESIAN_POINT('',(3.463100042337E-1,3.744653116403E-2,
-9.604538580823E-2));
#6359=CARTESIAN_POINT('',(3.412183375670E-1,-2.730603010804E-2,
-9.940492721434E-2));
#6360=CARTESIAN_POINT('',(3.361266709004E-1,-8.125592554508E-2,
-6.343842209072E-2));
#6361=CARTESIAN_POINT('',(3.310350042337E-1,-1.030597856086E-1,
-2.374747172267E-3));
#6362=CARTESIAN_POINT('',(3.259433375670E-1,-8.409168360376E-2,
5.962841254362E-2));
#6363=CARTESIAN_POINT('',(3.208516709004E-1,-3.185567876163E-2,
9.804169809020E-2));
#6364=CARTESIAN_POINT('',(3.157600042337E-1,3.298289961029E-2,
9.766825055812E-2));
#6365=CARTESIAN_POINT('',(3.106683375670E-1,8.477295935974E-2,
5.865581126543E-2));
#6366=CARTESIAN_POINT('',(3.055766709004E-1,1.030255935933E-1,
-3.561726870948E-3));
#6367=CARTESIAN_POINT('',(3.004850042337E-1,8.051979262811E-2,
-6.437019364484E-2));
#6368=CARTESIAN_POINT('',(2.953933375670E-1,2.615918123673E-2,
-9.971286811788E-2));
#6369=CARTESIAN_POINT('',(2.903016709004E-1,-3.855038566417E-2,
-9.560767019700E-2));
#6370=CARTESIAN_POINT('',(2.852100042337E-1,-8.800885516513E-2,
-5.367867613749E-2));
#6371=CARTESIAN_POINT('',(2.801183375670E-1,-1.026497301135E-1,
9.486388480691E-3));
#6372=CARTESIAN_POINT('',(2.750266709004E-1,-7.668087150807E-2,
6.889850121888E-2));
#6373=CARTESIAN_POINT('',(2.699350042337E-1,-2.037591900014E-2,
1.010533475673E-1));
#6374=CARTESIAN_POINT('',(2.648433375670E-1,4.398998243132E-2,
9.323004263379E-2));
#6375=CARTESIAN_POINT('',(2.597516709004E-1,9.095303832998E-2,
4.852343737331E-2));
#6376=CARTESIAN_POINT('',(2.546600042337E-1,1.019328565389E-1,
-1.537927081206E-2));
#6377=CARTESIAN_POINT('',(2.495683375670E-1,7.258983525450E-2,
-7.319950637382E-2));
#6378=CARTESIAN_POINT('',(2.444766709004E-1,1.451692164046E-2,
-1.020542548637E-1));
#6379=CARTESIAN_POINT('',(2.410822264559E-1,-2.799651587568E-2,
-9.439129064150E-2));
#6380=CARTESIAN_POINT('',(2.393850042337E-1,-4.603421237461E-2,
-8.457314906111E-2));
#6381=CARTESIAN_POINT('',(3.964645358528E-1,8.340896991896E-2,
-3.967687404370E-2));
#6382=CARTESIAN_POINT('',(3.947673136306E-1,7.494671659185E-2,
-5.746627530626E-2));
#6383=CARTESIAN_POINT('',(3.913728691862E-1,4.627515579214E-2,
-8.738323838854E-2));
#6384=CARTESIAN_POINT('',(3.862812025195E-1,-1.506083237345E-2,
-9.773382586982E-2));
#6385=CARTESIAN_POINT('',(3.811895358528E-1,-7.043276901274E-2,
-6.940735888407E-2));
#6386=CARTESIAN_POINT('',(3.760978691862E-1,-9.794201451568E-2,
-1.362557078051E-2));
#6387=CARTESIAN_POINT('',(3.710062025195E-1,-8.670354928298E-2,
4.754756306566E-2));
#6388=CARTESIAN_POINT('',(3.659145358528E-1,-4.116399977445E-2,
8.990995073848E-2));
#6389=CARTESIAN_POINT('',(3.608228691862E-1,2.066066123836E-2,
9.670270627478E-2));
#6390=CARTESIAN_POINT('',(3.557312025195E-1,7.431165381178E-2,
6.523843678377E-2));
#6391=CARTESIAN_POINT('',(3.506395358528E-1,9.856386884469E-2,
7.964889775886E-3));
#6392=CARTESIAN_POINT('',(3.455478691862E-1,8.382277182138E-2,
-5.245968559642E-2));
#6393=CARTESIAN_POINT('',(3.404562025195E-1,3.592015755717E-2,
-9.213043995339E-2));
#6394=CARTESIAN_POINT('',(3.353645358528E-1,-2.619299767567E-2,
-9.535304169716E-2));
#6395=CARTESIAN_POINT('',(3.302728691862E-1,-7.794381902151E-2,
-6.085258222437E-2));
#6396=CARTESIAN_POINT('',(3.251812025195E-1,-9.885892289065E-2,
-2.277949116638E-3));
#6397=CARTESIAN_POINT('',(3.200895358528E-1,-8.066398756838E-2,
5.719787405857E-2));
#6398=CARTESIAN_POINT('',(3.149978691862E-1,-3.055719621120E-2,
9.404537972145E-2));
#6399=CARTESIAN_POINT('',(3.099062025195E-1,3.163846994276E-2,
9.368715443930E-2));
#6400=CARTESIAN_POINT('',(3.048145358528E-1,8.131749356037E-2,
5.626491738496E-2));
#6401=CARTESIAN_POINT('',(2.997228691862E-1,9.882612459029E-2,
-3.416545842915E-3));
#6402=CARTESIAN_POINT('',(2.946312025195E-1,7.723769192406E-2,
-6.174637345125E-2));
#6403=CARTESIAN_POINT('',(2.895395358528E-1,2.509289598745E-2,
-9.564843049366E-2));
#6404=CARTESIAN_POINT('',(2.844478691862E-1,-3.697901738563E-2,
-9.171056624996E-2));
#6405=CARTESIAN_POINT('',(2.793562025195E-1,-8.442148967310E-2,
-5.149065732878E-2));
#6406=CARTESIAN_POINT('',(2.742645358528E-1,-9.846558183795E-2,
9.099709860503E-3));
#6407=CARTESIAN_POINT('',(2.691728691862E-1,-7.355525066194E-2,
6.609010079983E-2));
#6408=CARTESIAN_POINT('',(2.640812025195E-1,-1.954536770445E-2,
9.693427010363E-2));
#6409=CARTESIAN_POINT('',(2.589895358528E-1,4.219688849011E-2,
8.942985415119E-2));
#6410=CARTESIAN_POINT('',(2.538978691862E-1,8.724566376535E-2,
4.654555339265E-2));
#6411=CARTESIAN_POINT('',(2.488062025195E-1,9.777792904482E-2,
-1.475238996808E-2));
#6412=CARTESIAN_POINT('',(2.437145358528E-1,6.963097083596E-2,
-7.021579089761E-2));
#6413=CARTESIAN_POINT('',(2.386228691862E-1,1.392519136916E-2,
-9.789437900200E-2));
#6414=CARTESIAN_POINT('',(2.352284247417E-1,-2.685533826621E-2,
-9.054376804663E-2));
#6415=CARTESIAN_POINT('',(2.335312025195E-1,-4.415779272779E-2,
-8.112582781230E-2));
#6416=CARTESIAN_POINT('',(3.906107341387E-1,8.695589114720E-2,
-4.136411160283E-2));
#6417=CARTESIAN_POINT('',(3.889135119164E-1,7.813378508490E-2,
-5.990999751012E-2));
#6418=CARTESIAN_POINT('',(3.855190674720E-1,4.824298170557E-2,
-9.109916322893E-2));
#6419=CARTESIAN_POINT('',(3.804274008053E-1,-1.570128610537E-2,
-1.018899038316E-1));
#6420=CARTESIAN_POINT('',(3.753357341387E-1,-7.342788433209E-2,
-7.235886919359E-2));
#6421=CARTESIAN_POINT('',(3.702440674720E-1,-1.021069455868E-1,
-1.420499079127E-2));
#6422=CARTESIAN_POINT('',(3.651524008053E-1,-9.039057071263E-2,
4.956949740861E-2));
#6423=CARTESIAN_POINT('',(3.600607341387E-1,-4.291447654908E-2,
9.373332265177E-2));
#6424=CARTESIAN_POINT('',(3.549690674720E-1,2.153924465699E-2,
1.008149364348E-1));
#6425=CARTESIAN_POINT('',(3.498774008053E-1,7.747171660439E-2,
6.801266594103E-2));
#6426=CARTESIAN_POINT('',(3.447857341387E-1,1.027552439340E-1,
8.303592395690E-3));
#6427=CARTESIAN_POINT('',(3.396940674720E-1,8.738728975119E-2,
-5.469050528703E-2));
#6428=CARTESIAN_POINT('',(3.346024008053E-1,3.744764278430E-2,
-9.604823696678E-2));
#6429=CARTESIAN_POINT('',(3.295107341387E-1,-2.730684070212E-2,
-9.940787810266E-2));
#6430=CARTESIAN_POINT('',(3.244190674720E-1,-8.125833767060E-2,
-6.344030529414E-2));
#6431=CARTESIAN_POINT('',(3.193274008053E-1,-1.030628449933E-1,
-2.374817667904E-3));
#6432=CARTESIAN_POINT('',(3.142357341387E-1,-8.409417991027E-2,
5.963018264487E-2));
#6433=CARTESIAN_POINT('',(3.091440674720E-1,-3.185662441446E-2,
9.804460851035E-2));
#6434=CARTESIAN_POINT('',(3.040524008053E-1,3.298387872527E-2,
9.767114989227E-2));
#6435=CARTESIAN_POINT('',(2.989607341387E-1,8.477547589029E-2,
5.865755249449E-2));
#6436=CARTESIAN_POINT('',(2.938690674720E-1,1.030286519630E-1,
-3.561832602712E-3));
#6437=CARTESIAN_POINT('',(2.887774008053E-1,8.052218290114E-2,
-6.437210450840E-2));
#6438=CARTESIAN_POINT('',(2.836857341387E-1,2.615995778599E-2,
-9.971582814760E-2));
#6439=CARTESIAN_POINT('',(2.785940674720E-1,-3.855153005294E-2,
-9.561050836172E-2));
#6440=CARTESIAN_POINT('',(2.735024008053E-1,-8.801146775498E-2,
-5.368026961764E-2));
#6441=CARTESIAN_POINT('',(2.684107341387E-1,-1.026527773256E-1,
9.486670089198E-3));
#6442=CARTESIAN_POINT('',(2.633190674720E-1,-7.668314782067E-2,
6.890054650766E-2));
#6443=CARTESIAN_POINT('',(2.582274008053E-1,-2.037652387017E-2,
1.010563473899E-1));
#6444=CARTESIAN_POINT('',(2.531357341387E-1,4.399128829743E-2,
9.323281021737E-2));
#6445=CARTESIAN_POINT('',(2.480440674720E-1,9.095573831947E-2,
4.852487781745E-2));
#6446=CARTESIAN_POINT('',(2.429524008053E-1,1.019358824702E-1,
-1.537972735393E-2));
#6447=CARTESIAN_POINT('',(2.378607341387E-1,7.259199012250E-2,
-7.320167934024E-2));
#6448=CARTESIAN_POINT('',(2.327690674720E-1,1.451735258303E-2,
-1.020572843987E-1));
#6449=CARTESIAN_POINT('',(2.293746230275E-1,-2.799734696720E-2,
-9.439409269734E-2));
#6450=CARTESIAN_POINT('',(2.276774008053E-1,-4.603557892478E-2,
-8.457565966019E-2));
#6451=CARTESIAN_POINT('',(3.896792460777E-1,8.952374911400E-2,
-4.258561784143E-2));
#6452=CARTESIAN_POINT('',(3.879820238555E-1,8.044112113608E-2,
-6.167917453042E-2));
#6453=CARTESIAN_POINT('',(3.845875794110E-1,4.966762497332E-2,
-9.378937442658E-2));
#6454=CARTESIAN_POINT('',(3.794959127444E-1,-1.616495420287E-2,
-1.048987718662E-1));
#6455=CARTESIAN_POINT('',(3.744042460777E-1,-7.559625240099E-2,
-7.449566862460E-2));
#6456=CARTESIAN_POINT('',(3.693125794110E-1,-1.051222229904E-1,
-1.462447241914E-2));
#6457=CARTESIAN_POINT('',(3.642209127444E-1,-9.305985676174E-2,
5.103331345547E-2));
#6458=CARTESIAN_POINT('',(3.591292460777E-1,-4.418176596494E-2,
9.650132210701E-2));
#6459=CARTESIAN_POINT('',(3.540375794110E-1,2.217531106102E-2,
1.037920600578E-1));
#6460=CARTESIAN_POINT('',(3.489459127444E-1,7.975950138882E-2,
7.002111946586E-2));
#6461=CARTESIAN_POINT('',(3.438542460777E-1,1.057896659643E-1,
8.548802301597E-3));
#6462=CARTESIAN_POINT('',(3.387625794110E-1,8.996788716931E-2,
-5.630554767067E-2));
#6463=CARTESIAN_POINT('',(3.336709127444E-1,3.855349342412E-2,
-9.888459718617E-2));
#6464=CARTESIAN_POINT('',(3.285792460777E-1,-2.811322756700E-2,
-1.023434504760E-1));
#6465=CARTESIAN_POINT('',(3.234875794110E-1,-8.365794357427E-2,
-6.531373435359E-2));
#6466=CARTESIAN_POINT('',(3.183959127444E-1,-1.061063506616E-1,
-2.444947412856E-3));
#6467=CARTESIAN_POINT('',(3.133042460777E-1,-8.657752988225E-2,
6.139109656969E-2));
#6468=CARTESIAN_POINT('',(3.082125794110E-1,-3.279736903473E-2,
1.009399227408E-1));
#6469=CARTESIAN_POINT('',(3.031209127444E-1,3.395791182002E-2,
1.005554356729E-1));
#6470=CARTESIAN_POINT('',(2.980292460777E-1,8.727894492823E-2,
6.038974408610E-2));
#6471=CARTESIAN_POINT('',(2.929375794110E-1,1.060711478912E-1,
-3.667015588069E-3));
#6472=CARTESIAN_POINT('',(2.878459127444E-1,8.290004972693E-2,
-6.627305013981E-2));
#6473=CARTESIAN_POINT('',(2.827542460777E-1,2.693247653228E-2,
-1.026604944646E-1));
#6474=CARTESIAN_POINT('',(2.776625794110E-1,-3.968997912491E-2,
-9.843394220119E-2));
#6475=CARTESIAN_POINT('',(2.725709127444E-1,-9.061049751204E-2,
-5.526547915525E-2));
#6476=CARTESIAN_POINT('',(2.674792460777E-1,-1.056841734575E-1,
9.766816966488E-3));
#6477=CARTESIAN_POINT('',(2.623875794110E-1,-7.894764571095E-2,
7.093521966128E-2));
#6478=CARTESIAN_POINT('',(2.572959127444E-1,-2.097825445409E-2,
1.040406000187E-1));
#6479=CARTESIAN_POINT('',(2.522042460777E-1,4.529037658960E-2,
9.598602924974E-2));
#6480=CARTESIAN_POINT('',(2.471125794110E-1,9.364171409625E-2,
4.995784564111E-2));
#6481=CARTESIAN_POINT('',(2.420209127444E-1,1.049461082807E-1,
-1.583389963475E-2));
#6482=CARTESIAN_POINT('',(2.369292460777E-1,7.473567374994E-2,
-7.536336744436E-2));
#6483=CARTESIAN_POINT('',(2.318375794110E-1,1.494605843602E-2,
-1.050710952786E-1));
#6484=CARTESIAN_POINT('',(2.284431349666E-1,-2.882412488311E-2,
-9.718160507578E-2));
#6485=CARTESIAN_POINT('',(2.267459127444E-1,-4.739503630643E-2,
-8.707322800881E-2));
#6486=B_SPLINE_SURFACE_WITH_KNOTS('',3,3,((#6311,#6312,#6313,#6314,#6315,#6316,
#6317,#6318,#6319,#6320,#6321,#6322,#6323,#6324,#6325,#6326,#6327,#6328,#6329,
#6330,#6331,#6332,#6333,#6334,#6335,#6336,#6337,#6338,#6339,#6340,#6341,#6342,
#6343,#6344,#6345),(#6346,#6347,#6348,#6349,#6350,#6351,#6352,#6353,#6354,#6355,
#6356,#6357,#6358,#6359,#6360,#6361,#6362,#6363,#6364,#6365,#6366,#6367,#6368,
#6369,#6370,#6371,#6372,#6373,#6374,#6375,#6376,#6377,#6378,#6379,#6380),(#6381,
#6382,#6383,#6384,#6385,#6386,#6387,#6388,#6389,#6390,#6391,#6392,#6393,#6394,
#6395,#6396,#6397,#6398,#6399,#6400,#6401,#6402,#6403,#6404,#6405,#6406,#6407,
#6408,#6409,#6410,#6411,#6412,#6413,#6414,#6415),(#6416,#6417,#6418,#6419,#6420,
#6421,#6422,#6423,#6424,#6425,#6426,#6427,#6428,#6429,#6430,#6431,#6432,#6433,
#6434,#6435,#6436,#6437,#6438,#6439,#6440,#6441,#6442,#6443,#6444,#6445,#6446,
#6447,#6448,#6449,#6450),(#6451,#6452,#6453,#6454,#6455,#6456,#6457,#6458,#6459,
#6460,#6461,#6462,#6463,#6464,#6465,#6466,#6467,#6468,#6469,#6470,#6471,#6472,
#6473,#6474,#6475,#6476,#6477,#6478,#6479,#6480,#6481,#6482,#6483,#6484,#6485)),
.UNSPECIFIED.,.F.,.F.,.F.,(4,1,4),(4,1,1,1,1,1,1,1,1,1,1,1,1,1,1,1,1,1,1,1,1,1,
1,1,1,1,1,1,1,1,1,1,4),(-8.629076222775E-2,5.E-1,1.086717743335E0),(-2.E-2,
1.25E-2,4.5E-2,7.75E-2,1.1E-1,1.425E-1,1.75E-1,2.075E-1,2.4E-1,2.725E-1,3.05E-1,
3.375E-1,3.7E-1,4.025E-1,4.35E-1,4.675E-1,5.E-1,5.325E-1,5.65E-1,5.975E-1,
6.3E-1,6.625E-1,6.95E-1,7.275E-1,7.6E-1,7.925E-1,8.25E-1,8.575E-1,8.9E-1,
9.225E-1,9.55E-1,9.875E-1,1.02E0),.UNSPECIFIED.);
#6488=ORIENTED_EDGE('',*,*,#6487,.T.);
#6489=ORIENTED_EDGE('',*,*,#5969,.T.);
#6490=ORIENTED_EDGE('',*,*,#6305,.F.);
#6492=ORIENTED_EDGE('',*,*,#6491,.F.);
#6493=EDGE_LOOP('',(#6488,#6489,#6490,#6492));
#6494=FACE_OUTER_BOUND('',#6493,.F.);
#6496=CARTESIAN_POINT('',(5.082351574596E-1,9.748967699956E-2,
1.796019975887E-2));
#6497=CARTESIAN_POINT('',(5.059385664061E-1,1.026729573030E-1,
-1.017514001263E-2));
#6498=CARTESIAN_POINT('',(5.013453842990E-1,8.706248556924E-2,
-7.088761934640E-2));
#6499=CARTESIAN_POINT('',(4.944556111383E-1,2.404403169311E-3,
-1.122924304370E-1));
#6500=CARTESIAN_POINT('',(4.875658379777E-1,-8.395785797335E-2,
-7.458806323440E-2));
#6501=CARTESIAN_POINT('',(4.806760648171E-1,-1.112165889627E-1,
1.560409617212E-2));
#6502=CARTESIAN_POINT('',(4.737862916564E-1,-6.018752392589E-2,
9.481661232644E-2));
#6503=CARTESIAN_POINT('',(4.668965184958E-1,3.320953631517E-2,
1.072837063830E-1));
#6504=CARTESIAN_POINT('',(4.600067453351E-1,1.032293643031E-1,
4.423096501846E-2));
#6505=CARTESIAN_POINT('',(4.531169721745E-1,1.005830242851E-1,
-4.995733975448E-2));
#6506=CARTESIAN_POINT('',(4.462271990139E-1,2.713330559339E-2,
-1.089791890613E-1));
#6507=CARTESIAN_POINT('',(4.393374258532E-1,-6.541626555727E-2,
-9.128734390965E-2));
#6508=CARTESIAN_POINT('',(4.324476526926E-1,-1.119176970710E-1,
-9.335796254612E-3));
#6509=CARTESIAN_POINT('',(4.255578795320E-1,-7.963586076452E-2,
7.918804933914E-2));
#6510=CARTESIAN_POINT('',(4.186681063713E-1,8.699880774601E-3,
1.119670182109E-1));
#6511=CARTESIAN_POINT('',(4.117783332107E-1,9.092690551059E-2,
6.593685572056E-2));
#6512=CARTESIAN_POINT('',(4.048885600501E-1,1.090903840859E-1,
-2.653712625882E-2));
#6513=CARTESIAN_POINT('',(4.002953779430E-1,7.014760849316E-2,
-7.566097183033E-2));
#6514=CARTESIAN_POINT('',(3.979987868894E-1,4.459751505371E-2,
-8.853173186994E-2));
#6515=CARTESIAN_POINT('',(5.073014446006E-1,9.469644592458E-2,
1.744561206484E-2));
#6516=CARTESIAN_POINT('',(5.050048535471E-1,9.973121717496E-2,
-9.883606404664E-3));
#6517=CARTESIAN_POINT('',(5.004116714400E-1,8.456800976789E-2,
-6.885657865283E-2));
#6518=CARTESIAN_POINT('',(4.935218982793E-1,2.335513273929E-3,
-1.090750774224E-1));
#6519=CARTESIAN_POINT('',(4.866321251187E-1,-8.155233458772E-2,
-7.245099906042E-2));
#6520=CARTESIAN_POINT('',(4.797423519581E-1,-1.080300604819E-1,
1.515701451521E-2));
#6521=CARTESIAN_POINT('',(4.728525787974E-1,-5.846305763028E-2,
9.209996871734E-2));
#6522=CARTESIAN_POINT('',(4.659628056368E-1,3.225803137971E-2,
1.042098611131E-1));
#6523=CARTESIAN_POINT('',(4.590730324762E-1,1.002716822480E-1,
4.296367898605E-2));
#6524=CARTESIAN_POINT('',(4.521832593155E-1,9.770116399288E-2,
-4.852598416772E-2));
#6525=CARTESIAN_POINT('',(4.452934861549E-1,2.635589413114E-2,
-1.058567655722E-1));
#6526=CARTESIAN_POINT('',(4.384037129942E-1,-6.354198767075E-2,
-8.867181933712E-2));
#6527=CARTESIAN_POINT('',(4.315139398336E-1,-1.087110807510E-1,
-9.068311152490E-3));
#6528=CARTESIAN_POINT('',(4.246241666730E-1,-7.735416932994E-2,
7.691918839931E-2));
#6529=CARTESIAN_POINT('',(4.177343935123E-1,8.450615641347E-3,
1.087589887634E-1));
#6530=CARTESIAN_POINT('',(4.108446203517E-1,8.832170805953E-2,
6.404766211511E-2));
#6531=CARTESIAN_POINT('',(4.039548471911E-1,1.059647746862E-1,
-2.577679626298E-2));
#6532=CARTESIAN_POINT('',(3.993616650840E-1,6.813777026301E-2,
-7.349316715414E-2));
#6533=CARTESIAN_POINT('',(3.970650740304E-1,4.331972679193E-2,
-8.599515987390E-2));
#6534=CARTESIAN_POINT('',(5.014476428864E-1,9.083648476850E-2,
1.673450422698E-2));
#6535=CARTESIAN_POINT('',(4.991510518329E-1,9.566603161720E-2,
-9.480736619726E-3));
#6536=CARTESIAN_POINT('',(4.945578697258E-1,8.112089800394E-2,
-6.604988705690E-2));
#6537=CARTESIAN_POINT('',(4.876680965651E-1,2.240314447523E-3,
-1.046290228970E-1));
#6538=CARTESIAN_POINT('',(4.807783234045E-1,-7.822814601208E-2,
-6.949779380164E-2));
#6539=CARTESIAN_POINT('',(4.738885502439E-1,-1.036266023259E-1,
1.453919315244E-2));
#6540=CARTESIAN_POINT('',(4.669987770832E-1,-5.608002066078E-2,
8.834584364692E-2));
#6541=CARTESIAN_POINT('',(4.601090039226E-1,3.094314836714E-2,
9.996211968997E-2));
#6542=CARTESIAN_POINT('',(4.532192307620E-1,9.618446656894E-2,
4.121241862576E-2));
#6543=CARTESIAN_POINT('',(4.463294576013E-1,9.371872627587E-2,
-4.654799637611E-2));
#6544=CARTESIAN_POINT('',(4.394396844407E-1,2.528159058589E-2,
-1.015418939925E-1));
#6545=CARTESIAN_POINT('',(4.325499112801E-1,-6.095192632479E-2,
-8.505743048716E-2));
#6546=CARTESIAN_POINT('',(4.256601381194E-1,-1.042798632451E-1,
-8.698673955887E-3));
#6547=CARTESIAN_POINT('',(4.187703649588E-1,-7.420110391171E-2,
7.378385341942E-2));
#6548=CARTESIAN_POINT('',(4.118805917981E-1,8.106156587978E-3,
1.043258184591E-1));
#6549=CARTESIAN_POINT('',(4.049908186375E-1,8.472159024075E-2,
6.143698876314E-2));
#6550=CARTESIAN_POINT('',(3.981010454769E-1,1.016455005021E-1,
-2.472609756641E-2));
#6551=CARTESIAN_POINT('',(3.935078633698E-1,6.536037831436E-2,
-7.049748164892E-2));
#6552=CARTESIAN_POINT('',(3.912112723162E-1,4.155395341917E-2,
-8.248987545183E-2));
#6553=CARTESIAN_POINT('',(4.955938411722E-1,9.469925703913E-2,
1.744612994714E-2));
#6554=CARTESIAN_POINT('',(4.932972501187E-1,9.973417774938E-2,
-9.883899804796E-3));
#6555=CARTESIAN_POINT('',(4.887040680116E-1,8.457052021440E-2,
-6.885862269712E-2));
#6556=CARTESIAN_POINT('',(4.818142948510E-1,2.335582604887E-3,
-1.090783153743E-1));
#6557=CARTESIAN_POINT('',(4.749245216903E-1,-8.155475551230E-2,
-7.245314980701E-2));
#6558=CARTESIAN_POINT('',(4.680347485297E-1,-1.080332674119E-1,
1.515746445928E-2));
#6559=CARTESIAN_POINT('',(4.611449753690E-1,-5.846479313735E-2,
9.210270275407E-2));
#6560=CARTESIAN_POINT('',(4.542552022084E-1,3.225898897659E-2,
1.042129546384E-1));
#6561=CARTESIAN_POINT('',(4.473654290478E-1,1.002746588664E-1,
4.296495438580E-2));
#6562=CARTESIAN_POINT('',(4.404756558871E-1,9.770406430408E-2,
-4.852742468746E-2));
#6563=CARTESIAN_POINT('',(4.335858827265E-1,2.635667651993E-2,
-1.058599079868E-1));
#6564=CARTESIAN_POINT('',(4.266961095659E-1,-6.354387394858E-2,
-8.867445160741E-2));
#6565=CARTESIAN_POINT('',(4.198063364052E-1,-1.087143078975E-1,
-9.068580350148E-3));
#6566=CARTESIAN_POINT('',(4.129165632446E-1,-7.735646562975E-2,
7.692147178648E-2));
#6567=CARTESIAN_POINT('',(4.060267900840E-1,8.450866502383E-3,
1.087622173321E-1));
#6568=CARTESIAN_POINT('',(3.991370169233E-1,8.832432993658E-2,
6.404956340415E-2));
#6569=CARTESIAN_POINT('',(3.922472437627E-1,1.059679203071E-1,
-2.577756146094E-2));
#6570=CARTESIAN_POINT('',(3.876540616556E-1,6.813979296909E-2,
-7.349534883804E-2));
#6571=CARTESIAN_POINT('',(3.853574706020E-1,4.332101276114E-2,
-8.599771268612E-2));
#6572=CARTESIAN_POINT('',(4.946623531113E-1,9.749578109781E-2,
1.796132429664E-2));
#6573=CARTESIAN_POINT('',(4.923657620577E-1,1.026793859408E-1,
-1.017577710629E-2));
#6574=CARTESIAN_POINT('',(4.877725799506E-1,8.706793679220E-2,
-7.089205781626E-2));
#6575=CARTESIAN_POINT('',(4.808828067900E-1,2.404553715642E-3,
-1.122994613766E-1));
#6576=CARTESIAN_POINT('',(4.739930336294E-1,-8.396311480699E-2,
-7.459273339929E-2));
#6577=CARTESIAN_POINT('',(4.671032604687E-1,-1.112235525409E-1,
1.560507318773E-2));
#6578=CARTESIAN_POINT('',(4.602134873081E-1,-6.019129243319E-2,
9.482254905672E-2));
#6579=CARTESIAN_POINT('',(4.533237141474E-1,3.321161565606E-2,
1.072904237125E-1));
#6580=CARTESIAN_POINT('',(4.464339409868E-1,1.032358277790E-1,
4.423373444149E-2));
#6581=CARTESIAN_POINT('',(4.395441678262E-1,1.005893220664E-1,
-4.996046772167E-2));
#6582=CARTESIAN_POINT('',(4.326543946655E-1,2.713500448468E-2,
-1.089860125497E-1));
#6583=CARTESIAN_POINT('',(4.257646215049E-1,-6.542036145054E-2,
-9.129305966268E-2));
#6584=CARTESIAN_POINT('',(4.188748483443E-1,-1.119247045475E-1,
-9.336380794631E-3));
#6585=CARTESIAN_POINT('',(4.119850751836E-1,-7.964084698597E-2,
7.919300752188E-2));
#6586=CARTESIAN_POINT('',(4.050953020230E-1,8.700425498193E-3,
1.119740287755E-1));
#6587=CARTESIAN_POINT('',(3.982055288624E-1,9.093259869557E-2,
6.594098420942E-2));
#6588=CARTESIAN_POINT('',(3.913157557017E-1,1.090972145365E-1,
-2.653878782167E-2));
#6589=CARTESIAN_POINT('',(3.867225735946E-1,7.015200062889E-2,
-7.566570917299E-2));
#6590=CARTESIAN_POINT('',(3.844259825411E-1,4.460030742745E-2,
-8.853727508648E-2));
#6591=B_SPLINE_SURFACE_WITH_KNOTS('',3,3,((#6496,#6497,#6498,#6499,#6500,#6501,
#6502,#6503,#6504,#6505,#6506,#6507,#6508,#6509,#6510,#6511,#6512,#6513,#6514),(
#6515,#6516,#6517,#6518,#6519,#6520,#6521,#6522,#6523,#6524,#6525,#6526,#6527,
#6528,#6529,#6530,#6531,#6532,#6533),(#6534,#6535,#6536,#6537,#6538,#6539,#6540,
#6541,#6542,#6543,#6544,#6545,#6546,#6547,#6548,#6549,#6550,#6551,#6552),(#6553,
#6554,#6555,#6556,#6557,#6558,#6559,#6560,#6561,#6562,#6563,#6564,#6565,#6566,
#6567,#6568,#6569,#6570,#6571),(#6572,#6573,#6574,#6575,#6576,#6577,#6578,#6579,
#6580,#6581,#6582,#6583,#6584,#6585,#6586,#6587,#6588,#6589,#6590)),
.UNSPECIFIED.,.F.,.F.,.F.,(4,1,4),(4,1,1,1,1,1,1,1,1,1,1,1,1,1,1,1,4),(
-8.629076222775E-2,5.E-1,1.086717743335E0),(3.098950614878E-1,3.538723369812E-1,
3.978496124746E-1,4.418268879681E-1,4.858041634615E-1,5.297814389549E-1,
5.737587144483E-1,6.177359899418E-1,6.617132654352E-1,7.056905409286E-1,
7.496678164220E-1,7.936450919155E-1,8.376223674089E-1,8.815996429023E-1,
9.255769183957E-1,9.695541938892E-1,1.013531469383E0),.UNSPECIFIED.);
#6592=ORIENTED_EDGE('',*,*,#5559,.F.);
#6593=ORIENTED_EDGE('',*,*,#5812,.T.);
#6594=ORIENTED_EDGE('',*,*,#6487,.F.);
#6595=ORIENTED_EDGE('',*,*,#5509,.F.);
#6596=EDGE_LOOP('',(#6592,#6593,#6594,#6595));
#6597=FACE_OUTER_BOUND('',#6596,.F.);
#6599=CARTESIAN_POINT('',(4.196491620614E-1,1.149245106620E-1,
-5.466852472221E-2));
#6600=CARTESIAN_POINT('',(4.179519398392E-1,1.032648495529E-1,
-7.917953639225E-2));
#6601=CARTESIAN_POINT('',(4.145574953947E-1,6.375992462663E-2,
-1.204004308124E-1));
#6602=CARTESIAN_POINT('',(4.094658287280E-1,-2.075147064353E-2,
-1.346619209436E-1));
#6603=CARTESIAN_POINT('',(4.043741620614E-1,-9.704533602587E-2,
-9.563248130077E-2));
#6604=CARTESIAN_POINT('',(3.992824953947E-1,-1.349487723251E-1,
-1.877390472465E-2));
#6605=CARTESIAN_POINT('',(3.941908287280E-1,-1.194639255668E-1,
6.551310277300E-2));
#6606=CARTESIAN_POINT('',(3.890991620614E-1,-5.671755130850E-2,
1.238818451097E-1));
#6607=CARTESIAN_POINT('',(3.840074953947E-1,2.846715868902E-2,
1.332411994671E-1));
#6608=CARTESIAN_POINT('',(3.789158287280E-1,1.023898324017E-1,
8.988835890207E-2));
#6609=CARTESIAN_POINT('',(3.738241620614E-1,1.358055902972E-1,
1.097437195136E-2));
#6610=CARTESIAN_POINT('',(3.687324953947E-1,1.154946649415E-1,
-7.228123908624E-2));
#6611=CARTESIAN_POINT('',(3.636408287280E-1,4.949235716697E-2,
-1.269413318376E-1));
#6612=CARTESIAN_POINT('',(3.585491620614E-1,-3.608985272893E-2,
-1.313815728431E-1));
#6613=CARTESIAN_POINT('',(3.534574953947E-1,-1.073943877844E-1,
-8.384533751523E-2));
#6614=CARTESIAN_POINT('',(3.483658287280E-1,-1.362121286094E-1,
-3.138657482484E-3));
#6615=CARTESIAN_POINT('',(3.432741620614E-1,-1.111423544536E-1,
7.880972146608E-2));
#6616=CARTESIAN_POINT('',(3.381824953947E-1,-4.210303550309E-2,
1.295798192330E-1));
#6617=CARTESIAN_POINT('',(3.330908287280E-1,4.359286153274E-2,
1.290862408409E-1));
#6618=CARTESIAN_POINT('',(3.279991620614E-1,1.120427834652E-1,
7.752425313711E-2));
#6619=CARTESIAN_POINT('',(3.229074953947E-1,1.361669376830E-1,
-4.707465630288E-3));
#6620=CARTESIAN_POINT('',(3.178158287280E-1,1.064214551224E-1,
-8.507684198631E-2));
#6621=CARTESIAN_POINT('',(3.127241620614E-1,3.457408472076E-2,
-1.317885723892E-1));
#6622=CARTESIAN_POINT('',(3.076324953947E-1,-5.095130034496E-2,
-1.263628115663E-1));
#6623=CARTESIAN_POINT('',(3.025408287280E-1,-1.163196044677E-1,
-7.094606974434E-2));
#6624=CARTESIAN_POINT('',(2.974491620614E-1,-1.356701661796E-1,
1.253797647783E-2));
#6625=CARTESIAN_POINT('',(2.923574953947E-1,-1.013476272055E-1,
9.106181866771E-2));
#6626=CARTESIAN_POINT('',(2.872658287280E-1,-2.693045869436E-2,
1.335602581936E-1));
#6627=CARTESIAN_POINT('',(2.821741620614E-1,5.814071035640E-2,
1.232203471267E-1));
#6628=CARTESIAN_POINT('',(2.770824953947E-1,1.202108745061E-1,
6.413249021464E-2));
#6629=CARTESIAN_POINT('',(2.719908287280E-1,1.347226882185E-1,
-2.032648526680E-2));
#6630=CARTESIAN_POINT('',(2.668991620614E-1,9.594058358490E-2,
-9.674637413088E-2));
#6631=CARTESIAN_POINT('',(2.618074953947E-1,1.918673501819E-2,
-1.348831380401E-1));
#6632=CARTESIAN_POINT('',(2.584130509503E-1,-3.700245443511E-2,
-1.247551461954E-1));
#6633=CARTESIAN_POINT('',(2.567158287280E-1,-6.084252959946E-2,
-1.117786980517E-1));
#6634=CARTESIAN_POINT('',(4.135691651316E-1,1.054147657337E-1,
-5.014482718614E-2));
#6635=CARTESIAN_POINT('',(4.118719429093E-1,9.471991537257E-2,
-7.262760773669E-2));
#6636=CARTESIAN_POINT('',(4.084774984649E-1,5.848393418425E-2,
-1.104375658005E-1));
#6637=CARTESIAN_POINT('',(4.033858317982E-1,-1.903433309323E-2,
-1.235189496805E-1));
#6638=CARTESIAN_POINT('',(3.982941651316E-1,-8.901505260963E-2,
-8.771910843720E-2));
#6639=CARTESIAN_POINT('',(3.932024984649E-1,-1.237820647550E-1,
-1.722040630894E-2));
#6640=CARTESIAN_POINT('',(3.881108317982E-1,-1.095785542589E-1,
6.009204077982E-2));
#6641=CARTESIAN_POINT('',(3.830191651316E-1,-5.202430142825E-2,
1.136309008903E-1));
#6642=CARTESIAN_POINT('',(3.779274984649E-1,2.611156529640E-2,
1.222157897127E-1));
#6643=CARTESIAN_POINT('',(3.728358317982E-1,9.391730392379E-2,
8.245029925527E-2));
#6644=CARTESIAN_POINT('',(3.677441651316E-1,1.245679829659E-1,
1.006626734073E-2));
#6645=CARTESIAN_POINT('',(3.626524984649E-1,1.059377410281E-1,
-6.630012902666E-2));
#6646=CARTESIAN_POINT('',(3.575608317982E-1,4.539697586104E-2,
-1.164372219686E-1));
#6647=CARTESIAN_POINT('',(3.524691651316E-1,-3.310349853890E-2,
-1.205100430117E-1));
#6648=CARTESIAN_POINT('',(3.473774984649E-1,-9.850774359787E-2,
-7.690732430460E-2));
#6649=CARTESIAN_POINT('',(3.422858317982E-1,-1.249408811465E-1,
-2.878940630928E-3));
#6650=CARTESIAN_POINT('',(3.371941651316E-1,-1.019455744499E-1,
7.228839416439E-2));
#6651=CARTESIAN_POINT('',(3.321024984649E-1,-3.861910395502E-2,
1.188573804628E-1));
#6652=CARTESIAN_POINT('',(3.270108317982E-1,3.998565022956E-2,
1.184046445732E-1));
#6653=CARTESIAN_POINT('',(3.219191651316E-1,1.027714949848E-1,
7.110929545014E-2));
#6654=CARTESIAN_POINT('',(3.168274984649E-1,1.248994296677E-1,
-4.317933430890E-3));
#6655=CARTESIAN_POINT('',(3.117358317982E-1,9.761531892666E-2,
-7.803692454889E-2));
#6656=CARTESIAN_POINT('',(3.066441651316E-1,3.171315692624E-2,
-1.208833642602E-1));
#6657=CARTESIAN_POINT('',(3.015524984649E-1,-4.673519477048E-2,
-1.159065729493E-1));
#6658=CARTESIAN_POINT('',(2.964608317982E-1,-1.066944186629E-1,
-6.507544194659E-2));
#6659=CARTESIAN_POINT('',(2.913691651316E-1,-1.244437648896E-1,
1.150048710734E-2));
#6660=CARTESIAN_POINT('',(2.862774984649E-1,-9.296133886491E-2,
8.352665786302E-2));
#6661=CARTESIAN_POINT('',(2.811858317982E-1,-2.470202377208E-2,
1.225084470467E-1));
#6662=CARTESIAN_POINT('',(2.760941651316E-1,5.332969726393E-2,
1.130241403785E-1));
#6663=CARTESIAN_POINT('',(2.710024984649E-1,1.102636948525E-1,
5.882567080731E-2));
#6664=CARTESIAN_POINT('',(2.659108317982E-1,1.235746886E-1,-1.864451430113E-2));
#6665=CARTESIAN_POINT('',(2.608191651316E-1,8.800171594987E-2,
-8.874082913944E-2));
#6666=CARTESIAN_POINT('',(2.557274984649E-1,1.759907582365E-2,
-1.237218615596E-1));
#6667=CARTESIAN_POINT('',(2.523330540205E-1,-3.394058450525E-2,
-1.144319382742E-1));
#6668=CARTESIAN_POINT('',(2.506358317982E-1,-5.580794703781E-2,
-1.025292620457E-1));
#6669=CARTESIAN_POINT('',(4.074891682018E-1,9.590502080535E-2,
-4.562112965008E-2));
#6670=CARTESIAN_POINT('',(4.057919459795E-1,8.617498119228E-2,
-6.607567908113E-2));
#6671=CARTESIAN_POINT('',(4.023975015351E-1,5.320794374187E-2,
-1.004747007886E-1));
#6672=CARTESIAN_POINT('',(3.973058348684E-1,-1.731719554293E-2,
-1.123759784174E-1));
#6673=CARTESIAN_POINT('',(3.922141682018E-1,-8.098476919339E-2,
-7.980573557362E-2));
#6674=CARTESIAN_POINT('',(3.871225015351E-1,-1.126153571849E-1,
-1.566690789323E-2));
#6675=CARTESIAN_POINT('',(3.820308348684E-1,-9.969318295096E-2,
5.467097878665E-2));
#6676=CARTESIAN_POINT('',(3.769391682018E-1,-4.733105154800E-2,
1.033799566708E-1));
#6677=CARTESIAN_POINT('',(3.718475015351E-1,2.375597190377E-2,
1.111903799583E-1));
#6678=CARTESIAN_POINT('',(3.667558348684E-1,8.544477544589E-2,
7.501223960846E-2));
#6679=CARTESIAN_POINT('',(3.616641682018E-1,1.133303756345E-1,
9.158162730109E-3));
#6680=CARTESIAN_POINT('',(3.565725015351E-1,9.638081711478E-2,
-6.031901896709E-2));
#6681=CARTESIAN_POINT('',(3.514808348684E-1,4.130159455510E-2,
-1.059331120996E-1));
#6682=CARTESIAN_POINT('',(3.463891682018E-1,-3.011714434887E-2,
-1.096385131803E-1));
#6683=CARTESIAN_POINT('',(3.412975015351E-1,-8.962109941136E-2,
-6.996931109397E-2));
#6684=CARTESIAN_POINT('',(3.362058348684E-1,-1.136696336837E-1,
-2.619223779372E-3));
#6685=CARTESIAN_POINT('',(3.311141682018E-1,-9.274879444626E-2,
6.576706686270E-2));
#6686=CARTESIAN_POINT('',(3.260225015351E-1,-3.513517240695E-2,
1.081349416927E-1));
#6687=CARTESIAN_POINT('',(3.209308348684E-1,3.637843892639E-2,
1.077230483055E-1));
#6688=CARTESIAN_POINT('',(3.158391682018E-1,9.350020650445E-2,
6.469433776318E-2));
#6689=CARTESIAN_POINT('',(3.107475015351E-1,1.136319216525E-1,
-3.928401231493E-3));
#6690=CARTESIAN_POINT('',(3.056558348684E-1,8.880918273096E-2,
-7.099700711147E-2));
#6691=CARTESIAN_POINT('',(3.005641682018E-1,2.885222913172E-2,
-1.099781561312E-1));
#6692=CARTESIAN_POINT('',(2.954725015351E-1,-4.251908919600E-2,
-1.054503343324E-1));
#6693=CARTESIAN_POINT('',(2.903808348684E-1,-9.706923285809E-2,
-5.920481414884E-2));
#6694=CARTESIAN_POINT('',(2.852891682018E-1,-1.132173635996E-1,
1.046299773684E-2));
#6695=CARTESIAN_POINT('',(2.801975015351E-1,-8.457505052431E-2,
7.599149705833E-2));
#6696=CARTESIAN_POINT('',(2.751058348684E-1,-2.247358884979E-2,
1.114566358999E-1));
#6697=CARTESIAN_POINT('',(2.700141682018E-1,4.851868417147E-2,
1.028279336302E-1));
#6698=CARTESIAN_POINT('',(2.649225015351E-1,1.003165151988E-1,
5.351885139998E-2));
#6699=CARTESIAN_POINT('',(2.598308348684E-1,1.124266889815E-1,
-1.696254333547E-2));
#6700=CARTESIAN_POINT('',(2.547391682018E-1,8.006284831484E-2,
-8.073528414800E-2));
#6701=CARTESIAN_POINT('',(2.496475015351E-1,1.601141662911E-2,
-1.125605850790E-1));
#6702=CARTESIAN_POINT('',(2.462530570907E-1,-3.087871457539E-2,
-1.041087303529E-1));
#6703=CARTESIAN_POINT('',(2.445558348684E-1,-5.077336447617E-2,
-9.327982603968E-2));
#6704=CARTESIAN_POINT('',(4.014091712720E-1,8.639527587704E-2,
-4.109743211401E-2));
#6705=CARTESIAN_POINT('',(3.997119490497E-1,7.763004701199E-2,
-5.952375042557E-2));
#6706=CARTESIAN_POINT('',(3.963175046053E-1,4.793195329949E-2,
-9.051183577668E-2));
#6707=CARTESIAN_POINT('',(3.912258379386E-1,-1.560005799264E-2,
-1.012330071543E-1));
#6708=CARTESIAN_POINT('',(3.861341712720E-1,-7.295448577715E-2,
-7.189236271005E-2));
#6709=CARTESIAN_POINT('',(3.810425046053E-1,-1.014486496147E-1,
-1.411340947752E-2));
#6710=CARTESIAN_POINT('',(3.759508379386E-1,-8.980781164303E-2,
4.924991679348E-2));
#6711=CARTESIAN_POINT('',(3.708591712720E-1,-4.263780166775E-2,
9.312901245141E-2));
#6712=CARTESIAN_POINT('',(3.657675046053E-1,2.140037851114E-2,
1.001649702038E-1));
#6713=CARTESIAN_POINT('',(3.606758379386E-1,7.697224696798E-2,
6.757417996166E-2));
#6714=CARTESIAN_POINT('',(3.555841712720E-1,1.020927683032E-1,
8.250058119485E-3));
#6715=CARTESIAN_POINT('',(3.504925046053E-1,8.682389320144E-2,
-5.433790890751E-2));
#6716=CARTESIAN_POINT('',(3.454008379386E-1,3.720621324917E-2,
-9.542900223057E-2));
#6717=CARTESIAN_POINT('',(3.403091712720E-1,-2.713079015884E-2,
-9.876698334897E-2));
#6718=CARTESIAN_POINT('',(3.352175046053E-1,-8.073445522485E-2,
-6.303129788334E-2));
#6719=CARTESIAN_POINT('',(3.301258379386E-1,-1.023983862208E-1,
-2.359506927816E-3));
#6720=CARTESIAN_POINT('',(3.250341712720E-1,-8.355201444261E-2,
5.924573956100E-2));
#6721=CARTESIAN_POINT('',(3.199425046053E-1,-3.165124085887E-2,
9.741250292252E-2));
#6722=CARTESIAN_POINT('',(3.148508379386E-1,3.277122762322E-2,
9.704145203786E-2));
#6723=CARTESIAN_POINT('',(3.097591712720E-1,8.422891802408E-2,
5.827938007621E-2));
#6724=CARTESIAN_POINT('',(3.046675046053E-1,1.023644136372E-1,
-3.538869032096E-3));
#6725=CARTESIAN_POINT('',(2.995758379386E-1,8.000304653526E-2,
-6.395708967405E-2));
#6726=CARTESIAN_POINT('',(2.944841712720E-1,2.599130133720E-2,
-9.907294800228E-2));
#6727=CARTESIAN_POINT('',(2.893925046053E-1,-3.830298362152E-2,
-9.499409571539E-2));
#6728=CARTESIAN_POINT('',(2.843008379386E-1,-8.744404705326E-2,
-5.333418635109E-2));
#6729=CARTESIAN_POINT('',(2.792091712720E-1,-1.019909623095E-1,
9.425508366342E-3));
#6730=CARTESIAN_POINT('',(2.741175046053E-1,-7.618876218370E-2,
6.845633625365E-2));
#6731=CARTESIAN_POINT('',(2.690258379386E-1,-2.024515392750E-2,
1.004048247530E-1));
#6732=CARTESIAN_POINT('',(2.639341712720E-1,4.370767107900E-2,
9.263172688191E-2));
#6733=CARTESIAN_POINT('',(2.588425046053E-1,9.036933554516E-2,
4.821203199265E-2));
#6734=CARTESIAN_POINT('',(2.537508379386E-1,1.012786893630E-1,
-1.528057236981E-2));
#6735=CARTESIAN_POINT('',(2.486591712720E-1,7.212398067981E-2,
-7.272973915656E-2));
#6736=CARTESIAN_POINT('',(2.435675046053E-1,1.442375743458E-2,
-1.013993085984E-1));
#6737=CARTESIAN_POINT('',(2.401730601608E-1,-2.781684464554E-2,
-9.378552243164E-2));
#6738=CARTESIAN_POINT('',(2.384758379386E-1,-4.573878191453E-2,
-8.403039003366E-2));
#6739=B_SPLINE_SURFACE_WITH_KNOTS('',3,3,((#6599,#6600,#6601,#6602,#6603,#6604,
#6605,#6606,#6607,#6608,#6609,#6610,#6611,#6612,#6613,#6614,#6615,#6616,#6617,
#6618,#6619,#6620,#6621,#6622,#6623,#6624,#6625,#6626,#6627,#6628,#6629,#6630,
#6631,#6632,#6633),(#6634,#6635,#6636,#6637,#6638,#6639,#6640,#6641,#6642,#6643,
#6644,#6645,#6646,#6647,#6648,#6649,#6650,#6651,#6652,#6653,#6654,#6655,#6656,
#6657,#6658,#6659,#6660,#6661,#6662,#6663,#6664,#6665,#6666,#6667,#6668),(#6669,
#6670,#6671,#6672,#6673,#6674,#6675,#6676,#6677,#6678,#6679,#6680,#6681,#6682,
#6683,#6684,#6685,#6686,#6687,#6688,#6689,#6690,#6691,#6692,#6693,#6694,#6695,
#6696,#6697,#6698,#6699,#6700,#6701,#6702,#6703),(#6704,#6705,#6706,#6707,#6708,
#6709,#6710,#6711,#6712,#6713,#6714,#6715,#6716,#6717,#6718,#6719,#6720,#6721,
#6722,#6723,#6724,#6725,#6726,#6727,#6728,#6729,#6730,#6731,#6732,#6733,#6734,
#6735,#6736,#6737,#6738)),.UNSPECIFIED.,.F.,.F.,.F.,(4,4),(4,1,1,1,1,1,1,1,1,1,
1,1,1,1,1,1,1,1,1,1,1,1,1,1,1,1,1,1,1,1,1,1,4),(2.849950876500E-2,
1.075017437692E0),(-2.E-2,1.25E-2,4.5E-2,7.75E-2,1.1E-1,1.425E-1,1.75E-1,
2.075E-1,2.4E-1,2.725E-1,3.05E-1,3.375E-1,3.7E-1,4.025E-1,4.35E-1,4.675E-1,
5.E-1,5.325E-1,5.65E-1,5.975E-1,6.3E-1,6.625E-1,6.95E-1,7.275E-1,7.6E-1,
7.925E-1,8.25E-1,8.575E-1,8.9E-1,9.225E-1,9.55E-1,9.875E-1,1.02E0),
.UNSPECIFIED.);
#6740=ORIENTED_EDGE('',*,*,#5511,.T.);
#6741=ORIENTED_EDGE('',*,*,#6491,.T.);
#6742=ORIENTED_EDGE('',*,*,#5308,.F.);
#6743=ORIENTED_EDGE('',*,*,#5617,.T.);
#6744=ORIENTED_EDGE('',*,*,#5407,.T.);
#6745=ORIENTED_EDGE('',*,*,#5629,.T.);
#6746=ORIENTED_EDGE('',*,*,#5423,.T.);
#6747=ORIENTED_EDGE('',*,*,#5643,.T.);
#6748=ORIENTED_EDGE('',*,*,#5343,.T.);
#6749=ORIENTED_EDGE('',*,*,#5574,.T.);
#6750=ORIENTED_EDGE('',*,*,#5323,.T.);
#6751=EDGE_LOOP('',(#6740,#6741,#6742,#6743,#6744,#6745,#6746,#6747,#6748,#6749,
#6750));
#6752=FACE_OUTER_BOUND('',#6751,.F.);
#6754=CARTESIAN_POINT('',(-2.E-3,-2.48E-1,1.041308945510E0));
#6755=DIRECTION('',(0.E0,0.E0,-1.E0));
#6756=DIRECTION('',(1.E0,0.E0,0.E0));
#6757=AXIS2_PLACEMENT_3D('',#6754,#6755,#6756);
#6758=CYLINDRICAL_SURFACE('',#6757,2.E-3);
#6760=ORIENTED_EDGE('',*,*,#6759,.F.);
#6762=ORIENTED_EDGE('',*,*,#6761,.T.);
#6763=ORIENTED_EDGE('',*,*,#5024,.T.);
#6765=ORIENTED_EDGE('',*,*,#6764,.T.);
#6766=EDGE_LOOP('',(#6760,#6762,#6763,#6765));
#6767=FACE_OUTER_BOUND('',#6766,.F.);
#6769=CARTESIAN_POINT('',(0.E0,-2.5E-1,1.443375672974E-1));
#6770=DIRECTION('',(0.E0,-1.E0,0.E0));
#6771=DIRECTION('',(0.E0,0.E0,-1.E0));
#6772=AXIS2_PLACEMENT_3D('',#6769,#6770,#6771);
#6773=PLANE('',#6772);
#6775=ORIENTED_EDGE('',*,*,#6774,.T.);
#6777=ORIENTED_EDGE('',*,*,#6776,.F.);
#6778=ORIENTED_EDGE('',*,*,#6759,.T.);
#6780=ORIENTED_EDGE('',*,*,#6779,.T.);
#6781=EDGE_LOOP('',(#6775,#6777,#6778,#6780));
#6782=FACE_OUTER_BOUND('',#6781,.F.);
#6784=CARTESIAN_POINT('',(-1.498E0,-2.48E-1,-1.041308945510E0));
#6785=DIRECTION('',(0.E0,0.E0,1.E0));
#6786=DIRECTION('',(-1.E0,0.E0,0.E0));
#6787=AXIS2_PLACEMENT_3D('',#6784,#6785,#6786);
#6788=CYLINDRICAL_SURFACE('',#6787,2.E-3);
#6789=ORIENTED_EDGE('',*,*,#6774,.F.);
#6791=ORIENTED_EDGE('',*,*,#6790,.T.);
#6793=ORIENTED_EDGE('',*,*,#6792,.T.);
#6795=ORIENTED_EDGE('',*,*,#6794,.T.);
#6796=EDGE_LOOP('',(#6789,#6791,#6793,#6795));
#6797=FACE_OUTER_BOUND('',#6796,.F.);
#6799=CARTESIAN_POINT('',(-1.498E0,-2.48E-1,-1.431828667590E-1));
#6800=DIRECTION('',(0.E0,5.E-1,-8.660254037844E-1));
#6801=DIRECTION('',(0.E0,-8.660254037844E-1,-5.E-1));
#6802=AXIS2_PLACEMENT_3D('',#6799,#6800,#6801);
#6803=SPHERICAL_SURFACE('',#6802,2.E-3);
#6805=ORIENTED_EDGE('',*,*,#6804,.F.);
#6807=ORIENTED_EDGE('',*,*,#6806,.F.);
#6808=ORIENTED_EDGE('',*,*,#6790,.F.);
#6809=EDGE_LOOP('',(#6805,#6807,#6808));
#6810=FACE_OUTER_BOUND('',#6809,.F.);
#6812=CARTESIAN_POINT('',(1.982979287500E0,-2.48E-1,-1.431828667590E-1));
#6813=DIRECTION('',(-1.E0,0.E0,0.E0));
#6814=DIRECTION('',(0.E0,-5.E-1,-8.660254037844E-1));
#6815=AXIS2_PLACEMENT_3D('',#6812,#6813,#6814);
#6816=CYLINDRICAL_SURFACE('',#6815,2.E-3);
#6817=ORIENTED_EDGE('',*,*,#6779,.F.);
#6819=ORIENTED_EDGE('',*,*,#6818,.T.);
#6821=ORIENTED_EDGE('',*,*,#6820,.T.);
#6822=ORIENTED_EDGE('',*,*,#6804,.T.);
#6823=EDGE_LOOP('',(#6817,#6819,#6821,#6822));
#6824=FACE_OUTER_BOUND('',#6823,.F.);
#6826=CARTESIAN_POINT('',(-2.E-3,-2.48E-1,-1.431828667590E-1));
#6827=DIRECTION('',(-7.071067811865E-1,-3.535533905933E-1,-6.123724356958E-1));
#6828=DIRECTION('',(7.071067811865E-1,-3.535533905933E-1,-6.123724356958E-1));
#6829=AXIS2_PLACEMENT_3D('',#6826,#6827,#6828);
#6830=SPHERICAL_SURFACE('',#6829,2.E-3);
#6831=ORIENTED_EDGE('',*,*,#6818,.F.);
#6832=ORIENTED_EDGE('',*,*,#6764,.F.);
#6834=ORIENTED_EDGE('',*,*,#6833,.F.);
#6835=EDGE_LOOP('',(#6831,#6832,#6834));
#6836=FACE_OUTER_BOUND('',#6835,.F.);
#6838=CARTESIAN_POINT('',(-2.E-3,-9.018E-1,2.342887392371E-1));
#6839=DIRECTION('',(0.E0,8.660254037844E-1,-5.E-1));
#6840=DIRECTION('',(1.E0,0.E0,0.E0));
#6841=AXIS2_PLACEMENT_3D('',#6838,#6839,#6840);
#6842=CYLINDRICAL_SURFACE('',#6841,2.E-3);
#6844=ORIENTED_EDGE('',*,*,#6843,.F.);
#6845=ORIENTED_EDGE('',*,*,#6833,.T.);
#6846=ORIENTED_EDGE('',*,*,#5034,.T.);
#6848=ORIENTED_EDGE('',*,*,#6847,.T.);
#6849=EDGE_LOOP('',(#6844,#6845,#6846,#6848));
#6850=FACE_OUTER_BOUND('',#6849,.F.);
#6852=CARTESIAN_POINT('',(0.E0,-2.5E-1,-1.443375672974E-1));
#6853=DIRECTION('',(0.E0,-5.E-1,-8.660254037844E-1));
#6854=DIRECTION('',(0.E0,8.660254037844E-1,-5.E-1));
#6855=AXIS2_PLACEMENT_3D('',#6852,#6853,#6854);
#6856=PLANE('',#6855);
#6858=ORIENTED_EDGE('',*,*,#6857,.T.);
#6859=ORIENTED_EDGE('',*,*,#6820,.F.);
#6860=ORIENTED_EDGE('',*,*,#6843,.T.);
#6862=ORIENTED_EDGE('',*,*,#6861,.T.);
#6863=EDGE_LOOP('',(#6858,#6859,#6860,#6862));
#6864=FACE_OUTER_BOUND('',#6863,.F.);
#6866=CARTESIAN_POINT('',(-1.498E0,9.018E-1,-8.070202062733E-1));
#6867=DIRECTION('',(0.E0,-8.660254037844E-1,5.E-1));
#6868=DIRECTION('',(-1.E0,0.E0,0.E0));
#6869=AXIS2_PLACEMENT_3D('',#6866,#6867,#6868);
#6870=CYLINDRICAL_SURFACE('',#6869,2.E-3);
#6872=ORIENTED_EDGE('',*,*,#6871,.T.);
#6873=ORIENTED_EDGE('',*,*,#6806,.T.);
#6874=ORIENTED_EDGE('',*,*,#6857,.F.);
#6876=ORIENTED_EDGE('',*,*,#6875,.T.);
#6877=EDGE_LOOP('',(#6872,#6873,#6874,#6876));
#6878=FACE_OUTER_BOUND('',#6877,.F.);
#6880=CARTESIAN_POINT('',(-1.5E0,0.E0,0.E0));
#6881=DIRECTION('',(1.E0,0.E0,0.E0));
#6882=DIRECTION('',(0.E0,-1.E0,0.E0));
#6883=AXIS2_PLACEMENT_3D('',#6880,#6881,#6882);
#6884=PLANE('',#6883);
#6885=ORIENTED_EDGE('',*,*,#6871,.F.);
#6887=ORIENTED_EDGE('',*,*,#6886,.F.);
#6889=ORIENTED_EDGE('',*,*,#6888,.F.);
#6891=ORIENTED_EDGE('',*,*,#6890,.F.);
#6893=ORIENTED_EDGE('',*,*,#6892,.F.);
#6894=ORIENTED_EDGE('',*,*,#6792,.F.);
#6895=EDGE_LOOP('',(#6885,#6887,#6889,#6891,#6893,#6894));
#6896=FACE_OUTER_BOUND('',#6895,.F.);
#6898=ORIENTED_EDGE('',*,*,#6897,.F.);
#6900=ORIENTED_EDGE('',*,*,#6899,.F.);
#6901=EDGE_LOOP('',(#6898,#6900));
#6902=FACE_BOUND('',#6901,.F.);
#6904=CARTESIAN_POINT('',(-1.498E0,9.018E-1,2.342887392372E-1));
#6905=DIRECTION('',(0.E0,-8.660254037844E-1,-5.E-1));
#6906=DIRECTION('',(-1.E0,0.E0,0.E0));
#6907=AXIS2_PLACEMENT_3D('',#6904,#6905,#6906);
#6908=CYLINDRICAL_SURFACE('',#6907,2.E-3);
#6909=ORIENTED_EDGE('',*,*,#6886,.T.);
#6911=ORIENTED_EDGE('',*,*,#6910,.T.);
#6913=ORIENTED_EDGE('',*,*,#6912,.F.);
#6915=ORIENTED_EDGE('',*,*,#6914,.T.);
#6916=EDGE_LOOP('',(#6909,#6911,#6913,#6915));
#6917=FACE_OUTER_BOUND('',#6916,.F.);
#6919=CARTESIAN_POINT('',(-1.498E0,0.E0,-2.863657335181E-1));
#6920=DIRECTION('',(0.E0,1.E0,0.E0));
#6921=DIRECTION('',(0.E0,0.E0,-1.E0));
#6922=AXIS2_PLACEMENT_3D('',#6919,#6920,#6921);
#6923=SPHERICAL_SURFACE('',#6922,2.E-3);
#6925=ORIENTED_EDGE('',*,*,#6924,.F.);
#6926=ORIENTED_EDGE('',*,*,#6910,.F.);
#6927=ORIENTED_EDGE('',*,*,#6875,.F.);
#6928=EDGE_LOOP('',(#6925,#6926,#6927));
#6929=FACE_OUTER_BOUND('',#6928,.F.);
#6931=CARTESIAN_POINT('',(1.982979287500E0,0.E0,-2.863657335181E-1));
#6932=DIRECTION('',(-1.E0,0.E0,0.E0));
#6933=DIRECTION('',(0.E0,5.E-1,-8.660254037844E-1));
#6934=AXIS2_PLACEMENT_3D('',#6931,#6932,#6933);
#6935=CYLINDRICAL_SURFACE('',#6934,2.E-3);
#6936=ORIENTED_EDGE('',*,*,#6861,.F.);
#6938=ORIENTED_EDGE('',*,*,#6937,.T.);
#6940=ORIENTED_EDGE('',*,*,#6939,.T.);
#6941=ORIENTED_EDGE('',*,*,#6924,.T.);
#6942=EDGE_LOOP('',(#6936,#6938,#6940,#6941));
#6943=FACE_OUTER_BOUND('',#6942,.F.);
#6945=CARTESIAN_POINT('',(-2.E-3,0.E0,-2.863657335181E-1));
#6946=DIRECTION('',(-7.071067811865E-1,3.535533905933E-1,-6.123724356958E-1));
#6947=DIRECTION('',(7.071067811866E-1,3.535533905933E-1,-6.123724356958E-1));
#6948=AXIS2_PLACEMENT_3D('',#6945,#6946,#6947);
#6949=SPHERICAL_SURFACE('',#6948,2.E-3);
#6950=ORIENTED_EDGE('',*,*,#6847,.F.);
#6952=ORIENTED_EDGE('',*,*,#6951,.F.);
#6953=ORIENTED_EDGE('',*,*,#6937,.F.);
#6954=EDGE_LOOP('',(#6950,#6952,#6953));
#6955=FACE_OUTER_BOUND('',#6954,.F.);
#6957=CARTESIAN_POINT('',(-2.E-3,-9.018E-1,-8.070202062733E-1));
#6958=DIRECTION('',(0.E0,8.660254037844E-1,5.E-1));
#6959=DIRECTION('',(1.E0,0.E0,0.E0));
#6960=AXIS2_PLACEMENT_3D('',#6957,#6958,#6959);
#6961=CYLINDRICAL_SURFACE('',#6960,2.E-3);
#6963=ORIENTED_EDGE('',*,*,#6962,.F.);
#6964=ORIENTED_EDGE('',*,*,#6951,.T.);
#6965=ORIENTED_EDGE('',*,*,#5032,.T.);
#6967=ORIENTED_EDGE('',*,*,#6966,.T.);
#6968=EDGE_LOOP('',(#6963,#6964,#6965,#6967));
#6969=FACE_OUTER_BOUND('',#6968,.F.);
#6971=CARTESIAN_POINT('',(0.E0,0.E0,-2.886751345948E-1));
#6972=DIRECTION('',(0.E0,5.E-1,-8.660254037844E-1));
#6973=DIRECTION('',(0.E0,8.660254037844E-1,5.E-1));
#6974=AXIS2_PLACEMENT_3D('',#6971,#6972,#6973);
#6975=PLANE('',#6974);
#6976=ORIENTED_EDGE('',*,*,#6962,.T.);
#6978=ORIENTED_EDGE('',*,*,#6977,.T.);
#6979=ORIENTED_EDGE('',*,*,#6912,.T.);
#6980=ORIENTED_EDGE('',*,*,#6939,.F.);
#6981=EDGE_LOOP('',(#6976,#6978,#6979,#6980));
#6982=FACE_OUTER_BOUND('',#6981,.F.);
#6984=CARTESIAN_POINT('',(1.982979287500E0,2.48E-1,-1.431828667590E-1));
#6985=DIRECTION('',(-1.E0,0.E0,0.E0));
#6986=DIRECTION('',(0.E0,1.E0,0.E0));
#6987=AXIS2_PLACEMENT_3D('',#6984,#6985,#6986);
#6988=CYLINDRICAL_SURFACE('',#6987,2.E-3);
#6989=ORIENTED_EDGE('',*,*,#6977,.F.);
#6991=ORIENTED_EDGE('',*,*,#6990,.T.);
#6993=ORIENTED_EDGE('',*,*,#6992,.T.);
#6995=ORIENTED_EDGE('',*,*,#6994,.T.);
#6996=EDGE_LOOP('',(#6989,#6991,#6993,#6995));
#6997=FACE_OUTER_BOUND('',#6996,.F.);
#6999=CARTESIAN_POINT('',(-2.E-3,2.48E-1,-1.431828667590E-1));
#7000=DIRECTION('',(-7.071067811865E-1,7.071067811865E-1,0.E0));
#7001=DIRECTION('',(7.071067811865E-1,7.071067811865E-1,0.E0));
#7002=AXIS2_PLACEMENT_3D('',#6999,#7000,#7001);
#7003=SPHERICAL_SURFACE('',#7002,2.E-3);
#7005=ORIENTED_EDGE('',*,*,#7004,.F.);
#7006=ORIENTED_EDGE('',*,*,#6990,.F.);
#7007=ORIENTED_EDGE('',*,*,#6966,.F.);
#7008=EDGE_LOOP('',(#7005,#7006,#7007));
#7009=FACE_OUTER_BOUND('',#7008,.F.);
#7011=CARTESIAN_POINT('',(-2.E-3,2.48E-1,-1.041308945510E0));
#7012=DIRECTION('',(0.E0,0.E0,1.E0));
#7013=DIRECTION('',(1.E0,0.E0,0.E0));
#7014=AXIS2_PLACEMENT_3D('',#7011,#7012,#7013);
#7015=CYLINDRICAL_SURFACE('',#7014,2.E-3);
#7017=ORIENTED_EDGE('',*,*,#7016,.F.);
#7018=ORIENTED_EDGE('',*,*,#7004,.T.);
#7019=ORIENTED_EDGE('',*,*,#5030,.T.);
#7021=ORIENTED_EDGE('',*,*,#7020,.T.);
#7022=EDGE_LOOP('',(#7017,#7018,#7019,#7021));
#7023=FACE_OUTER_BOUND('',#7022,.F.);
#7025=CARTESIAN_POINT('',(0.E0,2.5E-1,-1.443375672974E-1));
#7026=DIRECTION('',(0.E0,1.E0,0.E0));
#7027=DIRECTION('',(0.E0,0.E0,1.E0));
#7028=AXIS2_PLACEMENT_3D('',#7025,#7026,#7027);
#7029=PLANE('',#7028);
#7030=ORIENTED_EDGE('',*,*,#6992,.F.);
#7031=ORIENTED_EDGE('',*,*,#7016,.T.);
#7033=ORIENTED_EDGE('',*,*,#7032,.T.);
#7035=ORIENTED_EDGE('',*,*,#7034,.T.);
#7036=EDGE_LOOP('',(#7030,#7031,#7033,#7035));
#7037=FACE_OUTER_BOUND('',#7036,.F.);
#7039=CARTESIAN_POINT('',(1.982979287500E0,2.48E-1,1.431828667590E-1));
#7040=DIRECTION('',(-1.E0,0.E0,0.E0));
#7041=DIRECTION('',(0.E0,5.E-1,8.660254037844E-1));
#7042=AXIS2_PLACEMENT_3D('',#7039,#7040,#7041);
#7043=CYLINDRICAL_SURFACE('',#7042,2.E-3);
#7044=ORIENTED_EDGE('',*,*,#7032,.F.);
#7046=ORIENTED_EDGE('',*,*,#7045,.T.);
#7048=ORIENTED_EDGE('',*,*,#7047,.T.);
#7050=ORIENTED_EDGE('',*,*,#7049,.T.);
#7051=EDGE_LOOP('',(#7044,#7046,#7048,#7050));
#7052=FACE_OUTER_BOUND('',#7051,.F.);
#7054=CARTESIAN_POINT('',(-2.E-3,2.48E-1,1.431828667590E-1));
#7055=DIRECTION('',(-7.071067811865E-1,3.535533905933E-1,6.123724356958E-1));
#7056=DIRECTION('',(7.071067811865E-1,3.535533905933E-1,6.123724356958E-1));
#7057=AXIS2_PLACEMENT_3D('',#7054,#7055,#7056);
#7058=SPHERICAL_SURFACE('',#7057,2.E-3);
#7060=ORIENTED_EDGE('',*,*,#7059,.F.);
#7061=ORIENTED_EDGE('',*,*,#7045,.F.);
#7062=ORIENTED_EDGE('',*,*,#7020,.F.);
#7063=EDGE_LOOP('',(#7060,#7061,#7062));
#7064=FACE_OUTER_BOUND('',#7063,.F.);
#7066=CARTESIAN_POINT('',(-2.E-3,9.018E-1,-2.342887392372E-1));
#7067=DIRECTION('',(0.E0,-8.660254037844E-1,5.E-1));
#7068=DIRECTION('',(1.E0,0.E0,0.E0));
#7069=AXIS2_PLACEMENT_3D('',#7066,#7067,#7068);
#7070=CYLINDRICAL_SURFACE('',#7069,2.E-3);
#7072=ORIENTED_EDGE('',*,*,#7071,.F.);
#7073=ORIENTED_EDGE('',*,*,#7059,.T.);
#7074=ORIENTED_EDGE('',*,*,#5028,.T.);
#7076=ORIENTED_EDGE('',*,*,#7075,.T.);
#7077=EDGE_LOOP('',(#7072,#7073,#7074,#7076));
#7078=FACE_OUTER_BOUND('',#7077,.F.);
#7080=CARTESIAN_POINT('',(0.E0,2.5E-1,1.443375672974E-1));
#7081=DIRECTION('',(0.E0,5.E-1,8.660254037844E-1));
#7082=DIRECTION('',(0.E0,-8.660254037844E-1,5.E-1));
#7083=AXIS2_PLACEMENT_3D('',#7080,#7081,#7082);
#7084=PLANE('',#7083);
#7085=ORIENTED_EDGE('',*,*,#7047,.F.);
#7086=ORIENTED_EDGE('',*,*,#7071,.T.);
#7088=ORIENTED_EDGE('',*,*,#7087,.T.);
#7090=ORIENTED_EDGE('',*,*,#7089,.T.);
#7091=EDGE_LOOP('',(#7085,#7086,#7088,#7090));
#7092=FACE_OUTER_BOUND('',#7091,.F.);
#7094=CARTESIAN_POINT('',(1.982979287500E0,0.E0,2.863657335181E-1));
#7095=DIRECTION('',(-1.E0,0.E0,0.E0));
#7096=DIRECTION('',(0.E0,-5.E-1,8.660254037844E-1));
#7097=AXIS2_PLACEMENT_3D('',#7094,#7095,#7096);
#7098=CYLINDRICAL_SURFACE('',#7097,2.E-3);
#7099=ORIENTED_EDGE('',*,*,#7087,.F.);
#7101=ORIENTED_EDGE('',*,*,#7100,.T.);
#7103=ORIENTED_EDGE('',*,*,#7102,.T.);
#7105=ORIENTED_EDGE('',*,*,#7104,.T.);
#7106=EDGE_LOOP('',(#7099,#7101,#7103,#7105));
#7107=FACE_OUTER_BOUND('',#7106,.F.);
#7109=CARTESIAN_POINT('',(-2.E-3,0.E0,2.863657335181E-1));
#7110=DIRECTION('',(-7.071067811865E-1,-3.535533905933E-1,6.123724356958E-1));
#7111=DIRECTION('',(7.071067811865E-1,-3.535533905933E-1,6.123724356958E-1));
#7112=AXIS2_PLACEMENT_3D('',#7109,#7110,#7111);
#7113=SPHERICAL_SURFACE('',#7112,2.E-3);
#7115=ORIENTED_EDGE('',*,*,#7114,.F.);
#7116=ORIENTED_EDGE('',*,*,#7100,.F.);
#7117=ORIENTED_EDGE('',*,*,#7075,.F.);
#7118=EDGE_LOOP('',(#7115,#7116,#7117));
#7119=FACE_OUTER_BOUND('',#7118,.F.);
#7121=CARTESIAN_POINT('',(-2.E-3,9.018E-1,8.070202062733E-1));
#7122=DIRECTION('',(0.E0,-8.660254037844E-1,-5.E-1));
#7123=DIRECTION('',(1.E0,0.E0,0.E0));
#7124=AXIS2_PLACEMENT_3D('',#7121,#7122,#7123);
#7125=CYLINDRICAL_SURFACE('',#7124,2.E-3);
#7126=ORIENTED_EDGE('',*,*,#5026,.T.);
#7128=ORIENTED_EDGE('',*,*,#7127,.T.);
#7130=ORIENTED_EDGE('',*,*,#7129,.F.);
#7131=ORIENTED_EDGE('',*,*,#7114,.T.);
#7132=EDGE_LOOP('',(#7126,#7128,#7130,#7131));
#7133=FACE_OUTER_BOUND('',#7132,.F.);
#7135=CARTESIAN_POINT('',(-2.E-3,-2.48E-1,1.431828667590E-1));
#7136=DIRECTION('',(0.E0,5.E-1,8.660254037844E-1));
#7137=DIRECTION('',(0.E0,-8.660254037844E-1,5.E-1));
#7138=AXIS2_PLACEMENT_3D('',#7135,#7136,#7137);
#7139=SPHERICAL_SURFACE('',#7138,2.E-3);
#7141=ORIENTED_EDGE('',*,*,#7140,.F.);
#7142=ORIENTED_EDGE('',*,*,#7127,.F.);
#7143=ORIENTED_EDGE('',*,*,#6761,.F.);
#7144=EDGE_LOOP('',(#7141,#7142,#7143));
#7145=FACE_OUTER_BOUND('',#7144,.F.);
#7147=CARTESIAN_POINT('',(1.982979287500E0,-2.48E-1,1.431828667590E-1));
#7148=DIRECTION('',(-1.E0,0.E0,0.E0));
#7149=DIRECTION('',(0.E0,-1.E0,0.E0));
#7150=AXIS2_PLACEMENT_3D('',#7147,#7148,#7149);
#7151=CYLINDRICAL_SURFACE('',#7150,2.E-3);
#7153=ORIENTED_EDGE('',*,*,#7152,.F.);
#7154=ORIENTED_EDGE('',*,*,#7140,.T.);
#7155=ORIENTED_EDGE('',*,*,#6776,.T.);
#7157=ORIENTED_EDGE('',*,*,#7156,.T.);
#7158=EDGE_LOOP('',(#7153,#7154,#7155,#7157));
#7159=FACE_OUTER_BOUND('',#7158,.F.);
#7161=CARTESIAN_POINT('',(0.E0,0.E0,2.886751345948E-1));
#7162=DIRECTION('',(0.E0,-5.E-1,8.660254037844E-1));
#7163=DIRECTION('',(0.E0,-8.660254037844E-1,-5.E-1));
#7164=AXIS2_PLACEMENT_3D('',#7161,#7162,#7163);
#7165=PLANE('',#7164);
#7166=ORIENTED_EDGE('',*,*,#7102,.F.);
#7167=ORIENTED_EDGE('',*,*,#7129,.T.);
#7168=ORIENTED_EDGE('',*,*,#7152,.T.);
#7170=ORIENTED_EDGE('',*,*,#7169,.T.);
#7171=EDGE_LOOP('',(#7166,#7167,#7168,#7170));
#7172=FACE_OUTER_BOUND('',#7171,.F.);
#7174=CARTESIAN_POINT('',(-1.498E0,-9.018E-1,-2.342887392372E-1));
#7175=DIRECTION('',(0.E0,8.660254037844E-1,5.E-1));
#7176=DIRECTION('',(-1.E0,0.E0,0.E0));
#7177=AXIS2_PLACEMENT_3D('',#7174,#7175,#7176);
#7178=CYLINDRICAL_SURFACE('',#7177,2.E-3);
#7179=ORIENTED_EDGE('',*,*,#7169,.F.);
#7181=ORIENTED_EDGE('',*,*,#7180,.T.);
#7182=ORIENTED_EDGE('',*,*,#6892,.T.);
#7184=ORIENTED_EDGE('',*,*,#7183,.T.);
#7185=EDGE_LOOP('',(#7179,#7181,#7182,#7184));
#7186=FACE_OUTER_BOUND('',#7185,.F.);
#7188=CARTESIAN_POINT('',(-1.498E0,-2.48E-1,1.431828667590E-1));
#7189=DIRECTION('',(7.071067811865E-1,-3.535533905933E-1,6.123724356958E-1));
#7190=DIRECTION('',(-7.071067811865E-1,-3.535533905933E-1,6.123724356958E-1));
#7191=AXIS2_PLACEMENT_3D('',#7188,#7189,#7190);
#7192=SPHERICAL_SURFACE('',#7191,2.E-3);
#7193=ORIENTED_EDGE('',*,*,#7180,.F.);
#7194=ORIENTED_EDGE('',*,*,#7156,.F.);
#7195=ORIENTED_EDGE('',*,*,#6794,.F.);
#7196=EDGE_LOOP('',(#7193,#7194,#7195));
#7197=FACE_OUTER_BOUND('',#7196,.F.);
#7199=CARTESIAN_POINT('',(-1.498E0,0.E0,2.863657335181E-1));
#7200=DIRECTION('',(0.E0,-1.E0,0.E0));
#7201=DIRECTION('',(0.E0,0.E0,1.E0));
#7202=AXIS2_PLACEMENT_3D('',#7199,#7200,#7201);
#7203=SPHERICAL_SURFACE('',#7202,2.E-3);
#7205=ORIENTED_EDGE('',*,*,#7204,.F.);
#7206=ORIENTED_EDGE('',*,*,#7104,.F.);
#7207=ORIENTED_EDGE('',*,*,#7183,.F.);
#7208=EDGE_LOOP('',(#7205,#7206,#7207));
#7209=FACE_OUTER_BOUND('',#7208,.F.);
#7211=CARTESIAN_POINT('',(-1.498E0,-9.018E-1,8.070202062733E-1));
#7212=DIRECTION('',(0.E0,8.660254037844E-1,-5.E-1));
#7213=DIRECTION('',(-1.E0,0.E0,0.E0));
#7214=AXIS2_PLACEMENT_3D('',#7211,#7212,#7213);
#7215=CYLINDRICAL_SURFACE('',#7214,2.E-3);
#7216=ORIENTED_EDGE('',*,*,#6890,.T.);
#7218=ORIENTED_EDGE('',*,*,#7217,.T.);
#7219=ORIENTED_EDGE('',*,*,#7089,.F.);
#7220=ORIENTED_EDGE('',*,*,#7204,.T.);
#7221=EDGE_LOOP('',(#7216,#7218,#7219,#7220));
#7222=FACE_OUTER_BOUND('',#7221,.F.);
#7224=CARTESIAN_POINT('',(-1.498E0,2.48E-1,1.431828667590E-1));
#7225=DIRECTION('',(0.E0,-5.E-1,8.660254037844E-1));
#7226=DIRECTION('',(0.E0,8.660254037844E-1,5.E-1));
#7227=AXIS2_PLACEMENT_3D('',#7224,#7225,#7226);
#7228=SPHERICAL_SURFACE('',#7227,2.E-3);
#7230=ORIENTED_EDGE('',*,*,#7229,.F.);
#7231=ORIENTED_EDGE('',*,*,#7049,.F.);
#7232=ORIENTED_EDGE('',*,*,#7217,.F.);
#7233=EDGE_LOOP('',(#7230,#7231,#7232));
#7234=FACE_OUTER_BOUND('',#7233,.F.);
#7236=CARTESIAN_POINT('',(-1.498E0,2.48E-1,1.041308945510E0));
#7237=DIRECTION('',(0.E0,0.E0,-1.E0));
#7238=DIRECTION('',(-1.E0,0.E0,0.E0));
#7239=AXIS2_PLACEMENT_3D('',#7236,#7237,#7238);
#7240=CYLINDRICAL_SURFACE('',#7239,2.E-3);
#7241=ORIENTED_EDGE('',*,*,#6888,.T.);
#7243=ORIENTED_EDGE('',*,*,#7242,.T.);
#7244=ORIENTED_EDGE('',*,*,#7034,.F.);
#7245=ORIENTED_EDGE('',*,*,#7229,.T.);
#7246=EDGE_LOOP('',(#7241,#7243,#7244,#7245));
#7247=FACE_OUTER_BOUND('',#7246,.F.);
#7249=CARTESIAN_POINT('',(-1.498E0,2.48E-1,-1.431828667590E-1));
#7250=DIRECTION('',(0.E0,5.E-1,8.660254037844E-1));
#7251=DIRECTION('',(0.E0,8.660254037844E-1,-5.E-1));
#7252=AXIS2_PLACEMENT_3D('',#7249,#7250,#7251);
#7253=SPHERICAL_SURFACE('',#7252,2.E-3);
#7254=ORIENTED_EDGE('',*,*,#6914,.F.);
#7255=ORIENTED_EDGE('',*,*,#6994,.F.);
#7256=ORIENTED_EDGE('',*,*,#7242,.F.);
#7257=EDGE_LOOP('',(#7254,#7255,#7256));
#7258=FACE_OUTER_BOUND('',#7257,.F.);
#7260=CARTESIAN_POINT('',(-1.479418520995E0,0.E0,0.E0));
#7261=DIRECTION('',(-1.E0,0.E0,0.E0));
#7262=DIRECTION('',(0.E0,1.E0,0.E0));
#7263=AXIS2_PLACEMENT_3D('',#7260,#7261,#7262);
#7264=CONICAL_SURFACE('',#7263,1.164683530659E-1,4.2E1);
#7265=ORIENTED_EDGE('',*,*,#6897,.T.);
#7267=ORIENTED_EDGE('',*,*,#7266,.F.);
#7269=ORIENTED_EDGE('',*,*,#7268,.T.);
#7271=ORIENTED_EDGE('',*,*,#7270,.T.);
#7273=ORIENTED_EDGE('',*,*,#7272,.T.);
#7275=ORIENTED_EDGE('',*,*,#7274,.F.);
#7277=ORIENTED_EDGE('',*,*,#7276,.T.);
#7279=ORIENTED_EDGE('',*,*,#7278,.T.);
#7280=EDGE_LOOP('',(#7265,#7267,#7269,#7271,#7273,#7275,#7277,#7279));
#7281=FACE_OUTER_BOUND('',#7280,.F.);
#7283=CARTESIAN_POINT('',(-1.482679687452E0,0.E0,0.E0));
#7284=DIRECTION('',(-1.E0,0.E0,0.E0));
#7285=DIRECTION('',(0.E0,1.E0,0.E0));
#7286=AXIS2_PLACEMENT_3D('',#7283,#7284,#7285);
#7287=CONICAL_SURFACE('',#7286,1.194047205334E-1,4.2E1);
#7288=ORIENTED_EDGE('',*,*,#6899,.T.);
#7289=ORIENTED_EDGE('',*,*,#7278,.F.);
#7291=ORIENTED_EDGE('',*,*,#7290,.T.);
#7292=ORIENTED_EDGE('',*,*,#7266,.T.);
#7293=EDGE_LOOP('',(#7288,#7289,#7291,#7292));
#7294=FACE_OUTER_BOUND('',#7293,.F.);
#7296=CARTESIAN_POINT('',(-1.367342117898E0,9.015614617486E-2,
3.201580745714E-2));
#7297=CARTESIAN_POINT('',(-1.368812947375E0,9.607362412949E-2,
1.535225748488E-2));
#7298=CARTESIAN_POINT('',(-1.371754606330E0,9.841856422288E-2,
-2.130948027894E-2));
#7299=CARTESIAN_POINT('',(-1.376167094763E0,7.245224862499E-2,
-6.994047056193E-2));
#7300=CARTESIAN_POINT('',(-1.380579583196E0,2.477249925902E-2,
-9.760656065872E-2));
#7301=CARTESIAN_POINT('',(-1.384992071628E0,-3.033000186554E-2,
-9.602544754117E-2));
#7302=CARTESIAN_POINT('',(-1.389404560061E0,-7.634393350950E-2,
-6.566874379324E-2));
#7303=CARTESIAN_POINT('',(-1.393817048494E0,-9.948048435909E-2,
-1.563377024981E-2));
#7304=CARTESIAN_POINT('',(-1.398229536926E0,-9.280657686089E-2,
3.908607534323E-2));
#7305=CARTESIAN_POINT('',(-1.402642025359E0,-5.832210914220E-2,
8.209332048974E-2));
#7306=CARTESIAN_POINT('',(-1.407054513792E0,-6.360752168558E-3,
1.005003613157E-1));
#7307=CARTESIAN_POINT('',(-1.411467002224E0,4.750667750133E-2,
8.879131352894E-2));
#7308=CARTESIAN_POINT('',(-1.415879490657E0,8.713818536575E-2,
5.047492863989E-2));
#7309=CARTESIAN_POINT('',(-1.420291979090E0,1.006577348210E-1,
-2.966848597323E-3));
#7310=CARTESIAN_POINT('',(-1.424704467523E0,8.401403751828E-2,
-5.551957555225E-2));
#7311=CARTESIAN_POINT('',(-1.429116955955E0,4.219456858891E-2,
-9.143522379998E-2));
#7312=CARTESIAN_POINT('',(-1.433529444388E0,-1.226898761604E-2,
-9.995125668341E-2));
#7313=CARTESIAN_POINT('',(-1.437941932821E0,-6.305600071634E-2,
-7.851574710456E-2));
#7314=CARTESIAN_POINT('',(-1.442354421253E0,-9.494755871537E-2,
-3.355209179330E-2));
#7315=CARTESIAN_POINT('',(-1.446766909686E0,-9.838698983861E-2,
2.146583332306E-2));
#7316=CARTESIAN_POINT('',(-1.451179398119E0,-7.234362903120E-2,
7.005127485079E-2));
#7317=CARTESIAN_POINT('',(-1.455591886551E0,-2.462166859060E-2,
9.764504701061E-2));
#7318=CARTESIAN_POINT('',(-1.460004374984E0,3.047845774858E-2,
9.597835893213E-2));
#7319=CARTESIAN_POINT('',(-1.464416863417E0,7.644536399067E-2,
6.555065285520E-2));
#7320=CARTESIAN_POINT('',(-1.468829351849E0,9.950453876836E-2,
1.547994047876E-2));
#7321=CARTESIAN_POINT('',(-1.473241840282E0,9.274603456740E-2,
-3.922951383652E-2));
#7322=CARTESIAN_POINT('',(-1.477654328715E0,5.819511800373E-2,
-8.218339391206E-2));
#7323=CARTESIAN_POINT('',(-1.482066817147E0,6.205356333854E-3,
-1.005100745861E-1));
#7324=CARTESIAN_POINT('',(-1.486479305580E0,-4.764387672902E-2,
-8.871776093498E-2));
#7325=CARTESIAN_POINT('',(-1.490891794013E0,-8.721620508030E-2,
-5.034013468434E-2));
#7326=CARTESIAN_POINT('',(-1.495304282445E0,-1.006527089992E-1,
3.122430829385E-3));
#7327=CARTESIAN_POINT('',(-1.499716770878E0,-8.392928786386E-2,
5.564954979069E-2));
#7328=CARTESIAN_POINT('',(-1.504129259311E0,-4.204871519503E-2,
9.149979936535E-2));
#7329=CARTESIAN_POINT('',(-1.507070918266E0,-5.744938861999E-3,
9.712275089148E-2));
#7330=CARTESIAN_POINT('',(-1.508541747743E0,1.180303166688E-2,
9.494119792643E-2));
#7331=CARTESIAN_POINT('',(-1.361262120968E0,1.000798595393E-1,
3.553986776600E-2));
#7332=CARTESIAN_POINT('',(-1.362732950445E0,1.066486891494E-1,
1.704211901113E-2));
#7333=CARTESIAN_POINT('',(-1.365674609401E0,1.092517426863E-1,
-2.365506827493E-2));
#7334=CARTESIAN_POINT('',(-1.370087097833E0,8.042724953693E-2,
-7.763899375615E-2));
#7335=CARTESIAN_POINT('',(-1.374499586266E0,2.749927044875E-2,
-1.083503598511E-1));
#7336=CARTESIAN_POINT('',(-1.378912074699E0,-3.366850132038E-2,
-1.065952096430E-1));
#7337=CARTESIAN_POINT('',(-1.383324563131E0,-8.474730194752E-2,
-7.289706729701E-2));
#7338=CARTESIAN_POINT('',(-1.387737051564E0,-1.104305510380E-1,
-1.735461859290E-2));
#7339=CARTESIAN_POINT('',(-1.392149539997E0,-1.030220297853E-1,
4.338837778962E-2));
#7340=CARTESIAN_POINT('',(-1.396562028429E0,-6.474177012474E-2,
9.112953838766E-2));
#7341=CARTESIAN_POINT('',(-1.400974516862E0,-7.060896129685E-3,
1.115626884118E-1));
#7342=CARTESIAN_POINT('',(-1.405387005295E0,5.273585676886E-2,
9.856479633732E-2));
#7343=CARTESIAN_POINT('',(-1.409799493727E0,9.672970420670E-2,
5.603083076264E-2));
#7344=CARTESIAN_POINT('',(-1.414211982160E0,1.117373844140E-1,
-3.293417071294E-3));
#7345=CARTESIAN_POINT('',(-1.418624470593E0,9.326167356187E-2,
-6.163075462623E-2));
#7346=CARTESIAN_POINT('',(-1.423036959025E0,4.683903069135E-2,
-1.014997284500E-1));
#7347=CARTESIAN_POINT('',(-1.427449447458E0,-1.361946588667E-2,
-1.109531424541E-1));
#7348=CARTESIAN_POINT('',(-1.431861935891E0,-6.999673302982E-2,
-8.715817251776E-2));
#7349=CARTESIAN_POINT('',(-1.436274424323E0,-1.053986748879E-1,
-3.724525477619E-2));
#7350=CARTESIAN_POINT('',(-1.440686912756E0,-1.092166928303E-1,
2.382863149118E-2));
#7351=CARTESIAN_POINT('',(-1.445099401189E0,-8.030667391174E-2,
7.776199455128E-2));
#7352=CARTESIAN_POINT('',(-1.449511889621E0,-2.733183746996E-2,
1.083930824924E-1));
#7353=CARTESIAN_POINT('',(-1.453924378054E0,3.383329811520E-2,
1.065429378726E-1));
#7354=CARTESIAN_POINT('',(-1.458336866487E0,8.485989713642E-2,
7.276597779293E-2));
#7355=CARTESIAN_POINT('',(-1.462749354920E0,1.104572531765E-1,
1.718385639273E-2));
#7356=CARTESIAN_POINT('',(-1.467161843352E0,1.029548234496E-1,
-4.354760491800E-2));
#7357=CARTESIAN_POINT('',(-1.471574331785E0,6.460080075282E-2,
-9.122952641772E-2));
#7358=CARTESIAN_POINT('',(-1.475986820218E0,6.888395485303E-3,
-1.115734708464E-1));
#7359=CARTESIAN_POINT('',(-1.480399308650E0,-5.288815786001E-2,
-9.848314762468E-2));
#7360=CARTESIAN_POINT('',(-1.484811797083E0,-9.681631174712E-2,
-5.588119969797E-2));
#7361=CARTESIAN_POINT('',(-1.489224285516E0,-1.117318053874E-1,
3.466124630259E-3));
#7362=CARTESIAN_POINT('',(-1.493636773948E0,-9.316759530021E-2,
6.177503545542E-2));
#7363=CARTESIAN_POINT('',(-1.498049262381E0,-4.667712284821E-2,
1.015714120099E-1));
#7364=CARTESIAN_POINT('',(-1.500990921336E0,-6.377298706351E-3,
1.078132959281E-1));
#7365=CARTESIAN_POINT('',(-1.502461750814E0,1.310222099631E-2,
1.053916139510E-1));
#7366=CARTESIAN_POINT('',(-1.355182124038E0,1.100035729037E-1,
3.906392807486E-2));
#7367=CARTESIAN_POINT('',(-1.356652953516E0,1.172237541692E-1,
1.873198053739E-2));
#7368=CARTESIAN_POINT('',(-1.359594612471E0,1.200849211497E-1,
-2.600065627092E-2));
#7369=CARTESIAN_POINT('',(-1.364007100903E0,8.840225044886E-2,
-8.533751695037E-2));
#7370=CARTESIAN_POINT('',(-1.368419589336E0,3.022604163847E-2,
-1.190941590435E-1));
#7371=CARTESIAN_POINT('',(-1.372832077769E0,-3.700700077522E-2,
-1.171649717449E-1));
#7372=CARTESIAN_POINT('',(-1.377244566201E0,-9.315067038555E-2,
-8.012539080077E-2));
#7373=CARTESIAN_POINT('',(-1.381657054634E0,-1.213806177170E-1,
-1.907546693599E-2));
#7374=CARTESIAN_POINT('',(-1.386069543067E0,-1.132374827098E-1,
4.769068023602E-2));
#7375=CARTESIAN_POINT('',(-1.390482031500E0,-7.116143110728E-2,
1.001657562856E-1));
#7376=CARTESIAN_POINT('',(-1.394894519932E0,-7.761040090812E-3,
1.226250155080E-1));
#7377=CARTESIAN_POINT('',(-1.399307008365E0,5.796503603640E-2,
1.083382791457E-1));
#7378=CARTESIAN_POINT('',(-1.403719496798E0,1.063212230477E-1,
6.158673288538E-2));
#7379=CARTESIAN_POINT('',(-1.408131985230E0,1.228170340070E-1,
-3.619985545264E-3));
#7380=CARTESIAN_POINT('',(-1.412544473663E0,1.025093096055E-1,
-6.774193370020E-2));
#7381=CARTESIAN_POINT('',(-1.416956962096E0,5.148349279379E-2,
-1.115642330999E-1));
#7382=CARTESIAN_POINT('',(-1.421369450528E0,-1.496994415730E-2,
-1.219550282247E-1));
#7383=CARTESIAN_POINT('',(-1.425781938961E0,-7.693746534330E-2,
-9.580059793096E-2));
#7384=CARTESIAN_POINT('',(-1.430194427394E0,-1.158497910604E-1,
-4.093841775908E-2));
#7385=CARTESIAN_POINT('',(-1.434606915826E0,-1.200463958219E-1,
2.619142965929E-2));
#7386=CARTESIAN_POINT('',(-1.439019404259E0,-8.826971879228E-2,
8.547271425176E-2));
#7387=CARTESIAN_POINT('',(-1.443431892692E0,-3.004200634933E-2,
1.191411179742E-1));
#7388=CARTESIAN_POINT('',(-1.447844381124E0,3.718813848182E-2,
1.171075168130E-1));
#7389=CARTESIAN_POINT('',(-1.452256869557E0,9.327443028216E-2,
7.998130273065E-2));
#7390=CARTESIAN_POINT('',(-1.456669357990E0,1.214099675847E-1,
1.888777230670E-2));
#7391=CARTESIAN_POINT('',(-1.461081846422E0,1.131636123318E-1,
-4.786569599948E-2));
#7392=CARTESIAN_POINT('',(-1.465494334855E0,7.100648350192E-2,
-1.002756589234E-1));
#7393=CARTESIAN_POINT('',(-1.469906823288E0,7.571434636752E-3,
-1.226368671066E-1));
#7394=CARTESIAN_POINT('',(-1.474319311720E0,-5.813243899100E-2,
-1.082485343144E-1));
#7395=CARTESIAN_POINT('',(-1.478731800153E0,-1.064164184139E-1,
-6.142226471160E-2));
#7396=CARTESIAN_POINT('',(-1.483144288586E0,-1.228109017756E-1,
3.809818431133E-3));
#7397=CARTESIAN_POINT('',(-1.487556777018E0,-1.024059027366E-1,
6.790052112015E-2));
#7398=CARTESIAN_POINT('',(-1.491969265451E0,-5.130553050140E-2,
1.116430246545E-1));
#7399=CARTESIAN_POINT('',(-1.494910924406E0,-7.009658550703E-3,
1.185038409647E-1));
#7400=CARTESIAN_POINT('',(-1.496381753884E0,1.440141032574E-2,
1.158420299755E-1));
#7401=CARTESIAN_POINT('',(-1.349102127108E0,1.199272862681E-1,
4.258798838372E-2));
#7402=CARTESIAN_POINT('',(-1.350572956586E0,1.277988191891E-1,
2.042184206365E-2));
#7403=CARTESIAN_POINT('',(-1.353514615541E0,1.309180996131E-1,
-2.834624426691E-2));
#7404=CARTESIAN_POINT('',(-1.357927103974E0,9.637725136080E-2,
-9.303604014459E-2));
#7405=CARTESIAN_POINT('',(-1.362339592406E0,3.295281282820E-2,
-1.298379582359E-1));
#7406=CARTESIAN_POINT('',(-1.366752080839E0,-4.034550023007E-2,
-1.277347338467E-1));
#7407=CARTESIAN_POINT('',(-1.371164569272E0,-1.015540388236E-1,
-8.735371430454E-2));
#7408=CARTESIAN_POINT('',(-1.375577057704E0,-1.323306843959E-1,
-2.079631527908E-2));
#7409=CARTESIAN_POINT('',(-1.379989546137E0,-1.234529356342E-1,
5.199298268242E-2));
#7410=CARTESIAN_POINT('',(-1.384402034570E0,-7.758109208982E-2,
1.092019741835E-1));
#7411=CARTESIAN_POINT('',(-1.388814523002E0,-8.461184051939E-3,
1.336873426042E-1));
#7412=CARTESIAN_POINT('',(-1.393227011435E0,6.319421530393E-2,
1.181117619541E-1));
#7413=CARTESIAN_POINT('',(-1.397639499868E0,1.159127418886E-1,
6.714263500812E-2));
#7414=CARTESIAN_POINT('',(-1.402051988300E0,1.338966836E-1,-3.946554019235E-3));
#7415=CARTESIAN_POINT('',(-1.406464476733E0,1.117569456491E-1,
-7.385311277418E-2));
#7416=CARTESIAN_POINT('',(-1.410876965166E0,5.612795489623E-2,
-1.216287377499E-1));
#7417=CARTESIAN_POINT('',(-1.415289453598E0,-1.632042242793E-2,
-1.329569139954E-1));
#7418=CARTESIAN_POINT('',(-1.419701942031E0,-8.387819765678E-2,
-1.044430233442E-1));
#7419=CARTESIAN_POINT('',(-1.424114430464E0,-1.263009072330E-1,
-4.463158074197E-2));
#7420=CARTESIAN_POINT('',(-1.428526918897E0,-1.308760988136E-1,
2.855422782741E-2));
#7421=CARTESIAN_POINT('',(-1.432939407329E0,-9.623276367282E-2,
9.318343395225E-2));
#7422=CARTESIAN_POINT('',(-1.437351895762E0,-3.275217522869E-2,
1.298891534559E-1));
#7423=CARTESIAN_POINT('',(-1.441764384195E0,4.054297884844E-2,
1.276720957534E-1));
#7424=CARTESIAN_POINT('',(-1.446176872627E0,1.016889634279E-1,
8.719662766838E-2));
#7425=CARTESIAN_POINT('',(-1.450589361060E0,1.323626819929E-1,
2.059168822067E-2));
#7426=CARTESIAN_POINT('',(-1.455001849493E0,1.233724012140E-1,
-5.218378708097E-2));
#7427=CARTESIAN_POINT('',(-1.459414337925E0,7.741216625101E-2,
-1.093217914290E-1));
#7428=CARTESIAN_POINT('',(-1.463826826358E0,8.254473788201E-3,
-1.337002633669E-1));
#7429=CARTESIAN_POINT('',(-1.468239314791E0,-6.337672012199E-2,
-1.180139210041E-1));
#7430=CARTESIAN_POINT('',(-1.472651803223E0,-1.160165250808E-1,
-6.696332972523E-2));
#7431=CARTESIAN_POINT('',(-1.477064291656E0,-1.338899981638E-1,
4.153512232007E-3));
#7432=CARTESIAN_POINT('',(-1.481476780089E0,-1.116442101729E-1,
7.402600678488E-2));
#7433=CARTESIAN_POINT('',(-1.485889268521E0,-5.593393815458E-2,
1.217146372991E-1));
#7434=CARTESIAN_POINT('',(-1.488830927476E0,-7.642018395055E-3,
1.291943860013E-1));
#7435=CARTESIAN_POINT('',(-1.490301756954E0,1.570059965517E-2,1.26292446E-1));
#7436=B_SPLINE_SURFACE_WITH_KNOTS('',3,3,((#7296,#7297,#7298,#7299,#7300,#7301,
#7302,#7303,#7304,#7305,#7306,#7307,#7308,#7309,#7310,#7311,#7312,#7313,#7314,
#7315,#7316,#7317,#7318,#7319,#7320,#7321,#7322,#7323,#7324,#7325,#7326,#7327,
#7328,#7329,#7330),(#7331,#7332,#7333,#7334,#7335,#7336,#7337,#7338,#7339,#7340,
#7341,#7342,#7343,#7344,#7345,#7346,#7347,#7348,#7349,#7350,#7351,#7352,#7353,
#7354,#7355,#7356,#7357,#7358,#7359,#7360,#7361,#7362,#7363,#7364,#7365),(#7366,
#7367,#7368,#7369,#7370,#7371,#7372,#7373,#7374,#7375,#7376,#7377,#7378,#7379,
#7380,#7381,#7382,#7383,#7384,#7385,#7386,#7387,#7388,#7389,#7390,#7391,#7392,
#7393,#7394,#7395,#7396,#7397,#7398,#7399,#7400),(#7401,#7402,#7403,#7404,#7405,
#7406,#7407,#7408,#7409,#7410,#7411,#7412,#7413,#7414,#7415,#7416,#7417,#7418,
#7419,#7420,#7421,#7422,#7423,#7424,#7425,#7426,#7427,#7428,#7429,#7430,#7431,
#7432,#7433,#7434,#7435)),.UNSPECIFIED.,.F.,.F.,.F.,(4,4),(4,1,1,1,1,1,1,1,1,1,
1,1,1,1,1,1,1,1,1,1,1,1,1,1,1,1,1,1,1,1,1,1,4),(-6.243108358968E-2,
1.082038926727E0),(-1.357688748517E-2,8.485554678232E-3,3.054799684163E-2,
5.261043900504E-2,7.467288116844E-2,9.673532333184E-2,1.187977654952E-1,
1.408602076586E-1,1.629226498221E-1,1.849850919855E-1,2.070475341489E-1,
2.291099763123E-1,2.511724184757E-1,2.732348606391E-1,2.952973028025E-1,
3.173597449659E-1,3.394221871293E-1,3.614846292927E-1,3.835470714561E-1,
4.056095136195E-1,4.276719557829E-1,4.497343979463E-1,4.717968401097E-1,
4.938592822731E-1,5.159217244365E-1,5.379841665999E-1,5.600466087633E-1,
5.821090509267E-1,6.041714930901E-1,6.262339352535E-1,6.482963774169E-1,
6.703588195803E-1,6.924212617437E-1),.UNSPECIFIED.);
#7437=ORIENTED_EDGE('',*,*,#7276,.F.);
#7439=ORIENTED_EDGE('',*,*,#7438,.F.);
#7441=ORIENTED_EDGE('',*,*,#7440,.T.);
#7443=ORIENTED_EDGE('',*,*,#7442,.T.);
#7445=ORIENTED_EDGE('',*,*,#7444,.T.);
#7447=ORIENTED_EDGE('',*,*,#7446,.T.);
#7448=ORIENTED_EDGE('',*,*,#7268,.F.);
#7449=ORIENTED_EDGE('',*,*,#7290,.F.);
#7450=EDGE_LOOP('',(#7437,#7439,#7441,#7443,#7445,#7447,#7448,#7449));
#7451=FACE_OUTER_BOUND('',#7450,.F.);
#7453=CARTESIAN_POINT('',(0.E0,0.E0,0.E0));
#7454=DIRECTION('',(1.E0,0.E0,0.E0));
#7455=DIRECTION('',(0.E0,-1.E0,0.E0));
#7456=AXIS2_PLACEMENT_3D('',#7453,#7454,#7455);
#7457=CYLINDRICAL_SURFACE('',#7456,9.793670613174E-2);
#7459=ORIENTED_EDGE('',*,*,#7458,.F.);
#7461=ORIENTED_EDGE('',*,*,#7460,.T.);
#7463=ORIENTED_EDGE('',*,*,#7462,.F.);
#7465=ORIENTED_EDGE('',*,*,#7464,.F.);
#7466=EDGE_LOOP('',(#7459,#7461,#7463,#7465));
#7467=FACE_OUTER_BOUND('',#7466,.F.);
#7469=CARTESIAN_POINT('',(0.E0,0.E0,0.E0));
#7470=DIRECTION('',(1.E0,0.E0,0.E0));
#7471=DIRECTION('',(0.E0,-1.E0,0.E0));
#7472=AXIS2_PLACEMENT_3D('',#7469,#7470,#7471);
#7473=CYLINDRICAL_SURFACE('',#7472,9.793670613174E-2);
#7475=ORIENTED_EDGE('',*,*,#7474,.F.);
#7477=ORIENTED_EDGE('',*,*,#7476,.F.);
#7479=ORIENTED_EDGE('',*,*,#7478,.F.);
#7481=ORIENTED_EDGE('',*,*,#7480,.T.);
#7482=EDGE_LOOP('',(#7475,#7477,#7479,#7481));
#7483=FACE_OUTER_BOUND('',#7482,.F.);
#7485=CARTESIAN_POINT('',(0.E0,0.E0,0.E0));
#7486=DIRECTION('',(1.E0,0.E0,0.E0));
#7487=DIRECTION('',(0.E0,-1.E0,0.E0));
#7488=AXIS2_PLACEMENT_3D('',#7485,#7486,#7487);
#7489=CYLINDRICAL_SURFACE('',#7488,9.793670613174E-2);
#7491=ORIENTED_EDGE('',*,*,#7490,.F.);
#7493=ORIENTED_EDGE('',*,*,#7492,.F.);
#7495=ORIENTED_EDGE('',*,*,#7494,.F.);
#7497=ORIENTED_EDGE('',*,*,#7496,.T.);
#7498=EDGE_LOOP('',(#7491,#7493,#7495,#7497));
#7499=FACE_OUTER_BOUND('',#7498,.F.);
#7501=CARTESIAN_POINT('',(0.E0,0.E0,0.E0));
#7502=DIRECTION('',(1.E0,0.E0,0.E0));
#7503=DIRECTION('',(0.E0,-1.E0,0.E0));
#7504=AXIS2_PLACEMENT_3D('',#7501,#7502,#7503);
#7505=CYLINDRICAL_SURFACE('',#7504,9.793670613174E-2);
#7507=ORIENTED_EDGE('',*,*,#7506,.F.);
#7509=ORIENTED_EDGE('',*,*,#7508,.F.);
#7511=ORIENTED_EDGE('',*,*,#7510,.F.);
#7513=ORIENTED_EDGE('',*,*,#7512,.T.);
#7514=EDGE_LOOP('',(#7507,#7509,#7511,#7513));
#7515=FACE_OUTER_BOUND('',#7514,.F.);
#7517=CARTESIAN_POINT('',(0.E0,0.E0,0.E0));
#7518=DIRECTION('',(1.E0,0.E0,0.E0));
#7519=DIRECTION('',(0.E0,-1.E0,0.E0));
#7520=AXIS2_PLACEMENT_3D('',#7517,#7518,#7519);
#7521=CYLINDRICAL_SURFACE('',#7520,9.793670613174E-2);
#7523=ORIENTED_EDGE('',*,*,#7522,.F.);
#7525=ORIENTED_EDGE('',*,*,#7524,.T.);
#7527=ORIENTED_EDGE('',*,*,#7526,.F.);
#7529=ORIENTED_EDGE('',*,*,#7528,.F.);
#7530=EDGE_LOOP('',(#7523,#7525,#7527,#7529));
#7531=FACE_OUTER_BOUND('',#7530,.F.);
#7533=CARTESIAN_POINT('',(0.E0,0.E0,0.E0));
#7534=DIRECTION('',(1.E0,0.E0,0.E0));
#7535=DIRECTION('',(0.E0,-1.E0,0.E0));
#7536=AXIS2_PLACEMENT_3D('',#7533,#7534,#7535);
#7537=CYLINDRICAL_SURFACE('',#7536,9.793670613174E-2);
#7539=ORIENTED_EDGE('',*,*,#7538,.F.);
#7541=ORIENTED_EDGE('',*,*,#7540,.F.);
#7543=ORIENTED_EDGE('',*,*,#7542,.F.);
#7545=ORIENTED_EDGE('',*,*,#7544,.T.);
#7546=EDGE_LOOP('',(#7539,#7541,#7543,#7545));
#7547=FACE_OUTER_BOUND('',#7546,.F.);
#7549=CARTESIAN_POINT('',(0.E0,0.E0,0.E0));
#7550=DIRECTION('',(1.E0,0.E0,0.E0));
#7551=DIRECTION('',(0.E0,-1.E0,0.E0));
#7552=AXIS2_PLACEMENT_3D('',#7549,#7550,#7551);
#7553=CYLINDRICAL_SURFACE('',#7552,9.793670613174E-2);
#7555=ORIENTED_EDGE('',*,*,#7554,.F.);
#7557=ORIENTED_EDGE('',*,*,#7556,.F.);
#7559=ORIENTED_EDGE('',*,*,#7558,.F.);
#7561=ORIENTED_EDGE('',*,*,#7560,.T.);
#7562=EDGE_LOOP('',(#7555,#7557,#7559,#7561));
#7563=FACE_OUTER_BOUND('',#7562,.F.);
#7565=CARTESIAN_POINT('',(0.E0,0.E0,0.E0));
#7566=DIRECTION('',(1.E0,0.E0,0.E0));
#7567=DIRECTION('',(0.E0,-1.E0,0.E0));
#7568=AXIS2_PLACEMENT_3D('',#7565,#7566,#7567);
#7569=CYLINDRICAL_SURFACE('',#7568,9.793670613174E-2);
#7571=ORIENTED_EDGE('',*,*,#7570,.F.);
#7573=ORIENTED_EDGE('',*,*,#7572,.F.);
#7575=ORIENTED_EDGE('',*,*,#7574,.F.);
#7577=ORIENTED_EDGE('',*,*,#7576,.T.);
#7578=EDGE_LOOP('',(#7571,#7573,#7575,#7577));
#7579=FACE_OUTER_BOUND('',#7578,.F.);
#7581=CARTESIAN_POINT('',(0.E0,0.E0,0.E0));
#7582=DIRECTION('',(1.E0,0.E0,0.E0));
#7583=DIRECTION('',(0.E0,-1.E0,0.E0));
#7584=AXIS2_PLACEMENT_3D('',#7581,#7582,#7583);
#7585=CYLINDRICAL_SURFACE('',#7584,9.793670613174E-2);
#7587=ORIENTED_EDGE('',*,*,#7586,.F.);
#7589=ORIENTED_EDGE('',*,*,#7588,.T.);
#7591=ORIENTED_EDGE('',*,*,#7590,.F.);
#7593=ORIENTED_EDGE('',*,*,#7592,.F.);
#7594=EDGE_LOOP('',(#7587,#7589,#7591,#7593));
#7595=FACE_OUTER_BOUND('',#7594,.F.);
#7597=CARTESIAN_POINT('',(0.E0,0.E0,0.E0));
#7598=DIRECTION('',(1.E0,0.E0,0.E0));
#7599=DIRECTION('',(0.E0,-1.E0,0.E0));
#7600=AXIS2_PLACEMENT_3D('',#7597,#7598,#7599);
#7601=CYLINDRICAL_SURFACE('',#7600,9.793670613174E-2);
#7603=ORIENTED_EDGE('',*,*,#7602,.F.);
#7605=ORIENTED_EDGE('',*,*,#7604,.F.);
#7606=ORIENTED_EDGE('',*,*,#7442,.F.);
#7608=ORIENTED_EDGE('',*,*,#7607,.T.);
#7609=EDGE_LOOP('',(#7603,#7605,#7606,#7608));
#7610=FACE_OUTER_BOUND('',#7609,.F.);
#7612=CARTESIAN_POINT('',(0.E0,0.E0,0.E0));
#7613=DIRECTION('',(1.E0,0.E0,0.E0));
#7614=DIRECTION('',(0.E0,-1.E0,0.E0));
#7615=AXIS2_PLACEMENT_3D('',#7612,#7613,#7614);
#7616=CYLINDRICAL_SURFACE('',#7615,9.793670613174E-2);
#7617=ORIENTED_EDGE('',*,*,#7438,.T.);
#7618=ORIENTED_EDGE('',*,*,#7274,.T.);
#7620=ORIENTED_EDGE('',*,*,#7619,.T.);
#7622=ORIENTED_EDGE('',*,*,#7621,.F.);
#7623=EDGE_LOOP('',(#7617,#7618,#7620,#7622));
#7624=FACE_OUTER_BOUND('',#7623,.F.);
#7626=CARTESIAN_POINT('',(0.E0,0.E0,0.E0));
#7627=DIRECTION('',(1.E0,0.E0,0.E0));
#7628=DIRECTION('',(0.E0,-1.E0,0.E0));
#7629=AXIS2_PLACEMENT_3D('',#7626,#7627,#7628);
#7630=CYLINDRICAL_SURFACE('',#7629,9.793670613174E-2);
#7632=ORIENTED_EDGE('',*,*,#7631,.T.);
#7634=ORIENTED_EDGE('',*,*,#7633,.T.);
#7636=ORIENTED_EDGE('',*,*,#7635,.F.);
#7638=ORIENTED_EDGE('',*,*,#7637,.T.);
#7639=EDGE_LOOP('',(#7632,#7634,#7636,#7638));
#7640=FACE_OUTER_BOUND('',#7639,.F.);
#7642=CARTESIAN_POINT('',(-8.744324953947E-1,8.157383898218E-2,
-4.998851281988E-2));
#7643=CARTESIAN_POINT('',(-8.764637453947E-1,6.881405098028E-2,
-7.081059439819E-2));
#7644=CARTESIAN_POINT('',(-8.805262453947E-1,2.664684636019E-2,
-1.020498622695E-1));
#7645=CARTESIAN_POINT('',(-8.866199953947E-1,-5.154670641553E-2,
-9.204276749697E-2));
#7646=CARTESIAN_POINT('',(-8.927137453947E-1,-1.009444182916E-1,
-3.061999761461E-2));
#7647=CARTESIAN_POINT('',(-8.988074953947E-1,-9.399032638243E-2,
4.788996364442E-2));
#7648=CARTESIAN_POINT('',(-9.049012453947E-1,-3.456084161746E-2,
9.966537469345E-2));
#7649=CARTESIAN_POINT('',(-9.109949953947E-1,4.416337223689E-2,
9.579776901120E-2));
#7650=CARTESIAN_POINT('',(-9.170887453947E-1,9.823158401130E-2,
3.844710589514E-2));
#7651=CARTESIAN_POINT('',(-9.231824953947E-1,9.745778540790E-2,
-4.036833647480E-2));
#7652=CARTESIAN_POINT('',(-9.292762453947E-1,4.227400988564E-2,
-9.664642847654E-2));
#7653=CARTESIAN_POINT('',(-9.353699953947E-1,-3.651103210159E-2,
-9.896747207913E-2));
#7654=CARTESIAN_POINT('',(-9.414637453947E-1,-9.491226776645E-2,
-4.603585682402E-2));
#7655=CARTESIAN_POINT('',(-9.475574953947E-1,-1.003245151947E-1,
3.259787910720E-2));
#7656=CARTESIAN_POINT('',(-9.536512453947E-1,-4.972687474369E-2,
9.303009065010E-2));
#7657=CARTESIAN_POINT('',(-9.597449953947E-1,2.863503940203E-2,
1.015330907105E-1));
#7658=CARTESIAN_POINT('',(-9.658387453947E-1,9.100231538845E-2,
5.331798387140E-2));
#7659=CARTESIAN_POINT('',(-9.699012453947E-1,9.872953356789E-2,
1.411769389742E-3));
#7660=CARTESIAN_POINT('',(-9.719324953947E-1,9.302863110809E-2,
-2.233419831535E-2));
#7661=CARTESIAN_POINT('',(-8.683524984649E-1,9.055287624630E-2,
-5.549087393207E-2));
#7662=CARTESIAN_POINT('',(-8.703837484649E-1,7.638858634304E-2,
-7.860489430769E-2));
#7663=CARTESIAN_POINT('',(-8.744462484649E-1,2.957993164127E-2,
-1.132827468260E-1));
#7664=CARTESIAN_POINT('',(-8.805399984649E-1,-5.722058180895E-2,
-1.021741460070E-1));
#7665=CARTESIAN_POINT('',(-8.866337484649E-1,-1.120556238540E-1,
-3.399041762965E-2));
#7666=CARTESIAN_POINT('',(-8.927274984649E-1,-1.043360775888E-1,
5.316133218005E-2));
#7667=CARTESIAN_POINT('',(-8.988212484649E-1,-3.836504022616E-2,
1.106357927157E-1));
#7668=CARTESIAN_POINT('',(-9.049149984649E-1,4.902454549994E-2,
1.063424699656E-1));
#7669=CARTESIAN_POINT('',(-9.110087484649E-1,1.090441810934E-1,
4.267907537013E-2));
#7670=CARTESIAN_POINT('',(-9.171024984649E-1,1.081852085349E-1,
-4.481178062332E-2));
#7671=CARTESIAN_POINT('',(-9.231962484649E-1,4.692721629106E-2,
-1.072845435090E-1));
#7672=CARTESIAN_POINT('',(-9.292899984649E-1,-4.052989307322E-2,
-1.098610702084E-1));
#7673=CARTESIAN_POINT('',(-9.353837484649E-1,-1.053594993756E-1,
-5.110313916681E-2));
#7674=CARTESIAN_POINT('',(-9.414774984649E-1,-1.113674864668E-1,
3.618600950399E-2));
#7675=CARTESIAN_POINT('',(-9.475712484649E-1,-5.520043669594E-2,
1.032701462985E-1));
#7676=CARTESIAN_POINT('',(-9.536649984649E-1,3.178697008297E-2,
1.127090929241E-1));
#7677=CARTESIAN_POINT('',(-9.597587484649E-1,1.010191687227E-1,
5.918682822152E-2));
#7678=CARTESIAN_POINT('',(-9.638212484649E-1,1.095969412078E-1,
1.567166390999E-3));
#7679=CARTESIAN_POINT('',(-9.658524984649E-1,1.032685261010E-1,
-2.479257959837E-2));
#7680=CARTESIAN_POINT('',(-8.622725015351E-1,9.953191351042E-2,
-6.099323504426E-2));
#7681=CARTESIAN_POINT('',(-8.643037515351E-1,8.396312170581E-2,
-8.639919421718E-2));
#7682=CARTESIAN_POINT('',(-8.683662515351E-1,3.251301692235E-2,
-1.245156313825E-1));
#7683=CARTESIAN_POINT('',(-8.744600015351E-1,-6.289445720237E-2,
-1.123055245171E-1));
#7684=CARTESIAN_POINT('',(-8.805537515351E-1,-1.231668294164E-1,
-3.736083764468E-2));
#7685=CARTESIAN_POINT('',(-8.866475015351E-1,-1.146818287951E-1,
5.843270071567E-2));
#7686=CARTESIAN_POINT('',(-8.927412515351E-1,-4.216923883486E-2,
1.216062107380E-1));
#7687=CARTESIAN_POINT('',(-8.988350015351E-1,5.388571876298E-2,
1.168871709200E-1));
#7688=CARTESIAN_POINT('',(-9.049287515351E-1,1.198567781754E-1,
4.691104484512E-2));
#7689=CARTESIAN_POINT('',(-9.110225015351E-1,1.189126316619E-1,
-4.925522477184E-2));
#7690=CARTESIAN_POINT('',(-9.171162515351E-1,5.158042269648E-2,
-1.179226585415E-1));
#7691=CARTESIAN_POINT('',(-9.232100015351E-1,-4.454875404485E-2,
-1.207546683377E-1));
#7692=CARTESIAN_POINT('',(-9.293037515351E-1,-1.158067309848E-1,
-5.617042150961E-2));
#7693=CARTESIAN_POINT('',(-9.353975015351E-1,-1.224104577390E-1,
3.977413990078E-2));
#7694=CARTESIAN_POINT('',(-9.414912515351E-1,-6.067399864819E-2,
1.135102019469E-1));
#7695=CARTESIAN_POINT('',(-9.475850015351E-1,3.493890076392E-2,
1.238850951376E-1));
#7696=CARTESIAN_POINT('',(-9.536787515351E-1,1.110360220569E-1,
6.505567257165E-2));
#7697=CARTESIAN_POINT('',(-9.577412515351E-1,1.204643488478E-1,
1.722563392256E-3));
#7698=CARTESIAN_POINT('',(-9.597725015351E-1,1.135084210940E-1,
-2.725096088139E-2));
#7699=CARTESIAN_POINT('',(-8.561925046053E-1,1.085109507745E-1,
-6.649559615645E-2));
#7700=CARTESIAN_POINT('',(-8.582237546053E-1,9.153765706857E-2,
-9.419349412667E-2));
#7701=CARTESIAN_POINT('',(-8.622862546053E-1,3.544610220342E-2,
-1.357485159390E-1));
#7702=CARTESIAN_POINT('',(-8.683800046053E-1,-6.856833259579E-2,
-1.224369030272E-1));
#7703=CARTESIAN_POINT('',(-8.744737546053E-1,-1.342780349788E-1,
-4.073125765972E-2));
#7704=CARTESIAN_POINT('',(-8.805675046053E-1,-1.250275800014E-1,
6.370406925129E-2));
#7705=CARTESIAN_POINT('',(-8.866612546053E-1,-4.597343744356E-2,
1.325766287602E-1));
#7706=CARTESIAN_POINT('',(-8.927550046053E-1,5.874689202603E-2,
1.274318718745E-1));
#7707=CARTESIAN_POINT('',(-8.988487546053E-1,1.306693752575E-1,
5.114301432010E-2));
#7708=CARTESIAN_POINT('',(-9.049425046053E-1,1.296400547889E-1,
-5.369866892036E-2));
#7709=CARTESIAN_POINT('',(-9.110362546053E-1,5.623362910191E-2,
-1.285607735740E-1));
#7710=CARTESIAN_POINT('',(-9.171300046053E-1,-4.856761501648E-2,
-1.316482664670E-1));
#7711=CARTESIAN_POINT('',(-9.232237546053E-1,-1.262539625940E-1,
-6.123770385240E-2));
#7712=CARTESIAN_POINT('',(-9.293175046053E-1,-1.334534290111E-1,
4.336227029757E-2));
#7713=CARTESIAN_POINT('',(-9.354112546053E-1,-6.614756060044E-2,
1.237502575953E-1));
#7714=CARTESIAN_POINT('',(-9.415050046053E-1,3.809083144486E-2,
1.350610973511E-1));
#7715=CARTESIAN_POINT('',(-9.475987546053E-1,1.210528753911E-1,
7.092451692178E-2));
#7716=CARTESIAN_POINT('',(-9.516612546053E-1,1.313317564877E-1,
1.877960393513E-3));
#7717=CARTESIAN_POINT('',(-9.536925046053E-1,1.237483160869E-1,
-2.970934216441E-2));
#7718=B_SPLINE_SURFACE_WITH_KNOTS('',3,3,((#7642,#7643,#7644,#7645,#7646,#7647,
#7648,#7649,#7650,#7651,#7652,#7653,#7654,#7655,#7656,#7657,#7658,#7659,#7660),(
#7661,#7662,#7663,#7664,#7665,#7666,#7667,#7668,#7669,#7670,#7671,#7672,#7673,
#7674,#7675,#7676,#7677,#7678,#7679),(#7680,#7681,#7682,#7683,#7684,#7685,#7686,
#7687,#7688,#7689,#7690,#7691,#7692,#7693,#7694,#7695,#7696,#7697,#7698),(#7699,
#7700,#7701,#7702,#7703,#7704,#7705,#7706,#7707,#7708,#7709,#7710,#7711,#7712,
#7713,#7714,#7715,#7716,#7717)),.UNSPECIFIED.,.F.,.F.,.F.,(4,4),(4,1,1,1,1,1,1,
1,1,1,1,1,1,1,1,1,4),(-6.243108358968E-2,1.082038926727E0),(5.21875E-1,
5.5234375E-1,5.828125E-1,6.1328125E-1,6.4375E-1,6.7421875E-1,7.046875E-1,
7.3515625E-1,7.65625E-1,7.9609375E-1,8.265625E-1,8.5703125E-1,8.875E-1,
9.1796875E-1,9.484375E-1,9.7890625E-1,1.009375E0),.UNSPECIFIED.);
#7720=ORIENTED_EDGE('',*,*,#7719,.T.);
#7722=ORIENTED_EDGE('',*,*,#7721,.T.);
#7724=ORIENTED_EDGE('',*,*,#7723,.F.);
#7726=ORIENTED_EDGE('',*,*,#7725,.T.);
#7727=ORIENTED_EDGE('',*,*,#7458,.T.);
#7729=ORIENTED_EDGE('',*,*,#7728,.T.);
#7730=ORIENTED_EDGE('',*,*,#7635,.T.);
#7731=EDGE_LOOP('',(#7720,#7722,#7724,#7726,#7727,#7729,#7730));
#7732=FACE_OUTER_BOUND('',#7731,.F.);
#7734=CARTESIAN_POINT('',(-8.75E-1,0.E0,0.E0));
#7735=DIRECTION('',(1.E0,0.E0,0.E0));
#7736=DIRECTION('',(0.E0,0.E0,-1.E0));
#7737=AXIS2_PLACEMENT_3D('',#7734,#7735,#7736);
#7738=PLANE('',#7737);
#7739=ORIENTED_EDGE('',*,*,#7633,.F.);
#7741=ORIENTED_EDGE('',*,*,#7740,.F.);
#7743=ORIENTED_EDGE('',*,*,#7742,.F.);
#7744=ORIENTED_EDGE('',*,*,#7719,.F.);
#7745=EDGE_LOOP('',(#7739,#7741,#7743,#7744));
#7746=FACE_OUTER_BOUND('',#7745,.F.);
#7748=ORIENTED_EDGE('',*,*,#7747,.F.);
#7750=ORIENTED_EDGE('',*,*,#7749,.F.);
#7751=EDGE_LOOP('',(#7748,#7750));
#7752=FACE_BOUND('',#7751,.F.);
#7754=CARTESIAN_POINT('',(-8.748699953947E-1,-1.244139124086E-1,
2.678561452322E-2));
#7755=CARTESIAN_POINT('',(-8.764272870614E-1,-1.191721004393E-1,
5.113280038466E-2));
#7756=CARTESIAN_POINT('',(-8.795418703947E-1,-9.399199597684E-2,
9.660242119719E-2));
#7757=CARTESIAN_POINT('',(-8.842137453947E-1,-2.473611057511E-2,
1.325004308789E-1));
#7758=CARTESIAN_POINT('',(-8.888856203947E-1,5.280092033056E-2,
1.240146023704E-1));
#7759=CARTESIAN_POINT('',(-8.935574953947E-1,1.126565399128E-1,
7.400164335959E-2));
#7760=CARTESIAN_POINT('',(-8.982293703947E-1,1.347853001386E-1,
-7.940002532410E-4));
#7761=CARTESIAN_POINT('',(-9.029012453947E-1,1.117769028762E-1,
-7.532352028770E-2));
#7762=CARTESIAN_POINT('',(-9.075731203947E-1,5.133639026195E-2,
-1.246285904893E-1));
#7763=CARTESIAN_POINT('',(-9.122449953947E-1,-2.629576518400E-2,
-1.321977387852E-1));
#7764=CARTESIAN_POINT('',(-9.169168703947E-1,-9.512193701529E-2,
-9.549621788808E-2));
#7765=CARTESIAN_POINT('',(-9.215887453947E-1,-1.320934560563E-1,
-2.681468985871E-2));
#7766=CARTESIAN_POINT('',(-9.262606203947E-1,-1.248292308237E-1,
5.084654070664E-2));
#7767=CARTESIAN_POINT('',(-9.309324953947E-1,-7.576186854745E-2,
1.114803950443E-1));
#7768=CARTESIAN_POINT('',(-9.356043703947E-1,-1.323355892668E-3,
1.347805902867E-1));
#7769=CARTESIAN_POINT('',(-9.402762453947E-1,7.355890595288E-2,
1.129483364397E-1));
#7770=CARTESIAN_POINT('',(-9.449481203947E-1,1.238054274214E-1,
5.327982009985E-2));
#7771=CARTESIAN_POINT('',(-9.480627037280E-1,1.296683399999E-1,
1.635359277107E-3));
#7772=CARTESIAN_POINT('',(-9.496199953947E-1,1.251938781377E-1,
-2.286446201075E-2));
#7773=CARTESIAN_POINT('',(-8.687899984649E-1,-1.141189408162E-1,
2.456916513051E-2));
#7774=CARTESIAN_POINT('',(-8.703472901316E-1,-1.093108770047E-1,
4.690167608987E-2));
#7775=CARTESIAN_POINT('',(-8.734618734649E-1,-8.621436958631E-2,
8.860878798743E-2));
#7776=CARTESIAN_POINT('',(-8.781337484649E-1,-2.268925302721E-2,
1.215363180601E-1));
#7777=CARTESIAN_POINT('',(-8.828056234649E-1,4.843176285987E-2,
1.137526727860E-1));
#7778=CARTESIAN_POINT('',(-8.874774984649E-1,1.033344644660E-1,
6.787817371354E-2));
#7779=CARTESIAN_POINT('',(-8.921493734649E-1,1.236321195245E-1,
-7.282985170505E-4));
#7780=CARTESIAN_POINT('',(-8.968212484649E-1,1.025276154169E-1,
-6.909066829718E-2));
#7781=CARTESIAN_POINT('',(-9.014931234649E-1,4.708841936245E-2,
-1.143158547682E-1));
#7782=CARTESIAN_POINT('',(-9.061649984649E-1,-2.411984972302E-2,
-1.212586730567E-1));
#7783=CARTESIAN_POINT('',(-9.108368734649E-1,-8.725081054373E-2,
-8.759412051561E-2));
#7784=CARTESIAN_POINT('',(-9.155087484649E-1,-1.211630194892E-1,
-2.459583454735E-2));
#7785=CARTESIAN_POINT('',(-9.201806234649E-1,-1.144998925660E-1,
4.663910375675E-2));
#7786=CARTESIAN_POINT('',(-9.248524984649E-1,-6.949274422376E-2,
1.022556429416E-1));
#7787=CARTESIAN_POINT('',(-9.295243734649E-1,-1.213851167208E-3,
1.236277994022E-1));
#7788=CARTESIAN_POINT('',(-9.341962484649E-1,6.747207183205E-2,
1.036021154862E-1));
#7789=CARTESIAN_POINT('',(-9.388681234649E-1,1.135608065939E-1,
4.887103474974E-2));
#7790=CARTESIAN_POINT('',(-9.419827067982E-1,1.189385763352E-1,
1.500036972911E-3));
#7791=CARTESIAN_POINT('',(-9.435399984649E-1,1.148343661344E-1,
-2.097247917443E-2));
#7792=CARTESIAN_POINT('',(-8.627100015351E-1,-1.038239692237E-1,
2.235271573781E-2));
#7793=CARTESIAN_POINT('',(-8.642672932018E-1,-9.944965357011E-2,
4.267055179509E-2));
#7794=CARTESIAN_POINT('',(-8.673818765351E-1,-7.843674319579E-2,
8.061515477767E-2));
#7795=CARTESIAN_POINT('',(-8.720537515351E-1,-2.064239547930E-2,
1.105722052412E-1));
#7796=CARTESIAN_POINT('',(-8.767256265351E-1,4.406260538919E-2,
1.034907432017E-1));
#7797=CARTESIAN_POINT('',(-8.813975015351E-1,9.401238901919E-2,
6.175470406749E-2));
#7798=CARTESIAN_POINT('',(-8.860693765351E-1,1.124789389104E-1,
-6.625967808599E-4));
#7799=CARTESIAN_POINT('',(-8.907412515351E-1,9.327832795761E-2,
-6.285781630667E-2));
#7800=CARTESIAN_POINT('',(-8.954131265351E-1,4.284044846295E-2,
-1.040031190472E-1));
#7801=CARTESIAN_POINT('',(-9.000850015351E-1,-2.194393426204E-2,
-1.103196073282E-1));
#7802=CARTESIAN_POINT('',(-9.047568765351E-1,-7.937968407217E-2,
-7.969202314314E-2));
#7803=CARTESIAN_POINT('',(-9.094287515351E-1,-1.102325829221E-1,
-2.237697923599E-2));
#7804=CARTESIAN_POINT('',(-9.141006265351E-1,-1.041705543082E-1,
4.243166680686E-2));
#7805=CARTESIAN_POINT('',(-9.187725015351E-1,-6.322361990008E-2,
9.303089083896E-2));
#7806=CARTESIAN_POINT('',(-9.234443765351E-1,-1.104346441748E-3,
1.124750085177E-1));
#7807=CARTESIAN_POINT('',(-9.281162515351E-1,6.138523771121E-2,
9.425589453273E-2));
#7808=CARTESIAN_POINT('',(-9.327881265351E-1,1.033161857664E-1,
4.446224939962E-2));
#7809=CARTESIAN_POINT('',(-9.359027098684E-1,1.082088126706E-1,
1.364714668714E-3));
#7810=CARTESIAN_POINT('',(-9.374600015351E-1,1.044748541311E-1,
-1.908049633810E-2));
#7811=CARTESIAN_POINT('',(-8.566300046053E-1,-9.352899763129E-2,
2.013626634510E-2));
#7812=CARTESIAN_POINT('',(-8.581872962720E-1,-8.958843013551E-2,
3.843942750030E-2));
#7813=CARTESIAN_POINT('',(-8.613018796053E-1,-7.065911680526E-2,
7.262152156792E-2));
#7814=CARTESIAN_POINT('',(-8.659737546053E-1,-1.859553793139E-2,
9.960809242235E-2));
#7815=CARTESIAN_POINT('',(-8.706456296053E-1,3.969344791850E-2,
9.322881361736E-2));
#7816=CARTESIAN_POINT('',(-8.753175046053E-1,8.469031357240E-2,
5.563123442144E-2));
#7817=CARTESIAN_POINT('',(-8.799893796053E-1,1.013257582962E-1,
-5.968950446694E-4));
#7818=CARTESIAN_POINT('',(-8.846612546053E-1,8.402904049834E-2,
-5.662496431615E-2));
#7819=CARTESIAN_POINT('',(-8.893331296053E-1,3.859247756345E-2,
-9.369038332611E-2));
#7820=CARTESIAN_POINT('',(-8.940050046053E-1,-1.976801880107E-2,
-9.938054159968E-2));
#7821=CARTESIAN_POINT('',(-8.986768796053E-1,-7.150855760061E-2,
-7.178992577067E-2));
#7822=CARTESIAN_POINT('',(-9.033487546053E-1,-9.930214635503E-2,
-2.015812392462E-2));
#7823=CARTESIAN_POINT('',(-9.080206296053E-1,-9.384121605052E-2,
3.822422985697E-2));
#7824=CARTESIAN_POINT('',(-9.126925046053E-1,-5.695449557639E-2,
8.380613873627E-2));
#7825=CARTESIAN_POINT('',(-9.173643796053E-1,-9.948417162884E-4,
1.013222176332E-1));
#7826=CARTESIAN_POINT('',(-9.220362546053E-1,5.529840359038E-2,
8.490967357924E-2));
#7827=CARTESIAN_POINT('',(-9.267081296053E-1,9.307156493890E-2,
4.005346404950E-2));
#7828=CARTESIAN_POINT('',(-9.298227129386E-1,9.747904900598E-2,
1.229392364518E-3));
#7829=CARTESIAN_POINT('',(-9.313800046053E-1,9.411534212780E-2,
-1.718851350178E-2));
#7830=B_SPLINE_SURFACE_WITH_KNOTS('',3,3,((#7754,#7755,#7756,#7757,#7758,#7759,
#7760,#7761,#7762,#7763,#7764,#7765,#7766,#7767,#7768,#7769,#7770,#7771,#7772),(
#7773,#7774,#7775,#7776,#7777,#7778,#7779,#7780,#7781,#7782,#7783,#7784,#7785,
#7786,#7787,#7788,#7789,#7790,#7791),(#7792,#7793,#7794,#7795,#7796,#7797,#7798,
#7799,#7800,#7801,#7802,#7803,#7804,#7805,#7806,#7807,#7808,#7809,#7810),(#7811,
#7812,#7813,#7814,#7815,#7816,#7817,#7818,#7819,#7820,#7821,#7822,#7823,#7824,
#7825,#7826,#7827,#7828,#7829)),.UNSPECIFIED.,.F.,.F.,.F.,(4,4),(4,1,1,1,1,1,1,
1,1,1,1,1,1,1,1,1,4),(-8.203892672693E-2,1.062431083590E0),(6.334375E-1,
6.56796875E-1,6.8015625E-1,7.03515625E-1,7.26875E-1,7.50234375E-1,7.7359375E-1,
7.96953125E-1,8.203125E-1,8.43671875E-1,8.6703125E-1,8.90390625E-1,9.1375E-1,
9.37109375E-1,9.6046875E-1,9.83828125E-1,1.0071875E0),.UNSPECIFIED.);
#7831=ORIENTED_EDGE('',*,*,#7740,.T.);
#7832=ORIENTED_EDGE('',*,*,#7631,.F.);
#7834=ORIENTED_EDGE('',*,*,#7833,.T.);
#7836=ORIENTED_EDGE('',*,*,#7835,.F.);
#7838=ORIENTED_EDGE('',*,*,#7837,.F.);
#7839=EDGE_LOOP('',(#7831,#7832,#7834,#7836,#7838));
#7840=FACE_OUTER_BOUND('',#7839,.F.);
#7842=CARTESIAN_POINT('',(0.E0,0.E0,0.E0));
#7843=DIRECTION('',(1.E0,0.E0,0.E0));
#7844=DIRECTION('',(0.E0,-1.E0,0.E0));
#7845=AXIS2_PLACEMENT_3D('',#7842,#7843,#7844);
#7846=CYLINDRICAL_SURFACE('',#7845,9.793670613174E-2);
#7847=ORIENTED_EDGE('',*,*,#7833,.F.);
#7848=ORIENTED_EDGE('',*,*,#7637,.F.);
#7849=ORIENTED_EDGE('',*,*,#7728,.F.);
#7850=ORIENTED_EDGE('',*,*,#7464,.T.);
#7851=EDGE_LOOP('',(#7847,#7848,#7849,#7850));
#7852=FACE_OUTER_BOUND('',#7851,.F.);
#7854=CARTESIAN_POINT('',(0.E0,0.E0,0.E0));
#7855=DIRECTION('',(1.E0,0.E0,0.E0));
#7856=DIRECTION('',(0.E0,-1.E0,0.E0));
#7857=AXIS2_PLACEMENT_3D('',#7854,#7855,#7856);
#7858=CYLINDRICAL_SURFACE('',#7857,9.793670613174E-2);
#7859=ORIENTED_EDGE('',*,*,#7725,.F.);
#7860=ORIENTED_EDGE('',*,*,#7476,.T.);
#7862=ORIENTED_EDGE('',*,*,#7861,.F.);
#7863=ORIENTED_EDGE('',*,*,#7460,.F.);
#7864=EDGE_LOOP('',(#7859,#7860,#7862,#7863));
#7865=FACE_OUTER_BOUND('',#7864,.F.);
#7867=CARTESIAN_POINT('',(0.E0,0.E0,0.E0));
#7868=DIRECTION('',(1.E0,0.E0,0.E0));
#7869=DIRECTION('',(0.E0,-1.E0,0.E0));
#7870=AXIS2_PLACEMENT_3D('',#7867,#7868,#7869);
#7871=CYLINDRICAL_SURFACE('',#7870,9.793670613174E-2);
#7873=ORIENTED_EDGE('',*,*,#7872,.F.);
#7874=ORIENTED_EDGE('',*,*,#7480,.F.);
#7876=ORIENTED_EDGE('',*,*,#7875,.F.);
#7877=ORIENTED_EDGE('',*,*,#7492,.T.);
#7878=EDGE_LOOP('',(#7873,#7874,#7876,#7877));
#7879=FACE_OUTER_BOUND('',#7878,.F.);
#7881=CARTESIAN_POINT('',(0.E0,0.E0,0.E0));
#7882=DIRECTION('',(1.E0,0.E0,0.E0));
#7883=DIRECTION('',(0.E0,-1.E0,0.E0));
#7884=AXIS2_PLACEMENT_3D('',#7881,#7882,#7883);
#7885=CYLINDRICAL_SURFACE('',#7884,9.793670613174E-2);
#7887=ORIENTED_EDGE('',*,*,#7886,.F.);
#7888=ORIENTED_EDGE('',*,*,#7496,.F.);
#7890=ORIENTED_EDGE('',*,*,#7889,.F.);
#7891=ORIENTED_EDGE('',*,*,#7508,.T.);
#7892=EDGE_LOOP('',(#7887,#7888,#7890,#7891));
#7893=FACE_OUTER_BOUND('',#7892,.F.);
#7895=CARTESIAN_POINT('',(0.E0,0.E0,0.E0));
#7896=DIRECTION('',(1.E0,0.E0,0.E0));
#7897=DIRECTION('',(0.E0,-1.E0,0.E0));
#7898=AXIS2_PLACEMENT_3D('',#7895,#7896,#7897);
#7899=CYLINDRICAL_SURFACE('',#7898,9.793670613174E-2);
#7901=ORIENTED_EDGE('',*,*,#7900,.F.);
#7902=ORIENTED_EDGE('',*,*,#7512,.F.);
#7904=ORIENTED_EDGE('',*,*,#7903,.F.);
#7905=ORIENTED_EDGE('',*,*,#7528,.T.);
#7906=EDGE_LOOP('',(#7901,#7902,#7904,#7905));
#7907=FACE_OUTER_BOUND('',#7906,.F.);
#7909=CARTESIAN_POINT('',(0.E0,0.E0,0.E0));
#7910=DIRECTION('',(1.E0,0.E0,0.E0));
#7911=DIRECTION('',(0.E0,-1.E0,0.E0));
#7912=AXIS2_PLACEMENT_3D('',#7909,#7910,#7911);
#7913=CYLINDRICAL_SURFACE('',#7912,9.793670613174E-2);
#7915=ORIENTED_EDGE('',*,*,#7914,.F.);
#7916=ORIENTED_EDGE('',*,*,#7540,.T.);
#7918=ORIENTED_EDGE('',*,*,#7917,.F.);
#7919=ORIENTED_EDGE('',*,*,#7524,.F.);
#7920=EDGE_LOOP('',(#7915,#7916,#7918,#7919));
#7921=FACE_OUTER_BOUND('',#7920,.F.);
#7923=CARTESIAN_POINT('',(0.E0,0.E0,0.E0));
#7924=DIRECTION('',(1.E0,0.E0,0.E0));
#7925=DIRECTION('',(0.E0,-1.E0,0.E0));
#7926=AXIS2_PLACEMENT_3D('',#7923,#7924,#7925);
#7927=CYLINDRICAL_SURFACE('',#7926,9.793670613174E-2);
#7929=ORIENTED_EDGE('',*,*,#7928,.F.);
#7930=ORIENTED_EDGE('',*,*,#7544,.F.);
#7932=ORIENTED_EDGE('',*,*,#7931,.F.);
#7933=ORIENTED_EDGE('',*,*,#7556,.T.);
#7934=EDGE_LOOP('',(#7929,#7930,#7932,#7933));
#7935=FACE_OUTER_BOUND('',#7934,.F.);
#7937=CARTESIAN_POINT('',(0.E0,0.E0,0.E0));
#7938=DIRECTION('',(1.E0,0.E0,0.E0));
#7939=DIRECTION('',(0.E0,-1.E0,0.E0));
#7940=AXIS2_PLACEMENT_3D('',#7937,#7938,#7939);
#7941=CYLINDRICAL_SURFACE('',#7940,9.793670613174E-2);
#7943=ORIENTED_EDGE('',*,*,#7942,.F.);
#7944=ORIENTED_EDGE('',*,*,#7560,.F.);
#7946=ORIENTED_EDGE('',*,*,#7945,.F.);
#7947=ORIENTED_EDGE('',*,*,#7572,.T.);
#7948=EDGE_LOOP('',(#7943,#7944,#7946,#7947));
#7949=FACE_OUTER_BOUND('',#7948,.F.);
#7951=CARTESIAN_POINT('',(0.E0,0.E0,0.E0));
#7952=DIRECTION('',(1.E0,0.E0,0.E0));
#7953=DIRECTION('',(0.E0,-1.E0,0.E0));
#7954=AXIS2_PLACEMENT_3D('',#7951,#7952,#7953);
#7955=CYLINDRICAL_SURFACE('',#7954,9.793670613174E-2);
#7957=ORIENTED_EDGE('',*,*,#7956,.F.);
#7958=ORIENTED_EDGE('',*,*,#7576,.F.);
#7960=ORIENTED_EDGE('',*,*,#7959,.F.);
#7961=ORIENTED_EDGE('',*,*,#7592,.T.);
#7962=EDGE_LOOP('',(#7957,#7958,#7960,#7961));
#7963=FACE_OUTER_BOUND('',#7962,.F.);
#7965=CARTESIAN_POINT('',(0.E0,0.E0,0.E0));
#7966=DIRECTION('',(1.E0,0.E0,0.E0));
#7967=DIRECTION('',(0.E0,-1.E0,0.E0));
#7968=AXIS2_PLACEMENT_3D('',#7965,#7966,#7967);
#7969=CYLINDRICAL_SURFACE('',#7968,9.793670613174E-2);
#7971=ORIENTED_EDGE('',*,*,#7970,.F.);
#7972=ORIENTED_EDGE('',*,*,#7604,.T.);
#7974=ORIENTED_EDGE('',*,*,#7973,.F.);
#7975=ORIENTED_EDGE('',*,*,#7588,.F.);
#7976=EDGE_LOOP('',(#7971,#7972,#7974,#7975));
#7977=FACE_OUTER_BOUND('',#7976,.F.);
#7979=CARTESIAN_POINT('',(0.E0,0.E0,0.E0));
#7980=DIRECTION('',(1.E0,0.E0,0.E0));
#7981=DIRECTION('',(0.E0,-1.E0,0.E0));
#7982=AXIS2_PLACEMENT_3D('',#7979,#7980,#7981);
#7983=CYLINDRICAL_SURFACE('',#7982,9.793670613174E-2);
#7985=ORIENTED_EDGE('',*,*,#7984,.F.);
#7986=ORIENTED_EDGE('',*,*,#7607,.F.);
#7987=ORIENTED_EDGE('',*,*,#7440,.F.);
#7988=ORIENTED_EDGE('',*,*,#7621,.T.);
#7989=EDGE_LOOP('',(#7985,#7986,#7987,#7988));
#7990=FACE_OUTER_BOUND('',#7989,.F.);
#7992=CARTESIAN_POINT('',(-9.441824953947E-1,1.115228615739E-1,
6.131021197612E-2));
#7993=CARTESIAN_POINT('',(-9.463491620614E-1,1.282158765736E-1,
3.094573041503E-2));
#7994=CARTESIAN_POINT('',(-9.506824953947E-1,1.352376880685E-1,
-4.391040255657E-2));
#7995=CARTESIAN_POINT('',(-9.571824953947E-1,6.055951613863E-2,
-1.286938216077E-1));
#7996=CARTESIAN_POINT('',(-9.636824953947E-1,-5.235584146215E-2,
-1.322292914766E-1));
#7997=CARTESIAN_POINT('',(-9.701824953947E-1,-1.322316009989E-1,
-5.235507819159E-2));
#7998=CARTESIAN_POINT('',(-9.766824953947E-1,-1.286838202481E-1,
6.055415353411E-2));
#7999=CARTESIAN_POINT('',(-9.831824953947E-1,-4.394809847293E-2,
1.352583752160E-1));
#8000=CARTESIAN_POINT('',(-9.896824953947E-1,6.851457920663E-2,
1.246275848406E-1));
#8001=CARTESIAN_POINT('',(-9.961824953947E-1,1.377510535032E-1,
3.536845486520E-2));
#8002=CARTESIAN_POINT('',(-1.002682495395E0,1.200795797795E-1,
-7.620481791636E-2));
#8003=CARTESIAN_POINT('',(-1.009182495395E0,2.664920709396E-2,
-1.397000353721E-1));
#8004=CARTESIAN_POINT('',(-1.015682495395E0,-8.359430538935E-2,
-1.150576904658E-1));
#8005=CARTESIAN_POINT('',(-1.022182495395E0,-1.410976865343E-1,
-1.782478306069E-2));
#8006=CARTESIAN_POINT('',(-1.028682495395E0,-1.095817206082E-1,
9.065388325335E-2));
#8007=CARTESIAN_POINT('',(-1.035182495395E0,-8.930012860451E-3,
1.419384898775E-1));
#8008=CARTESIAN_POINT('',(-1.041682495395E0,9.735569168501E-2,
1.036732816851E-1));
#8009=CARTESIAN_POINT('',(-1.048182495395E0,1.422191268389E-1,0.E0));
#8010=CARTESIAN_POINT('',(-1.054682495395E0,9.735569168501E-2,
-1.036732816851E-1));
#8011=CARTESIAN_POINT('',(-1.061182495395E0,-8.930012860450E-3,
-1.419384898775E-1));
#8012=CARTESIAN_POINT('',(-1.067682495395E0,-1.095817206082E-1,
-9.065388325335E-2));
#8013=CARTESIAN_POINT('',(-1.074182495395E0,-1.410976865343E-1,
1.782478306069E-2));
#8014=CARTESIAN_POINT('',(-1.080682495395E0,-8.359430538935E-2,
1.150576904658E-1));
#8015=CARTESIAN_POINT('',(-1.087182495395E0,2.664920709396E-2,
1.397000353721E-1));
#8016=CARTESIAN_POINT('',(-1.093682495395E0,1.200795797795E-1,
7.620481791636E-2));
#8017=CARTESIAN_POINT('',(-1.100182495395E0,1.377510535032E-1,
-3.536845486520E-2));
#8018=CARTESIAN_POINT('',(-1.106682495395E0,6.851457920663E-2,
-1.246275848406E-1));
#8019=CARTESIAN_POINT('',(-1.113182495395E0,-4.394809847293E-2,
-1.352583752160E-1));
#8020=CARTESIAN_POINT('',(-1.119682495395E0,-1.286838202481E-1,
-6.055415353412E-2));
#8021=CARTESIAN_POINT('',(-1.126182495395E0,-1.322316009989E-1,
5.235507819159E-2));
#8022=CARTESIAN_POINT('',(-1.132682495395E0,-5.235584146215E-2,
1.322292914766E-1));
#8023=CARTESIAN_POINT('',(-1.139182495395E0,6.055951613863E-2,
1.286938216077E-1));
#8024=CARTESIAN_POINT('',(-1.145682495395E0,1.352376880685E-1,
4.391040255657E-2));
#8025=CARTESIAN_POINT('',(-1.150015828728E0,1.282158765736E-1,
-3.094573041503E-2));
#8026=CARTESIAN_POINT('',(-1.152182495395E0,1.115228615739E-1,
-6.131021197612E-2));
#8027=CARTESIAN_POINT('',(-9.381024984649E-1,1.022945954614E-1,
5.623692974907E-2));
#8028=CARTESIAN_POINT('',(-9.402691651316E-1,1.176063009926E-1,
2.838504078344E-2));
#8029=CARTESIAN_POINT('',(-9.446024984649E-1,1.240470733701E-1,
-4.027691544745E-2));
#8030=CARTESIAN_POINT('',(-9.511024984649E-1,5.554835230471E-2,
-1.180446971495E-1));
#8031=CARTESIAN_POINT('',(-9.576024984649E-1,-4.802351326737E-2,
-1.212876148338E-1));
#8032=CARTESIAN_POINT('',(-9.641024984649E-1,-1.212897332483E-1,
-4.802281315573E-2));
#8033=CARTESIAN_POINT('',(-9.706024984649E-1,-1.180355233799E-1,
5.554343344366E-2));
#8034=CARTESIAN_POINT('',(-9.771024984649E-1,-4.031149211147E-2,
1.240660487026E-1));
#8035=CARTESIAN_POINT('',(-9.836024984649E-1,6.284515178533E-2,
1.143149323347E-1));
#8036=CARTESIAN_POINT('',(-9.901024984649E-1,1.263524634646E-1,
3.244179472683E-2));
#8037=CARTESIAN_POINT('',(-9.966024984649E-1,1.101432644693E-1,
-6.989904052806E-2));
#8038=CARTESIAN_POINT('',(-1.003102498465E0,2.444404510940E-2,
-1.281401714648E-1));
#8039=CARTESIAN_POINT('',(-1.009602498465E0,-7.667706452286E-2,
-1.055369252081E-1));
#8040=CARTESIAN_POINT('',(-1.016102498465E0,-1.294221701350E-1,
-1.634982232922E-2));
#8041=CARTESIAN_POINT('',(-1.022602498465E0,-1.005140795472E-1,
8.315247818724E-2));
#8042=CARTESIAN_POINT('',(-1.029102498465E0,-8.191074369260E-3,
1.301933988915E-1));
#8043=CARTESIAN_POINT('',(-1.035602498465E0,8.929972703560E-2,
9.509455066397E-2));
#8044=CARTESIAN_POINT('',(-1.042102498465E0,1.304508137752E-1,0.E0));
#8045=CARTESIAN_POINT('',(-1.048602498465E0,8.929972703560E-2,
-9.509455066397E-2));
#8046=CARTESIAN_POINT('',(-1.055102498465E0,-8.191074369259E-3,
-1.301933988915E-1));
#8047=CARTESIAN_POINT('',(-1.061602498465E0,-1.005140795472E-1,
-8.315247818724E-2));
#8048=CARTESIAN_POINT('',(-1.068102498465E0,-1.294221701350E-1,
1.634982232922E-2));
#8049=CARTESIAN_POINT('',(-1.074602498465E0,-7.667706452286E-2,
1.055369252081E-1));
#8050=CARTESIAN_POINT('',(-1.081102498465E0,2.444404510940E-2,
1.281401714648E-1));
#8051=CARTESIAN_POINT('',(-1.087602498465E0,1.101432644693E-1,
6.989904052806E-2));
#8052=CARTESIAN_POINT('',(-1.094102498465E0,1.263524634646E-1,
-3.244179472683E-2));
#8053=CARTESIAN_POINT('',(-1.100602498465E0,6.284515178533E-2,
-1.143149323347E-1));
#8054=CARTESIAN_POINT('',(-1.107102498465E0,-4.031149211147E-2,
-1.240660487026E-1));
#8055=CARTESIAN_POINT('',(-1.113602498465E0,-1.180355233799E-1,
-5.554343344366E-2));
#8056=CARTESIAN_POINT('',(-1.120102498465E0,-1.212897332483E-1,
4.802281315573E-2));
#8057=CARTESIAN_POINT('',(-1.126602498465E0,-4.802351326737E-2,
1.212876148338E-1));
#8058=CARTESIAN_POINT('',(-1.133102498465E0,5.554835230471E-2,
1.180446971495E-1));
#8059=CARTESIAN_POINT('',(-1.139602498465E0,1.240470733701E-1,
4.027691544745E-2));
#8060=CARTESIAN_POINT('',(-1.143935831798E0,1.176063009926E-1,
-2.838504078344E-2));
#8061=CARTESIAN_POINT('',(-1.146102498465E0,1.022945954614E-1,
-5.623692974907E-2));
#8062=CARTESIAN_POINT('',(-9.320225015351E-1,9.306632934883E-2,
5.116364752203E-2));
#8063=CARTESIAN_POINT('',(-9.341891682018E-1,1.069967254116E-1,
2.582435115186E-2));
#8064=CARTESIAN_POINT('',(-9.385225015351E-1,1.128564586716E-1,
-3.664342833832E-2));
#8065=CARTESIAN_POINT('',(-9.450225015351E-1,5.053718847079E-2,
-1.073955726913E-1));
#8066=CARTESIAN_POINT('',(-9.515225015351E-1,-4.369118507259E-2,
-1.103459381911E-1));
#8067=CARTESIAN_POINT('',(-9.580225015351E-1,-1.103478654978E-1,
-4.369054811988E-2));
#8068=CARTESIAN_POINT('',(-9.645225015351E-1,-1.073872265117E-1,
5.053271335321E-2));
#8069=CARTESIAN_POINT('',(-9.710225015351E-1,-3.667488575E-2,
1.128737221892E-1));
#8070=CARTESIAN_POINT('',(-9.775225015351E-1,5.717572436404E-2,
1.040022798288E-1));
#8071=CARTESIAN_POINT('',(-9.840225015351E-1,1.149538734260E-1,
2.951513458845E-2));
#8072=CARTESIAN_POINT('',(-9.905225015351E-1,1.002069491592E-1,
-6.359326313977E-2));
#8073=CARTESIAN_POINT('',(-9.970225015351E-1,2.223888312485E-2,
-1.165803075576E-1));
#8074=CARTESIAN_POINT('',(-1.003522501535E0,-6.975982365637E-2,
-9.601615995038E-2));
#8075=CARTESIAN_POINT('',(-1.010022501535E0,-1.177466537357E-1,
-1.487486159775E-2));
#8076=CARTESIAN_POINT('',(-1.016522501535E0,-9.144643848625E-2,
7.565107312112E-2));
#8077=CARTESIAN_POINT('',(-1.023022501535E0,-7.452135878069E-3,
1.184483079055E-1));
#8078=CARTESIAN_POINT('',(-1.029522501535E0,8.124376238619E-2,
8.651581964282E-2));
#8079=CARTESIAN_POINT('',(-1.036022501535E0,1.186825007115E-1,0.E0));
#8080=CARTESIAN_POINT('',(-1.042522501535E0,8.124376238619E-2,
-8.651581964282E-2));
#8081=CARTESIAN_POINT('',(-1.049022501535E0,-7.452135878067E-3,
-1.184483079055E-1));
#8082=CARTESIAN_POINT('',(-1.055522501535E0,-9.144643848625E-2,
-7.565107312112E-2));
#8083=CARTESIAN_POINT('',(-1.062022501535E0,-1.177466537357E-1,
1.487486159775E-2));
#8084=CARTESIAN_POINT('',(-1.068522501535E0,-6.975982365637E-2,
9.601615995038E-2));
#8085=CARTESIAN_POINT('',(-1.075022501535E0,2.223888312485E-2,
1.165803075576E-1));
#8086=CARTESIAN_POINT('',(-1.081522501535E0,1.002069491592E-1,
6.359326313977E-2));
#8087=CARTESIAN_POINT('',(-1.088022501535E0,1.149538734260E-1,
-2.951513458845E-2));
#8088=CARTESIAN_POINT('',(-1.094522501535E0,5.717572436404E-2,
-1.040022798288E-1));
#8089=CARTESIAN_POINT('',(-1.101022501535E0,-3.667488575E-2,
-1.128737221892E-1));
#8090=CARTESIAN_POINT('',(-1.107522501535E0,-1.073872265117E-1,
-5.053271335321E-2));
#8091=CARTESIAN_POINT('',(-1.114022501535E0,-1.103478654978E-1,
4.369054811987E-2));
#8092=CARTESIAN_POINT('',(-1.120522501535E0,-4.369118507259E-2,
1.103459381911E-1));
#8093=CARTESIAN_POINT('',(-1.127022501535E0,5.053718847079E-2,
1.073955726913E-1));
#8094=CARTESIAN_POINT('',(-1.133522501535E0,1.128564586716E-1,
3.664342833833E-2));
#8095=CARTESIAN_POINT('',(-1.137855834868E0,1.069967254116E-1,
-2.582435115186E-2));
#8096=CARTESIAN_POINT('',(-1.140022501535E0,9.306632934883E-2,
-5.116364752202E-2));
#8097=CARTESIAN_POINT('',(-9.259425046053E-1,8.383806323628E-2,
4.609036529498E-2));
#8098=CARTESIAN_POINT('',(-9.281091712720E-1,9.638714983065E-2,
2.326366152027E-2));
#8099=CARTESIAN_POINT('',(-9.324425046053E-1,1.016658439732E-1,
-3.300994122920E-2));
#8100=CARTESIAN_POINT('',(-9.389425046053E-1,4.552602463687E-2,
-9.674644823308E-2));
#8101=CARTESIAN_POINT('',(-9.454425046053E-1,-3.935885687781E-2,
-9.940426154826E-2));
#8102=CARTESIAN_POINT('',(-9.519425046053E-1,-9.940599774720E-2,
-3.935828308402E-2));
#8103=CARTESIAN_POINT('',(-9.584425046053E-1,-9.673892964352E-2,
4.552199326276E-2));
#8104=CARTESIAN_POINT('',(-9.649425046053E-1,-3.303827938853E-2,
1.016813956758E-1));
#8105=CARTESIAN_POINT('',(-9.714425046053E-1,5.150629694275E-2,
9.368962732295E-2));
#8106=CARTESIAN_POINT('',(-9.779425046053E-1,1.035552833874E-1,
2.658847445008E-2));
#8107=CARTESIAN_POINT('',(-9.844425046053E-1,9.027063384903E-2,
-5.728748575148E-2));
#8108=CARTESIAN_POINT('',(-9.909425046053E-1,2.003372114029E-2,
-1.050204436503E-1));
#8109=CARTESIAN_POINT('',(-9.974425046053E-1,-6.284258278988E-2,
-8.649539469266E-2));
#8110=CARTESIAN_POINT('',(-1.003942504605E0,-1.060711373364E-1,
-1.339990086628E-2));
#8111=CARTESIAN_POINT('',(-1.010442504605E0,-8.237879742529E-2,
6.814966805501E-2));
#8112=CARTESIAN_POINT('',(-1.016942504605E0,-6.713197386878E-3,
1.067032169195E-1));
#8113=CARTESIAN_POINT('',(-1.023442504605E0,7.318779773677E-2,
7.793708862167E-2));
#8114=CARTESIAN_POINT('',(-1.029942504605E0,1.069141876478E-1,0.E0));
#8115=CARTESIAN_POINT('',(-1.036442504605E0,7.318779773677E-2,
-7.793708862167E-2));
#8116=CARTESIAN_POINT('',(-1.042942504605E0,-6.713197386876E-3,
-1.067032169195E-1));
#8117=CARTESIAN_POINT('',(-1.049442504605E0,-8.237879742529E-2,
-6.814966805501E-2));
#8118=CARTESIAN_POINT('',(-1.055942504605E0,-1.060711373364E-1,
1.339990086628E-2));
#8119=CARTESIAN_POINT('',(-1.062442504605E0,-6.284258278988E-2,
8.649539469266E-2));
#8120=CARTESIAN_POINT('',(-1.068942504605E0,2.003372114029E-2,
1.050204436503E-1));
#8121=CARTESIAN_POINT('',(-1.075442504605E0,9.027063384903E-2,
5.728748575148E-2));
#8122=CARTESIAN_POINT('',(-1.081942504605E0,1.035552833874E-1,
-2.658847445008E-2));
#8123=CARTESIAN_POINT('',(-1.088442504605E0,5.150629694275E-2,
-9.368962732295E-2));
#8124=CARTESIAN_POINT('',(-1.094942504605E0,-3.303827938853E-2,
-1.016813956758E-1));
#8125=CARTESIAN_POINT('',(-1.101442504605E0,-9.673892964352E-2,
-4.552199326276E-2));
#8126=CARTESIAN_POINT('',(-1.107942504605E0,-9.940599774721E-2,
3.935828308402E-2));
#8127=CARTESIAN_POINT('',(-1.114442504605E0,-3.935885687781E-2,
9.940426154826E-2));
#8128=CARTESIAN_POINT('',(-1.120942504605E0,4.552602463686E-2,
9.674644823308E-2));
#8129=CARTESIAN_POINT('',(-1.127442504605E0,1.016658439732E-1,
3.300994122920E-2));
#8130=CARTESIAN_POINT('',(-1.131775837939E0,9.638714983065E-2,
-2.326366152027E-2));
#8131=CARTESIAN_POINT('',(-1.133942504605E0,8.383806323628E-2,
-4.609036529498E-2));
#8132=B_SPLINE_SURFACE_WITH_KNOTS('',3,3,((#7992,#7993,#7994,#7995,#7996,#7997,
#7998,#7999,#8000,#8001,#8002,#8003,#8004,#8005,#8006,#8007,#8008,#8009,#8010,
#8011,#8012,#8013,#8014,#8015,#8016,#8017,#8018,#8019,#8020,#8021,#8022,#8023,
#8024,#8025,#8026),(#8027,#8028,#8029,#8030,#8031,#8032,#8033,#8034,#8035,#8036,
#8037,#8038,#8039,#8040,#8041,#8042,#8043,#8044,#8045,#8046,#8047,#8048,#8049,
#8050,#8051,#8052,#8053,#8054,#8055,#8056,#8057,#8058,#8059,#8060,#8061),(#8062,
#8063,#8064,#8065,#8066,#8067,#8068,#8069,#8070,#8071,#8072,#8073,#8074,#8075,
#8076,#8077,#8078,#8079,#8080,#8081,#8082,#8083,#8084,#8085,#8086,#8087,#8088,
#8089,#8090,#8091,#8092,#8093,#8094,#8095,#8096),(#8097,#8098,#8099,#8100,#8101,
#8102,#8103,#8104,#8105,#8106,#8107,#8108,#8109,#8110,#8111,#8112,#8113,#8114,
#8115,#8116,#8117,#8118,#8119,#8120,#8121,#8122,#8123,#8124,#8125,#8126,#8127,
#8128,#8129,#8130,#8131)),.UNSPECIFIED.,.F.,.F.,.F.,(4,4),(4,1,1,1,1,1,1,1,1,1,
1,1,1,1,1,1,1,1,1,1,1,1,1,1,1,1,1,1,1,1,1,1,4),(-8.203892672693E-2,
1.062431083590E0),(-2.E-2,1.25E-2,4.5E-2,7.75E-2,1.1E-1,1.425E-1,1.75E-1,
2.075E-1,2.4E-1,2.725E-1,3.05E-1,3.375E-1,3.7E-1,4.025E-1,4.35E-1,4.675E-1,
5.E-1,5.325E-1,5.65E-1,5.975E-1,6.3E-1,6.625E-1,6.95E-1,7.275E-1,7.6E-1,
7.925E-1,8.25E-1,8.575E-1,8.9E-1,9.225E-1,9.55E-1,9.875E-1,1.02E0),
.UNSPECIFIED.);
#8133=ORIENTED_EDGE('',*,*,#7861,.T.);
#8134=ORIENTED_EDGE('',*,*,#7474,.T.);
#8135=ORIENTED_EDGE('',*,*,#7872,.T.);
#8136=ORIENTED_EDGE('',*,*,#7490,.T.);
#8137=ORIENTED_EDGE('',*,*,#7886,.T.);
#8138=ORIENTED_EDGE('',*,*,#7506,.T.);
#8139=ORIENTED_EDGE('',*,*,#7900,.T.);
#8141=ORIENTED_EDGE('',*,*,#8140,.F.);
#8143=ORIENTED_EDGE('',*,*,#8142,.F.);
#8144=ORIENTED_EDGE('',*,*,#7835,.T.);
#8145=ORIENTED_EDGE('',*,*,#7462,.T.);
#8146=EDGE_LOOP('',(#8133,#8134,#8135,#8136,#8137,#8138,#8139,#8141,#8143,#8144,
#8145));
#8147=FACE_OUTER_BOUND('',#8146,.F.);
#8149=CARTESIAN_POINT('',(-1.144182495395E0,1.115228615739E-1,
6.131021197612E-2));
#8150=CARTESIAN_POINT('',(-1.146349162061E0,1.282158765736E-1,
3.094573041503E-2));
#8151=CARTESIAN_POINT('',(-1.150682495395E0,1.352376880685E-1,
-4.391040255657E-2));
#8152=CARTESIAN_POINT('',(-1.157182495395E0,6.055951613863E-2,
-1.286938216077E-1));
#8153=CARTESIAN_POINT('',(-1.163682495395E0,-5.235584146215E-2,
-1.322292914766E-1));
#8154=CARTESIAN_POINT('',(-1.170182495395E0,-1.322316009989E-1,
-5.235507819159E-2));
#8155=CARTESIAN_POINT('',(-1.176682495395E0,-1.286838202481E-1,
6.055415353411E-2));
#8156=CARTESIAN_POINT('',(-1.183182495395E0,-4.394809847293E-2,
1.352583752160E-1));
#8157=CARTESIAN_POINT('',(-1.189682495395E0,6.851457920663E-2,
1.246275848406E-1));
#8158=CARTESIAN_POINT('',(-1.196182495395E0,1.377510535032E-1,
3.536845486520E-2));
#8159=CARTESIAN_POINT('',(-1.202682495395E0,1.200795797795E-1,
-7.620481791636E-2));
#8160=CARTESIAN_POINT('',(-1.209182495395E0,2.664920709396E-2,
-1.397000353721E-1));
#8161=CARTESIAN_POINT('',(-1.215682495395E0,-8.359430538935E-2,
-1.150576904658E-1));
#8162=CARTESIAN_POINT('',(-1.222182495395E0,-1.410976865343E-1,
-1.782478306069E-2));
#8163=CARTESIAN_POINT('',(-1.228682495395E0,-1.095817206082E-1,
9.065388325335E-2));
#8164=CARTESIAN_POINT('',(-1.235182495395E0,-8.930012860451E-3,
1.419384898775E-1));
#8165=CARTESIAN_POINT('',(-1.241682495395E0,9.735569168501E-2,
1.036732816851E-1));
#8166=CARTESIAN_POINT('',(-1.248182495395E0,1.422191268389E-1,0.E0));
#8167=CARTESIAN_POINT('',(-1.254682495395E0,9.735569168501E-2,
-1.036732816851E-1));
#8168=CARTESIAN_POINT('',(-1.261182495395E0,-8.930012860450E-3,
-1.419384898775E-1));
#8169=CARTESIAN_POINT('',(-1.267682495395E0,-1.095817206082E-1,
-9.065388325335E-2));
#8170=CARTESIAN_POINT('',(-1.274182495395E0,-1.410976865343E-1,
1.782478306069E-2));
#8171=CARTESIAN_POINT('',(-1.280682495395E0,-8.359430538935E-2,
1.150576904658E-1));
#8172=CARTESIAN_POINT('',(-1.287182495395E0,2.664920709396E-2,
1.397000353721E-1));
#8173=CARTESIAN_POINT('',(-1.293682495395E0,1.200795797795E-1,
7.620481791636E-2));
#8174=CARTESIAN_POINT('',(-1.300182495395E0,1.377510535032E-1,
-3.536845486520E-2));
#8175=CARTESIAN_POINT('',(-1.306682495395E0,6.851457920663E-2,
-1.246275848406E-1));
#8176=CARTESIAN_POINT('',(-1.313182495395E0,-4.394809847293E-2,
-1.352583752160E-1));
#8177=CARTESIAN_POINT('',(-1.319682495395E0,-1.286838202481E-1,
-6.055415353412E-2));
#8178=CARTESIAN_POINT('',(-1.326182495395E0,-1.322316009989E-1,
5.235507819159E-2));
#8179=CARTESIAN_POINT('',(-1.332682495395E0,-5.235584146215E-2,
1.322292914766E-1));
#8180=CARTESIAN_POINT('',(-1.339182495395E0,6.055951613863E-2,
1.286938216077E-1));
#8181=CARTESIAN_POINT('',(-1.345682495395E0,1.352376880685E-1,
4.391040255657E-2));
#8182=CARTESIAN_POINT('',(-1.350015828728E0,1.282158765736E-1,
-3.094573041503E-2));
#8183=CARTESIAN_POINT('',(-1.352182495395E0,1.115228615739E-1,
-6.131021197612E-2));
#8184=CARTESIAN_POINT('',(-1.138102498465E0,1.022945954614E-1,
5.623692974907E-2));
#8185=CARTESIAN_POINT('',(-1.140269165132E0,1.176063009926E-1,
2.838504078344E-2));
#8186=CARTESIAN_POINT('',(-1.144602498465E0,1.240470733701E-1,
-4.027691544745E-2));
#8187=CARTESIAN_POINT('',(-1.151102498465E0,5.554835230471E-2,
-1.180446971495E-1));
#8188=CARTESIAN_POINT('',(-1.157602498465E0,-4.802351326737E-2,
-1.212876148338E-1));
#8189=CARTESIAN_POINT('',(-1.164102498465E0,-1.212897332483E-1,
-4.802281315573E-2));
#8190=CARTESIAN_POINT('',(-1.170602498465E0,-1.180355233799E-1,
5.554343344366E-2));
#8191=CARTESIAN_POINT('',(-1.177102498465E0,-4.031149211147E-2,
1.240660487026E-1));
#8192=CARTESIAN_POINT('',(-1.183602498465E0,6.284515178533E-2,
1.143149323347E-1));
#8193=CARTESIAN_POINT('',(-1.190102498465E0,1.263524634646E-1,
3.244179472683E-2));
#8194=CARTESIAN_POINT('',(-1.196602498465E0,1.101432644693E-1,
-6.989904052806E-2));
#8195=CARTESIAN_POINT('',(-1.203102498465E0,2.444404510940E-2,
-1.281401714648E-1));
#8196=CARTESIAN_POINT('',(-1.209602498465E0,-7.667706452286E-2,
-1.055369252081E-1));
#8197=CARTESIAN_POINT('',(-1.216102498465E0,-1.294221701350E-1,
-1.634982232922E-2));
#8198=CARTESIAN_POINT('',(-1.222602498465E0,-1.005140795472E-1,
8.315247818724E-2));
#8199=CARTESIAN_POINT('',(-1.229102498465E0,-8.191074369260E-3,
1.301933988915E-1));
#8200=CARTESIAN_POINT('',(-1.235602498465E0,8.929972703560E-2,
9.509455066397E-2));
#8201=CARTESIAN_POINT('',(-1.242102498465E0,1.304508137752E-1,0.E0));
#8202=CARTESIAN_POINT('',(-1.248602498465E0,8.929972703560E-2,
-9.509455066397E-2));
#8203=CARTESIAN_POINT('',(-1.255102498465E0,-8.191074369259E-3,
-1.301933988915E-1));
#8204=CARTESIAN_POINT('',(-1.261602498465E0,-1.005140795472E-1,
-8.315247818724E-2));
#8205=CARTESIAN_POINT('',(-1.268102498465E0,-1.294221701350E-1,
1.634982232922E-2));
#8206=CARTESIAN_POINT('',(-1.274602498465E0,-7.667706452286E-2,
1.055369252081E-1));
#8207=CARTESIAN_POINT('',(-1.281102498465E0,2.444404510940E-2,
1.281401714648E-1));
#8208=CARTESIAN_POINT('',(-1.287602498465E0,1.101432644693E-1,
6.989904052807E-2));
#8209=CARTESIAN_POINT('',(-1.294102498465E0,1.263524634646E-1,
-3.244179472683E-2));
#8210=CARTESIAN_POINT('',(-1.300602498465E0,6.284515178533E-2,
-1.143149323347E-1));
#8211=CARTESIAN_POINT('',(-1.307102498465E0,-4.031149211147E-2,
-1.240660487026E-1));
#8212=CARTESIAN_POINT('',(-1.313602498465E0,-1.180355233799E-1,
-5.554343344366E-2));
#8213=CARTESIAN_POINT('',(-1.320102498465E0,-1.212897332483E-1,
4.802281315573E-2));
#8214=CARTESIAN_POINT('',(-1.326602498465E0,-4.802351326737E-2,
1.212876148338E-1));
#8215=CARTESIAN_POINT('',(-1.333102498465E0,5.554835230471E-2,
1.180446971495E-1));
#8216=CARTESIAN_POINT('',(-1.339602498465E0,1.240470733701E-1,
4.027691544745E-2));
#8217=CARTESIAN_POINT('',(-1.343935831798E0,1.176063009926E-1,
-2.838504078344E-2));
#8218=CARTESIAN_POINT('',(-1.346102498465E0,1.022945954614E-1,
-5.623692974907E-2));
#8219=CARTESIAN_POINT('',(-1.132022501535E0,9.306632934883E-2,
5.116364752203E-2));
#8220=CARTESIAN_POINT('',(-1.134189168202E0,1.069967254116E-1,
2.582435115186E-2));
#8221=CARTESIAN_POINT('',(-1.138522501535E0,1.128564586716E-1,
-3.664342833832E-2));
#8222=CARTESIAN_POINT('',(-1.145022501535E0,5.053718847079E-2,
-1.073955726913E-1));
#8223=CARTESIAN_POINT('',(-1.151522501535E0,-4.369118507259E-2,
-1.103459381911E-1));
#8224=CARTESIAN_POINT('',(-1.158022501535E0,-1.103478654978E-1,
-4.369054811988E-2));
#8225=CARTESIAN_POINT('',(-1.164522501535E0,-1.073872265117E-1,
5.053271335321E-2));
#8226=CARTESIAN_POINT('',(-1.171022501535E0,-3.667488575E-2,1.128737221892E-1));
#8227=CARTESIAN_POINT('',(-1.177522501535E0,5.717572436404E-2,
1.040022798288E-1));
#8228=CARTESIAN_POINT('',(-1.184022501535E0,1.149538734260E-1,
2.951513458845E-2));
#8229=CARTESIAN_POINT('',(-1.190522501535E0,1.002069491592E-1,
-6.359326313977E-2));
#8230=CARTESIAN_POINT('',(-1.197022501535E0,2.223888312485E-2,
-1.165803075576E-1));
#8231=CARTESIAN_POINT('',(-1.203522501535E0,-6.975982365637E-2,
-9.601615995038E-2));
#8232=CARTESIAN_POINT('',(-1.210022501535E0,-1.177466537357E-1,
-1.487486159775E-2));
#8233=CARTESIAN_POINT('',(-1.216522501535E0,-9.144643848625E-2,
7.565107312112E-2));
#8234=CARTESIAN_POINT('',(-1.223022501535E0,-7.452135878069E-3,
1.184483079055E-1));
#8235=CARTESIAN_POINT('',(-1.229522501535E0,8.124376238619E-2,
8.651581964282E-2));
#8236=CARTESIAN_POINT('',(-1.236022501535E0,1.186825007115E-1,0.E0));
#8237=CARTESIAN_POINT('',(-1.242522501535E0,8.124376238619E-2,
-8.651581964282E-2));
#8238=CARTESIAN_POINT('',(-1.249022501535E0,-7.452135878068E-3,
-1.184483079055E-1));
#8239=CARTESIAN_POINT('',(-1.255522501535E0,-9.144643848625E-2,
-7.565107312112E-2));
#8240=CARTESIAN_POINT('',(-1.262022501535E0,-1.177466537357E-1,
1.487486159775E-2));
#8241=CARTESIAN_POINT('',(-1.268522501535E0,-6.975982365637E-2,
9.601615995038E-2));
#8242=CARTESIAN_POINT('',(-1.275022501535E0,2.223888312485E-2,
1.165803075576E-1));
#8243=CARTESIAN_POINT('',(-1.281522501535E0,1.002069491592E-1,
6.359326313977E-2));
#8244=CARTESIAN_POINT('',(-1.288022501535E0,1.149538734260E-1,
-2.951513458845E-2));
#8245=CARTESIAN_POINT('',(-1.294522501535E0,5.717572436404E-2,
-1.040022798288E-1));
#8246=CARTESIAN_POINT('',(-1.301022501535E0,-3.667488575E-2,
-1.128737221892E-1));
#8247=CARTESIAN_POINT('',(-1.307522501535E0,-1.073872265117E-1,
-5.053271335321E-2));
#8248=CARTESIAN_POINT('',(-1.314022501535E0,-1.103478654978E-1,
4.369054811987E-2));
#8249=CARTESIAN_POINT('',(-1.320522501535E0,-4.369118507259E-2,
1.103459381911E-1));
#8250=CARTESIAN_POINT('',(-1.327022501535E0,5.053718847079E-2,
1.073955726913E-1));
#8251=CARTESIAN_POINT('',(-1.333522501535E0,1.128564586716E-1,
3.664342833833E-2));
#8252=CARTESIAN_POINT('',(-1.337855834868E0,1.069967254116E-1,
-2.582435115186E-2));
#8253=CARTESIAN_POINT('',(-1.340022501535E0,9.306632934883E-2,
-5.116364752202E-2));
#8254=CARTESIAN_POINT('',(-1.125942504605E0,8.383806323628E-2,
4.609036529498E-2));
#8255=CARTESIAN_POINT('',(-1.128109171272E0,9.638714983065E-2,
2.326366152027E-2));
#8256=CARTESIAN_POINT('',(-1.132442504605E0,1.016658439732E-1,
-3.300994122920E-2));
#8257=CARTESIAN_POINT('',(-1.138942504605E0,4.552602463687E-2,
-9.674644823308E-2));
#8258=CARTESIAN_POINT('',(-1.145442504605E0,-3.935885687781E-2,
-9.940426154826E-2));
#8259=CARTESIAN_POINT('',(-1.151942504605E0,-9.940599774720E-2,
-3.935828308402E-2));
#8260=CARTESIAN_POINT('',(-1.158442504605E0,-9.673892964352E-2,
4.552199326276E-2));
#8261=CARTESIAN_POINT('',(-1.164942504605E0,-3.303827938853E-2,
1.016813956758E-1));
#8262=CARTESIAN_POINT('',(-1.171442504605E0,5.150629694275E-2,
9.368962732295E-2));
#8263=CARTESIAN_POINT('',(-1.177942504605E0,1.035552833874E-1,
2.658847445008E-2));
#8264=CARTESIAN_POINT('',(-1.184442504605E0,9.027063384903E-2,
-5.728748575148E-2));
#8265=CARTESIAN_POINT('',(-1.190942504605E0,2.003372114029E-2,
-1.050204436503E-1));
#8266=CARTESIAN_POINT('',(-1.197442504605E0,-6.284258278988E-2,
-8.649539469267E-2));
#8267=CARTESIAN_POINT('',(-1.203942504605E0,-1.060711373364E-1,
-1.339990086628E-2));
#8268=CARTESIAN_POINT('',(-1.210442504605E0,-8.237879742529E-2,
6.814966805501E-2));
#8269=CARTESIAN_POINT('',(-1.216942504605E0,-6.713197386877E-3,
1.067032169195E-1));
#8270=CARTESIAN_POINT('',(-1.223442504605E0,7.318779773677E-2,
7.793708862167E-2));
#8271=CARTESIAN_POINT('',(-1.229942504605E0,1.069141876478E-1,0.E0));
#8272=CARTESIAN_POINT('',(-1.236442504605E0,7.318779773677E-2,
-7.793708862167E-2));
#8273=CARTESIAN_POINT('',(-1.242942504605E0,-6.713197386877E-3,
-1.067032169195E-1));
#8274=CARTESIAN_POINT('',(-1.249442504605E0,-8.237879742529E-2,
-6.814966805501E-2));
#8275=CARTESIAN_POINT('',(-1.255942504605E0,-1.060711373364E-1,
1.339990086628E-2));
#8276=CARTESIAN_POINT('',(-1.262442504605E0,-6.284258278988E-2,
8.649539469266E-2));
#8277=CARTESIAN_POINT('',(-1.268942504605E0,2.003372114029E-2,
1.050204436503E-1));
#8278=CARTESIAN_POINT('',(-1.275442504605E0,9.027063384903E-2,
5.728748575148E-2));
#8279=CARTESIAN_POINT('',(-1.281942504605E0,1.035552833874E-1,
-2.658847445008E-2));
#8280=CARTESIAN_POINT('',(-1.288442504605E0,5.150629694275E-2,
-9.368962732295E-2));
#8281=CARTESIAN_POINT('',(-1.294942504605E0,-3.303827938853E-2,
-1.016813956758E-1));
#8282=CARTESIAN_POINT('',(-1.301442504605E0,-9.673892964352E-2,
-4.552199326276E-2));
#8283=CARTESIAN_POINT('',(-1.307942504605E0,-9.940599774721E-2,
3.935828308402E-2));
#8284=CARTESIAN_POINT('',(-1.314442504605E0,-3.935885687781E-2,
9.940426154826E-2));
#8285=CARTESIAN_POINT('',(-1.320942504605E0,4.552602463686E-2,
9.674644823308E-2));
#8286=CARTESIAN_POINT('',(-1.327442504605E0,1.016658439732E-1,
3.300994122920E-2));
#8287=CARTESIAN_POINT('',(-1.331775837939E0,9.638714983065E-2,
-2.326366152027E-2));
#8288=CARTESIAN_POINT('',(-1.333942504605E0,8.383806323628E-2,
-4.609036529498E-2));
#8289=B_SPLINE_SURFACE_WITH_KNOTS('',3,3,((#8149,#8150,#8151,#8152,#8153,#8154,
#8155,#8156,#8157,#8158,#8159,#8160,#8161,#8162,#8163,#8164,#8165,#8166,#8167,
#8168,#8169,#8170,#8171,#8172,#8173,#8174,#8175,#8176,#8177,#8178,#8179,#8180,
#8181,#8182,#8183),(#8184,#8185,#8186,#8187,#8188,#8189,#8190,#8191,#8192,#8193,
#8194,#8195,#8196,#8197,#8198,#8199,#8200,#8201,#8202,#8203,#8204,#8205,#8206,
#8207,#8208,#8209,#8210,#8211,#8212,#8213,#8214,#8215,#8216,#8217,#8218),(#8219,
#8220,#8221,#8222,#8223,#8224,#8225,#8226,#8227,#8228,#8229,#8230,#8231,#8232,
#8233,#8234,#8235,#8236,#8237,#8238,#8239,#8240,#8241,#8242,#8243,#8244,#8245,
#8246,#8247,#8248,#8249,#8250,#8251,#8252,#8253),(#8254,#8255,#8256,#8257,#8258,
#8259,#8260,#8261,#8262,#8263,#8264,#8265,#8266,#8267,#8268,#8269,#8270,#8271,
#8272,#8273,#8274,#8275,#8276,#8277,#8278,#8279,#8280,#8281,#8282,#8283,#8284,
#8285,#8286,#8287,#8288)),.UNSPECIFIED.,.F.,.F.,.F.,(4,4),(4,1,1,1,1,1,1,1,1,1,
1,1,1,1,1,1,1,1,1,1,1,1,1,1,1,1,1,1,1,1,1,1,4),(-8.203892672693E-2,
1.062431083590E0),(-2.E-2,1.25E-2,4.5E-2,7.75E-2,1.1E-1,1.425E-1,1.75E-1,
2.075E-1,2.4E-1,2.725E-1,3.05E-1,3.375E-1,3.7E-1,4.025E-1,4.35E-1,4.675E-1,
5.E-1,5.325E-1,5.65E-1,5.975E-1,6.3E-1,6.625E-1,6.95E-1,7.275E-1,7.6E-1,
7.925E-1,8.25E-1,8.575E-1,8.9E-1,9.225E-1,9.55E-1,9.875E-1,1.02E0),
.UNSPECIFIED.);
#8290=ORIENTED_EDGE('',*,*,#7917,.T.);
#8291=ORIENTED_EDGE('',*,*,#7538,.T.);
#8292=ORIENTED_EDGE('',*,*,#7928,.T.);
#8293=ORIENTED_EDGE('',*,*,#7554,.T.);
#8294=ORIENTED_EDGE('',*,*,#7942,.T.);
#8295=ORIENTED_EDGE('',*,*,#7570,.T.);
#8296=ORIENTED_EDGE('',*,*,#7956,.T.);
#8298=ORIENTED_EDGE('',*,*,#8297,.F.);
#8300=ORIENTED_EDGE('',*,*,#8299,.F.);
#8301=ORIENTED_EDGE('',*,*,#8140,.T.);
#8302=ORIENTED_EDGE('',*,*,#7526,.T.);
#8303=EDGE_LOOP('',(#8290,#8291,#8292,#8293,#8294,#8295,#8296,#8298,#8300,#8301,
#8302));
#8304=FACE_OUTER_BOUND('',#8303,.F.);
#8306=CARTESIAN_POINT('',(-1.345342117898E0,1.192435480892E-1,
4.446647034904E-2));
#8307=CARTESIAN_POINT('',(-1.346880655709E0,1.278406226908E-1,
2.141211792037E-2));
#8308=CARTESIAN_POINT('',(-1.349957731330E0,1.312644810156E-1,
-2.977205942801E-2));
#8309=CARTESIAN_POINT('',(-1.354573344763E0,9.347961940369E-2,
-9.684986821441E-2));
#8310=CARTESIAN_POINT('',(-1.359188958196E0,2.511442412295E-2,
-1.322382898945E-1));
#8311=CARTESIAN_POINT('',(-1.363804571628E0,-5.146441577439E-2,
-1.243755773371E-1));
#8312=CARTESIAN_POINT('',(-1.368420185061E0,-1.112099810760E-1,
-7.582993880798E-2));
#8313=CARTESIAN_POINT('',(-1.373035798494E0,-1.345796594322E-1,
-2.481196340822E-3));
#8314=CARTESIAN_POINT('',(-1.377651411926E0,-1.139295305916E-1,
7.167917857923E-2));
#8315=CARTESIAN_POINT('',(-1.382267025359E0,-5.601404485703E-2,
1.223939074083E-1));
#8316=CARTESIAN_POINT('',(-1.386882638792E0,2.022314278743E-2,
1.330746652576E-1));
#8317=CARTESIAN_POINT('',(-1.391498252224E0,8.984551797836E-2,
1.002278648054E-1));
#8318=CARTESIAN_POINT('',(-1.396113865657E0,1.300802111972E-1,
3.459740807366E-2));
#8319=CARTESIAN_POINT('',(-1.400729479090E0,1.277668068895E-1,
-4.234955783476E-2));
#8320=CARTESIAN_POINT('',(-1.405345092523E0,8.366199930262E-2,
-1.054443543454E-1));
#8321=CARTESIAN_POINT('',(-1.409960705955E0,1.219208464115E-2,
-1.340492262681E-1));
#8322=CARTESIAN_POINT('',(-1.414576319388E0,-6.326575410196E-2,
-1.188077705741E-1));
#8323=CARTESIAN_POINT('',(-1.419191932821E0,-1.180299188984E-1,
-6.470533390480E-2));
#8324=CARTESIAN_POINT('',(-1.423807546253E0,-1.341875311881E-1,
1.056165065359E-2));
#8325=CARTESIAN_POINT('',(-1.428423159686E0,-1.064535775351E-1,
8.237401180559E-2));
#8326=CARTESIAN_POINT('',(-1.433038773119E0,-4.389959122336E-2,
1.272425553070E-1));
#8327=CARTESIAN_POINT('',(-1.437654386551E0,3.301356680514E-2,
1.304911736415E-1));
#8328=CARTESIAN_POINT('',(-1.442269999984E0,9.912827634996E-2,
9.105727218852E-2));
#8329=CARTESIAN_POINT('',(-1.446885613417E0,1.328189950349E-1,
2.183933474653E-2));
#8330=CARTESIAN_POINT('',(-1.451501226849E0,1.230657841457E-1,
-5.452205801528E-2));
#8331=CARTESIAN_POINT('',(-1.456116840282E0,7.305883266434E-2,
-1.130497623246E-1));
#8332=CARTESIAN_POINT('',(-1.460732453715E0,-8.450204411098E-4,
-1.345998830722E-1));
#8333=CARTESIAN_POINT('',(-1.465348067147E0,-7.447248420827E-2,
-1.121235486595E-1));
#8334=CARTESIAN_POINT('',(-1.469963680580E0,-1.237406155333E-1,
-5.297263046107E-2));
#8335=CARTESIAN_POINT('',(-1.474579294013E0,-1.325344070674E-1,
2.350534560952E-2));
#8336=CARTESIAN_POINT('',(-1.479194907445E0,-9.797686409483E-2,
9.229427780421E-2));
#8337=CARTESIAN_POINT('',(-1.483810520878E0,-3.137377954243E-2,
1.308969906997E-1));
#8338=CARTESIAN_POINT('',(-1.488426134311E0,4.549823195324E-2,
1.266753740394E-1));
#8339=CARTESIAN_POINT('',(-1.491503209933E0,8.680784314331E-2,
9.626059407989E-2));
#8340=CARTESIAN_POINT('',(-1.493041747743E0,1.016201748956E-1,
7.661351578132E-2));
#8341=CARTESIAN_POINT('',(-1.339262120968E0,1.093764125222E-1,
4.078696988003E-2));
#8342=CARTESIAN_POINT('',(-1.340800658779E0,1.172620985251E-1,
1.964031329292E-2));
#8343=CARTESIAN_POINT('',(-1.343877734401E0,1.204026402698E-1,
-2.730848843241E-2));
#8344=CARTESIAN_POINT('',(-1.348493347833E0,8.574439102287E-2,
-8.883575932019E-2));
#8345=CARTESIAN_POINT('',(-1.353108961266E0,2.303626197934E-2,
-1.212958686529E-1));
#8346=CARTESIAN_POINT('',(-1.357724574699E0,-4.720585105152E-2,
-1.140837778856E-1));
#8347=CARTESIAN_POINT('',(-1.362340188131E0,-1.020076051213E-1,
-6.955518182325E-2));
#8348=CARTESIAN_POINT('',(-1.366955801564E0,-1.234434951242E-1,
-2.275882920888E-3));
#8349=CARTESIAN_POINT('',(-1.371571414997E0,-1.045021180275E-1,
6.574788767328E-2));
#8350=CARTESIAN_POINT('',(-1.376187028429E0,-5.137900855429E-2,
1.122660866890E-1));
#8351=CARTESIAN_POINT('',(-1.380802641862E0,1.854972317964E-2,
1.220630358346E-1));
#8352=CARTESIAN_POINT('',(-1.385418255295E0,8.241100332170E-2,
9.193423428637E-2));
#8353=CARTESIAN_POINT('',(-1.390033868727E0,1.193163661168E-1,
3.173455032412E-2));
#8354=CARTESIAN_POINT('',(-1.394649482160E0,1.171943908155E-1,
-3.884522711787E-2));
#8355=CARTESIAN_POINT('',(-1.399265095593E0,7.673915691697E-2,
-9.671907104268E-2));
#8356=CARTESIAN_POINT('',(-1.403880709025E0,1.118321704264E-2,
-1.229569541122E-1));
#8357=CARTESIAN_POINT('',(-1.408496322458E0,-5.803065515969E-2,
-1.089766946169E-1));
#8358=CARTESIAN_POINT('',(-1.413111935891E0,-1.082632084189E-1,
-5.935111296975E-2));
#8359=CARTESIAN_POINT('',(-1.417727549323E0,-1.230838146109E-1,
9.687697802632E-3));
#8360=CARTESIAN_POINT('',(-1.422343162756E0,-9.764478328196E-2,
7.555774749016E-2));
#8361=CARTESIAN_POINT('',(-1.426958776189E0,-4.026699872776E-2,
1.167135198730E-1));
#8362=CARTESIAN_POINT('',(-1.431574389621E0,3.028176836038E-2,
1.196933223426E-1));
#8363=CARTESIAN_POINT('',(-1.436190003054E0,9.092563430396E-2,
8.352248759476E-2));
#8364=CARTESIAN_POINT('',(-1.440805616487E0,1.218285217482E-1,
2.003217888702E-2));
#8365=CARTESIAN_POINT('',(-1.445421229920E0,1.128823671367E-1,
-5.001048026998E-2));
#8366=CARTESIAN_POINT('',(-1.450036843352E0,6.701337848406E-2,
-1.036951486071E-1));
#8367=CARTESIAN_POINT('',(-1.454652456785E0,-7.750968990570E-4,
-1.234620453036E-1));
#8368=CARTESIAN_POINT('',(-1.459268070218E0,-6.831005354035E-2,
-1.028455770409E-1));
#8369=CARTESIAN_POINT('',(-1.463883683650E0,-1.135013577439E-1,
-4.858926436306E-2));
#8370=CARTESIAN_POINT('',(-1.468499297083E0,-1.215674827953E-1,
2.156033109599E-2));
#8371=CARTESIAN_POINT('',(-1.473114910516E0,-8.986949882479E-2,
8.465713377631E-2));
#8372=CARTESIAN_POINT('',(-1.477730523948E0,-2.877766980773E-2,
1.200655589514E-1));
#8373=CARTESIAN_POINT('',(-1.482346137381E0,4.173335553068E-2,
1.161932715803E-1));
#8374=CARTESIAN_POINT('',(-1.485423213003E0,7.962468925112E-2,
8.829524629573E-2));
#8375=CARTESIAN_POINT('',(-1.486961750814E0,9.321133384632E-2,
7.027391956338E-2));
#8376=CARTESIAN_POINT('',(-1.333182124038E0,9.950927695514E-2,
3.710746941101E-2));
#8377=CARTESIAN_POINT('',(-1.334720661849E0,1.066835743595E-1,
1.786850866548E-2));
#8378=CARTESIAN_POINT('',(-1.337797737471E0,1.095407995239E-1,
-2.484491743680E-2));
#8379=CARTESIAN_POINT('',(-1.342413350903E0,7.800916264204E-2,
-8.082165042597E-2));
#8380=CARTESIAN_POINT('',(-1.347028964336E0,2.095809983573E-2,
-1.103534474112E-1));
#8381=CARTESIAN_POINT('',(-1.351644577769E0,-4.294728632864E-2,
-1.037919784342E-1));
#8382=CARTESIAN_POINT('',(-1.356260191201E0,-9.280522916667E-2,
-6.328042483851E-2));
#8383=CARTESIAN_POINT('',(-1.360875804634E0,-1.123073308163E-1,
-2.070569500953E-3));
#8384=CARTESIAN_POINT('',(-1.365491418067E0,-9.507470546352E-2,
5.981659676734E-2));
#8385=CARTESIAN_POINT('',(-1.370107031500E0,-4.674397225154E-2,
1.021382659698E-1));
#8386=CARTESIAN_POINT('',(-1.374722644932E0,1.687630357185E-2,
1.110514064117E-1));
#8387=CARTESIAN_POINT('',(-1.379338258365E0,7.497648866503E-2,
8.364060376736E-2));
#8388=CARTESIAN_POINT('',(-1.383953871798E0,1.085525210364E-1,
2.887169257457E-2));
#8389=CARTESIAN_POINT('',(-1.388569485230E0,1.066219747414E-1,
-3.534089640099E-2));
#8390=CARTESIAN_POINT('',(-1.393185098663E0,6.981631453133E-2,
-8.799378773993E-2));
#8391=CARTESIAN_POINT('',(-1.397800712096E0,1.017434944413E-2,
-1.118646819563E-1));
#8392=CARTESIAN_POINT('',(-1.402416325528E0,-5.279555621743E-2,
-9.914561865975E-2));
#8393=CARTESIAN_POINT('',(-1.407031938961E0,-9.849649793943E-2,
-5.399689203471E-2));
#8394=CARTESIAN_POINT('',(-1.411647552394E0,-1.119800980338E-1,
8.813744951678E-3));
#8395=CARTESIAN_POINT('',(-1.416263165826E0,-8.883598902881E-2,
6.874148317474E-2));
#8396=CARTESIAN_POINT('',(-1.420878779259E0,-3.663440623216E-2,
1.061844844390E-1));
#8397=CARTESIAN_POINT('',(-1.425494392692E0,2.754996991563E-2,
1.088954710437E-1));
#8398=CARTESIAN_POINT('',(-1.430110006124E0,8.272299225797E-2,
7.598770300101E-2));
#8399=CARTESIAN_POINT('',(-1.434725619557E0,1.108380484615E-1,
1.822502302752E-2));
#8400=CARTESIAN_POINT('',(-1.439341232990E0,1.026989501276E-1,
-4.549890252468E-2));
#8401=CARTESIAN_POINT('',(-1.443956846422E0,6.096792430378E-2,
-9.434053488960E-2));
#8402=CARTESIAN_POINT('',(-1.448572459855E0,-7.051733570046E-4,
-1.123242075349E-1));
#8403=CARTESIAN_POINT('',(-1.453188073288E0,-6.214762287244E-2,
-9.356760542223E-2));
#8404=CARTESIAN_POINT('',(-1.457803686720E0,-1.032620999544E-1,
-4.420589826505E-2));
#8405=CARTESIAN_POINT('',(-1.462419300153E0,-1.106005585232E-1,
1.961531658245E-2));
#8406=CARTESIAN_POINT('',(-1.467034913586E0,-8.176213355474E-2,
7.701998974842E-2));
#8407=CARTESIAN_POINT('',(-1.471650527018E0,-2.618156007302E-2,
1.092341272031E-1));
#8408=CARTESIAN_POINT('',(-1.476266140451E0,3.796847910813E-2,
1.057111691213E-1));
#8409=CARTESIAN_POINT('',(-1.479343216073E0,7.244153535893E-2,
8.032989851156E-2));
#8410=CARTESIAN_POINT('',(-1.480881753884E0,8.480249279700E-2,
6.393432334544E-2));
#8411=CARTESIAN_POINT('',(-1.327102127108E0,8.964214138812E-2,
3.342796894200E-2));
#8412=CARTESIAN_POINT('',(-1.328640664919E0,9.610505019378E-2,
1.609670403803E-2));
#8413=CARTESIAN_POINT('',(-1.331717740541E0,9.867895877804E-2,
-2.238134644120E-2));
#8414=CARTESIAN_POINT('',(-1.336333353974E0,7.027393426122E-2,
-7.280754153176E-2));
#8415=CARTESIAN_POINT('',(-1.340948967406E0,1.887993769212E-2,
-9.941102616960E-2));
#8416=CARTESIAN_POINT('',(-1.345564580839E0,-3.868872160576E-2,
-9.350017898276E-2));
#8417=CARTESIAN_POINT('',(-1.350180194272E0,-8.360285321203E-2,
-5.700566785378E-2));
#8418=CARTESIAN_POINT('',(-1.354795807704E0,-1.011711665084E-1,
-1.865256081019E-3));
#8419=CARTESIAN_POINT('',(-1.359411421137E0,-8.564729289951E-2,
5.388530586140E-2));
#8420=CARTESIAN_POINT('',(-1.364027034570E0,-4.210893594880E-2,
9.201044525053E-2));
#8421=CARTESIAN_POINT('',(-1.368642648002E0,1.520288396406E-2,
1.000397769888E-1));
#8422=CARTESIAN_POINT('',(-1.373258261435E0,6.754197400837E-2,
7.534697324835E-2));
#8423=CARTESIAN_POINT('',(-1.377873874868E0,9.778867595601E-2,
2.600883482503E-2));
#8424=CARTESIAN_POINT('',(-1.382489488300E0,9.604955866739E-2,
-3.183656568411E-2));
#8425=CARTESIAN_POINT('',(-1.387105101733E0,6.289347214568E-2,
-7.926850443718E-2));
#8426=CARTESIAN_POINT('',(-1.391720715166E0,9.165481845615E-3,
-1.007724098004E-1));
#8427=CARTESIAN_POINT('',(-1.396336328598E0,-4.756045727516E-2,
-8.931454270255E-2));
#8428=CARTESIAN_POINT('',(-1.400951942031E0,-8.872978745994E-2,
-4.864267109967E-2));
#8429=CARTESIAN_POINT('',(-1.405567555464E0,-1.008763814566E-1,
7.939792100724E-3));
#8430=CARTESIAN_POINT('',(-1.410183168897E0,-8.002719477566E-2,
6.192521885931E-2));
#8431=CARTESIAN_POINT('',(-1.414798782329E0,-3.300181373656E-2,
9.565544900498E-2));
#8432=CARTESIAN_POINT('',(-1.419414395762E0,2.481817147087E-2,
9.809761974483E-2));
#8433=CARTESIAN_POINT('',(-1.424030009195E0,7.452035021197E-2,
6.845291840725E-2));
#8434=CARTESIAN_POINT('',(-1.428645622627E0,9.984757517481E-2,
1.641786716801E-2));
#8435=CARTESIAN_POINT('',(-1.433261236060E0,9.251553311863E-2,
-4.098732477938E-2));
#8436=CARTESIAN_POINT('',(-1.437876849493E0,5.492247012350E-2,
-8.498592117212E-2));
#8437=CARTESIAN_POINT('',(-1.442492462925E0,-6.352498149518E-4,
-1.011863697662E-1));
#8438=CARTESIAN_POINT('',(-1.447108076358E0,-5.598519220452E-2,
-8.428963380357E-2));
#8439=CARTESIAN_POINT('',(-1.451723689791E0,-9.302284216499E-2,
-3.982253216703E-2));
#8440=CARTESIAN_POINT('',(-1.456339303223E0,-9.963363425113E-2,
1.767030206892E-2));
#8441=CARTESIAN_POINT('',(-1.460954916656E0,-7.365476828470E-2,
6.938284572052E-2));
#8442=CARTESIAN_POINT('',(-1.465570530089E0,-2.358545033832E-2,
9.840269545489E-2));
#8443=CARTESIAN_POINT('',(-1.470186143521E0,3.420360268558E-2,
9.522906666227E-2));
#8444=CARTESIAN_POINT('',(-1.473263219143E0,6.525838146674E-2,
7.236455072740E-2));
#8445=CARTESIAN_POINT('',(-1.474801756954E0,7.639365174767E-2,
5.759472712749E-2));
#8446=B_SPLINE_SURFACE_WITH_KNOTS('',3,3,((#8306,#8307,#8308,#8309,#8310,#8311,
#8312,#8313,#8314,#8315,#8316,#8317,#8318,#8319,#8320,#8321,#8322,#8323,#8324,
#8325,#8326,#8327,#8328,#8329,#8330,#8331,#8332,#8333,#8334,#8335,#8336,#8337,
#8338,#8339,#8340),(#8341,#8342,#8343,#8344,#8345,#8346,#8347,#8348,#8349,#8350,
#8351,#8352,#8353,#8354,#8355,#8356,#8357,#8358,#8359,#8360,#8361,#8362,#8363,
#8364,#8365,#8366,#8367,#8368,#8369,#8370,#8371,#8372,#8373,#8374,#8375),(#8376,
#8377,#8378,#8379,#8380,#8381,#8382,#8383,#8384,#8385,#8386,#8387,#8388,#8389,
#8390,#8391,#8392,#8393,#8394,#8395,#8396,#8397,#8398,#8399,#8400,#8401,#8402,
#8403,#8404,#8405,#8406,#8407,#8408,#8409,#8410),(#8411,#8412,#8413,#8414,#8415,
#8416,#8417,#8418,#8419,#8420,#8421,#8422,#8423,#8424,#8425,#8426,#8427,#8428,
#8429,#8430,#8431,#8432,#8433,#8434,#8435,#8436,#8437,#8438,#8439,#8440,#8441,
#8442,#8443,#8444,#8445)),.UNSPECIFIED.,.F.,.F.,.F.,(4,4),(4,1,1,1,1,1,1,1,1,1,
1,1,1,1,1,1,1,1,1,1,1,1,1,1,1,1,1,1,1,1,1,1,4),(-8.203892672693E-2,
1.062431083590E0),(-1.420188748517E-2,8.876179678232E-3,3.195424684163E-2,
5.503231400504E-2,7.811038116844E-2,1.011884483318E-1,1.242665154952E-1,
1.473445826586E-1,1.704226498220E-1,1.935007169855E-1,2.165787841489E-1,
2.396568513123E-1,2.627349184757E-1,2.858129856391E-1,3.088910528025E-1,
3.319691199659E-1,3.550471871293E-1,3.781252542927E-1,4.012033214561E-1,
4.242813886195E-1,4.473594557829E-1,4.704375229463E-1,4.935155901097E-1,
5.165936572731E-1,5.396717244365E-1,5.627497915999E-1,5.858278587633E-1,
6.089059259267E-1,6.319839930901E-1,6.550620602535E-1,6.781401274169E-1,
7.012181945803E-1,7.242962617437E-1),.UNSPECIFIED.);
#8447=ORIENTED_EDGE('',*,*,#7272,.F.);
#8449=ORIENTED_EDGE('',*,*,#8448,.F.);
#8450=ORIENTED_EDGE('',*,*,#8297,.T.);
#8451=ORIENTED_EDGE('',*,*,#7590,.T.);
#8452=ORIENTED_EDGE('',*,*,#7973,.T.);
#8453=ORIENTED_EDGE('',*,*,#7602,.T.);
#8454=ORIENTED_EDGE('',*,*,#7984,.T.);
#8455=ORIENTED_EDGE('',*,*,#7619,.F.);
#8456=EDGE_LOOP('',(#8447,#8449,#8450,#8451,#8452,#8453,#8454,#8455));
#8457=FACE_OUTER_BOUND('',#8456,.F.);
#8459=CARTESIAN_POINT('',(-1.350685209935E0,1.159257038829E-1,
4.331231534587E-2));
#8460=CARTESIAN_POINT('',(-1.352226459276E0,1.243143943249E-1,
2.085992885098E-2));
#8461=CARTESIAN_POINT('',(-1.355308957959E0,1.276559436718E-1,
-2.900633368008E-2));
#8462=CARTESIAN_POINT('',(-1.359932705982E0,9.078454061140E-2,
-9.432444152968E-2));
#8463=CARTESIAN_POINT('',(-1.364556454006E0,2.411261245248E-2,
-1.286736460011E-1));
#8464=CARTESIAN_POINT('',(-1.369180202030E0,-5.047233259348E-2,
-1.207933426494E-1));
#8465=CARTESIAN_POINT('',(-1.373803950054E0,-1.084919049323E-1,
-7.326639948589E-2));
#8466=CARTESIAN_POINT('',(-1.378427698077E0,-1.309029980509E-1,
-1.692705722157E-3));
#8467=CARTESIAN_POINT('',(-1.383051446101E0,-1.103501051798E-1,
7.043660910161E-2));
#8468=CARTESIAN_POINT('',(-1.387675194125E0,-5.357891809797E-2,
1.194477307975E-1));
#8469=CARTESIAN_POINT('',(-1.392298942149E0,2.077754058931E-2,
1.292546126783E-1));
#8470=CARTESIAN_POINT('',(-1.396922690172E0,8.831455019485E-2,
9.663850818839E-2));
#8471=CARTESIAN_POINT('',(-1.401546438196E0,1.268656164472E-1,
3.230443329161E-2));
#8472=CARTESIAN_POINT('',(-1.406170186220E0,1.237777959239E-1,
-4.263236193377E-2));
#8473=CARTESIAN_POINT('',(-1.410793934244E0,8.006455002123E-2,
-1.035766811443E-1));
#8474=CARTESIAN_POINT('',(-1.415417682267E0,1.007311442135E-2,
-1.305258342748E-1));
#8475=CARTESIAN_POINT('',(-1.420041430291E0,-6.322444369589E-2,
-1.146347711934E-1));
#8476=CARTESIAN_POINT('',(-1.424665178315E0,-1.157709462632E-1,
-6.111913815289E-2));
#8477=CARTESIAN_POINT('',(-1.429288926339E0,-1.303199719602E-1,
1.245656274789E-2));
#8478=CARTESIAN_POINT('',(-1.433912674362E0,-1.020963480411E-1,
8.194386349182E-2));
#8479=CARTESIAN_POINT('',(-1.438536422386E0,-4.036342193043E-2,
1.245361602790E-1));
#8480=CARTESIAN_POINT('',(-1.443160170410E0,3.461728559969E-2,
1.262541270040E-1));
#8481=CARTESIAN_POINT('',(-1.447783918434E0,9.823616574632E-2,
8.653390541449E-2));
#8482=CARTESIAN_POINT('',(-1.452407666457E0,1.296127039105E-1,
1.841217059475E-2));
#8483=CARTESIAN_POINT('',(-1.457031414481E0,1.184487268751E-1,
-5.575266983055E-2));
#8484=CARTESIAN_POINT('',(-1.461655162505E0,6.840839114428E-2,
-1.116187837162E-1));
#8485=CARTESIAN_POINT('',(-1.466278910529E0,-4.084434344003E-3,
-1.308502159380E-1));
#8486=CARTESIAN_POINT('',(-1.470902658552E0,-7.523670610928E-2,
-1.071349532374E-1));
#8487=CARTESIAN_POINT('',(-1.475526406576E0,-1.216953140207E-1,
-4.825670186490E-2));
#8488=CARTESIAN_POINT('',(-1.480150154600E0,-1.282121167393E-1,
2.646017964907E-2));
#8489=CARTESIAN_POINT('',(-1.484773902624E0,-9.264763347911E-2,
9.249184431729E-2));
#8490=CARTESIAN_POINT('',(-1.489397650647E0,-2.667675473672E-2,
1.281689659810E-1));
#8491=CARTESIAN_POINT('',(-1.494021398671E0,4.805618890590E-2,
1.217703168106E-1));
#8492=CARTESIAN_POINT('',(-1.497103897354E0,8.734708375515E-2,
9.088284891823E-2));
#8493=CARTESIAN_POINT('',(-1.498645146695E0,1.011547176837E-1,
7.129129380023E-2));
#8494=CARTESIAN_POINT('',(-1.350508979302E0,1.175765478702E-1,
4.392910586744E-2));
#8495=CARTESIAN_POINT('',(-1.352050228643E0,1.260846977478E-1,
2.115698538775E-2));
#8496=CARTESIAN_POINT('',(-1.355132727326E0,1.294738325436E-1,
-2.941939937598E-2));
#8497=CARTESIAN_POINT('',(-1.359756475349E0,9.207736099534E-2,
-9.566767199482E-2));
#8498=CARTESIAN_POINT('',(-1.364380223373E0,2.445598894234E-2,
-1.305060274980E-1));
#8499=CARTESIAN_POINT('',(-1.369003971397E0,-5.119108558779E-2,
-1.225135044145E-1));
#8500=CARTESIAN_POINT('',(-1.373627719421E0,-1.100368876490E-1,
-7.430975217650E-2));
#8501=CARTESIAN_POINT('',(-1.378251467444E0,-1.327671267126E-1,
-1.716810756416E-3));
#8502=CARTESIAN_POINT('',(-1.382875215468E0,-1.119215496613E-1,
7.143966406459E-2));
#8503=CARTESIAN_POINT('',(-1.387498963492E0,-5.434191053037E-2,
1.211487303306E-1));
#8504=CARTESIAN_POINT('',(-1.392122711516E0,2.107342387319E-2,
1.310952674513E-1));
#8505=CARTESIAN_POINT('',(-1.396746459539E0,8.957219659500E-2,
9.801469219965E-2));
#8506=CARTESIAN_POINT('',(-1.401370207563E0,1.286722506369E-1,
3.276446568886E-2));
#8507=CARTESIAN_POINT('',(-1.405993955587E0,1.255404578989E-1,
-4.323946955531E-2));
#8508=CARTESIAN_POINT('',(-1.410617703611E0,8.120471200917E-2,
-1.050516684470E-1));
#8509=CARTESIAN_POINT('',(-1.415241451634E0,1.021656095493E-2,
-1.323845919228E-1));
#8510=CARTESIAN_POINT('',(-1.419865199658E0,-6.412479356849E-2,
-1.162672316091E-1));
#8511=CARTESIAN_POINT('',(-1.424488947682E0,-1.174195864192E-1,
-6.198950734923E-2));
#8512=CARTESIAN_POINT('',(-1.429112695706E0,-1.321757980188E-1,
1.263395085963E-2));
#8513=CARTESIAN_POINT('',(-1.433736443729E0,-1.035502546091E-1,
8.311078790811E-2));
#8514=CARTESIAN_POINT('',(-1.438360191753E0,-4.093821863355E-2,
1.263096217677E-1));
#8515=CARTESIAN_POINT('',(-1.442983939777E0,3.511025425006E-2,
1.280520532572E-1));
#8516=CARTESIAN_POINT('',(-1.447607687801E0,9.963510125518E-2,
8.776619448120E-2));
#8517=CARTESIAN_POINT('',(-1.452231435824E0,1.314584580940E-1,
1.867436974558E-2));
#8518=CARTESIAN_POINT('',(-1.456855183848E0,1.201355000583E-1,
-5.654661764954E-2));
#8519=CARTESIAN_POINT('',(-1.461478931872E0,6.938256319943E-2,
-1.132082948581E-1));
#8520=CARTESIAN_POINT('',(-1.466102679896E0,-4.142598872250E-3,
-1.327135929542E-1));
#8521=CARTESIAN_POINT('',(-1.470726427919E0,-7.630811701936E-2,
-1.086606122367E-1));
#8522=CARTESIAN_POINT('',(-1.475350175943E0,-1.234283203402E-1,
-4.894390309335E-2));
#8523=CARTESIAN_POINT('',(-1.479973923967E0,-1.300379258129E-1,
2.683698675061E-2));
#8524=CARTESIAN_POINT('',(-1.484597671991E0,-9.396698530133E-2,
9.380897761858E-2));
#8525=CARTESIAN_POINT('',(-1.489221420014E0,-2.705664598328E-2,
1.299941605647E-1));
#8526=CARTESIAN_POINT('',(-1.493845168038E0,4.874053472264E-2,
1.235043912099E-1));
#8527=CARTESIAN_POINT('',(-1.496927666721E0,8.859095291608E-2,
9.217706926500E-2));
#8528=CARTESIAN_POINT('',(-1.498468916062E0,1.025952149321E-1,
7.230651993016E-2));
#8529=CARTESIAN_POINT('',(-1.347150354584E0,1.199950096033E-1,
4.483269475004E-2));
#8530=CARTESIAN_POINT('',(-1.348691603925E0,1.286781657664E-1,
2.159216876806E-2));
#8531=CARTESIAN_POINT('',(-1.351774102607E0,1.321370125325E-1,
-3.002453443812E-2));
#8532=CARTESIAN_POINT('',(-1.356397850631E0,9.397132350815E-2,
-9.763548452211E-2));
#8533=CARTESIAN_POINT('',(-1.361021598655E0,2.495903036066E-2,
-1.331904389658E-1));
#8534=CARTESIAN_POINT('',(-1.365645346679E0,-5.224404796687E-2,
-1.250335156547E-1));
#8535=CARTESIAN_POINT('',(-1.370269094702E0,-1.123002642052E-1,
-7.583824825238E-2));
#8536=CARTESIAN_POINT('',(-1.374892842726E0,-1.354980473017E-1,
-1.752124270825E-3));
#8537=CARTESIAN_POINT('',(-1.379516590750E0,-1.142236923068E-1,
7.290912457262E-2));
#8538=CARTESIAN_POINT('',(-1.384140338774E0,-5.545968302414E-2,
1.236406691877E-1));
#8539=CARTESIAN_POINT('',(-1.388764086797E0,2.150688845560E-2,
1.337917991446E-1));
#8540=CARTESIAN_POINT('',(-1.393387834821E0,9.141462974804E-2,
1.000307811788E-1));
#8541=CARTESIAN_POINT('',(-1.398011582845E0,1.313189426849E-1,
3.343840626553E-2));
#8542=CARTESIAN_POINT('',(-1.402635330869E0,1.281227313104E-1,
-4.412887313429E-2));
#8543=CARTESIAN_POINT('',(-1.407259078892E0,8.287503225670E-2,
-1.072125027693E-1));
#8544=CARTESIAN_POINT('',(-1.411882826916E0,1.042670797967E-2,
-1.351076440571E-1));
#8545=CARTESIAN_POINT('',(-1.416506574940E0,-6.544379265629E-2,
-1.186587616850E-1));
#8546=CARTESIAN_POINT('',(-1.421130322964E0,-1.198348195725E-1,
-6.326458519506E-2));
#8547=CARTESIAN_POINT('',(-1.425754070987E0,-1.348945554185E-1,
1.289382178836E-2));
#8548=CARTESIAN_POINT('',(-1.430377819011E0,-1.056802059707E-1,
8.482031471260E-2));
#8549=CARTESIAN_POINT('',(-1.435001567035E0,-4.178028720062E-2,
1.289077163053E-1));
#8550=CARTESIAN_POINT('',(-1.439625315059E0,3.583244594459E-2,
1.306859883085E-1));
#8551=CARTESIAN_POINT('',(-1.444249063082E0,1.016845208378E-1,
8.957147952025E-2));
#8552=CARTESIAN_POINT('',(-1.448872811106E0,1.341624603474E-1,
1.905848757722E-2));
#8553=CARTESIAN_POINT('',(-1.453496559130E0,1.226065975258E-1,
-5.770973932132E-2));
#8554=CARTESIAN_POINT('',(-1.458120307154E0,7.080971067979E-2,
-1.155369048909E-1));
#8555=CARTESIAN_POINT('',(-1.462744055177E0,-4.227809035582E-3,
-1.354434123939E-1));
#8556=CARTESIAN_POINT('',(-1.467367803201E0,-7.787771796682E-2,
-1.108956798361E-1));
#8557=CARTESIAN_POINT('',(-1.471991551225E0,-1.259671486604E-1,
-4.995064260768E-2));
#8558=CARTESIAN_POINT('',(-1.476615299249E0,-1.327127087788E-1,
2.738900351470E-2));
#8559=CARTESIAN_POINT('',(-1.481239047272E0,-9.589981597414E-2,
9.573855819142E-2));
#8560=CARTESIAN_POINT('',(-1.485862795296E0,-2.761318097365E-2,
1.326680433121E-1));
#8561=CARTESIAN_POINT('',(-1.490486543320E0,4.974309110155E-2,
1.260447842511E-1));
#8562=CARTESIAN_POINT('',(-1.493569042002E0,9.041320261985E-2,
9.407308270242E-2));
#8563=CARTESIAN_POINT('',(-1.495110291344E0,1.047055218412E-1,
7.379381101560E-2));
#8564=CARTESIAN_POINT('',(-1.343791729866E0,1.175704021274E-1,
4.392680968686E-2));
#8565=CARTESIAN_POINT('',(-1.345332979207E0,1.260781072828E-1,
2.115587950912E-2));
#8566=CARTESIAN_POINT('',(-1.348415477889E0,1.294670649281E-1,
-2.941786161981E-2));
#8567=CARTESIAN_POINT('',(-1.353039225913E0,9.207254809864E-2,
-9.566267143206E-2));
#8568=CARTESIAN_POINT('',(-1.357662973937E0,2.445471062433E-2,
-1.304992059295E-1));
#8569=CARTESIAN_POINT('',(-1.362286721961E0,-5.118840982250E-2,
-1.225071006163E-1));
#8570=CARTESIAN_POINT('',(-1.366910469984E0,-1.100311360053E-1,
-7.430586799523E-2));
#8571=CARTESIAN_POINT('',(-1.371534218008E0,-1.327601869561E-1,
-1.716721018475E-3));
#8572=CARTESIAN_POINT('',(-1.376157966032E0,-1.119156995060E-1,
7.143592990323E-2));
#8573=CARTESIAN_POINT('',(-1.380781714056E0,-5.433907007102E-2,
1.211423978693E-1));
#8574=CARTESIAN_POINT('',(-1.385405462079E0,2.107232236234E-2,
1.310884150831E-1));
#8575=CARTESIAN_POINT('',(-1.390029210103E0,8.956751464361E-2,
9.800956895781E-2));
#8576=CARTESIAN_POINT('',(-1.394652958127E0,1.286655249201E-1,
3.276275308560E-2));
#8577=CARTESIAN_POINT('',(-1.399276706151E0,1.255338958814E-1,
-4.323720942212E-2));
#8578=CARTESIAN_POINT('',(-1.403900454174E0,8.120046742738E-2,
-1.050461773814E-1));
#8579=CARTESIAN_POINT('',(-1.408524202198E0,1.021602693384E-2,
-1.323776721615E-1));
#8580=CARTESIAN_POINT('',(-1.413147950222E0,-6.412144175645E-2,
-1.162611543044E-1));
#8581=CARTESIAN_POINT('',(-1.417771698246E0,-1.174134488808E-1,
-6.198626714891E-2));
#8582=CARTESIAN_POINT('',(-1.422395446269E0,-1.321688891711E-1,
1.263329048123E-2));
#8583=CARTESIAN_POINT('',(-1.427019194293E0,-1.035448420226E-1,
8.310644369546E-2));
#8584=CARTESIAN_POINT('',(-1.431642942317E0,-4.093607878706E-2,
1.263030195459E-1));
#8585=CARTESIAN_POINT('',(-1.436266690341E0,3.510841903210E-2,
1.280453599583E-1));
#8586=CARTESIAN_POINT('',(-1.440890438364E0,9.962989331433E-2,
8.776160692979E-2));
#8587=CARTESIAN_POINT('',(-1.445514186388E0,1.314515867418E-1,
1.867339363363E-2));
#8588=CARTESIAN_POINT('',(-1.450137934412E0,1.201292205587E-1,
-5.654366194983E-2));
#8589=CARTESIAN_POINT('',(-1.454761682436E0,6.937893656303E-2,
-1.132023774445E-1));
#8590=CARTESIAN_POINT('',(-1.459385430459E0,-4.142382338021E-3,
-1.327066559960E-1));
#8591=CARTESIAN_POINT('',(-1.464009178483E0,-7.630412838328E-2,
-1.086549325311E-1));
#8592=CARTESIAN_POINT('',(-1.468632926507E0,-1.234218687244E-1,
-4.894134478860E-2));
#8593=CARTESIAN_POINT('',(-1.473256674531E0,-1.300311287121E-1,
2.683558397752E-2));
#8594=CARTESIAN_POINT('',(-1.477880422554E0,-9.396207363370E-2,
9.380407421004E-2));
#8595=CARTESIAN_POINT('',(-1.482504170578E0,-2.705523172856E-2,
1.299873657515E-1));
#8596=CARTESIAN_POINT('',(-1.487127918602E0,4.873798704799E-2,
1.234979356179E-1));
#8597=CARTESIAN_POINT('',(-1.490210417284E0,8.858632225443E-2,
9.217225115654E-2));
#8598=CARTESIAN_POINT('',(-1.491751666626E0,1.025898522657E-1,
7.230274045812E-2));
#8599=CARTESIAN_POINT('',(-1.343622708868E0,1.159131100431E-1,
4.330761001870E-2));
#8600=CARTESIAN_POINT('',(-1.345163958210E0,1.243008891614E-1,
2.085766268744E-2));
#8601=CARTESIAN_POINT('',(-1.348246456892E0,1.276420754920E-1,
-2.900318251420E-2));
#8602=CARTESIAN_POINT('',(-1.352870204916E0,9.077467803625E-2,
-9.431419438972E-2));
#8603=CARTESIAN_POINT('',(-1.357493952940E0,2.410999292661E-2,
-1.286596672609E-1));
#8604=CARTESIAN_POINT('',(-1.362117700963E0,-5.046684942233E-2,
-1.207802200030E-1));
#8605=CARTESIAN_POINT('',(-1.366741448987E0,-1.084801186793E-1,
-7.325844003193E-2));
#8606=CARTESIAN_POINT('',(-1.371365197011E0,-1.308887771202E-1,
-1.692521831406E-3));
#8607=CARTESIAN_POINT('',(-1.375988945035E0,-1.103381170572E-1,
7.042895706806E-2));
#8608=CARTESIAN_POINT('',(-1.380612693058E0,-5.357309743618E-2,
1.194347543347E-1));
#8609=CARTESIAN_POINT('',(-1.385236441082E0,2.077528337620E-2,
1.292405708236E-1));
#8610=CARTESIAN_POINT('',(-1.389860189106E0,8.830495595245E-2,
9.662800965479E-2));
#8611=CARTESIAN_POINT('',(-1.394483937130E0,1.268518341263E-1,
3.230092382955E-2));
#8612=CARTESIAN_POINT('',(-1.399107685153E0,1.237643490551E-1,
-4.262773047482E-2));
#8613=CARTESIAN_POINT('',(-1.403731433177E0,8.005585203546E-2,
-1.035654288673E-1));
#8614=CARTESIAN_POINT('',(-1.408355181201E0,1.007202010675E-2,
-1.305116543182E-1));
#8615=CARTESIAN_POINT('',(-1.412978929225E0,-6.321757517154E-2,
-1.146223175968E-1));
#8616=CARTESIAN_POINT('',(-1.417602677248E0,-1.157583692357E-1,
-6.111249834297E-2));
#8617=CARTESIAN_POINT('',(-1.422226425272E0,-1.303058143679E-1,
1.245520950222E-2));
#8618=CARTESIAN_POINT('',(-1.426850173296E0,-1.020852565832E-1,
8.193496134277E-2));
#8619=CARTESIAN_POINT('',(-1.431473921320E0,-4.035903696269E-2,
1.245226310235E-1));
#8620=CARTESIAN_POINT('',(-1.436097669343E0,3.461352487591E-2,
1.262404111136E-1));
#8621=CARTESIAN_POINT('',(-1.440721417367E0,9.822549364773E-2,
8.652450461630E-2));
#8622=CARTESIAN_POINT('',(-1.445345165391E0,1.295986231537E-1,
1.841017034872E-2));
#8623=CARTESIAN_POINT('',(-1.449968913415E0,1.184358589412E-1,
-5.574661301854E-2));
#8624=CARTESIAN_POINT('',(-1.454592661438E0,6.840095945057E-2,
-1.116066577679E-1));
#8625=CARTESIAN_POINT('',(-1.459216409462E0,-4.083990622634E-3,
-1.308360007414E-1));
#8626=CARTESIAN_POINT('',(-1.463840157486E0,-7.522853260679E-2,
-1.071233143998E-1));
#8627=CARTESIAN_POINT('',(-1.468463905510E0,-1.216820933867E-1,
-4.825145939359E-2));
#8628=CARTESIAN_POINT('',(-1.473087653533E0,-1.281981881384E-1,
2.645730509015E-2));
#8629=CARTESIAN_POINT('',(-1.477711401557E0,-9.263756850282E-2,
9.248179626550E-2));
#8630=CARTESIAN_POINT('',(-1.482335149581E0,-2.667385664971E-2,
1.281550420678E-1));
#8631=CARTESIAN_POINT('',(-1.486958897605E0,4.805096821776E-2,
1.217570880285E-1));
#8632=CARTESIAN_POINT('',(-1.490041396287E0,8.733759461556E-2,
9.087297566314E-2));
#8633=CARTESIAN_POINT('',(-1.491582645628E0,1.011437285219E-1,
7.128354891615E-2));
#8634=B_SPLINE_SURFACE_WITH_KNOTS('',3,3,((#8459,#8460,#8461,#8462,#8463,#8464,
#8465,#8466,#8467,#8468,#8469,#8470,#8471,#8472,#8473,#8474,#8475,#8476,#8477,
#8478,#8479,#8480,#8481,#8482,#8483,#8484,#8485,#8486,#8487,#8488,#8489,#8490,
#8491,#8492,#8493),(#8494,#8495,#8496,#8497,#8498,#8499,#8500,#8501,#8502,#8503,
#8504,#8505,#8506,#8507,#8508,#8509,#8510,#8511,#8512,#8513,#8514,#8515,#8516,
#8517,#8518,#8519,#8520,#8521,#8522,#8523,#8524,#8525,#8526,#8527,#8528),(#8529,
#8530,#8531,#8532,#8533,#8534,#8535,#8536,#8537,#8538,#8539,#8540,#8541,#8542,
#8543,#8544,#8545,#8546,#8547,#8548,#8549,#8550,#8551,#8552,#8553,#8554,#8555,
#8556,#8557,#8558,#8559,#8560,#8561,#8562,#8563),(#8564,#8565,#8566,#8567,#8568,
#8569,#8570,#8571,#8572,#8573,#8574,#8575,#8576,#8577,#8578,#8579,#8580,#8581,
#8582,#8583,#8584,#8585,#8586,#8587,#8588,#8589,#8590,#8591,#8592,#8593,#8594,
#8595,#8596,#8597,#8598),(#8599,#8600,#8601,#8602,#8603,#8604,#8605,#8606,#8607,
#8608,#8609,#8610,#8611,#8612,#8613,#8614,#8615,#8616,#8617,#8618,#8619,#8620,
#8621,#8622,#8623,#8624,#8625,#8626,#8627,#8628,#8629,#8630,#8631,#8632,#8633)),
.UNSPECIFIED.,.F.,.F.,.F.,(4,1,4),(4,1,1,1,1,1,1,1,1,1,1,1,1,1,1,1,1,1,1,1,1,1,
1,1,1,1,1,1,1,1,1,1,4),(-1.721607890308E-1,5.E-1,1.173868869533E0),(
-1.422691699616E-2,8.891823122598E-3,3.201056324135E-2,5.512930336011E-2,
7.824804347886E-2,1.013667835976E-1,1.244855237164E-1,1.476042638351E-1,
1.707230039539E-1,1.938417440726E-1,2.169604841914E-1,2.400792243101E-1,
2.631979644289E-1,2.863167045476E-1,3.094354446664E-1,3.325541847852E-1,
3.556729249039E-1,3.787916650227E-1,4.019104051414E-1,4.250291452602E-1,
4.481478853789E-1,4.712666254977E-1,4.943853656164E-1,5.175041057352E-1,
5.406228458539E-1,5.637415859727E-1,5.868603260915E-1,6.099790662102E-1,
6.330978063290E-1,6.562165464477E-1,6.793352865665E-1,7.024540266852E-1,
7.255727668040E-1),.UNSPECIFIED.);
#8635=ORIENTED_EDGE('',*,*,#7270,.F.);
#8636=ORIENTED_EDGE('',*,*,#7446,.F.);
#8638=ORIENTED_EDGE('',*,*,#8637,.T.);
#8639=ORIENTED_EDGE('',*,*,#8448,.T.);
#8640=EDGE_LOOP('',(#8635,#8636,#8638,#8639));
#8641=FACE_OUTER_BOUND('',#8640,.F.);
#8643=CARTESIAN_POINT('',(-1.149530593334E0,1.084452990038E-1,
5.961830763577E-2));
#8644=CARTESIAN_POINT('',(-1.151697260001E0,1.246776569021E-1,
3.009175823133E-2));
#8645=CARTESIAN_POINT('',(-1.156030593334E0,1.315056958922E-1,
-4.269865987493E-2));
#8646=CARTESIAN_POINT('',(-1.162530593334E0,5.888832785038E-2,
-1.251424126607E-1));
#8647=CARTESIAN_POINT('',(-1.169030593334E0,-5.091104013856E-2,
-1.285803184106E-1));
#8648=CARTESIAN_POINT('',(-1.175530593334E0,-1.285825641998E-1,
-5.091029793107E-2));
#8649=CARTESIAN_POINT('',(-1.182030593334E0,-1.251326872966E-1,
5.888311323123E-2));
#8650=CARTESIAN_POINT('',(-1.188530593334E0,-4.273531554233E-2,
1.315258121614E-1));
#8651=CARTESIAN_POINT('',(-1.195030593334E0,6.662386458991E-2,
1.211883869497E-1));
#8652=CARTESIAN_POINT('',(-1.201530593334E0,1.339497029973E-1,
3.439243406265E-2));
#8653=CARTESIAN_POINT('',(-1.208030593334E0,1.167658877261E-1,
-7.410188501118E-2));
#8654=CARTESIAN_POINT('',(-1.214530593334E0,2.591380090801E-2,
-1.358449011527E-1));
#8655=CARTESIAN_POINT('',(-1.221030593334E0,-8.128745366664E-2,
-1.118825814650E-1));
#8656=CARTESIAN_POINT('',(-1.227530593334E0,-1.372039830131E-1,
-1.733289391442E-2));
#8657=CARTESIAN_POINT('',(-1.234030593334E0,-1.065577253757E-1,
8.815221683266E-2));
#8658=CARTESIAN_POINT('',(-1.240530593334E0,-8.683582012620E-3,
1.380215837155E-1));
#8659=CARTESIAN_POINT('',(-1.247030593334E0,9.46690835E-2,1.008123345507E-1));
#8660=CARTESIAN_POINT('',(-1.253530593334E0,1.382944762755E-1,0.E0));
#8661=CARTESIAN_POINT('',(-1.260030593334E0,9.46690835E-2,-1.008123345507E-1));
#8662=CARTESIAN_POINT('',(-1.266530593334E0,-8.683582012619E-3,
-1.380215837155E-1));
#8663=CARTESIAN_POINT('',(-1.273030593334E0,-1.065577253757E-1,
-8.815221683266E-2));
#8664=CARTESIAN_POINT('',(-1.279530593334E0,-1.372039830131E-1,
1.733289391442E-2));
#8665=CARTESIAN_POINT('',(-1.286030593334E0,-8.128745366664E-2,
1.118825814650E-1));
#8666=CARTESIAN_POINT('',(-1.292530593334E0,2.591380090801E-2,
1.358449011527E-1));
#8667=CARTESIAN_POINT('',(-1.299030593334E0,1.167658877261E-1,
7.410188501118E-2));
#8668=CARTESIAN_POINT('',(-1.305530593334E0,1.339497029973E-1,
-3.439243406264E-2));
#8669=CARTESIAN_POINT('',(-1.312030593334E0,6.662386458992E-2,
-1.211883869497E-1));
#8670=CARTESIAN_POINT('',(-1.318530593334E0,-4.273531554233E-2,
-1.315258121614E-1));
#8671=CARTESIAN_POINT('',(-1.325030593334E0,-1.251326872966E-1,
-5.888311323123E-2));
#8672=CARTESIAN_POINT('',(-1.331530593334E0,-1.285825641998E-1,
5.091029793106E-2));
#8673=CARTESIAN_POINT('',(-1.338030593334E0,-5.091104013856E-2,
1.285803184106E-1));
#8674=CARTESIAN_POINT('',(-1.344530593334E0,5.888832785038E-2,
1.251424126607E-1));
#8675=CARTESIAN_POINT('',(-1.351030593334E0,1.315056958922E-1,
4.269865987493E-2));
#8676=CARTESIAN_POINT('',(-1.355363926667E0,1.246776569021E-1,
-3.009175823133E-2));
#8677=CARTESIAN_POINT('',(-1.357530593334E0,1.084452990038E-1,
-5.961830763577E-2));
#8678=CARTESIAN_POINT('',(-1.149354362701E0,1.099896180272E-1,
6.046730420334E-2));
#8679=CARTESIAN_POINT('',(-1.151521029368E0,1.264531333784E-1,
3.052028095302E-2));
#8680=CARTESIAN_POINT('',(-1.155854362701E0,1.333784072934E-1,
-4.330671161459E-2));
#8681=CARTESIAN_POINT('',(-1.162354362701E0,5.972692911562E-2,
-1.269245075074E-1));
#8682=CARTESIAN_POINT('',(-1.168854362701E0,-5.163604056281E-2,
-1.304113708728E-1));
#8683=CARTESIAN_POINT('',(-1.175354362701E0,-1.304136486432E-1,
-5.163528778588E-2));
#8684=CARTESIAN_POINT('',(-1.181854362701E0,-1.269146436489E-1,
5.972164023750E-2));
#8685=CARTESIAN_POINT('',(-1.188354362701E0,-4.334388927829E-2,
1.333988100289E-1));
#8686=CARTESIAN_POINT('',(-1.194854362701E0,6.757262403308E-2,
1.229141743568E-1));
#8687=CARTESIAN_POINT('',(-1.201354362701E0,1.358572183660E-1,
3.488220070694E-2));
#8688=CARTESIAN_POINT('',(-1.207854362701E0,1.184286963803E-1,
-7.515713546225E-2));
#8689=CARTESIAN_POINT('',(-1.214354362701E0,2.628282728423E-2,
-1.377794051561E-1));
#8690=CARTESIAN_POINT('',(-1.220854362701E0,-8.244503045615E-2,
-1.134758492279E-1));
#8691=CARTESIAN_POINT('',(-1.227354362701E0,-1.391578410686E-1,
-1.757972358844E-2));
#8692=CARTESIAN_POINT('',(-1.233854362701E0,-1.080751643416E-1,
8.940755151897E-2));
#8693=CARTESIAN_POINT('',(-1.240354362701E0,-8.807240861978E-3,
1.399870848421E-1));
#8694=CARTESIAN_POINT('',(-1.246854362701E0,9.601722185102E-2,
1.022479560804E-1));
#8695=CARTESIAN_POINT('',(-1.253354362701E0,1.402638635380E-1,0.E0));
#8696=CARTESIAN_POINT('',(-1.259854362701E0,9.601722185102E-2,
-1.022479560804E-1));
#8697=CARTESIAN_POINT('',(-1.266354362701E0,-8.807240861978E-3,
-1.399870848421E-1));
#8698=CARTESIAN_POINT('',(-1.272854362701E0,-1.080751643416E-1,
-8.940755151898E-2));
#8699=CARTESIAN_POINT('',(-1.279354362701E0,-1.391578410686E-1,
1.757972358844E-2));
#8700=CARTESIAN_POINT('',(-1.285854362701E0,-8.244503045615E-2,
1.134758492279E-1));
#8701=CARTESIAN_POINT('',(-1.292354362701E0,2.628282728423E-2,
1.377794051561E-1));
#8702=CARTESIAN_POINT('',(-1.298854362701E0,1.184286963803E-1,
7.515713546225E-2));
#8703=CARTESIAN_POINT('',(-1.305354362701E0,1.358572183660E-1,
-3.488220070694E-2));
#8704=CARTESIAN_POINT('',(-1.311854362701E0,6.757262403308E-2,
-1.229141743568E-1));
#8705=CARTESIAN_POINT('',(-1.318354362701E0,-4.334388927828E-2,
-1.333988100289E-1));
#8706=CARTESIAN_POINT('',(-1.324854362701E0,-1.269146436489E-1,
-5.972164023750E-2));
#8707=CARTESIAN_POINT('',(-1.331354362701E0,-1.304136486432E-1,
5.163528778588E-2));
#8708=CARTESIAN_POINT('',(-1.337854362701E0,-5.163604056281E-2,
1.304113708728E-1));
#8709=CARTESIAN_POINT('',(-1.344354362701E0,5.972692911562E-2,
1.269245075074E-1));
#8710=CARTESIAN_POINT('',(-1.350854362701E0,1.333784072934E-1,
4.330671161459E-2));
#8711=CARTESIAN_POINT('',(-1.355187696034E0,1.264531333784E-1,
-3.052028095301E-2));
#8712=CARTESIAN_POINT('',(-1.357354362701E0,1.099896180272E-1,
-6.046730420334E-2));
#8713=CARTESIAN_POINT('',(-1.145995737983E0,1.122520222826E-1,
6.171107146789E-2));
#8714=CARTESIAN_POINT('',(-1.148162404650E0,1.290541798425E-1,
3.114806032659E-2));
#8715=CARTESIAN_POINT('',(-1.152495737983E0,1.361219014672E-1,
-4.419749831248E-2));
#8716=CARTESIAN_POINT('',(-1.158995737983E0,6.095546741785E-2,
-1.295352497852E-1));
#8717=CARTESIAN_POINT('',(-1.165495737983E0,-5.269815533325E-2,
-1.330938353245E-1));
#8718=CARTESIAN_POINT('',(-1.171995737983E0,-1.330961599470E-1,
-5.269738707226E-2));
#8719=CARTESIAN_POINT('',(-1.178495737983E0,-1.295251830345E-1,
6.095006975146E-2));
#8720=CARTESIAN_POINT('',(-1.184995737983E0,-4.423544069294E-2,
1.361427238718E-1));
#8721=CARTESIAN_POINT('',(-1.191495737983E0,6.896254241723E-2,
1.254424270783E-1));
#8722=CARTESIAN_POINT('',(-1.197995737983E0,1.386516998314E-1,
3.559970151050E-2));
#8723=CARTESIAN_POINT('',(-1.204495737983E0,1.208646861715E-1,
-7.670306157913E-2));
#8724=CARTESIAN_POINT('',(-1.210995737983E0,2.682344540218E-2,
-1.406134245674E-1));
#8725=CARTESIAN_POINT('',(-1.217495737983E0,-8.414086312733E-2,
-1.158099626540E-1));
#8726=CARTESIAN_POINT('',(-1.223995737983E0,-1.420202138767E-1,
-1.794132536658E-2));
#8727=CARTESIAN_POINT('',(-1.230495737983E0,-1.102981897153E-1,
9.124659804582E-2));
#8728=CARTESIAN_POINT('',(-1.236995737983E0,-8.988399225484E-3,
1.428665145749E-1));
#8729=CARTESIAN_POINT('',(-1.243495737983E0,9.799222435765E-2,
1.043511201343E-1));
#8730=CARTESIAN_POINT('',(-1.249995737983E0,1.431489864018E-1,0.E0));
#8731=CARTESIAN_POINT('',(-1.256495737983E0,9.799222435765E-2,
-1.043511201343E-1));
#8732=CARTESIAN_POINT('',(-1.262995737983E0,-8.988399225482E-3,
-1.428665145749E-1));
#8733=CARTESIAN_POINT('',(-1.269495737983E0,-1.102981897153E-1,
-9.124659804582E-2));
#8734=CARTESIAN_POINT('',(-1.275995737983E0,-1.420202138767E-1,
1.794132536658E-2));
#8735=CARTESIAN_POINT('',(-1.282495737983E0,-8.414086312733E-2,
1.158099626540E-1));
#8736=CARTESIAN_POINT('',(-1.288995737983E0,2.682344540218E-2,
1.406134245674E-1));
#8737=CARTESIAN_POINT('',(-1.295495737983E0,1.208646861715E-1,
7.670306157913E-2));
#8738=CARTESIAN_POINT('',(-1.301995737983E0,1.386516998314E-1,
-3.559970151050E-2));
#8739=CARTESIAN_POINT('',(-1.308495737983E0,6.896254241723E-2,
-1.254424270783E-1));
#8740=CARTESIAN_POINT('',(-1.314995737983E0,-4.423544069293E-2,
-1.361427238718E-1));
#8741=CARTESIAN_POINT('',(-1.321495737983E0,-1.295251830345E-1,
-6.095006975146E-2));
#8742=CARTESIAN_POINT('',(-1.327995737983E0,-1.330961599470E-1,
5.269738707226E-2));
#8743=CARTESIAN_POINT('',(-1.334495737983E0,-5.269815533325E-2,
1.330938353245E-1));
#8744=CARTESIAN_POINT('',(-1.340995737983E0,6.095546741784E-2,
1.295352497852E-1));
#8745=CARTESIAN_POINT('',(-1.347495737983E0,1.361219014672E-1,
4.419749831248E-2));
#8746=CARTESIAN_POINT('',(-1.351829071316E0,1.290541798425E-1,
-3.114806032658E-2));
#8747=CARTESIAN_POINT('',(-1.353995737983E0,1.122520222826E-1,
-6.171107146789E-2));
#8748=CARTESIAN_POINT('',(-1.142637113265E0,1.099838688543E-1,
6.046414356879E-2));
#8749=CARTESIAN_POINT('',(-1.144803779931E0,1.264465236552E-1,
3.051868565361E-2));
#8750=CARTESIAN_POINT('',(-1.149137113265E0,1.333714355852E-1,
-4.330444796664E-2));
#8751=CARTESIAN_POINT('',(-1.155637113265E0,5.972380718058E-2,
-1.269178731455E-1));
#8752=CARTESIAN_POINT('',(-1.162137113265E0,-5.163334153966E-2,
-1.304045542520E-1));
#8753=CARTESIAN_POINT('',(-1.168637113265E0,-1.304068319033E-1,
-5.163258880208E-2));
#8754=CARTESIAN_POINT('',(-1.175137113265E0,-1.269080098025E-1,
5.971851857891E-2));
#8755=CARTESIAN_POINT('',(-1.181637113265E0,-4.334162368706E-2,
1.333918372543E-1));
#8756=CARTESIAN_POINT('',(-1.188137113265E0,6.756909200245E-2,
1.229077496155E-1));
#8757=CARTESIAN_POINT('',(-1.194637113265E0,1.358501170900E-1,
3.488037740937E-2));
#8758=CARTESIAN_POINT('',(-1.201137113265E0,1.184225060956E-1,
-7.515320698814E-2));
#8759=CARTESIAN_POINT('',(-1.207637113265E0,2.628145347713E-2,
-1.377722034071E-1));
#8760=CARTESIAN_POINT('',(-1.214137113265E0,-8.244072104274E-2,
-1.134699178291E-1));
#8761=CARTESIAN_POINT('',(-1.220637113265E0,-1.391505672686E-1,
-1.757880469380E-2));
#8762=CARTESIAN_POINT('',(-1.227137113265E0,-1.080695152375E-1,
8.940287817360E-2));
#8763=CARTESIAN_POINT('',(-1.233637113265E0,-8.806780506251E-3,
1.399797676973E-1));
#8764=CARTESIAN_POINT('',(-1.240137113265E0,9.601220301724E-2,
1.022426115652E-1));
#8765=CARTESIAN_POINT('',(-1.246637113265E0,1.402565319260E-1,0.E0));
#8766=CARTESIAN_POINT('',(-1.253137113265E0,9.601220301724E-2,
-1.022426115652E-1));
#8767=CARTESIAN_POINT('',(-1.259637113265E0,-8.806780506251E-3,
-1.399797676973E-1));
#8768=CARTESIAN_POINT('',(-1.266137113265E0,-1.080695152375E-1,
-8.940287817360E-2));
#8769=CARTESIAN_POINT('',(-1.272637113265E0,-1.391505672686E-1,
1.757880469380E-2));
#8770=CARTESIAN_POINT('',(-1.279137113265E0,-8.244072104274E-2,
1.134699178291E-1));
#8771=CARTESIAN_POINT('',(-1.285637113265E0,2.628145347713E-2,
1.377722034071E-1));
#8772=CARTESIAN_POINT('',(-1.292137113265E0,1.184225060956E-1,
7.515320698814E-2));
#8773=CARTESIAN_POINT('',(-1.298637113265E0,1.358501170900E-1,
-3.488037740937E-2));
#8774=CARTESIAN_POINT('',(-1.305137113265E0,6.756909200246E-2,
-1.229077496155E-1));
#8775=CARTESIAN_POINT('',(-1.311637113265E0,-4.334162368706E-2,
-1.333918372543E-1));
#8776=CARTESIAN_POINT('',(-1.318137113265E0,-1.269080098025E-1,
-5.971851857891E-2));
#8777=CARTESIAN_POINT('',(-1.324637113265E0,-1.304068319033E-1,
5.163258880208E-2));
#8778=CARTESIAN_POINT('',(-1.331137113265E0,-5.163334153966E-2,
1.304045542520E-1));
#8779=CARTESIAN_POINT('',(-1.337637113265E0,5.972380718058E-2,
1.269178731455E-1));
#8780=CARTESIAN_POINT('',(-1.344137113265E0,1.333714355852E-1,
4.330444796664E-2));
#8781=CARTESIAN_POINT('',(-1.348470446598E0,1.264465236552E-1,
-3.051868565361E-2));
#8782=CARTESIAN_POINT('',(-1.350637113265E0,1.099838688543E-1,
-6.046414356879E-2));
#8783=CARTESIAN_POINT('',(-1.142468092268E0,1.084335178139E-1,
5.961183087183E-2));
#8784=CARTESIAN_POINT('',(-1.144634758934E0,1.246641122749E-1,
3.008848914801E-2));
#8785=CARTESIAN_POINT('',(-1.148968092268E0,1.314914094862E-1,
-4.269402121355E-2));
#8786=CARTESIAN_POINT('',(-1.155468092268E0,5.888193038937E-2,
-1.251288175438E-1));
#8787=CARTESIAN_POINT('',(-1.161968092268E0,-5.090550930747E-2,
-1.285663498093E-1));
#8788=CARTESIAN_POINT('',(-1.168468092268E0,-1.285685953545E-1,
-5.090476718061E-2));
#8789=CARTESIAN_POINT('',(-1.174968092268E0,-1.251190932362E-1,
5.887671633672E-2));
#8790=CARTESIAN_POINT('',(-1.181468092268E0,-4.273067289878E-2,
1.315115235699E-1));
#8791=CARTESIAN_POINT('',(-1.187968092268E0,6.661662676212E-2,
1.211752213869E-1));
#8792=CARTESIAN_POINT('',(-1.194468092268E0,1.339351510813E-1,
3.438869776610E-2));
#8793=CARTESIAN_POINT('',(-1.200968092268E0,1.167532026110E-1,
-7.409383479244E-2));
#8794=CARTESIAN_POINT('',(-1.207468092268E0,2.591098570613E-2,
-1.358301433477E-1));
#8795=CARTESIAN_POINT('',(-1.213968092268E0,-8.127862282809E-2,
-1.118704268585E-1));
#8796=CARTESIAN_POINT('',(-1.220468092268E0,-1.371890775613E-1,
-1.733101091796E-2));
#8797=CARTESIAN_POINT('',(-1.226968092268E0,-1.065461492464E-1,
8.814264022570E-2));
#8798=CARTESIAN_POINT('',(-1.233468092268E0,-8.682638652885E-3,
1.380065894418E-1));
#8799=CARTESIAN_POINT('',(-1.239968092268E0,9.465879891912E-2,
1.008013825845E-1));
#8800=CARTESIAN_POINT('',(-1.246468092268E0,1.382794523556E-1,0.E0));
#8801=CARTESIAN_POINT('',(-1.252968092268E0,9.465879891912E-2,
-1.008013825845E-1));
#8802=CARTESIAN_POINT('',(-1.259468092268E0,-8.682638652884E-3,
-1.380065894418E-1));
#8803=CARTESIAN_POINT('',(-1.265968092268E0,-1.065461492464E-1,
-8.814264022570E-2));
#8804=CARTESIAN_POINT('',(-1.272468092268E0,-1.371890775613E-1,
1.733101091796E-2));
#8805=CARTESIAN_POINT('',(-1.278968092268E0,-8.127862282809E-2,
1.118704268584E-1));
#8806=CARTESIAN_POINT('',(-1.285468092268E0,2.591098570613E-2,
1.358301433477E-1));
#8807=CARTESIAN_POINT('',(-1.291968092268E0,1.167532026110E-1,
7.409383479244E-2));
#8808=CARTESIAN_POINT('',(-1.298468092268E0,1.339351510813E-1,
-3.438869776610E-2));
#8809=CARTESIAN_POINT('',(-1.304968092268E0,6.661662676212E-2,
-1.211752213869E-1));
#8810=CARTESIAN_POINT('',(-1.311468092268E0,-4.273067289878E-2,
-1.315115235699E-1));
#8811=CARTESIAN_POINT('',(-1.317968092268E0,-1.251190932362E-1,
-5.887671633672E-2));
#8812=CARTESIAN_POINT('',(-1.324468092268E0,-1.285685953545E-1,
5.090476718061E-2));
#8813=CARTESIAN_POINT('',(-1.330968092268E0,-5.090550930747E-2,
1.285663498093E-1));
#8814=CARTESIAN_POINT('',(-1.337468092268E0,5.888193038937E-2,
1.251288175438E-1));
#8815=CARTESIAN_POINT('',(-1.343968092268E0,1.314914094862E-1,
4.269402121355E-2));
#8816=CARTESIAN_POINT('',(-1.348301425601E0,1.246641122749E-1,
-3.008848914801E-2));
#8817=CARTESIAN_POINT('',(-1.350468092268E0,1.084335178139E-1,
-5.961183087182E-2));
#8818=B_SPLINE_SURFACE_WITH_KNOTS('',3,3,((#8643,#8644,#8645,#8646,#8647,#8648,
#8649,#8650,#8651,#8652,#8653,#8654,#8655,#8656,#8657,#8658,#8659,#8660,#8661,
#8662,#8663,#8664,#8665,#8666,#8667,#8668,#8669,#8670,#8671,#8672,#8673,#8674,
#8675,#8676,#8677),(#8678,#8679,#8680,#8681,#8682,#8683,#8684,#8685,#8686,#8687,
#8688,#8689,#8690,#8691,#8692,#8693,#8694,#8695,#8696,#8697,#8698,#8699,#8700,
#8701,#8702,#8703,#8704,#8705,#8706,#8707,#8708,#8709,#8710,#8711,#8712),(#8713,
#8714,#8715,#8716,#8717,#8718,#8719,#8720,#8721,#8722,#8723,#8724,#8725,#8726,
#8727,#8728,#8729,#8730,#8731,#8732,#8733,#8734,#8735,#8736,#8737,#8738,#8739,
#8740,#8741,#8742,#8743,#8744,#8745,#8746,#8747),(#8748,#8749,#8750,#8751,#8752,
#8753,#8754,#8755,#8756,#8757,#8758,#8759,#8760,#8761,#8762,#8763,#8764,#8765,
#8766,#8767,#8768,#8769,#8770,#8771,#8772,#8773,#8774,#8775,#8776,#8777,#8778,
#8779,#8780,#8781,#8782),(#8783,#8784,#8785,#8786,#8787,#8788,#8789,#8790,#8791,
#8792,#8793,#8794,#8795,#8796,#8797,#8798,#8799,#8800,#8801,#8802,#8803,#8804,
#8805,#8806,#8807,#8808,#8809,#8810,#8811,#8812,#8813,#8814,#8815,#8816,#8817)),
.UNSPECIFIED.,.F.,.F.,.F.,(4,1,4),(4,1,1,1,1,1,1,1,1,1,1,1,1,1,1,1,1,1,1,1,1,1,
1,1,1,1,1,1,1,1,1,1,4),(-1.721607890308E-1,5.E-1,1.173868869533E0),(-2.E-2,
1.25E-2,4.5E-2,7.75E-2,1.1E-1,1.425E-1,1.75E-1,2.075E-1,2.4E-1,2.725E-1,3.05E-1,
3.375E-1,3.7E-1,4.025E-1,4.35E-1,4.675E-1,5.E-1,5.325E-1,5.65E-1,5.975E-1,
6.3E-1,6.625E-1,6.95E-1,7.275E-1,7.6E-1,7.925E-1,8.25E-1,8.575E-1,8.9E-1,
9.225E-1,9.55E-1,9.875E-1,1.02E0),.UNSPECIFIED.);
#8820=ORIENTED_EDGE('',*,*,#8819,.T.);
#8821=ORIENTED_EDGE('',*,*,#8299,.T.);
#8822=ORIENTED_EDGE('',*,*,#8637,.F.);
#8824=ORIENTED_EDGE('',*,*,#8823,.F.);
#8825=EDGE_LOOP('',(#8820,#8821,#8822,#8824));
#8826=FACE_OUTER_BOUND('',#8825,.F.);
#8828=CARTESIAN_POINT('',(-9.495305933341E-1,1.084452990038E-1,
5.961830763577E-2));
#8829=CARTESIAN_POINT('',(-9.516972600008E-1,1.246776569021E-1,
3.009175823133E-2));
#8830=CARTESIAN_POINT('',(-9.560305933341E-1,1.315056958922E-1,
-4.269865987493E-2));
#8831=CARTESIAN_POINT('',(-9.625305933341E-1,5.888832785038E-2,
-1.251424126607E-1));
#8832=CARTESIAN_POINT('',(-9.690305933341E-1,-5.091104013856E-2,
-1.285803184106E-1));
#8833=CARTESIAN_POINT('',(-9.755305933341E-1,-1.285825641998E-1,
-5.091029793106E-2));
#8834=CARTESIAN_POINT('',(-9.820305933341E-1,-1.251326872966E-1,
5.888311323123E-2));
#8835=CARTESIAN_POINT('',(-9.885305933341E-1,-4.273531554233E-2,
1.315258121614E-1));
#8836=CARTESIAN_POINT('',(-9.950305933341E-1,6.662386458991E-2,
1.211883869497E-1));
#8837=CARTESIAN_POINT('',(-1.001530593334E0,1.339497029973E-1,
3.439243406265E-2));
#8838=CARTESIAN_POINT('',(-1.008030593334E0,1.167658877261E-1,
-7.410188501118E-2));
#8839=CARTESIAN_POINT('',(-1.014530593334E0,2.591380090801E-2,
-1.358449011527E-1));
#8840=CARTESIAN_POINT('',(-1.021030593334E0,-8.128745366664E-2,
-1.118825814650E-1));
#8841=CARTESIAN_POINT('',(-1.027530593334E0,-1.372039830131E-1,
-1.733289391442E-2));
#8842=CARTESIAN_POINT('',(-1.034030593334E0,-1.065577253757E-1,
8.815221683266E-2));
#8843=CARTESIAN_POINT('',(-1.040530593334E0,-8.683582012620E-3,
1.380215837155E-1));
#8844=CARTESIAN_POINT('',(-1.047030593334E0,9.46690835E-2,1.008123345507E-1));
#8845=CARTESIAN_POINT('',(-1.053530593334E0,1.382944762755E-1,0.E0));
#8846=CARTESIAN_POINT('',(-1.060030593334E0,9.46690835E-2,-1.008123345507E-1));
#8847=CARTESIAN_POINT('',(-1.066530593334E0,-8.683582012619E-3,
-1.380215837155E-1));
#8848=CARTESIAN_POINT('',(-1.073030593334E0,-1.065577253757E-1,
-8.815221683266E-2));
#8849=CARTESIAN_POINT('',(-1.079530593334E0,-1.372039830131E-1,
1.733289391442E-2));
#8850=CARTESIAN_POINT('',(-1.086030593334E0,-8.128745366664E-2,
1.118825814650E-1));
#8851=CARTESIAN_POINT('',(-1.092530593334E0,2.591380090801E-2,
1.358449011527E-1));
#8852=CARTESIAN_POINT('',(-1.099030593334E0,1.167658877261E-1,
7.410188501118E-2));
#8853=CARTESIAN_POINT('',(-1.105530593334E0,1.339497029973E-1,
-3.439243406264E-2));
#8854=CARTESIAN_POINT('',(-1.112030593334E0,6.662386458992E-2,
-1.211883869497E-1));
#8855=CARTESIAN_POINT('',(-1.118530593334E0,-4.273531554233E-2,
-1.315258121614E-1));
#8856=CARTESIAN_POINT('',(-1.125030593334E0,-1.251326872966E-1,
-5.888311323123E-2));
#8857=CARTESIAN_POINT('',(-1.131530593334E0,-1.285825641998E-1,
5.091029793106E-2));
#8858=CARTESIAN_POINT('',(-1.138030593334E0,-5.091104013856E-2,
1.285803184106E-1));
#8859=CARTESIAN_POINT('',(-1.144530593334E0,5.888832785038E-2,
1.251424126607E-1));
#8860=CARTESIAN_POINT('',(-1.151030593334E0,1.315056958922E-1,
4.269865987493E-2));
#8861=CARTESIAN_POINT('',(-1.155363926667E0,1.246776569021E-1,
-3.009175823133E-2));
#8862=CARTESIAN_POINT('',(-1.157530593334E0,1.084452990038E-1,
-5.961830763577E-2));
#8863=CARTESIAN_POINT('',(-9.493543627010E-1,1.099896180272E-1,
6.046730420334E-2));
#8864=CARTESIAN_POINT('',(-9.515210293677E-1,1.264531333784E-1,
3.052028095302E-2));
#8865=CARTESIAN_POINT('',(-9.558543627010E-1,1.333784072934E-1,
-4.330671161459E-2));
#8866=CARTESIAN_POINT('',(-9.623543627010E-1,5.972692911562E-2,
-1.269245075074E-1));
#8867=CARTESIAN_POINT('',(-9.688543627010E-1,-5.163604056281E-2,
-1.304113708728E-1));
#8868=CARTESIAN_POINT('',(-9.753543627010E-1,-1.304136486432E-1,
-5.163528778588E-2));
#8869=CARTESIAN_POINT('',(-9.818543627010E-1,-1.269146436489E-1,
5.972164023750E-2));
#8870=CARTESIAN_POINT('',(-9.883543627010E-1,-4.334388927829E-2,
1.333988100289E-1));
#8871=CARTESIAN_POINT('',(-9.948543627010E-1,6.757262403308E-2,
1.229141743568E-1));
#8872=CARTESIAN_POINT('',(-1.001354362701E0,1.358572183660E-1,
3.488220070694E-2));
#8873=CARTESIAN_POINT('',(-1.007854362701E0,1.184286963803E-1,
-7.515713546225E-2));
#8874=CARTESIAN_POINT('',(-1.014354362701E0,2.628282728423E-2,
-1.377794051561E-1));
#8875=CARTESIAN_POINT('',(-1.020854362701E0,-8.244503045615E-2,
-1.134758492279E-1));
#8876=CARTESIAN_POINT('',(-1.027354362701E0,-1.391578410686E-1,
-1.757972358844E-2));
#8877=CARTESIAN_POINT('',(-1.033854362701E0,-1.080751643416E-1,
8.940755151897E-2));
#8878=CARTESIAN_POINT('',(-1.040354362701E0,-8.807240861978E-3,
1.399870848421E-1));
#8879=CARTESIAN_POINT('',(-1.046854362701E0,9.601722185101E-2,
1.022479560804E-1));
#8880=CARTESIAN_POINT('',(-1.053354362701E0,1.402638635380E-1,0.E0));
#8881=CARTESIAN_POINT('',(-1.059854362701E0,9.601722185102E-2,
-1.022479560804E-1));
#8882=CARTESIAN_POINT('',(-1.066354362701E0,-8.807240861977E-3,
-1.399870848421E-1));
#8883=CARTESIAN_POINT('',(-1.072854362701E0,-1.080751643416E-1,
-8.940755151897E-2));
#8884=CARTESIAN_POINT('',(-1.079354362701E0,-1.391578410686E-1,
1.757972358844E-2));
#8885=CARTESIAN_POINT('',(-1.085854362701E0,-8.244503045615E-2,
1.134758492279E-1));
#8886=CARTESIAN_POINT('',(-1.092354362701E0,2.628282728423E-2,
1.377794051561E-1));
#8887=CARTESIAN_POINT('',(-1.098854362701E0,1.184286963803E-1,
7.515713546225E-2));
#8888=CARTESIAN_POINT('',(-1.105354362701E0,1.358572183660E-1,
-3.488220070694E-2));
#8889=CARTESIAN_POINT('',(-1.111854362701E0,6.757262403308E-2,
-1.229141743568E-1));
#8890=CARTESIAN_POINT('',(-1.118354362701E0,-4.334388927828E-2,
-1.333988100289E-1));
#8891=CARTESIAN_POINT('',(-1.124854362701E0,-1.269146436489E-1,
-5.972164023750E-2));
#8892=CARTESIAN_POINT('',(-1.131354362701E0,-1.304136486432E-1,
5.163528778588E-2));
#8893=CARTESIAN_POINT('',(-1.137854362701E0,-5.163604056281E-2,
1.304113708728E-1));
#8894=CARTESIAN_POINT('',(-1.144354362701E0,5.972692911562E-2,
1.269245075074E-1));
#8895=CARTESIAN_POINT('',(-1.150854362701E0,1.333784072934E-1,
4.330671161459E-2));
#8896=CARTESIAN_POINT('',(-1.155187696034E0,1.264531333784E-1,
-3.052028095301E-2));
#8897=CARTESIAN_POINT('',(-1.157354362701E0,1.099896180272E-1,
-6.046730420334E-2));
#8898=CARTESIAN_POINT('',(-9.459957379829E-1,1.122520222826E-1,
6.171107146789E-2));
#8899=CARTESIAN_POINT('',(-9.481624046496E-1,1.290541798425E-1,
3.114806032658E-2));
#8900=CARTESIAN_POINT('',(-9.524957379829E-1,1.361219014672E-1,
-4.419749831248E-2));
#8901=CARTESIAN_POINT('',(-9.589957379829E-1,6.095546741785E-2,
-1.295352497852E-1));
#8902=CARTESIAN_POINT('',(-9.654957379829E-1,-5.269815533325E-2,
-1.330938353245E-1));
#8903=CARTESIAN_POINT('',(-9.719957379829E-1,-1.330961599470E-1,
-5.269738707226E-2));
#8904=CARTESIAN_POINT('',(-9.784957379829E-1,-1.295251830345E-1,
6.095006975146E-2));
#8905=CARTESIAN_POINT('',(-9.849957379829E-1,-4.423544069294E-2,
1.361427238718E-1));
#8906=CARTESIAN_POINT('',(-9.914957379829E-1,6.896254241723E-2,
1.254424270783E-1));
#8907=CARTESIAN_POINT('',(-9.979957379829E-1,1.386516998314E-1,
3.559970151050E-2));
#8908=CARTESIAN_POINT('',(-1.004495737983E0,1.208646861715E-1,
-7.670306157913E-2));
#8909=CARTESIAN_POINT('',(-1.010995737983E0,2.682344540218E-2,
-1.406134245674E-1));
#8910=CARTESIAN_POINT('',(-1.017495737983E0,-8.414086312733E-2,
-1.158099626540E-1));
#8911=CARTESIAN_POINT('',(-1.023995737983E0,-1.420202138767E-1,
-1.794132536658E-2));
#8912=CARTESIAN_POINT('',(-1.030495737983E0,-1.102981897153E-1,
9.124659804582E-2));
#8913=CARTESIAN_POINT('',(-1.036995737983E0,-8.988399225485E-3,
1.428665145749E-1));
#8914=CARTESIAN_POINT('',(-1.043495737983E0,9.799222435765E-2,
1.043511201343E-1));
#8915=CARTESIAN_POINT('',(-1.049995737983E0,1.431489864018E-1,0.E0));
#8916=CARTESIAN_POINT('',(-1.056495737983E0,9.799222435765E-2,
-1.043511201343E-1));
#8917=CARTESIAN_POINT('',(-1.062995737983E0,-8.988399225484E-3,
-1.428665145749E-1));
#8918=CARTESIAN_POINT('',(-1.069495737983E0,-1.102981897153E-1,
-9.124659804582E-2));
#8919=CARTESIAN_POINT('',(-1.075995737983E0,-1.420202138767E-1,
1.794132536658E-2));
#8920=CARTESIAN_POINT('',(-1.082495737983E0,-8.414086312733E-2,
1.158099626540E-1));
#8921=CARTESIAN_POINT('',(-1.088995737983E0,2.682344540218E-2,
1.406134245674E-1));
#8922=CARTESIAN_POINT('',(-1.095495737983E0,1.208646861715E-1,
7.670306157913E-2));
#8923=CARTESIAN_POINT('',(-1.101995737983E0,1.386516998314E-1,
-3.559970151050E-2));
#8924=CARTESIAN_POINT('',(-1.108495737983E0,6.896254241723E-2,
-1.254424270783E-1));
#8925=CARTESIAN_POINT('',(-1.114995737983E0,-4.423544069293E-2,
-1.361427238718E-1));
#8926=CARTESIAN_POINT('',(-1.121495737983E0,-1.295251830345E-1,
-6.095006975146E-2));
#8927=CARTESIAN_POINT('',(-1.127995737983E0,-1.330961599470E-1,
5.269738707226E-2));
#8928=CARTESIAN_POINT('',(-1.134495737983E0,-5.269815533325E-2,
1.330938353245E-1));
#8929=CARTESIAN_POINT('',(-1.140995737983E0,6.095546741784E-2,
1.295352497852E-1));
#8930=CARTESIAN_POINT('',(-1.147495737983E0,1.361219014672E-1,
4.419749831248E-2));
#8931=CARTESIAN_POINT('',(-1.151829071316E0,1.290541798425E-1,
-3.114806032658E-2));
#8932=CARTESIAN_POINT('',(-1.153995737983E0,1.122520222826E-1,
-6.171107146789E-2));
#8933=CARTESIAN_POINT('',(-9.426371132648E-1,1.099838688543E-1,
6.046414356879E-2));
#8934=CARTESIAN_POINT('',(-9.448037799315E-1,1.264465236552E-1,
3.051868565361E-2));
#8935=CARTESIAN_POINT('',(-9.491371132648E-1,1.333714355852E-1,
-4.330444796664E-2));
#8936=CARTESIAN_POINT('',(-9.556371132648E-1,5.972380718058E-2,
-1.269178731455E-1));
#8937=CARTESIAN_POINT('',(-9.621371132648E-1,-5.163334153966E-2,
-1.304045542520E-1));
#8938=CARTESIAN_POINT('',(-9.686371132648E-1,-1.304068319033E-1,
-5.163258880208E-2));
#8939=CARTESIAN_POINT('',(-9.751371132648E-1,-1.269080098025E-1,
5.971851857891E-2));
#8940=CARTESIAN_POINT('',(-9.816371132648E-1,-4.334162368706E-2,
1.333918372543E-1));
#8941=CARTESIAN_POINT('',(-9.881371132648E-1,6.756909200245E-2,
1.229077496155E-1));
#8942=CARTESIAN_POINT('',(-9.946371132648E-1,1.358501170900E-1,
3.488037740937E-2));
#8943=CARTESIAN_POINT('',(-1.001137113265E0,1.184225060956E-1,
-7.515320698814E-2));
#8944=CARTESIAN_POINT('',(-1.007637113265E0,2.628145347713E-2,
-1.377722034071E-1));
#8945=CARTESIAN_POINT('',(-1.014137113265E0,-8.244072104274E-2,
-1.134699178291E-1));
#8946=CARTESIAN_POINT('',(-1.020637113265E0,-1.391505672686E-1,
-1.757880469380E-2));
#8947=CARTESIAN_POINT('',(-1.027137113265E0,-1.080695152375E-1,
8.940287817360E-2));
#8948=CARTESIAN_POINT('',(-1.033637113265E0,-8.806780506251E-3,
1.399797676973E-1));
#8949=CARTESIAN_POINT('',(-1.040137113265E0,9.601220301724E-2,
1.022426115652E-1));
#8950=CARTESIAN_POINT('',(-1.046637113265E0,1.402565319260E-1,0.E0));
#8951=CARTESIAN_POINT('',(-1.053137113265E0,9.601220301724E-2,
-1.022426115652E-1));
#8952=CARTESIAN_POINT('',(-1.059637113265E0,-8.806780506250E-3,
-1.399797676973E-1));
#8953=CARTESIAN_POINT('',(-1.066137113265E0,-1.080695152375E-1,
-8.940287817360E-2));
#8954=CARTESIAN_POINT('',(-1.072637113265E0,-1.391505672686E-1,
1.757880469380E-2));
#8955=CARTESIAN_POINT('',(-1.079137113265E0,-8.244072104274E-2,
1.134699178291E-1));
#8956=CARTESIAN_POINT('',(-1.085637113265E0,2.628145347713E-2,
1.377722034071E-1));
#8957=CARTESIAN_POINT('',(-1.092137113265E0,1.184225060956E-1,
7.515320698814E-2));
#8958=CARTESIAN_POINT('',(-1.098637113265E0,1.358501170900E-1,
-3.488037740937E-2));
#8959=CARTESIAN_POINT('',(-1.105137113265E0,6.756909200246E-2,
-1.229077496155E-1));
#8960=CARTESIAN_POINT('',(-1.111637113265E0,-4.334162368706E-2,
-1.333918372543E-1));
#8961=CARTESIAN_POINT('',(-1.118137113265E0,-1.269080098025E-1,
-5.971851857891E-2));
#8962=CARTESIAN_POINT('',(-1.124637113265E0,-1.304068319033E-1,
5.163258880208E-2));
#8963=CARTESIAN_POINT('',(-1.131137113265E0,-5.163334153966E-2,
1.304045542520E-1));
#8964=CARTESIAN_POINT('',(-1.137637113265E0,5.972380718058E-2,
1.269178731455E-1));
#8965=CARTESIAN_POINT('',(-1.144137113265E0,1.333714355852E-1,
4.330444796664E-2));
#8966=CARTESIAN_POINT('',(-1.148470446598E0,1.264465236552E-1,
-3.051868565361E-2));
#8967=CARTESIAN_POINT('',(-1.150637113265E0,1.099838688543E-1,
-6.046414356879E-2));
#8968=CARTESIAN_POINT('',(-9.424680922677E-1,1.084335178139E-1,
5.961183087182E-2));
#8969=CARTESIAN_POINT('',(-9.446347589343E-1,1.246641122749E-1,
3.008848914801E-2));
#8970=CARTESIAN_POINT('',(-9.489680922677E-1,1.314914094862E-1,
-4.269402121355E-2));
#8971=CARTESIAN_POINT('',(-9.554680922677E-1,5.888193038937E-2,
-1.251288175438E-1));
#8972=CARTESIAN_POINT('',(-9.619680922677E-1,-5.090550930747E-2,
-1.285663498093E-1));
#8973=CARTESIAN_POINT('',(-9.684680922677E-1,-1.285685953545E-1,
-5.090476718061E-2));
#8974=CARTESIAN_POINT('',(-9.749680922677E-1,-1.251190932362E-1,
5.887671633672E-2));
#8975=CARTESIAN_POINT('',(-9.814680922677E-1,-4.273067289878E-2,
1.315115235699E-1));
#8976=CARTESIAN_POINT('',(-9.879680922677E-1,6.661662676212E-2,
1.211752213869E-1));
#8977=CARTESIAN_POINT('',(-9.944680922677E-1,1.339351510813E-1,
3.438869776610E-2));
#8978=CARTESIAN_POINT('',(-1.000968092268E0,1.167532026110E-1,
-7.409383479244E-2));
#8979=CARTESIAN_POINT('',(-1.007468092268E0,2.591098570613E-2,
-1.358301433477E-1));
#8980=CARTESIAN_POINT('',(-1.013968092268E0,-8.127862282809E-2,
-1.118704268585E-1));
#8981=CARTESIAN_POINT('',(-1.020468092268E0,-1.371890775613E-1,
-1.733101091796E-2));
#8982=CARTESIAN_POINT('',(-1.026968092268E0,-1.065461492464E-1,
8.814264022570E-2));
#8983=CARTESIAN_POINT('',(-1.033468092268E0,-8.682638652885E-3,
1.380065894418E-1));
#8984=CARTESIAN_POINT('',(-1.039968092268E0,9.465879891912E-2,
1.008013825845E-1));
#8985=CARTESIAN_POINT('',(-1.046468092268E0,1.382794523556E-1,0.E0));
#8986=CARTESIAN_POINT('',(-1.052968092268E0,9.465879891912E-2,
-1.008013825845E-1));
#8987=CARTESIAN_POINT('',(-1.059468092268E0,-8.682638652884E-3,
-1.380065894418E-1));
#8988=CARTESIAN_POINT('',(-1.065968092268E0,-1.065461492464E-1,
-8.814264022570E-2));
#8989=CARTESIAN_POINT('',(-1.072468092268E0,-1.371890775613E-1,
1.733101091796E-2));
#8990=CARTESIAN_POINT('',(-1.078968092268E0,-8.127862282809E-2,
1.118704268584E-1));
#8991=CARTESIAN_POINT('',(-1.085468092268E0,2.591098570613E-2,
1.358301433477E-1));
#8992=CARTESIAN_POINT('',(-1.091968092268E0,1.167532026110E-1,
7.409383479244E-2));
#8993=CARTESIAN_POINT('',(-1.098468092268E0,1.339351510813E-1,
-3.438869776610E-2));
#8994=CARTESIAN_POINT('',(-1.104968092268E0,6.661662676212E-2,
-1.211752213869E-1));
#8995=CARTESIAN_POINT('',(-1.111468092268E0,-4.273067289878E-2,
-1.315115235699E-1));
#8996=CARTESIAN_POINT('',(-1.117968092268E0,-1.251190932362E-1,
-5.887671633672E-2));
#8997=CARTESIAN_POINT('',(-1.124468092268E0,-1.285685953545E-1,
5.090476718061E-2));
#8998=CARTESIAN_POINT('',(-1.130968092268E0,-5.090550930747E-2,
1.285663498093E-1));
#8999=CARTESIAN_POINT('',(-1.137468092268E0,5.888193038937E-2,
1.251288175438E-1));
#9000=CARTESIAN_POINT('',(-1.143968092268E0,1.314914094862E-1,
4.269402121355E-2));
#9001=CARTESIAN_POINT('',(-1.148301425601E0,1.246641122749E-1,
-3.008848914801E-2));
#9002=CARTESIAN_POINT('',(-1.150468092268E0,1.084335178139E-1,
-5.961183087182E-2));
#9003=B_SPLINE_SURFACE_WITH_KNOTS('',3,3,((#8828,#8829,#8830,#8831,#8832,#8833,
#8834,#8835,#8836,#8837,#8838,#8839,#8840,#8841,#8842,#8843,#8844,#8845,#8846,
#8847,#8848,#8849,#8850,#8851,#8852,#8853,#8854,#8855,#8856,#8857,#8858,#8859,
#8860,#8861,#8862),(#8863,#8864,#8865,#8866,#8867,#8868,#8869,#8870,#8871,#8872,
#8873,#8874,#8875,#8876,#8877,#8878,#8879,#8880,#8881,#8882,#8883,#8884,#8885,
#8886,#8887,#8888,#8889,#8890,#8891,#8892,#8893,#8894,#8895,#8896,#8897),(#8898,
#8899,#8900,#8901,#8902,#8903,#8904,#8905,#8906,#8907,#8908,#8909,#8910,#8911,
#8912,#8913,#8914,#8915,#8916,#8917,#8918,#8919,#8920,#8921,#8922,#8923,#8924,
#8925,#8926,#8927,#8928,#8929,#8930,#8931,#8932),(#8933,#8934,#8935,#8936,#8937,
#8938,#8939,#8940,#8941,#8942,#8943,#8944,#8945,#8946,#8947,#8948,#8949,#8950,
#8951,#8952,#8953,#8954,#8955,#8956,#8957,#8958,#8959,#8960,#8961,#8962,#8963,
#8964,#8965,#8966,#8967),(#8968,#8969,#8970,#8971,#8972,#8973,#8974,#8975,#8976,
#8977,#8978,#8979,#8980,#8981,#8982,#8983,#8984,#8985,#8986,#8987,#8988,#8989,
#8990,#8991,#8992,#8993,#8994,#8995,#8996,#8997,#8998,#8999,#9000,#9001,#9002)),
.UNSPECIFIED.,.F.,.F.,.F.,(4,1,4),(4,1,1,1,1,1,1,1,1,1,1,1,1,1,1,1,1,1,1,1,1,1,
1,1,1,1,1,1,1,1,1,1,4),(-1.721607890308E-1,5.E-1,1.173868869533E0),(-2.E-2,
1.25E-2,4.5E-2,7.75E-2,1.1E-1,1.425E-1,1.75E-1,2.075E-1,2.4E-1,2.725E-1,3.05E-1,
3.375E-1,3.7E-1,4.025E-1,4.35E-1,4.675E-1,5.E-1,5.325E-1,5.65E-1,5.975E-1,
6.3E-1,6.625E-1,6.95E-1,7.275E-1,7.6E-1,7.925E-1,8.25E-1,8.575E-1,8.9E-1,
9.225E-1,9.55E-1,9.875E-1,1.02E0),.UNSPECIFIED.);
#9005=ORIENTED_EDGE('',*,*,#9004,.T.);
#9006=ORIENTED_EDGE('',*,*,#8142,.T.);
#9007=ORIENTED_EDGE('',*,*,#8819,.F.);
#9009=ORIENTED_EDGE('',*,*,#9008,.F.);
#9010=EDGE_LOOP('',(#9005,#9006,#9007,#9009));
#9011=FACE_OUTER_BOUND('',#9010,.F.);
#9013=CARTESIAN_POINT('',(-8.738430933341E-1,-1.028965917665E-1,
-6.875330453307E-2));
#9014=CARTESIAN_POINT('',(-8.755358016674E-1,-1.175212448582E-1,
-4.686596443906E-2));
#9015=CARTESIAN_POINT('',(-8.789212183341E-1,-1.322743455157E-1,
6.488721856060E-3));
#9016=CARTESIAN_POINT('',(-8.839993433341E-1,-1.023796023826E-1,
8.402195697116E-2));
#9017=CARTESIAN_POINT('',(-8.890774683341E-1,-3.217993047859E-2,
1.284706597843E-1));
#9018=CARTESIAN_POINT('',(-8.941555933341E-1,5.068263551658E-2,
1.223591998297E-1));
#9019=CARTESIAN_POINT('',(-8.992337183341E-1,1.135979874704E-1,
6.808794247245E-2));
#9020=CARTESIAN_POINT('',(-9.043118433341E-1,1.318026930284E-1,
-1.298141944438E-2));
#9021=CARTESIAN_POINT('',(-9.093899683341E-1,9.813189468032E-2,
-8.894156673111E-2));
#9022=CARTESIAN_POINT('',(-9.144680933341E-1,2.583784746832E-2,
-1.298956309690E-1));
#9023=CARTESIAN_POINT('',(-9.195462183341E-1,-5.662558494511E-2,
-1.197247433731E-1));
#9024=CARTESIAN_POINT('',(-9.246243433341E-1,-1.168020362689E-1,
-6.243197469068E-2));
#9025=CARTESIAN_POINT('',(-9.297024683341E-1,-1.310069830865E-1,
1.943298870615E-2));
#9026=CARTESIAN_POINT('',(-9.347805933341E-1,-9.364948817978E-2,
9.364975541633E-2));
#9027=CARTESIAN_POINT('',(-9.398587183341E-1,-1.943321391765E-2,
1.310061393517E-1));
#9028=CARTESIAN_POINT('',(-9.449368433341E-1,6.243260830015E-2,
1.168051439711E-1));
#9029=CARTESIAN_POINT('',(-9.500149683341E-1,1.197224341467E-1,
5.661399787075E-2));
#9030=CARTESIAN_POINT('',(-9.534003850008E-1,1.265103008924E-1,
1.674928041494E-3));
#9031=CARTESIAN_POINT('',(-9.550930933341E-1,1.213748056634E-1,
-2.414294993475E-2));
#9032=CARTESIAN_POINT('',(-8.736668627010E-1,-1.043618942329E-1,
-6.973238833924E-2));
#9033=CARTESIAN_POINT('',(-8.753595710344E-1,-1.191948102017E-1,
-4.753336082320E-2));
#9034=CARTESIAN_POINT('',(-8.787449877010E-1,-1.341580028983E-1,
6.581124723605E-3));
#9035=CARTESIAN_POINT('',(-8.838231127010E-1,-1.038375426439E-1,
8.521847454936E-2));
#9036=CARTESIAN_POINT('',(-8.889012377010E-1,-3.263818988924E-2,
1.303001506490E-1));
#9037=CARTESIAN_POINT('',(-8.939793627010E-1,5.140438333693E-2,
1.241016602380E-1));
#9038=CARTESIAN_POINT('',(-8.990574877010E-1,1.152156835318E-1,
6.905755116723E-2));
#9039=CARTESIAN_POINT('',(-9.041356127010E-1,1.336796338275E-1,
-1.316628179602E-2));
#9040=CARTESIAN_POINT('',(-9.092137377010E-1,9.952934531346E-2,
-9.020814218189E-2));
#9041=CARTESIAN_POINT('',(-9.142918627010E-1,2.620579222697E-2,
-1.317454141851E-1));
#9042=CARTESIAN_POINT('',(-9.193699877010E-1,-5.743196354191E-2,
-1.214296877133E-1));
#9043=CARTESIAN_POINT('',(-9.244481127010E-1,-1.184653596977E-1,
-6.332103938105E-2));
#9044=CARTESIAN_POINT('',(-9.295262377010E-1,-1.328725925507E-1,
1.970972485253E-2));
#9045=CARTESIAN_POINT('',(-9.346043627010E-1,-9.498310694844E-2,
9.498337799058E-2));
#9046=CARTESIAN_POINT('',(-9.396824877010E-1,-1.970995327117E-2,
1.328717368008E-1));
#9047=CARTESIAN_POINT('',(-9.447606127010E-1,6.332168201347E-2,
1.184685116553E-1));
#9048=CARTESIAN_POINT('',(-9.498387377010E-1,1.214273456023E-1,
5.742021146141E-2));
#9049=CARTESIAN_POINT('',(-9.532241543677E-1,1.283118751986E-1,
1.698779912078E-3));
#9050=CARTESIAN_POINT('',(-9.549168627010E-1,1.231032477726E-1,
-2.448675844657E-2));
#9051=CARTESIAN_POINT('',(-8.703082379829E-1,-1.065085404151E-1,
-7.116673146133E-2));
#9052=CARTESIAN_POINT('',(-8.720009463163E-1,-1.216465583818E-1,
-4.851108653703E-2));
#9053=CARTESIAN_POINT('',(-8.753863629829E-1,-1.369175327712E-1,
6.716493541562E-3));
#9054=CARTESIAN_POINT('',(-8.804644879829E-1,-1.059734033056E-1,
8.697135489314E-2));
#9055=CARTESIAN_POINT('',(-8.855426129829E-1,-3.330953306706E-2,
1.329803273838E-1));
#9056=CARTESIAN_POINT('',(-8.906207379829E-1,5.246173309133E-2,
1.266543386568E-1));
#9057=CARTESIAN_POINT('',(-8.956988629829E-1,1.175855840495E-1,
7.047801339295E-2));
#9058=CARTESIAN_POINT('',(-9.007769879829E-1,1.364293240061E-1,
-1.343710237434E-2));
#9059=CARTESIAN_POINT('',(-9.058551129829E-1,1.015765895754E-1,
-9.206365626045E-2));
#9060=CARTESIAN_POINT('',(-9.109332379829E-1,2.674482579135E-2,
-1.344553189109E-1));
#9061=CARTESIAN_POINT('',(-9.160113629829E-1,-5.861329611715E-2,
-1.239274056538E-1));
#9062=CARTESIAN_POINT('',(-9.210894879829E-1,-1.209021036259E-1,
-6.462350584581E-2));
#9063=CARTESIAN_POINT('',(-9.261676129829E-1,-1.356056824932E-1,
2.011513916507E-2));
#9064=CARTESIAN_POINT('',(-9.312457379829E-1,-9.693683848425E-2,
9.693711510153E-2));
#9065=CARTESIAN_POINT('',(-9.363238629829E-1,-2.011537228211E-2,
1.356048091412E-1));
#9066=CARTESIAN_POINT('',(-9.414019879829E-1,6.462416169670E-2,
1.209053204170E-1));
#9067=CARTESIAN_POINT('',(-9.464801129829E-1,1.239250153673E-1,
5.860130230514E-2));
#9068=CARTESIAN_POINT('',(-9.498655296496E-1,1.309511545931E-1,
1.733722545492E-3));
#9069=CARTESIAN_POINT('',(-9.515582379829E-1,1.256353895930E-1,
-2.499043277060E-2));
#9070=CARTESIAN_POINT('',(-8.669496132648E-1,-1.043564392219E-1,
-6.972874341743E-2));
#9071=CARTESIAN_POINT('',(-8.686423215982E-1,-1.191885798721E-1,
-4.753087624770E-2));
#9072=CARTESIAN_POINT('',(-8.720277382648E-1,-1.341509904405E-1,
6.580780727284E-3));
#9073=CARTESIAN_POINT('',(-8.771058632648E-1,-1.038321150408E-1,
8.521402016763E-2));
#9074=CARTESIAN_POINT('',(-8.821839882648E-1,-3.263648388643E-2,
1.302933398417E-1));
#9075=CARTESIAN_POINT('',(-8.872621132648E-1,5.140169642253E-2,
1.240951734267E-1));
#9076=CARTESIAN_POINT('',(-8.923402382648E-1,1.152096611917E-1,
6.905394151926E-2));
#9077=CARTESIAN_POINT('',(-8.974183632648E-1,1.336726463742E-1,
-1.316559359260E-2));
#9078=CARTESIAN_POINT('',(-9.024964882648E-1,9.952414290049E-2,
-9.020342698953E-2));
#9079=CARTESIAN_POINT('',(-9.075746132648E-1,2.620442244650E-2,
-1.317385278336E-1));
#9080=CARTESIAN_POINT('',(-9.126527382648E-1,-5.742896156505E-2,
-1.214233405664E-1));
#9081=CARTESIAN_POINT('',(-9.177308632648E-1,-1.184591674966E-1,
-6.331772958136E-2));
#9082=CARTESIAN_POINT('',(-9.228089882648E-1,-1.328656472815E-1,
1.970869462242E-2));
#9083=CARTESIAN_POINT('',(-9.278871132648E-1,-9.497814216799E-2,
9.497841319597E-2));
#9084=CARTESIAN_POINT('',(-9.329652382648E-1,-1.970892302912E-2,
1.328647915763E-1));
#9085=CARTESIAN_POINT('',(-9.380433632648E-1,6.331837218018E-2,
1.184623192894E-1));
#9086=CARTESIAN_POINT('',(-9.431214882648E-1,1.214209985777E-1,
5.741721009883E-2));
#9087=CARTESIAN_POINT('',(-9.465069049315E-1,1.283051683187E-1,
1.698691116611E-3));
#9088=CARTESIAN_POINT('',(-9.481996132648E-1,1.230968131484E-1,
-2.448547852024E-2));
#9089=CARTESIAN_POINT('',(-8.667805922677E-1,-1.028854133724E-1,
-6.874583536895E-2));
#9090=CARTESIAN_POINT('',(-8.684733006010E-1,-1.175084776833E-1,
-4.686087305353E-2));
#9091=CARTESIAN_POINT('',(-8.718587172677E-1,-1.322599756057E-1,
6.488016939710E-3));
#9092=CARTESIAN_POINT('',(-8.769368422677E-1,-1.023684801528E-1,
8.401282906392E-2));
#9093=CARTESIAN_POINT('',(-8.820149672677E-1,-3.217643454216E-2,
1.284567030960E-1));
#9094=CARTESIAN_POINT('',(-8.870930922677E-1,5.067712949872E-2,
1.223459070731E-1));
#9095=CARTESIAN_POINT('',(-8.921712172677E-1,1.135856465071E-1,
6.808054559138E-2));
#9096=CARTESIAN_POINT('',(-8.972493422677E-1,1.317883743574E-1,
-1.298000917976E-2));
#9097=CARTESIAN_POINT('',(-9.023274672677E-1,9.812123390944E-2,
-8.893190437141E-2));
#9098=CARTESIAN_POINT('',(-9.074055922677E-1,2.583504051781E-2,
-1.298815194759E-1));
#9099=CARTESIAN_POINT('',(-9.124837172677E-1,-5.661943330207E-2,
-1.197117368164E-1));
#9100=CARTESIAN_POINT('',(-9.175618422677E-1,-1.167893472267E-1,
-6.242519225791E-2));
#9101=CARTESIAN_POINT('',(-9.226399672677E-1,-1.309927508592E-1,
1.943087756134E-2));
#9102=CARTESIAN_POINT('',(-9.277180922677E-1,-9.363931436484E-2,
9.363958157236E-2));
#9103=CARTESIAN_POINT('',(-9.327962172677E-1,-1.943110274838E-2,
1.309919072161E-1));
#9104=CARTESIAN_POINT('',(-9.378743422677E-1,6.242582579856E-2,
1.167924545914E-1));
#9105=CARTESIAN_POINT('',(-9.429524672677E-1,1.197094278408E-1,
5.660784748650E-2));
#9106=CARTESIAN_POINT('',(-9.463378839343E-1,1.264965571719E-1,
1.674746082059E-3));
#9107=CARTESIAN_POINT('',(-9.480305922677E-1,1.213616198485E-1,
-2.414032711310E-2));
#9108=B_SPLINE_SURFACE_WITH_KNOTS('',3,3,((#9013,#9014,#9015,#9016,#9017,#9018,
#9019,#9020,#9021,#9022,#9023,#9024,#9025,#9026,#9027,#9028,#9029,#9030,#9031),(
#9032,#9033,#9034,#9035,#9036,#9037,#9038,#9039,#9040,#9041,#9042,#9043,#9044,
#9045,#9046,#9047,#9048,#9049,#9050),(#9051,#9052,#9053,#9054,#9055,#9056,#9057,
#9058,#9059,#9060,#9061,#9062,#9063,#9064,#9065,#9066,#9067,#9068,#9069),(#9070,
#9071,#9072,#9073,#9074,#9075,#9076,#9077,#9078,#9079,#9080,#9081,#9082,#9083,
#9084,#9085,#9086,#9087,#9088),(#9089,#9090,#9091,#9092,#9093,#9094,#9095,#9096,
#9097,#9098,#9099,#9100,#9101,#9102,#9103,#9104,#9105,#9106,#9107)),
.UNSPECIFIED.,.F.,.F.,.F.,(4,1,4),(4,1,1,1,1,1,1,1,1,1,1,1,1,1,1,1,4),(
-1.721607890308E-1,5.E-1,1.173868869533E0),(6.015625E-1,6.26953125E-1,
6.5234375E-1,6.77734375E-1,7.03125E-1,7.28515625E-1,7.5390625E-1,7.79296875E-1,
8.046875E-1,8.30078125E-1,8.5546875E-1,8.80859375E-1,9.0625E-1,9.31640625E-1,
9.5703125E-1,9.82421875E-1,1.0078125E0),.UNSPECIFIED.);
#9109=ORIENTED_EDGE('',*,*,#7742,.T.);
#9110=ORIENTED_EDGE('',*,*,#7837,.T.);
#9111=ORIENTED_EDGE('',*,*,#9004,.F.);
#9112=ORIENTED_EDGE('',*,*,#7721,.F.);
#9113=EDGE_LOOP('',(#9109,#9110,#9111,#9112));
#9114=FACE_OUTER_BOUND('',#9113,.F.);
#9116=CARTESIAN_POINT('',(-9.660574953947E-1,8.383806323628E-2,
4.609036529498E-2));
#9117=CARTESIAN_POINT('',(-9.682241620614E-1,9.638714983065E-2,
2.326366152027E-2));
#9118=CARTESIAN_POINT('',(-9.725574953947E-1,1.016658439732E-1,
-3.300994122920E-2));
#9119=CARTESIAN_POINT('',(-9.790574953947E-1,4.552602463687E-2,
-9.674644823308E-2));
#9120=CARTESIAN_POINT('',(-9.855574953947E-1,-3.935885687781E-2,
-9.940426154826E-2));
#9121=CARTESIAN_POINT('',(-9.920574953947E-1,-9.940599774720E-2,
-3.935828308402E-2));
#9122=CARTESIAN_POINT('',(-9.985574953947E-1,-9.673892964352E-2,
4.552199326276E-2));
#9123=CARTESIAN_POINT('',(-1.005057495395E0,-3.303827938853E-2,
1.016813956758E-1));
#9124=CARTESIAN_POINT('',(-1.011557495395E0,5.150629694275E-2,
9.368962732295E-2));
#9125=CARTESIAN_POINT('',(-1.018057495395E0,1.035552833874E-1,
2.658847445008E-2));
#9126=CARTESIAN_POINT('',(-1.024557495395E0,9.027063384903E-2,
-5.728748575148E-2));
#9127=CARTESIAN_POINT('',(-1.031057495395E0,2.003372114029E-2,
-1.050204436503E-1));
#9128=CARTESIAN_POINT('',(-1.037557495395E0,-6.284258278988E-2,
-8.649539469266E-2));
#9129=CARTESIAN_POINT('',(-1.044057495395E0,-1.060711373364E-1,
-1.339990086628E-2));
#9130=CARTESIAN_POINT('',(-1.050557495395E0,-8.237879742529E-2,
6.814966805501E-2));
#9131=CARTESIAN_POINT('',(-1.057057495395E0,-6.713197386878E-3,
1.067032169195E-1));
#9132=CARTESIAN_POINT('',(-1.063557495395E0,7.318779773677E-2,
7.793708862167E-2));
#9133=CARTESIAN_POINT('',(-1.070057495395E0,1.069141876478E-1,0.E0));
#9134=CARTESIAN_POINT('',(-1.076557495395E0,7.318779773677E-2,
-7.793708862167E-2));
#9135=CARTESIAN_POINT('',(-1.083057495395E0,-6.713197386876E-3,
-1.067032169195E-1));
#9136=CARTESIAN_POINT('',(-1.089557495395E0,-8.237879742529E-2,
-6.814966805501E-2));
#9137=CARTESIAN_POINT('',(-1.096057495395E0,-1.060711373364E-1,
1.339990086628E-2));
#9138=CARTESIAN_POINT('',(-1.102557495395E0,-6.284258278988E-2,
8.649539469266E-2));
#9139=CARTESIAN_POINT('',(-1.109057495395E0,2.003372114029E-2,
1.050204436503E-1));
#9140=CARTESIAN_POINT('',(-1.115557495395E0,9.027063384903E-2,
5.728748575148E-2));
#9141=CARTESIAN_POINT('',(-1.122057495395E0,1.035552833874E-1,
-2.658847445008E-2));
#9142=CARTESIAN_POINT('',(-1.128557495395E0,5.150629694275E-2,
-9.368962732295E-2));
#9143=CARTESIAN_POINT('',(-1.135057495395E0,-3.303827938853E-2,
-1.016813956758E-1));
#9144=CARTESIAN_POINT('',(-1.141557495395E0,-9.673892964352E-2,
-4.552199326276E-2));
#9145=CARTESIAN_POINT('',(-1.148057495395E0,-9.940599774721E-2,
3.935828308402E-2));
#9146=CARTESIAN_POINT('',(-1.154557495395E0,-3.935885687781E-2,
9.940426154826E-2));
#9147=CARTESIAN_POINT('',(-1.161057495395E0,4.552602463686E-2,
9.674644823308E-2));
#9148=CARTESIAN_POINT('',(-1.167557495395E0,1.016658439732E-1,
3.300994122920E-2));
#9149=CARTESIAN_POINT('',(-1.171890828728E0,9.638714983065E-2,
-2.326366152027E-2));
#9150=CARTESIAN_POINT('',(-1.174057495395E0,8.383806323628E-2,
-4.609036529498E-2));
#9151=CARTESIAN_POINT('',(-9.599774984649E-1,9.306632934883E-2,
5.116364752203E-2));
#9152=CARTESIAN_POINT('',(-9.621441651316E-1,1.069967254116E-1,
2.582435115186E-2));
#9153=CARTESIAN_POINT('',(-9.664774984649E-1,1.128564586716E-1,
-3.664342833832E-2));
#9154=CARTESIAN_POINT('',(-9.729774984649E-1,5.053718847079E-2,
-1.073955726913E-1));
#9155=CARTESIAN_POINT('',(-9.794774984649E-1,-4.369118507259E-2,
-1.103459381911E-1));
#9156=CARTESIAN_POINT('',(-9.859774984649E-1,-1.103478654978E-1,
-4.369054811988E-2));
#9157=CARTESIAN_POINT('',(-9.924774984649E-1,-1.073872265117E-1,
5.053271335321E-2));
#9158=CARTESIAN_POINT('',(-9.989774984649E-1,-3.667488575E-2,
1.128737221892E-1));
#9159=CARTESIAN_POINT('',(-1.005477498465E0,5.717572436404E-2,
1.040022798288E-1));
#9160=CARTESIAN_POINT('',(-1.011977498465E0,1.149538734260E-1,
2.951513458845E-2));
#9161=CARTESIAN_POINT('',(-1.018477498465E0,1.002069491592E-1,
-6.359326313977E-2));
#9162=CARTESIAN_POINT('',(-1.024977498465E0,2.223888312485E-2,
-1.165803075576E-1));
#9163=CARTESIAN_POINT('',(-1.031477498465E0,-6.975982365637E-2,
-9.601615995038E-2));
#9164=CARTESIAN_POINT('',(-1.037977498465E0,-1.177466537357E-1,
-1.487486159775E-2));
#9165=CARTESIAN_POINT('',(-1.044477498465E0,-9.144643848625E-2,
7.565107312112E-2));
#9166=CARTESIAN_POINT('',(-1.050977498465E0,-7.452135878069E-3,
1.184483079055E-1));
#9167=CARTESIAN_POINT('',(-1.057477498465E0,8.124376238619E-2,
8.651581964282E-2));
#9168=CARTESIAN_POINT('',(-1.063977498465E0,1.186825007115E-1,0.E0));
#9169=CARTESIAN_POINT('',(-1.070477498465E0,8.124376238619E-2,
-8.651581964282E-2));
#9170=CARTESIAN_POINT('',(-1.076977498465E0,-7.452135878067E-3,
-1.184483079055E-1));
#9171=CARTESIAN_POINT('',(-1.083477498465E0,-9.144643848625E-2,
-7.565107312112E-2));
#9172=CARTESIAN_POINT('',(-1.089977498465E0,-1.177466537357E-1,
1.487486159775E-2));
#9173=CARTESIAN_POINT('',(-1.096477498465E0,-6.975982365637E-2,
9.601615995038E-2));
#9174=CARTESIAN_POINT('',(-1.102977498465E0,2.223888312485E-2,
1.165803075576E-1));
#9175=CARTESIAN_POINT('',(-1.109477498465E0,1.002069491592E-1,
6.359326313977E-2));
#9176=CARTESIAN_POINT('',(-1.115977498465E0,1.149538734260E-1,
-2.951513458845E-2));
#9177=CARTESIAN_POINT('',(-1.122477498465E0,5.717572436404E-2,
-1.040022798288E-1));
#9178=CARTESIAN_POINT('',(-1.128977498465E0,-3.667488575E-2,
-1.128737221892E-1));
#9179=CARTESIAN_POINT('',(-1.135477498465E0,-1.073872265117E-1,
-5.053271335321E-2));
#9180=CARTESIAN_POINT('',(-1.141977498465E0,-1.103478654978E-1,
4.369054811987E-2));
#9181=CARTESIAN_POINT('',(-1.148477498465E0,-4.369118507259E-2,
1.103459381911E-1));
#9182=CARTESIAN_POINT('',(-1.154977498465E0,5.053718847079E-2,
1.073955726913E-1));
#9183=CARTESIAN_POINT('',(-1.161477498465E0,1.128564586716E-1,
3.664342833833E-2));
#9184=CARTESIAN_POINT('',(-1.165810831798E0,1.069967254116E-1,
-2.582435115186E-2));
#9185=CARTESIAN_POINT('',(-1.167977498465E0,9.306632934883E-2,
-5.116364752202E-2));
#9186=CARTESIAN_POINT('',(-9.538975015351E-1,1.022945954614E-1,
5.623692974907E-2));
#9187=CARTESIAN_POINT('',(-9.560641682018E-1,1.176063009926E-1,
2.838504078344E-2));
#9188=CARTESIAN_POINT('',(-9.603975015351E-1,1.240470733701E-1,
-4.027691544745E-2));
#9189=CARTESIAN_POINT('',(-9.668975015351E-1,5.554835230471E-2,
-1.180446971495E-1));
#9190=CARTESIAN_POINT('',(-9.733975015351E-1,-4.802351326737E-2,
-1.212876148338E-1));
#9191=CARTESIAN_POINT('',(-9.798975015351E-1,-1.212897332483E-1,
-4.802281315573E-2));
#9192=CARTESIAN_POINT('',(-9.863975015351E-1,-1.180355233799E-1,
5.554343344366E-2));
#9193=CARTESIAN_POINT('',(-9.928975015351E-1,-4.031149211147E-2,
1.240660487026E-1));
#9194=CARTESIAN_POINT('',(-9.993975015351E-1,6.284515178533E-2,
1.143149323347E-1));
#9195=CARTESIAN_POINT('',(-1.005897501535E0,1.263524634646E-1,
3.244179472683E-2));
#9196=CARTESIAN_POINT('',(-1.012397501535E0,1.101432644693E-1,
-6.989904052806E-2));
#9197=CARTESIAN_POINT('',(-1.018897501535E0,2.444404510940E-2,
-1.281401714648E-1));
#9198=CARTESIAN_POINT('',(-1.025397501535E0,-7.667706452286E-2,
-1.055369252081E-1));
#9199=CARTESIAN_POINT('',(-1.031897501535E0,-1.294221701350E-1,
-1.634982232922E-2));
#9200=CARTESIAN_POINT('',(-1.038397501535E0,-1.005140795472E-1,
8.315247818724E-2));
#9201=CARTESIAN_POINT('',(-1.044897501535E0,-8.191074369260E-3,
1.301933988915E-1));
#9202=CARTESIAN_POINT('',(-1.051397501535E0,8.929972703560E-2,
9.509455066397E-2));
#9203=CARTESIAN_POINT('',(-1.057897501535E0,1.304508137752E-1,0.E0));
#9204=CARTESIAN_POINT('',(-1.064397501535E0,8.929972703560E-2,
-9.509455066397E-2));
#9205=CARTESIAN_POINT('',(-1.070897501535E0,-8.191074369259E-3,
-1.301933988915E-1));
#9206=CARTESIAN_POINT('',(-1.077397501535E0,-1.005140795472E-1,
-8.315247818724E-2));
#9207=CARTESIAN_POINT('',(-1.083897501535E0,-1.294221701350E-1,
1.634982232922E-2));
#9208=CARTESIAN_POINT('',(-1.090397501535E0,-7.667706452286E-2,
1.055369252081E-1));
#9209=CARTESIAN_POINT('',(-1.096897501535E0,2.444404510940E-2,
1.281401714648E-1));
#9210=CARTESIAN_POINT('',(-1.103397501535E0,1.101432644693E-1,
6.989904052806E-2));
#9211=CARTESIAN_POINT('',(-1.109897501535E0,1.263524634646E-1,
-3.244179472683E-2));
#9212=CARTESIAN_POINT('',(-1.116397501535E0,6.284515178533E-2,
-1.143149323347E-1));
#9213=CARTESIAN_POINT('',(-1.122897501535E0,-4.031149211147E-2,
-1.240660487026E-1));
#9214=CARTESIAN_POINT('',(-1.129397501535E0,-1.180355233799E-1,
-5.554343344366E-2));
#9215=CARTESIAN_POINT('',(-1.135897501535E0,-1.212897332483E-1,
4.802281315573E-2));
#9216=CARTESIAN_POINT('',(-1.142397501535E0,-4.802351326737E-2,
1.212876148338E-1));
#9217=CARTESIAN_POINT('',(-1.148897501535E0,5.554835230471E-2,
1.180446971495E-1));
#9218=CARTESIAN_POINT('',(-1.155397501535E0,1.240470733701E-1,
4.027691544745E-2));
#9219=CARTESIAN_POINT('',(-1.159730834868E0,1.176063009926E-1,
-2.838504078344E-2));
#9220=CARTESIAN_POINT('',(-1.161897501535E0,1.022945954614E-1,
-5.623692974907E-2));
#9221=CARTESIAN_POINT('',(-9.478175046053E-1,1.115228615739E-1,
6.131021197612E-2));
#9222=CARTESIAN_POINT('',(-9.499841712720E-1,1.282158765736E-1,
3.094573041503E-2));
#9223=CARTESIAN_POINT('',(-9.543175046053E-1,1.352376880685E-1,
-4.391040255657E-2));
#9224=CARTESIAN_POINT('',(-9.608175046053E-1,6.055951613863E-2,
-1.286938216077E-1));
#9225=CARTESIAN_POINT('',(-9.673175046053E-1,-5.235584146215E-2,
-1.322292914766E-1));
#9226=CARTESIAN_POINT('',(-9.738175046053E-1,-1.322316009989E-1,
-5.235507819159E-2));
#9227=CARTESIAN_POINT('',(-9.803175046053E-1,-1.286838202481E-1,
6.055415353411E-2));
#9228=CARTESIAN_POINT('',(-9.868175046053E-1,-4.394809847293E-2,
1.352583752160E-1));
#9229=CARTESIAN_POINT('',(-9.933175046053E-1,6.851457920663E-2,
1.246275848406E-1));
#9230=CARTESIAN_POINT('',(-9.998175046053E-1,1.377510535032E-1,
3.536845486520E-2));
#9231=CARTESIAN_POINT('',(-1.006317504605E0,1.200795797795E-1,
-7.620481791636E-2));
#9232=CARTESIAN_POINT('',(-1.012817504605E0,2.664920709396E-2,
-1.397000353721E-1));
#9233=CARTESIAN_POINT('',(-1.019317504605E0,-8.359430538935E-2,
-1.150576904658E-1));
#9234=CARTESIAN_POINT('',(-1.025817504605E0,-1.410976865343E-1,
-1.782478306069E-2));
#9235=CARTESIAN_POINT('',(-1.032317504605E0,-1.095817206082E-1,
9.065388325335E-2));
#9236=CARTESIAN_POINT('',(-1.038817504605E0,-8.930012860451E-3,
1.419384898775E-1));
#9237=CARTESIAN_POINT('',(-1.045317504605E0,9.735569168501E-2,
1.036732816851E-1));
#9238=CARTESIAN_POINT('',(-1.051817504605E0,1.422191268389E-1,0.E0));
#9239=CARTESIAN_POINT('',(-1.058317504605E0,9.735569168501E-2,
-1.036732816851E-1));
#9240=CARTESIAN_POINT('',(-1.064817504605E0,-8.930012860450E-3,
-1.419384898775E-1));
#9241=CARTESIAN_POINT('',(-1.071317504605E0,-1.095817206082E-1,
-9.065388325335E-2));
#9242=CARTESIAN_POINT('',(-1.077817504605E0,-1.410976865343E-1,
1.782478306069E-2));
#9243=CARTESIAN_POINT('',(-1.084317504605E0,-8.359430538935E-2,
1.150576904658E-1));
#9244=CARTESIAN_POINT('',(-1.090817504605E0,2.664920709396E-2,
1.397000353721E-1));
#9245=CARTESIAN_POINT('',(-1.097317504605E0,1.200795797795E-1,
7.620481791636E-2));
#9246=CARTESIAN_POINT('',(-1.103817504605E0,1.377510535032E-1,
-3.536845486520E-2));
#9247=CARTESIAN_POINT('',(-1.110317504605E0,6.851457920663E-2,
-1.246275848406E-1));
#9248=CARTESIAN_POINT('',(-1.116817504605E0,-4.394809847293E-2,
-1.352583752160E-1));
#9249=CARTESIAN_POINT('',(-1.123317504605E0,-1.286838202481E-1,
-6.055415353412E-2));
#9250=CARTESIAN_POINT('',(-1.129817504605E0,-1.322316009989E-1,
5.235507819159E-2));
#9251=CARTESIAN_POINT('',(-1.136317504605E0,-5.235584146215E-2,
1.322292914766E-1));
#9252=CARTESIAN_POINT('',(-1.142817504605E0,6.055951613863E-2,
1.286938216077E-1));
#9253=CARTESIAN_POINT('',(-1.149317504605E0,1.352376880685E-1,
4.391040255657E-2));
#9254=CARTESIAN_POINT('',(-1.153650837939E0,1.282158765736E-1,
-3.094573041503E-2));
#9255=CARTESIAN_POINT('',(-1.155817504605E0,1.115228615739E-1,
-6.131021197612E-2));
#9256=B_SPLINE_SURFACE_WITH_KNOTS('',3,3,((#9116,#9117,#9118,#9119,#9120,#9121,
#9122,#9123,#9124,#9125,#9126,#9127,#9128,#9129,#9130,#9131,#9132,#9133,#9134,
#9135,#9136,#9137,#9138,#9139,#9140,#9141,#9142,#9143,#9144,#9145,#9146,#9147,
#9148,#9149,#9150),(#9151,#9152,#9153,#9154,#9155,#9156,#9157,#9158,#9159,#9160,
#9161,#9162,#9163,#9164,#9165,#9166,#9167,#9168,#9169,#9170,#9171,#9172,#9173,
#9174,#9175,#9176,#9177,#9178,#9179,#9180,#9181,#9182,#9183,#9184,#9185),(#9186,
#9187,#9188,#9189,#9190,#9191,#9192,#9193,#9194,#9195,#9196,#9197,#9198,#9199,
#9200,#9201,#9202,#9203,#9204,#9205,#9206,#9207,#9208,#9209,#9210,#9211,#9212,
#9213,#9214,#9215,#9216,#9217,#9218,#9219,#9220),(#9221,#9222,#9223,#9224,#9225,
#9226,#9227,#9228,#9229,#9230,#9231,#9232,#9233,#9234,#9235,#9236,#9237,#9238,
#9239,#9240,#9241,#9242,#9243,#9244,#9245,#9246,#9247,#9248,#9249,#9250,#9251,
#9252,#9253,#9254,#9255)),.UNSPECIFIED.,.F.,.F.,.F.,(4,4),(4,1,1,1,1,1,1,1,1,1,
1,1,1,1,1,1,1,1,1,1,1,1,1,1,1,1,1,1,1,1,1,1,4),(-6.243108358969E-2,
1.082038926727E0),(-2.E-2,1.25E-2,4.5E-2,7.75E-2,1.1E-1,1.425E-1,1.75E-1,
2.075E-1,2.4E-1,2.725E-1,3.05E-1,3.375E-1,3.7E-1,4.025E-1,4.35E-1,4.675E-1,
5.E-1,5.325E-1,5.65E-1,5.975E-1,6.3E-1,6.625E-1,6.95E-1,7.275E-1,7.6E-1,
7.925E-1,8.25E-1,8.575E-1,8.9E-1,9.225E-1,9.55E-1,9.875E-1,1.02E0),
.UNSPECIFIED.);
#9257=ORIENTED_EDGE('',*,*,#7875,.T.);
#9258=ORIENTED_EDGE('',*,*,#7478,.T.);
#9259=ORIENTED_EDGE('',*,*,#7723,.T.);
#9260=ORIENTED_EDGE('',*,*,#9008,.T.);
#9262=ORIENTED_EDGE('',*,*,#9261,.F.);
#9263=ORIENTED_EDGE('',*,*,#7914,.T.);
#9264=ORIENTED_EDGE('',*,*,#7522,.T.);
#9265=ORIENTED_EDGE('',*,*,#7903,.T.);
#9266=ORIENTED_EDGE('',*,*,#7510,.T.);
#9267=ORIENTED_EDGE('',*,*,#7889,.T.);
#9268=ORIENTED_EDGE('',*,*,#7494,.T.);
#9269=EDGE_LOOP('',(#9257,#9258,#9259,#9260,#9262,#9263,#9264,#9265,#9266,#9267,
#9268));
#9270=FACE_OUTER_BOUND('',#9269,.F.);
#9272=CARTESIAN_POINT('',(-1.166057495395E0,8.383806323628E-2,
4.609036529498E-2));
#9273=CARTESIAN_POINT('',(-1.168224162061E0,9.638714983065E-2,
2.326366152027E-2));
#9274=CARTESIAN_POINT('',(-1.172557495395E0,1.016658439732E-1,
-3.300994122920E-2));
#9275=CARTESIAN_POINT('',(-1.179057495395E0,4.552602463687E-2,
-9.674644823308E-2));
#9276=CARTESIAN_POINT('',(-1.185557495395E0,-3.935885687781E-2,
-9.940426154826E-2));
#9277=CARTESIAN_POINT('',(-1.192057495395E0,-9.940599774720E-2,
-3.935828308402E-2));
#9278=CARTESIAN_POINT('',(-1.198557495395E0,-9.673892964352E-2,
4.552199326276E-2));
#9279=CARTESIAN_POINT('',(-1.205057495395E0,-3.303827938853E-2,
1.016813956758E-1));
#9280=CARTESIAN_POINT('',(-1.211557495395E0,5.150629694275E-2,
9.368962732295E-2));
#9281=CARTESIAN_POINT('',(-1.218057495395E0,1.035552833874E-1,
2.658847445008E-2));
#9282=CARTESIAN_POINT('',(-1.224557495395E0,9.027063384903E-2,
-5.728748575148E-2));
#9283=CARTESIAN_POINT('',(-1.231057495395E0,2.003372114029E-2,
-1.050204436503E-1));
#9284=CARTESIAN_POINT('',(-1.237557495395E0,-6.284258278988E-2,
-8.649539469267E-2));
#9285=CARTESIAN_POINT('',(-1.244057495395E0,-1.060711373364E-1,
-1.339990086628E-2));
#9286=CARTESIAN_POINT('',(-1.250557495395E0,-8.237879742529E-2,
6.814966805501E-2));
#9287=CARTESIAN_POINT('',(-1.257057495395E0,-6.713197386878E-3,
1.067032169195E-1));
#9288=CARTESIAN_POINT('',(-1.263557495395E0,7.318779773677E-2,
7.793708862167E-2));
#9289=CARTESIAN_POINT('',(-1.270057495395E0,1.069141876478E-1,0.E0));
#9290=CARTESIAN_POINT('',(-1.276557495395E0,7.318779773677E-2,
-7.793708862167E-2));
#9291=CARTESIAN_POINT('',(-1.283057495395E0,-6.713197386877E-3,
-1.067032169195E-1));
#9292=CARTESIAN_POINT('',(-1.289557495395E0,-8.237879742529E-2,
-6.814966805501E-2));
#9293=CARTESIAN_POINT('',(-1.296057495395E0,-1.060711373364E-1,
1.339990086628E-2));
#9294=CARTESIAN_POINT('',(-1.302557495395E0,-6.284258278988E-2,
8.649539469266E-2));
#9295=CARTESIAN_POINT('',(-1.309057495395E0,2.003372114029E-2,
1.050204436503E-1));
#9296=CARTESIAN_POINT('',(-1.315557495395E0,9.027063384902E-2,
5.728748575148E-2));
#9297=CARTESIAN_POINT('',(-1.322057495395E0,1.035552833874E-1,
-2.658847445008E-2));
#9298=CARTESIAN_POINT('',(-1.328557495395E0,5.150629694275E-2,
-9.368962732295E-2));
#9299=CARTESIAN_POINT('',(-1.335057495395E0,-3.303827938853E-2,
-1.016813956758E-1));
#9300=CARTESIAN_POINT('',(-1.341557495395E0,-9.673892964352E-2,
-4.552199326276E-2));
#9301=CARTESIAN_POINT('',(-1.348057495395E0,-9.940599774721E-2,
3.935828308402E-2));
#9302=CARTESIAN_POINT('',(-1.354557495395E0,-3.935885687781E-2,
9.940426154826E-2));
#9303=CARTESIAN_POINT('',(-1.361057495395E0,4.552602463686E-2,
9.674644823308E-2));
#9304=CARTESIAN_POINT('',(-1.367557495395E0,1.016658439732E-1,
3.300994122920E-2));
#9305=CARTESIAN_POINT('',(-1.371890828728E0,9.638714983065E-2,
-2.326366152027E-2));
#9306=CARTESIAN_POINT('',(-1.374057495395E0,8.383806323628E-2,
-4.609036529498E-2));
#9307=CARTESIAN_POINT('',(-1.159977498465E0,9.306632934883E-2,
5.116364752203E-2));
#9308=CARTESIAN_POINT('',(-1.162144165132E0,1.069967254116E-1,
2.582435115186E-2));
#9309=CARTESIAN_POINT('',(-1.166477498465E0,1.128564586716E-1,
-3.664342833832E-2));
#9310=CARTESIAN_POINT('',(-1.172977498465E0,5.053718847079E-2,
-1.073955726913E-1));
#9311=CARTESIAN_POINT('',(-1.179477498465E0,-4.369118507259E-2,
-1.103459381911E-1));
#9312=CARTESIAN_POINT('',(-1.185977498465E0,-1.103478654978E-1,
-4.369054811988E-2));
#9313=CARTESIAN_POINT('',(-1.192477498465E0,-1.073872265117E-1,
5.053271335321E-2));
#9314=CARTESIAN_POINT('',(-1.198977498465E0,-3.667488575E-2,1.128737221892E-1));
#9315=CARTESIAN_POINT('',(-1.205477498465E0,5.717572436404E-2,
1.040022798288E-1));
#9316=CARTESIAN_POINT('',(-1.211977498465E0,1.149538734260E-1,
2.951513458845E-2));
#9317=CARTESIAN_POINT('',(-1.218477498465E0,1.002069491592E-1,
-6.359326313977E-2));
#9318=CARTESIAN_POINT('',(-1.224977498465E0,2.223888312485E-2,
-1.165803075576E-1));
#9319=CARTESIAN_POINT('',(-1.231477498465E0,-6.975982365637E-2,
-9.601615995038E-2));
#9320=CARTESIAN_POINT('',(-1.237977498465E0,-1.177466537357E-1,
-1.487486159775E-2));
#9321=CARTESIAN_POINT('',(-1.244477498465E0,-9.144643848625E-2,
7.565107312112E-2));
#9322=CARTESIAN_POINT('',(-1.250977498465E0,-7.452135878069E-3,
1.184483079055E-1));
#9323=CARTESIAN_POINT('',(-1.257477498465E0,8.124376238619E-2,
8.651581964282E-2));
#9324=CARTESIAN_POINT('',(-1.263977498465E0,1.186825007115E-1,0.E0));
#9325=CARTESIAN_POINT('',(-1.270477498465E0,8.124376238619E-2,
-8.651581964282E-2));
#9326=CARTESIAN_POINT('',(-1.276977498465E0,-7.452135878068E-3,
-1.184483079055E-1));
#9327=CARTESIAN_POINT('',(-1.283477498465E0,-9.144643848625E-2,
-7.565107312112E-2));
#9328=CARTESIAN_POINT('',(-1.289977498465E0,-1.177466537357E-1,
1.487486159775E-2));
#9329=CARTESIAN_POINT('',(-1.296477498465E0,-6.975982365637E-2,
9.601615995038E-2));
#9330=CARTESIAN_POINT('',(-1.302977498465E0,2.223888312485E-2,
1.165803075576E-1));
#9331=CARTESIAN_POINT('',(-1.309477498465E0,1.002069491592E-1,
6.359326313977E-2));
#9332=CARTESIAN_POINT('',(-1.315977498465E0,1.149538734260E-1,
-2.951513458845E-2));
#9333=CARTESIAN_POINT('',(-1.322477498465E0,5.717572436404E-2,
-1.040022798288E-1));
#9334=CARTESIAN_POINT('',(-1.328977498465E0,-3.667488575E-2,
-1.128737221892E-1));
#9335=CARTESIAN_POINT('',(-1.335477498465E0,-1.073872265117E-1,
-5.053271335321E-2));
#9336=CARTESIAN_POINT('',(-1.341977498465E0,-1.103478654978E-1,
4.369054811987E-2));
#9337=CARTESIAN_POINT('',(-1.348477498465E0,-4.369118507259E-2,
1.103459381911E-1));
#9338=CARTESIAN_POINT('',(-1.354977498465E0,5.053718847079E-2,
1.073955726913E-1));
#9339=CARTESIAN_POINT('',(-1.361477498465E0,1.128564586716E-1,
3.664342833833E-2));
#9340=CARTESIAN_POINT('',(-1.365810831798E0,1.069967254116E-1,
-2.582435115186E-2));
#9341=CARTESIAN_POINT('',(-1.367977498465E0,9.306632934883E-2,
-5.116364752202E-2));
#9342=CARTESIAN_POINT('',(-1.153897501535E0,1.022945954614E-1,
5.623692974907E-2));
#9343=CARTESIAN_POINT('',(-1.156064168202E0,1.176063009926E-1,
2.838504078344E-2));
#9344=CARTESIAN_POINT('',(-1.160397501535E0,1.240470733701E-1,
-4.027691544745E-2));
#9345=CARTESIAN_POINT('',(-1.166897501535E0,5.554835230471E-2,
-1.180446971495E-1));
#9346=CARTESIAN_POINT('',(-1.173397501535E0,-4.802351326737E-2,
-1.212876148338E-1));
#9347=CARTESIAN_POINT('',(-1.179897501535E0,-1.212897332483E-1,
-4.802281315573E-2));
#9348=CARTESIAN_POINT('',(-1.186397501535E0,-1.180355233799E-1,
5.554343344366E-2));
#9349=CARTESIAN_POINT('',(-1.192897501535E0,-4.031149211147E-2,
1.240660487026E-1));
#9350=CARTESIAN_POINT('',(-1.199397501535E0,6.284515178533E-2,
1.143149323347E-1));
#9351=CARTESIAN_POINT('',(-1.205897501535E0,1.263524634646E-1,
3.244179472683E-2));
#9352=CARTESIAN_POINT('',(-1.212397501535E0,1.101432644693E-1,
-6.989904052806E-2));
#9353=CARTESIAN_POINT('',(-1.218897501535E0,2.444404510940E-2,
-1.281401714648E-1));
#9354=CARTESIAN_POINT('',(-1.225397501535E0,-7.667706452286E-2,
-1.055369252081E-1));
#9355=CARTESIAN_POINT('',(-1.231897501535E0,-1.294221701350E-1,
-1.634982232922E-2));
#9356=CARTESIAN_POINT('',(-1.238397501535E0,-1.005140795472E-1,
8.315247818724E-2));
#9357=CARTESIAN_POINT('',(-1.244897501535E0,-8.191074369260E-3,
1.301933988915E-1));
#9358=CARTESIAN_POINT('',(-1.251397501535E0,8.929972703560E-2,
9.509455066397E-2));
#9359=CARTESIAN_POINT('',(-1.257897501535E0,1.304508137752E-1,0.E0));
#9360=CARTESIAN_POINT('',(-1.264397501535E0,8.929972703560E-2,
-9.509455066397E-2));
#9361=CARTESIAN_POINT('',(-1.270897501535E0,-8.191074369259E-3,
-1.301933988915E-1));
#9362=CARTESIAN_POINT('',(-1.277397501535E0,-1.005140795472E-1,
-8.315247818724E-2));
#9363=CARTESIAN_POINT('',(-1.283897501535E0,-1.294221701350E-1,
1.634982232922E-2));
#9364=CARTESIAN_POINT('',(-1.290397501535E0,-7.667706452286E-2,
1.055369252081E-1));
#9365=CARTESIAN_POINT('',(-1.296897501535E0,2.444404510940E-2,
1.281401714649E-1));
#9366=CARTESIAN_POINT('',(-1.303397501535E0,1.101432644693E-1,
6.989904052806E-2));
#9367=CARTESIAN_POINT('',(-1.309897501535E0,1.263524634646E-1,
-3.244179472683E-2));
#9368=CARTESIAN_POINT('',(-1.316397501535E0,6.284515178533E-2,
-1.143149323347E-1));
#9369=CARTESIAN_POINT('',(-1.322897501535E0,-4.031149211147E-2,
-1.240660487026E-1));
#9370=CARTESIAN_POINT('',(-1.329397501535E0,-1.180355233799E-1,
-5.554343344366E-2));
#9371=CARTESIAN_POINT('',(-1.335897501535E0,-1.212897332483E-1,
4.802281315573E-2));
#9372=CARTESIAN_POINT('',(-1.342397501535E0,-4.802351326737E-2,
1.212876148338E-1));
#9373=CARTESIAN_POINT('',(-1.348897501535E0,5.554835230471E-2,
1.180446971495E-1));
#9374=CARTESIAN_POINT('',(-1.355397501535E0,1.240470733701E-1,
4.027691544745E-2));
#9375=CARTESIAN_POINT('',(-1.359730834868E0,1.176063009926E-1,
-2.838504078344E-2));
#9376=CARTESIAN_POINT('',(-1.361897501535E0,1.022945954614E-1,
-5.623692974907E-2));
#9377=CARTESIAN_POINT('',(-1.147817504605E0,1.115228615739E-1,
6.131021197612E-2));
#9378=CARTESIAN_POINT('',(-1.149984171272E0,1.282158765736E-1,
3.094573041503E-2));
#9379=CARTESIAN_POINT('',(-1.154317504605E0,1.352376880685E-1,
-4.391040255657E-2));
#9380=CARTESIAN_POINT('',(-1.160817504605E0,6.055951613863E-2,
-1.286938216077E-1));
#9381=CARTESIAN_POINT('',(-1.167317504605E0,-5.235584146215E-2,
-1.322292914766E-1));
#9382=CARTESIAN_POINT('',(-1.173817504605E0,-1.322316009989E-1,
-5.235507819159E-2));
#9383=CARTESIAN_POINT('',(-1.180317504605E0,-1.286838202481E-1,
6.055415353411E-2));
#9384=CARTESIAN_POINT('',(-1.186817504605E0,-4.394809847293E-2,
1.352583752160E-1));
#9385=CARTESIAN_POINT('',(-1.193317504605E0,6.851457920663E-2,
1.246275848406E-1));
#9386=CARTESIAN_POINT('',(-1.199817504605E0,1.377510535032E-1,
3.536845486520E-2));
#9387=CARTESIAN_POINT('',(-1.206317504605E0,1.200795797795E-1,
-7.620481791636E-2));
#9388=CARTESIAN_POINT('',(-1.212817504605E0,2.664920709396E-2,
-1.397000353721E-1));
#9389=CARTESIAN_POINT('',(-1.219317504605E0,-8.359430538935E-2,
-1.150576904658E-1));
#9390=CARTESIAN_POINT('',(-1.225817504605E0,-1.410976865343E-1,
-1.782478306069E-2));
#9391=CARTESIAN_POINT('',(-1.232317504605E0,-1.095817206082E-1,
9.065388325335E-2));
#9392=CARTESIAN_POINT('',(-1.238817504605E0,-8.930012860451E-3,
1.419384898775E-1));
#9393=CARTESIAN_POINT('',(-1.245317504605E0,9.735569168501E-2,
1.036732816851E-1));
#9394=CARTESIAN_POINT('',(-1.251817504605E0,1.422191268389E-1,0.E0));
#9395=CARTESIAN_POINT('',(-1.258317504605E0,9.735569168501E-2,
-1.036732816851E-1));
#9396=CARTESIAN_POINT('',(-1.264817504605E0,-8.930012860450E-3,
-1.419384898775E-1));
#9397=CARTESIAN_POINT('',(-1.271317504605E0,-1.095817206082E-1,
-9.065388325335E-2));
#9398=CARTESIAN_POINT('',(-1.277817504605E0,-1.410976865343E-1,
1.782478306069E-2));
#9399=CARTESIAN_POINT('',(-1.284317504605E0,-8.359430538935E-2,
1.150576904658E-1));
#9400=CARTESIAN_POINT('',(-1.290817504605E0,2.664920709396E-2,
1.397000353721E-1));
#9401=CARTESIAN_POINT('',(-1.297317504605E0,1.200795797795E-1,
7.620481791636E-2));
#9402=CARTESIAN_POINT('',(-1.303817504605E0,1.377510535032E-1,
-3.536845486520E-2));
#9403=CARTESIAN_POINT('',(-1.310317504605E0,6.851457920663E-2,
-1.246275848406E-1));
#9404=CARTESIAN_POINT('',(-1.316817504605E0,-4.394809847293E-2,
-1.352583752160E-1));
#9405=CARTESIAN_POINT('',(-1.323317504605E0,-1.286838202481E-1,
-6.055415353412E-2));
#9406=CARTESIAN_POINT('',(-1.329817504605E0,-1.322316009989E-1,
5.235507819159E-2));
#9407=CARTESIAN_POINT('',(-1.336317504605E0,-5.235584146215E-2,
1.322292914766E-1));
#9408=CARTESIAN_POINT('',(-1.342817504605E0,6.055951613863E-2,
1.286938216077E-1));
#9409=CARTESIAN_POINT('',(-1.349317504605E0,1.352376880685E-1,
4.391040255657E-2));
#9410=CARTESIAN_POINT('',(-1.353650837939E0,1.282158765736E-1,
-3.094573041503E-2));
#9411=CARTESIAN_POINT('',(-1.355817504605E0,1.115228615739E-1,
-6.131021197612E-2));
#9412=B_SPLINE_SURFACE_WITH_KNOTS('',3,3,((#9272,#9273,#9274,#9275,#9276,#9277,
#9278,#9279,#9280,#9281,#9282,#9283,#9284,#9285,#9286,#9287,#9288,#9289,#9290,
#9291,#9292,#9293,#9294,#9295,#9296,#9297,#9298,#9299,#9300,#9301,#9302,#9303,
#9304,#9305,#9306),(#9307,#9308,#9309,#9310,#9311,#9312,#9313,#9314,#9315,#9316,
#9317,#9318,#9319,#9320,#9321,#9322,#9323,#9324,#9325,#9326,#9327,#9328,#9329,
#9330,#9331,#9332,#9333,#9334,#9335,#9336,#9337,#9338,#9339,#9340,#9341),(#9342,
#9343,#9344,#9345,#9346,#9347,#9348,#9349,#9350,#9351,#9352,#9353,#9354,#9355,
#9356,#9357,#9358,#9359,#9360,#9361,#9362,#9363,#9364,#9365,#9366,#9367,#9368,
#9369,#9370,#9371,#9372,#9373,#9374,#9375,#9376),(#9377,#9378,#9379,#9380,#9381,
#9382,#9383,#9384,#9385,#9386,#9387,#9388,#9389,#9390,#9391,#9392,#9393,#9394,
#9395,#9396,#9397,#9398,#9399,#9400,#9401,#9402,#9403,#9404,#9405,#9406,#9407,
#9408,#9409,#9410,#9411)),.UNSPECIFIED.,.F.,.F.,.F.,(4,4),(4,1,1,1,1,1,1,1,1,1,
1,1,1,1,1,1,1,1,1,1,1,1,1,1,1,1,1,1,1,1,1,1,4),(-6.243108358969E-2,
1.082038926727E0),(-2.E-2,1.25E-2,4.5E-2,7.75E-2,1.1E-1,1.425E-1,1.75E-1,
2.075E-1,2.4E-1,2.725E-1,3.05E-1,3.375E-1,3.7E-1,4.025E-1,4.35E-1,4.675E-1,
5.E-1,5.325E-1,5.65E-1,5.975E-1,6.3E-1,6.625E-1,6.95E-1,7.275E-1,7.6E-1,
7.925E-1,8.25E-1,8.575E-1,8.9E-1,9.225E-1,9.55E-1,9.875E-1,1.02E0),
.UNSPECIFIED.);
#9413=ORIENTED_EDGE('',*,*,#7931,.T.);
#9414=ORIENTED_EDGE('',*,*,#7542,.T.);
#9415=ORIENTED_EDGE('',*,*,#9261,.T.);
#9416=ORIENTED_EDGE('',*,*,#8823,.T.);
#9417=ORIENTED_EDGE('',*,*,#7444,.F.);
#9418=ORIENTED_EDGE('',*,*,#7970,.T.);
#9419=ORIENTED_EDGE('',*,*,#7586,.T.);
#9420=ORIENTED_EDGE('',*,*,#7959,.T.);
#9421=ORIENTED_EDGE('',*,*,#7574,.T.);
#9422=ORIENTED_EDGE('',*,*,#7945,.T.);
#9423=ORIENTED_EDGE('',*,*,#7558,.T.);
#9424=EDGE_LOOP('',(#9413,#9414,#9415,#9416,#9417,#9418,#9419,#9420,#9421,#9422,
#9423));
#9425=FACE_OUTER_BOUND('',#9424,.F.);
#9427=CARTESIAN_POINT('',(-8.8E-1,0.E0,0.E0));
#9428=DIRECTION('',(1.E0,0.E0,0.E0));
#9429=DIRECTION('',(0.E0,-1.E0,0.E0));
#9430=AXIS2_PLACEMENT_3D('',#9427,#9428,#9429);
#9431=CYLINDRICAL_SURFACE('',#9430,9.739544025437E-2);
#9432=ORIENTED_EDGE('',*,*,#7747,.T.);
#9434=ORIENTED_EDGE('',*,*,#9433,.F.);
#9436=ORIENTED_EDGE('',*,*,#9435,.F.);
#9438=ORIENTED_EDGE('',*,*,#9437,.T.);
#9439=EDGE_LOOP('',(#9432,#9434,#9436,#9438));
#9440=FACE_OUTER_BOUND('',#9439,.F.);
#9442=CARTESIAN_POINT('',(-8.8E-1,0.E0,0.E0));
#9443=DIRECTION('',(1.E0,0.E0,0.E0));
#9444=DIRECTION('',(0.E0,-1.E0,0.E0));
#9445=AXIS2_PLACEMENT_3D('',#9442,#9443,#9444);
#9446=CYLINDRICAL_SURFACE('',#9445,9.739544025437E-2);
#9447=ORIENTED_EDGE('',*,*,#7749,.T.);
#9448=ORIENTED_EDGE('',*,*,#9437,.F.);
#9450=ORIENTED_EDGE('',*,*,#9449,.T.);
#9451=ORIENTED_EDGE('',*,*,#9433,.T.);
#9452=EDGE_LOOP('',(#9447,#9448,#9450,#9451));
#9453=FACE_OUTER_BOUND('',#9452,.F.);
#9455=CARTESIAN_POINT('',(-7.954967241023E-1,0.E0,0.E0));
#9456=DIRECTION('',(-1.E0,0.E0,0.E0));
#9457=DIRECTION('',(0.E0,1.E0,0.E0));
#9458=AXIS2_PLACEMENT_3D('',#9455,#9456,#9457);
#9459=CONICAL_SURFACE('',#9458,4.990718669283E-2,6.767219868726E1);
#9461=ORIENTED_EDGE('',*,*,#9460,.F.);
#9463=ORIENTED_EDGE('',*,*,#9462,.T.);
#9464=ORIENTED_EDGE('',*,*,#9449,.F.);
#9465=EDGE_LOOP('',(#9461,#9463,#9464));
#9466=FACE_OUTER_BOUND('',#9465,.F.);
#9468=CARTESIAN_POINT('',(-7.954967241023E-1,0.E0,0.E0));
#9469=DIRECTION('',(-1.E0,0.E0,0.E0));
#9470=DIRECTION('',(0.E0,1.E0,0.E0));
#9471=AXIS2_PLACEMENT_3D('',#9468,#9469,#9470);
#9472=CONICAL_SURFACE('',#9471,4.990718669283E-2,6.767219868726E1);
#9473=ORIENTED_EDGE('',*,*,#9460,.T.);
#9474=ORIENTED_EDGE('',*,*,#9435,.T.);
#9475=ORIENTED_EDGE('',*,*,#9462,.F.);
#9476=EDGE_LOOP('',(#9473,#9474,#9475));
#9477=FACE_OUTER_BOUND('',#9476,.F.);
#9479=CLOSED_SHELL('',(#5044,#5059,#5078,#5099,#5129,#5153,#5315,#5333,#5351,
#5365,#5380,#5395,#5411,#5427,#5520,#5535,#5546,#5565,#5579,#5592,#5607,#5622,
#5636,#5650,#5663,#5816,#5973,#6125,#6310,#6495,#6598,#6753,#6768,#6783,#6798,
#6811,#6825,#6837,#6851,#6865,#6879,#6903,#6918,#6930,#6944,#6956,#6970,#6983,
#6998,#7010,#7024,#7038,#7053,#7065,#7079,#7093,#7108,#7120,#7134,#7146,#7160,
#7173,#7187,#7198,#7210,#7223,#7235,#7248,#7259,#7282,#7295,#7452,#7468,#7484,
#7500,#7516,#7532,#7548,#7564,#7580,#7596,#7611,#7625,#7641,#7733,#7753,#7841,
#7853,#7866,#7880,#7894,#7908,#7922,#7936,#7950,#7964,#7978,#7991,#8148,#8305,
#8458,#8642,#8827,#9012,#9115,#9271,#9426,#9441,#9454,#9467,#9478));
#9480=MANIFOLD_SOLID_BREP('',#9479);
#9481=FILL_AREA_STYLE_COLOUR('',#73);
#9482=FILL_AREA_STYLE('',(#9481));
#9483=SURFACE_STYLE_FILL_AREA(#9482);
#9484=SURFACE_SIDE_STYLE('',(#9483));
#9485=SURFACE_STYLE_USAGE(.BOTH.,#9484);
#9486=PRESENTATION_STYLE_ASSIGNMENT((#9485));
#122=STYLED_ITEM('',(#9486),#9480);
#9487=CARTESIAN_POINT('',(0.E0,0.E0,0.E0));
#9488=DIRECTION('',(0.E0,0.E0,1.E0));
#9489=DIRECTION('',(1.E0,0.E0,0.E0));
#9490=AXIS2_PLACEMENT_3D('PRT_CSYS_DEF',#9487,#9488,#9489);
#9491=CURVE_STYLE('',#127,POSITIVE_LENGTH_MEASURE(2.E-2),#38);
#9492=PRESENTATION_STYLE_ASSIGNMENT((#9491));
#9493=STYLED_ITEM('',(#9492),#9490);
#9494=DIRECTION('',(-1.E0,0.E0,0.E0));
#9495=VECTOR('',#9494,2.020523588883E0);
#9496=CARTESIAN_POINT('',(5.114628977861E-1,0.E0,0.E0));
#9497=LINE('',#9496,#9495);
#9499=CURVE_STYLE('',#127,POSITIVE_LENGTH_MEASURE(2.E-2),#2);
#9500=PRESENTATION_STYLE_ASSIGNMENT((#9499));
#9501=STYLED_ITEM('',(#9500),#9498);
#9503=DIRECTION('',(1.E0,0.E0,0.E0));
#9504=VECTOR('',#9503,1.5E0);
#9505=CARTESIAN_POINT('',(-1.5E0,0.E0,0.E0));
#9506=LINE('',#9505,#9504);
#9508=CURVE_STYLE('',#127,POSITIVE_LENGTH_MEASURE(2.E-2),#2);
#9509=PRESENTATION_STYLE_ASSIGNMENT((#9508));
#9510=STYLED_ITEM('',(#9509),#9507);
#9511=DIRECTION('',(1.E0,0.E0,0.E0));
#9512=VECTOR('',#9511,3.385617061317E-1);
#9513=CARTESIAN_POINT('',(1.020632938683E-1,0.E0,0.E0));
#9514=LINE('',#9513,#9512);
#9516=CURVE_STYLE('',#127,POSITIVE_LENGTH_MEASURE(2.E-2),#2);
#9517=PRESENTATION_STYLE_ASSIGNMENT((#9516));
#9518=STYLED_ITEM('',(#9517),#9515);
#9519=CARTESIAN_POINT('PNT2',(2.25E-1,1.25E-1,0.E0));
#9520=DIRECTION('',(1.E0,0.E0,0.E0));
#9521=VECTOR('',#9520,2.0125E0);
#9522=CARTESIAN_POINT('',(-1.5E0,0.E0,0.E0));
#9523=LINE('',#9522,#9521);
#9525=CURVE_STYLE('',#127,POSITIVE_LENGTH_MEASURE(2.E-2),#2);
#9526=PRESENTATION_STYLE_ASSIGNMENT((#9525));
#9527=STYLED_ITEM('',(#9526),#9524);
#9528=DIRECTION('',(1.E0,0.E0,0.E0));
#9529=VECTOR('',#9528,1.E-1);
#9530=CARTESIAN_POINT('',(-8.75E-1,0.E0,0.E0));
#9531=LINE('',#9530,#9529);
#9533=CURVE_STYLE('',#127,POSITIVE_LENGTH_MEASURE(2.E-2),#2);
#9534=PRESENTATION_STYLE_ASSIGNMENT((#9533));
#9535=STYLED_ITEM('',(#9534),#9532);
#9536=CARTESIAN_POINT('PNT0',(-1.5E0,0.E0,0.E0));
#9537=CARTESIAN_POINT('PNT1',(5.E-1,0.E0,0.E0));
#9538=CARTESIAN_POINT('',(-5.E-1,0.E0,0.E0));
#9539=DIRECTION('',(0.E0,1.E0,0.E0));
#9540=DIRECTION('',(1.E0,0.E0,0.E0));
#9541=AXIS2_PLACEMENT_3D('CS0',#9538,#9539,#9540);
#9542=CURVE_STYLE('',#127,POSITIVE_LENGTH_MEASURE(2.E-2),#38);
#9543=PRESENTATION_STYLE_ASSIGNMENT((#9542));
#9544=STYLED_ITEM('',(#9543),#9541);
#9545=CARTESIAN_POINT('',(5.E-1,0.E0,0.E0));
#9546=DIRECTION('',(0.E0,1.E0,0.E0));
#9547=DIRECTION('',(1.E0,0.E0,0.E0));
#9548=AXIS2_PLACEMENT_3D('CS1',#9545,#9546,#9547);
#9549=CURVE_STYLE('',#127,POSITIVE_LENGTH_MEASURE(2.E-2),#38);
#9550=PRESENTATION_STYLE_ASSIGNMENT((#9549));
#9551=STYLED_ITEM('',(#9550),#9548);
#9552=CARTESIAN_POINT('',(5.E-1,0.E0,0.E0));
#9553=DIRECTION('',(0.E0,-1.E0,0.E0));
#9554=DIRECTION('',(-1.E0,0.E0,0.E0));
#9555=AXIS2_PLACEMENT_3D('CS2',#9552,#9553,#9554);
#9556=CURVE_STYLE('',#127,POSITIVE_LENGTH_MEASURE(2.E-2),#38);
#9557=PRESENTATION_STYLE_ASSIGNMENT((#9556));
#9558=STYLED_ITEM('',(#9557),#9555);
#9559=CARTESIAN_POINT('',(-1.049107142857E0,0.E0,0.E0));
#9560=DIRECTION('',(0.E0,-1.E0,0.E0));
#9561=DIRECTION('',(-1.E0,0.E0,0.E0));
#9562=AXIS2_PLACEMENT_3D('CS3',#9559,#9560,#9561);
#9563=CURVE_STYLE('',#127,POSITIVE_LENGTH_MEASURE(2.E-2),#38);
#9564=PRESENTATION_STYLE_ASSIGNMENT((#9563));
#9565=STYLED_ITEM('',(#9564),#9562);
#9566=CARTESIAN_POINT('',(-1.049107142857E0,0.E0,1.200892857143E0));
#9567=DIRECTION('',(0.E0,-1.E0,0.E0));
#9568=DIRECTION('',(-1.E0,0.E0,0.E0));
#9569=AXIS2_PLACEMENT_3D('CS4',#9566,#9567,#9568);
#9570=CURVE_STYLE('',#127,POSITIVE_LENGTH_MEASURE(2.E-2),#38);
#9571=PRESENTATION_STYLE_ASSIGNMENT((#9570));
#9572=STYLED_ITEM('',(#9571),#9569);
#9573=CARTESIAN_POINT('',(-1.049107142857E0,1.200892857143E0,0.E0));
#9574=DIRECTION('',(0.E0,-1.E0,0.E0));
#9575=DIRECTION('',(-1.E0,0.E0,0.E0));
#9576=AXIS2_PLACEMENT_3D('CS5',#9573,#9574,#9575);
#9577=CURVE_STYLE('',#127,POSITIVE_LENGTH_MEASURE(2.E-2),#38);
#9578=PRESENTATION_STYLE_ASSIGNMENT((#9577));
#9579=STYLED_ITEM('',(#9578),#9576);
#9580=PRESENTATION_LAYER_ASSIGNMENT('02___PRT_ALL_AXES','',(#9498,#9507,#9515,
#9524));
#9581=PRESENTATION_LAYER_ASSIGNMENT('04___PRT_ALL_DTM_PNT','',(#9519,#9536,
#9537));
#9582=PRESENTATION_LAYER_ASSIGNMENT('05___PRT_ALL_DTM_CSYS','',(#9490,#9541,
#9548,#9555,#9562,#9569,#9576));
#9583=PRESENTATION_LAYER_ASSIGNMENT('05___PRT_DEF_DTM_CSYS','',(#9490));
#9585=LENGTH_MEASURE_WITH_UNIT(LENGTH_MEASURE(2.54E1),#9584);
#9586=(CONVERSION_BASED_UNIT('INCH',#9585)LENGTH_UNIT()NAMED_UNIT(*));
#9588=PLANE_ANGLE_MEASURE_WITH_UNIT(PLANE_ANGLE_MEASURE(1.745329251994E-2),
#9587);
#9589=(CONVERSION_BASED_UNIT('DEGREE',#9588)NAMED_UNIT(*)PLANE_ANGLE_UNIT());
#9591=UNCERTAINTY_MEASURE_WITH_UNIT(LENGTH_MEASURE(2.179071824824E-4),#9586,
'distance_accuracy_value',
'Maximum model space distance between geometric entities at asserted connectivities');
#9502=GEOMETRIC_SET('',(#9498,#9507,#9515,#9519,#9524,#9532,#9536,#9537));
#9596=SHAPE_REPRESENTATION_RELATIONSHIP('','',#9595,#9593);
#9597=SHAPE_REPRESENTATION_RELATIONSHIP('','',#9595,#9594);
#9598=MECHANICAL_DESIGN_GEOMETRIC_PRESENTATION_REPRESENTATION('',(#130,#137,
#144,#151,#158,#165,#173,#180,#188,#195,#226,#234,#242,#250,#281,#289,#300,#311,
#322,#353,#360,#369,#376,#395,#406,#413,#435,#454,#476,#483,#494,#520,#550,#557,
#579,#601,#608,#630,#652,#659,#681,#703,#710,#732,#754,#776,#790,#803,#811,#819,
#826,#833,#855,#877,#884,#906,#913,#935,#957,#964,#986,#995,#1002,#1024,#1033,
#1055,#1077,#1084,#1106,#1128,#1135,#1157,#1165,#1189,#1196,#1217,#1233,#1298,
#1305,#1398,#1491,#1498,#1507,#1600,#1611,#1622,#1715,#1781,#1840,#1847,#1854,
#1861,#1868,#1875,#1883,#1891,#1899,#1907,#1915,#1923,#1930,#1937,#1944,#1951,
#1958,#1965,#1972,#1979,#1986,#1993,#2001,#2009,#2017,#2025,#2033,#2041,#2049,
#2057,#2064,#2071,#2078,#2085,#2093,#2101,#2109,#2116,#2123,#2130,#2137,#2145,
#2153,#2161,#2168,#2175,#2182,#2189,#2197,#2205,#2213,#2221,#2229,#2237,#2244,
#2251,#2258,#2265,#2273,#2281,#2289,#2297,#2305,#2313,#2321,#2329,#2337,#2345,
#2353,#2361,#2368,#2375,#2388,#2395,#2409,#2431,#2453,#2475,#2482,#2504,#2511,
#2533,#2555,#2562,#2584,#2606,#2613,#2635,#2657,#2679,#2686,#2708,#2715,#2737,
#2759,#2766,#2788,#2810,#2817,#2839,#2861,#2883,#2890,#2912,#2919,#2941,#2970,
#2978,#3000,#3007,#3032,#3040,#3059,#3076,#3084,#3092,#3111,#3163,#3185,#3192,
#3214,#3236,#3258,#3265,#3287,#3294,#3316,#3338,#3345,#3367,#3389,#3396,#3418,
#3440,#3462,#3469,#3491,#3498,#3520,#3542,#3549,#3571,#3593,#3600,#3622,#3644,
#3666,#3673,#3695,#3702,#3724,#3855,#3862,#3993,#4000,#4016,#4112,#4119,#4202,
#4295,#4306,#4317,#4448,#4459,#4590,#4658,#4714,#4721,#4728,#4736,#4743,#4751,
#4758,#4765,#4772,#122,#9493,#9501,#9510,#9518,#9527,#9535,#9544,#9551,#9558,
#9565,#9572,#9579),#9592);
#9599=APPLICATION_CONTEXT('automotive_design');
#9600=APPLICATION_PROTOCOL_DEFINITION('international standard',
'automotive_design',2001,#9599);
#9601=PRODUCT_DEFINITION_CONTEXT('part definition',#9599,'design');
#9602=PRODUCT_CONTEXT('',#9599,'mechanical');
#9603=PRODUCT('MALE_FEMALE_STANDOFF','MALE_FEMALE_STANDOFF','NOT SPECIFIED',(
#9602));
#9604=PRODUCT_DEFINITION_FORMATION('358','LAST_VERSION',#9603);
#9612=LENGTH_MEASURE_WITH_UNIT(LENGTH_MEASURE(2.54E1),#9611);
#9613=(CONVERSION_BASED_UNIT('INCH',#9612)LENGTH_UNIT()NAMED_UNIT(*));
#9614=DERIVED_UNIT_ELEMENT(#9613,2.E0);
#9615=DERIVED_UNIT((#9614));
#9616=MEASURE_REPRESENTATION_ITEM('surface area measure',AREA_MEASURE(
4.286494425528E0),#9615);
#9621=LENGTH_MEASURE_WITH_UNIT(LENGTH_MEASURE(2.54E1),#9620);
#9622=(CONVERSION_BASED_UNIT('INCH',#9621)LENGTH_UNIT()NAMED_UNIT(*));
#9623=DERIVED_UNIT_ELEMENT(#9622,3.E0);
#9624=DERIVED_UNIT((#9623));
#9625=MEASURE_REPRESENTATION_ITEM('volume measure',VOLUME_MEASURE(
3.164062036702E-1),#9624);
#9629=CARTESIAN_POINT('centre point',(-6.581788916097E-1,-7.875472965132E-6,
-1.427264271595E-5));
#9634=LENGTH_MEASURE_WITH_UNIT(LENGTH_MEASURE(2.54E1),#9633);
#9635=(CONVERSION_BASED_UNIT('INCH',#9634)LENGTH_UNIT()NAMED_UNIT(*));
#9636=DERIVED_UNIT_ELEMENT(#9635,2.E0);
#9637=DERIVED_UNIT((#9636));
#9638=MEASURE_REPRESENTATION_ITEM('surface area measure',AREA_MEASURE(
4.286494425528E0),#9637);
#9643=LENGTH_MEASURE_WITH_UNIT(LENGTH_MEASURE(2.54E1),#9642);
#9644=(CONVERSION_BASED_UNIT('INCH',#9643)LENGTH_UNIT()NAMED_UNIT(*));
#9645=DERIVED_UNIT_ELEMENT(#9644,3.E0);
#9646=DERIVED_UNIT((#9645));
#9647=MEASURE_REPRESENTATION_ITEM('volume measure',VOLUME_MEASURE(
3.164062036702E-1),#9646);
#9651=CARTESIAN_POINT('centre point',(-6.581788916097E-1,-7.875472965132E-6,
-1.427264271595E-5));
#9656=PRODUCT_RELATED_PRODUCT_CATEGORY('part','',(#9603));
#9658=GENERAL_PROPERTY('','THREAD_SIZE','user defined attribute');
#9659=GENERAL_PROPERTY_ASSOCIATION('user defined attribute','',#9658,#9657);
#9660=DESCRIPTIVE_REPRESENTATION_ITEM('THREAD_SIZE','1/4-20 UNC 2A');
#9664=GENERAL_PROPERTY('','OD','user defined attribute');
#9665=GENERAL_PROPERTY_ASSOCIATION('user defined attribute','',#9664,#9663);
#9666=VALUE_REPRESENTATION_ITEM('OD',NUMERIC_MEASURE(5.E-1));
#9669=DESCRIPTIVE_REPRESENTATION_ITEM('attribute description','Real Number');
#9674=GENERAL_PROPERTY('','THREAD_H','user defined attribute');
#9675=GENERAL_PROPERTY_ASSOCIATION('user defined attribute','',#9674,#9673);
#9676=VALUE_REPRESENTATION_ITEM('THREAD_H',NUMERIC_MEASURE(4.330127018922E-2));
#9679=DESCRIPTIVE_REPRESENTATION_ITEM('attribute description','Real Number');
#9684=GENERAL_PROPERTY('','LENGTH','user defined attribute');
#9685=GENERAL_PROPERTY_ASSOCIATION('user defined attribute','',#9684,#9683);
#9686=VALUE_REPRESENTATION_ITEM('LENGTH',NUMERIC_MEASURE(1.5E0));
#9689=DESCRIPTIVE_REPRESENTATION_ITEM('attribute description','Real Number');
#9694=GENERAL_PROPERTY('','SUPPLIER','user defined attribute');
#9695=GENERAL_PROPERTY_ASSOCIATION('user defined attribute','',#9694,#9693);
#9696=DESCRIPTIVE_REPRESENTATION_ITEM('SUPPLIER','RAF');
#9700=GENERAL_PROPERTY('','ADDRESS','user defined attribute');
#9701=GENERAL_PROPERTY_ASSOCIATION('user defined attribute','',#9700,#9699);
#9702=DESCRIPTIVE_REPRESENTATION_ITEM('ADDRESS',
'95 Silvermine Rd, Seymour CT 06483');
#9706=GENERAL_PROPERTY('','PHONE','user defined attribute');
#9707=GENERAL_PROPERTY_ASSOCIATION('user defined attribute','',#9706,#9705);
#9708=DESCRIPTIVE_REPRESENTATION_ITEM('PHONE','203-888-2133');
#9712=GENERAL_PROPERTY('','EMAIL','user defined attribute');
#9713=GENERAL_PROPERTY_ASSOCIATION('user defined attribute','',#9712,#9711);
#9714=DESCRIPTIVE_REPRESENTATION_ITEM('EMAIL','info@rafhdwe.com');
#9718=GENERAL_PROPERTY('','RAF_MATERIAL','user defined attribute');
#9719=GENERAL_PROPERTY_ASSOCIATION('user defined attribute','',#9718,#9717);
#9720=DESCRIPTIVE_REPRESENTATION_ITEM('RAF_MATERIAL','Steel');
#9724=GENERAL_PROPERTY('','RAF_FINISH','user defined attribute');
#9725=GENERAL_PROPERTY_ASSOCIATION('user defined attribute','',#9724,#9723);
#9726=DESCRIPTIVE_REPRESENTATION_ITEM('RAF_FINISH','');
#1=COLOUR_RGB('',0.E0,0.E0,5.01961E-1);
#2=COLOUR_RGB('',0.E0,0.E0,9.411764705882E-1);
#3=COLOUR_RGB('',0.E0,9.4118E-2,9.76471E-1);
#4=DRAUGHTING_PRE_DEFINED_COLOUR('green');
#5=COLOUR_RGB('',1.1E-2,1.2E-2,1.E0);
#6=COLOUR_RGB('',6.2745E-2,3.68627E-1,1.41176E-1);
#7=COLOUR_RGB('',9.4118E-2,1.09804E-1,1.41176E-1);
#8=COLOUR_RGB('',1.80392E-1,2.07843E-1,1.80392E-1);
#9=COLOUR_RGB('',1.80392E-1,6.E-1,5.72549E-1);
#10=COLOUR_RGB('',2.31373E-1,6.94118E-1,2.62745E-1);
#11=COLOUR_RGB('',2.4E-1,2.4E-1,2.4E-1);
#12=COLOUR_RGB('',3.3E-1,5.6E-1,5.8E-1);
#13=COLOUR_RGB('',3.4902E-1,3.4902E-1,3.4902E-1);
#14=COLOUR_RGB('',3.52941E-1,3.4902E-1,3.41176E-1);
#15=COLOUR_RGB('',3.92157E-1,0.E0,3.92157E-1);
#16=COLOUR_RGB('',3.92E-1,1.2E-2,1.2E-2);
#17=COLOUR_RGB('',3.96078E-1,4.03922E-1,3.84314E-1);
#18=COLOUR_RGB('',4.1E-1,0.E0,2.2E-1);
#19=COLOUR_RGB('',4.23529E-1,4.23529E-1,4.23529E-1);
#20=COLOUR_RGB('',4.58824E-1,4.54902E-1,2.90196E-1);
#21=COLOUR_RGB('',4.62745E-1,4.5098E-1,4.31373E-1);
#22=COLOUR_RGB('',4.62745E-1,5.09804E-1,5.01961E-1);
#23=COLOUR_RGB('',4.86275E-1,2.78431E-1,0.E0);
#24=COLOUR_RGB('',5.E-1,7.05882E-1,7.05882E-1);
#25=COLOUR_RGB('',5.01961E-1,5.17647E-1,4.86275E-1);
#26=COLOUR_RGB('',5.05882E-1,4.78431E-1,4.07843E-1);
#27=COLOUR_RGB('',5.05882E-1,4.90196E-1,3.68627E-1);
#28=COLOUR_RGB('',5.17647E-1,6.5098E-1,7.56863E-1);
#29=COLOUR_RGB('',5.2E-1,6.8E-1,6.5E-1);
#30=COLOUR_RGB('',5.23922E-1,6.23922E-1,6.33333E-1);
#31=COLOUR_RGB('',5.33333E-1,6.70588E-1,8.27451E-1);
#32=COLOUR_RGB('',5.56863E-1,5.05882E-1,3.72549E-1);
#33=COLOUR_RGB('',5.64706E-1,9.33333E-1,5.64706E-1);
#34=COLOUR_RGB('',5.76471E-1,4.43137E-1,2.5098E-1);
#35=COLOUR_RGB('',5.80392E-1,5.84314E-1,5.60784E-1);
#36=COLOUR_RGB('',5.84314E-1,5.56863E-1,4.86275E-1);
#37=COLOUR_RGB('',6.E-1,0.E0,0.E0);
#38=COLOUR_RGB('',6.E-1,4.E-1,2.E-1);
#39=COLOUR_RGB('',6.E-1,6.6E-1,6.66667E-1);
#40=COLOUR_RGB('',6.E-1,8.E-1,1.E0);
#41=COLOUR_RGB('',6.07843E-1,6.11765E-1,5.92157E-1);
#42=COLOUR_RGB('',6.11765E-1,5.37255E-1,5.01961E-1);
#43=COLOUR_RGB('',6.11765E-1,5.52941E-1,3.05882E-1);
#44=COLOUR_RGB('',6.27451E-1,5.17647E-1,4.23529E-1);
#45=COLOUR_RGB('',6.27451E-1,6.31373E-1,6.11765E-1);
#46=COLOUR_RGB('',6.27451E-1,6.35294E-1,6.27451E-1);
#47=COLOUR_RGB('',6.27451E-1,7.09804E-1,6.27451E-1);
#48=COLOUR_RGB('',6.39216E-1,4.E-1,2.07843E-1);
#49=COLOUR_RGB('',6.39216E-1,6.5098E-1,6.98039E-1);
#50=COLOUR_RGB('',6.54902E-1,6.58824E-1,6.70588E-1);
#51=COLOUR_RGB('',6.66667E-1,4.66667E-1,3.37255E-1);
#52=COLOUR_RGB('',6.66667E-1,6.66667E-1,6.66667E-1);
#53=COLOUR_RGB('',6.66667E-1,6.98039E-1,7.2549E-1);
#54=COLOUR_RGB('',6.78431E-1,5.96078E-1,4.27451E-1);
#55=COLOUR_RGB('',6.78431E-1,6.07843E-1,3.84314E-1);
#56=COLOUR_RGB('',6.78431E-1,7.01961E-1,6.94118E-1);
#57=COLOUR_RGB('',6.86275E-1,7.21569E-1,7.2549E-1);
#58=COLOUR_RGB('',6.98039E-1,0.E0,9.29412E-1);
#59=COLOUR_RGB('',7.E-1,7.E-1,7.E-1);
#60=COLOUR_RGB('',7.01961E-1,6.94118E-1,6.90196E-1);
#61=COLOUR_RGB('',7.05882E-1,6.7451E-1,6.62745E-1);
#62=COLOUR_RGB('',7.05882E-1,6.86275E-1,6.70588E-1);
#63=COLOUR_RGB('',7.09804E-1,7.17647E-1,7.09804E-1);
#64=COLOUR_RGB('',7.17647E-1,6.23529E-1,4.94118E-1);
#65=COLOUR_RGB('',7.2E-1,8.2E-1,8.3E-1);
#66=COLOUR_RGB('',7.29412E-1,7.68627E-1,7.84314E-1);
#67=COLOUR_RGB('',7.33333E-1,6.5098E-1,5.37255E-1);
#68=COLOUR_RGB('',7.33333E-1,6.82353E-1,4.7451E-1);
#69=COLOUR_RGB('',7.45098E-1,6.35294E-1,5.96078E-1);
#70=COLOUR_RGB('',7.45098E-1,7.09804E-1,1.E-1);
#71=COLOUR_RGB('',7.49804E-1,7.49804E-1,7.49804E-1);
#72=COLOUR_RGB('',7.5E-1,7.8E-1,8.15686E-1);
#73=COLOUR_RGB('',7.68627E-1,7.68627E-1,7.68627E-1);
#74=COLOUR_RGB('',7.68627E-1,7.72549E-1,7.88235E-1);
#75=COLOUR_RGB('',7.76471E-1,6.15686E-1,4.11765E-1);
#76=COLOUR_RGB('',7.76471E-1,7.76471E-1,7.76471E-1);
#77=COLOUR_RGB('',7.80392E-1,7.4902E-1,7.05882E-1);
#78=COLOUR_RGB('',7.84314E-1,7.84314E-1,7.84314E-1);
#79=COLOUR_RGB('',7.92157E-1,7.84314E-1,8.03922E-1);
#80=COLOUR_RGB('',7.92157E-1,8.43137E-1,8.78431E-1);
#81=COLOUR_RGB('',8.E-1,5.84314E-1,3.76471E-1);
#82=COLOUR_RGB('',8.E-1,7.52941E-1,6.23529E-1);
#83=COLOUR_RGB('',8.E-1,7.88235E-1,8.47059E-1);
#84=COLOUR_RGB('',8.15686E-1,6.98039E-1,3.37255E-1);
#85=COLOUR_RGB('',8.2E-1,5.8E-1,4.66667E-1);
#86=COLOUR_RGB('',8.27451E-1,0.E0,0.E0);
#87=COLOUR_RGB('',8.27451E-1,8.31373E-1,8.35294E-1);
#88=COLOUR_RGB('',8.47059E-1,5.80392E-1,5.17647E-1);
#89=COLOUR_RGB('',8.5098E-1,7.09804E-1,6.66667E-1);
#90=COLOUR_RGB('',8.54902E-1,7.21569E-1,4.70588E-1);
#91=COLOUR_RGB('',8.54902E-1,7.84314E-1,6.03922E-1);
#92=COLOUR_RGB('',8.54902E-1,8.54902E-1,8.54902E-1);
#93=COLOUR_RGB('',8.70588E-1,7.01961E-1,5.80392E-1);
#94=COLOUR_RGB('',8.8E-1,5.E-1,2.E-1);
#95=COLOUR_RGB('',8.78431E-1,7.33333E-1,3.29412E-1);
#96=COLOUR_RGB('',8.8E-1,8.3E-1,5.09804E-1);
#97=COLOUR_RGB('',8.8E-1,9.1E-1,9.1E-1);
#98=COLOUR_RGB('',8.784E-1,9.49E-1,1.E0);
#99=COLOUR_RGB('',9.1E-1,8.62745E-1,8.3E-1);
#100=COLOUR_RGB('',9.09804E-1,8.94118E-1,8.5098E-1);
#101=COLOUR_RGB('',9.2E-1,5.3E-1,2.5E-1);
#102=COLOUR_RGB('',9.2549E-1,6.35294E-1,2.86275E-1);
#103=COLOUR_RGB('',9.3E-1,9.2E-1,9.3E-1);
#104=COLOUR_RGB('',9.45098E-1,6.58824E-1,4.39216E-1);
#105=COLOUR_RGB('',9.6E-1,9.6E-1,9.6E-1);
#106=COLOUR_RGB('',9.68627E-1,9.68627E-1,5.37255E-1);
#107=COLOUR_RGB('',9.8E-1,6.27E-1,0.E0);
#108=COLOUR_RGB('',9.8E-1,7.3E-1,7.7E-1);
#109=COLOUR_RGB('',9.80392E-1,8.07843E-1,8.7451E-1);
#110=COLOUR_RGB('',9.88235E-1,4.E-1,0.E0);
#111=DRAUGHTING_PRE_DEFINED_COLOUR('red');
#112=COLOUR_RGB('',1.E0,7.5E-1,7.E-2);
#113=COLOUR_RGB('',1.E0,7.52941E-1,7.96078E-1);
#114=COLOUR_RGB('',1.E0,7.96078E-1,2.11765E-1);
#115=COLOUR_RGB('',1.E0,8.E-1,8.3E-1);
#116=COLOUR_RGB('',1.E0,8.15686E-1,2.94118E-1);
#117=COLOUR_RGB('',1.E0,8.43137E-1,0.E0);
#118=COLOUR_RGB('',1.E0,9.4902E-1,0.E0);
#119=DRAUGHTING_PRE_DEFINED_COLOUR('yellow');
#120=COLOUR_RGB('',1.E0,1.E0,9.49E-1);
#121=DRAUGHTING_PRE_DEFINED_COLOUR('white');
#170=CIRCLE('',#169,9.793670613174E-2);
#185=CIRCLE('',#184,9.793670613174E-2);
#223=B_SPLINE_CURVE_WITH_KNOTS('',3,(#196,#197,#198,#199,#200,#201,#202,#203,
#204,#205,#206,#207,#208,#209,#210,#211,#212,#213,#214,#215,#216,#217,#218,#219,
#220,#221,#222),.UNSPECIFIED.,.F.,.F.,(4,1,1,1,1,1,1,1,1,1,1,1,1,1,1,1,1,1,1,1,
1,1,1,1,4),(0.E0,4.166666666667E-2,8.333333333333E-2,1.25E-1,1.666666666667E-1,
2.083333333333E-1,2.5E-1,2.916666666667E-1,3.333333333333E-1,3.75E-1,
4.166666666667E-1,4.583333333333E-1,5.E-1,5.416666666667E-1,5.833333333333E-1,
6.25E-1,6.666666666667E-1,7.083333333333E-1,7.5E-1,7.916666666667E-1,
8.333333333333E-1,8.75E-1,9.166666666667E-1,9.583333333333E-1,1.E0),
.UNSPECIFIED.);
#231=CIRCLE('',#230,9.793670613174E-2);
#239=CIRCLE('',#238,9.793670613174E-2);
#247=CIRCLE('',#246,9.793670613174E-2);
#278=B_SPLINE_CURVE_WITH_KNOTS('',3,(#251,#252,#253,#254,#255,#256,#257,#258,
#259,#260,#261,#262,#263,#264,#265,#266,#267,#268,#269,#270,#271,#272,#273,#274,
#275,#276,#277),.UNSPECIFIED.,.F.,.F.,(4,1,1,1,1,1,1,1,1,1,1,1,1,1,1,1,1,1,1,1,
1,1,1,1,4),(0.E0,4.166666666667E-2,8.333333333333E-2,1.25E-1,1.666666666667E-1,
2.083333333333E-1,2.5E-1,2.916666666667E-1,3.333333333333E-1,3.75E-1,
4.166666666667E-1,4.583333333333E-1,5.E-1,5.416666666667E-1,5.833333333333E-1,
6.25E-1,6.666666666667E-1,7.083333333333E-1,7.5E-1,7.916666666667E-1,
8.333333333333E-1,8.75E-1,9.166666666667E-1,9.583333333333E-1,1.E0),
.UNSPECIFIED.);
#286=CIRCLE('',#285,1.25E-1);
#297=B_SPLINE_CURVE_WITH_KNOTS('',3,(#290,#291,#292,#293,#294,#295,#296),
.UNSPECIFIED.,.F.,.F.,(4,1,1,1,4),(0.E0,2.5E-1,5.E-1,7.5E-1,1.E0),
.UNSPECIFIED.);
#308=B_SPLINE_CURVE_WITH_KNOTS('',3,(#301,#302,#303,#304,#305,#306,#307),
.UNSPECIFIED.,.F.,.F.,(4,1,1,1,4),(0.E0,2.5E-1,5.E-1,7.5E-1,1.E0),
.UNSPECIFIED.);
#319=B_SPLINE_CURVE_WITH_KNOTS('',3,(#312,#313,#314,#315,#316,#317,#318),
.UNSPECIFIED.,.F.,.F.,(4,1,1,1,4),(0.E0,2.5E-1,5.E-1,7.5E-1,1.E0),
.UNSPECIFIED.);
#350=B_SPLINE_CURVE_WITH_KNOTS('',3,(#323,#324,#325,#326,#327,#328,#329,#330,
#331,#332,#333,#334,#335,#336,#337,#338,#339,#340,#341,#342,#343,#344,#345,#346,
#347,#348,#349),.UNSPECIFIED.,.F.,.F.,(4,1,1,1,1,1,1,1,1,1,1,1,1,1,1,1,1,1,1,1,
1,1,1,1,4),(0.E0,4.166666666667E-2,8.333333333333E-2,1.25E-1,1.666666666667E-1,
2.083333333333E-1,2.5E-1,2.916666666667E-1,3.333333333333E-1,3.75E-1,
4.166666666667E-1,4.583333333333E-1,5.E-1,5.416666666667E-1,5.833333333333E-1,
6.25E-1,6.666666666667E-1,7.083333333333E-1,7.5E-1,7.916666666667E-1,
8.333333333333E-1,8.75E-1,9.166666666667E-1,9.583333333333E-1,1.E0),
.UNSPECIFIED.);
#366=B_SPLINE_CURVE_WITH_KNOTS('',3,(#361,#362,#363,#364,#365),.UNSPECIFIED.,
.F.,.F.,(4,1,4),(0.E0,5.E-1,1.E0),.UNSPECIFIED.);
#392=B_SPLINE_CURVE_WITH_KNOTS('',3,(#377,#378,#379,#380,#381,#382,#383,#384,
#385,#386,#387,#388,#389,#390,#391),.UNSPECIFIED.,.F.,.F.,(4,1,1,1,1,1,1,1,1,1,
1,1,4),(0.E0,8.333333333333E-2,1.666666666667E-1,2.5E-1,3.333333333333E-1,
4.166666666667E-1,5.E-1,5.833333333333E-1,6.666666666667E-1,7.5E-1,
8.333333333333E-1,9.166666666667E-1,1.E0),.UNSPECIFIED.);
#403=B_SPLINE_CURVE_WITH_KNOTS('',3,(#396,#397,#398,#399,#400,#401,#402),
.UNSPECIFIED.,.F.,.F.,(4,1,1,1,4),(0.E0,2.5E-1,5.E-1,7.5E-1,1.E0),
.UNSPECIFIED.);
#432=B_SPLINE_CURVE_WITH_KNOTS('',3,(#414,#415,#416,#417,#418,#419,#420,#421,
#422,#423,#424,#425,#426,#427,#428,#429,#430,#431),.UNSPECIFIED.,.F.,.F.,(4,1,1,
1,1,1,1,1,1,1,1,1,1,1,1,4),(0.E0,6.666666666667E-2,1.333333333333E-1,2.E-1,
2.666666666667E-1,3.333333333333E-1,4.E-1,4.666666666667E-1,5.333333333333E-1,
6.E-1,6.666666666667E-1,7.333333333333E-1,8.E-1,8.666666666667E-1,
9.333333333333E-1,1.E0),.UNSPECIFIED.);
#451=B_SPLINE_CURVE_WITH_KNOTS('',3,(#436,#437,#438,#439,#440,#441,#442,#443,
#444,#445,#446,#447,#448,#449,#450),.UNSPECIFIED.,.F.,.F.,(4,1,1,1,1,1,1,1,1,1,
1,1,4),(0.E0,8.333333333333E-2,1.666666666667E-1,2.5E-1,3.333333333333E-1,
4.166666666667E-1,5.E-1,5.833333333333E-1,6.666666666667E-1,7.5E-1,
8.333333333333E-1,9.166666666667E-1,1.E0),.UNSPECIFIED.);
#473=B_SPLINE_CURVE_WITH_KNOTS('',3,(#455,#456,#457,#458,#459,#460,#461,#462,
#463,#464,#465,#466,#467,#468,#469,#470,#471,#472),.UNSPECIFIED.,.F.,.F.,(4,1,1,
1,1,1,1,1,1,1,1,1,1,1,1,4),(0.E0,6.666666666667E-2,1.333333333333E-1,2.E-1,
2.666666666667E-1,3.333333333333E-1,4.E-1,4.666666666667E-1,5.333333333333E-1,
6.E-1,6.666666666667E-1,7.333333333333E-1,8.E-1,8.666666666667E-1,
9.333333333333E-1,1.E0),.UNSPECIFIED.);
#491=B_SPLINE_CURVE_WITH_KNOTS('',3,(#484,#485,#486,#487,#488,#489,#490),
.UNSPECIFIED.,.F.,.F.,(4,1,1,1,4),(0.E0,2.5E-1,5.E-1,7.5E-1,1.E0),
.UNSPECIFIED.);
#517=B_SPLINE_CURVE_WITH_KNOTS('',3,(#495,#496,#497,#498,#499,#500,#501,#502,
#503,#504,#505,#506,#507,#508,#509,#510,#511,#512,#513,#514,#515,#516),
.UNSPECIFIED.,.F.,.F.,(4,1,1,1,1,1,1,1,1,1,1,1,1,1,1,1,1,1,1,4),(0.E0,
5.263157894737E-2,1.052631578947E-1,1.578947368421E-1,2.105263157895E-1,
2.631578947368E-1,3.157894736842E-1,3.684210526316E-1,4.210526315789E-1,
4.736842105263E-1,5.263157894737E-1,5.789473684211E-1,6.315789473684E-1,
6.842105263158E-1,7.368421052632E-1,7.894736842105E-1,8.421052631579E-1,
8.947368421053E-1,9.473684210526E-1,1.E0),.UNSPECIFIED.);
#547=B_SPLINE_CURVE_WITH_KNOTS('',3,(#521,#522,#523,#524,#525,#526,#527,#528,
#529,#530,#531,#532,#533,#534,#535,#536,#537,#538,#539,#540,#541,#542,#543,#544,
#545,#546),.UNSPECIFIED.,.F.,.F.,(4,1,1,1,1,1,1,1,1,1,1,1,1,1,1,1,1,1,1,1,1,1,1,
4),(0.E0,4.347826086957E-2,8.695652173913E-2,1.304347826087E-1,
1.739130434783E-1,2.173913043478E-1,2.608695652174E-1,3.043478260870E-1,
3.478260869565E-1,3.913043478261E-1,4.347826086957E-1,4.782608695652E-1,
5.217391304348E-1,5.652173913043E-1,6.086956521739E-1,6.521739130435E-1,
6.956521739130E-1,7.391304347826E-1,7.826086956522E-1,8.260869565217E-1,
8.695652173913E-1,9.130434782609E-1,9.565217391304E-1,1.E0),.UNSPECIFIED.);
#576=B_SPLINE_CURVE_WITH_KNOTS('',3,(#558,#559,#560,#561,#562,#563,#564,#565,
#566,#567,#568,#569,#570,#571,#572,#573,#574,#575),.UNSPECIFIED.,.F.,.F.,(4,1,1,
1,1,1,1,1,1,1,1,1,1,1,1,4),(0.E0,6.666666666667E-2,1.333333333333E-1,2.E-1,
2.666666666667E-1,3.333333333333E-1,4.E-1,4.666666666667E-1,5.333333333333E-1,
6.E-1,6.666666666667E-1,7.333333333333E-1,8.E-1,8.666666666667E-1,
9.333333333333E-1,1.E0),.UNSPECIFIED.);
#598=B_SPLINE_CURVE_WITH_KNOTS('',3,(#580,#581,#582,#583,#584,#585,#586,#587,
#588,#589,#590,#591,#592,#593,#594,#595,#596,#597),.UNSPECIFIED.,.F.,.F.,(4,1,1,
1,1,1,1,1,1,1,1,1,1,1,1,4),(0.E0,6.666666666667E-2,1.333333333333E-1,2.E-1,
2.666666666667E-1,3.333333333333E-1,4.E-1,4.666666666667E-1,5.333333333333E-1,
6.E-1,6.666666666667E-1,7.333333333333E-1,8.E-1,8.666666666667E-1,
9.333333333333E-1,1.E0),.UNSPECIFIED.);
#627=B_SPLINE_CURVE_WITH_KNOTS('',3,(#609,#610,#611,#612,#613,#614,#615,#616,
#617,#618,#619,#620,#621,#622,#623,#624,#625,#626),.UNSPECIFIED.,.F.,.F.,(4,1,1,
1,1,1,1,1,1,1,1,1,1,1,1,4),(0.E0,6.666666666667E-2,1.333333333333E-1,2.E-1,
2.666666666667E-1,3.333333333333E-1,4.E-1,4.666666666667E-1,5.333333333333E-1,
6.E-1,6.666666666667E-1,7.333333333333E-1,8.E-1,8.666666666667E-1,
9.333333333333E-1,1.E0),.UNSPECIFIED.);
#649=B_SPLINE_CURVE_WITH_KNOTS('',3,(#631,#632,#633,#634,#635,#636,#637,#638,
#639,#640,#641,#642,#643,#644,#645,#646,#647,#648),.UNSPECIFIED.,.F.,.F.,(4,1,1,
1,1,1,1,1,1,1,1,1,1,1,1,4),(0.E0,6.666666666667E-2,1.333333333333E-1,2.E-1,
2.666666666667E-1,3.333333333333E-1,4.E-1,4.666666666667E-1,5.333333333333E-1,
6.E-1,6.666666666667E-1,7.333333333333E-1,8.E-1,8.666666666667E-1,
9.333333333333E-1,1.E0),.UNSPECIFIED.);
#678=B_SPLINE_CURVE_WITH_KNOTS('',3,(#660,#661,#662,#663,#664,#665,#666,#667,
#668,#669,#670,#671,#672,#673,#674,#675,#676,#677),.UNSPECIFIED.,.F.,.F.,(4,1,1,
1,1,1,1,1,1,1,1,1,1,1,1,4),(0.E0,6.666666666667E-2,1.333333333333E-1,2.E-1,
2.666666666667E-1,3.333333333333E-1,4.E-1,4.666666666667E-1,5.333333333333E-1,
6.E-1,6.666666666667E-1,7.333333333333E-1,8.E-1,8.666666666667E-1,
9.333333333333E-1,1.E0),.UNSPECIFIED.);
#700=B_SPLINE_CURVE_WITH_KNOTS('',3,(#682,#683,#684,#685,#686,#687,#688,#689,
#690,#691,#692,#693,#694,#695,#696,#697,#698,#699),.UNSPECIFIED.,.F.,.F.,(4,1,1,
1,1,1,1,1,1,1,1,1,1,1,1,4),(0.E0,6.666666666667E-2,1.333333333333E-1,2.E-1,
2.666666666667E-1,3.333333333333E-1,4.E-1,4.666666666667E-1,5.333333333333E-1,
6.E-1,6.666666666667E-1,7.333333333333E-1,8.E-1,8.666666666667E-1,
9.333333333333E-1,1.E0),.UNSPECIFIED.);
#729=B_SPLINE_CURVE_WITH_KNOTS('',3,(#711,#712,#713,#714,#715,#716,#717,#718,
#719,#720,#721,#722,#723,#724,#725,#726,#727,#728),.UNSPECIFIED.,.F.,.F.,(4,1,1,
1,1,1,1,1,1,1,1,1,1,1,1,4),(0.E0,6.666666666667E-2,1.333333333333E-1,2.E-1,
2.666666666667E-1,3.333333333333E-1,4.E-1,4.666666666667E-1,5.333333333333E-1,
6.E-1,6.666666666667E-1,7.333333333333E-1,8.E-1,8.666666666667E-1,
9.333333333333E-1,1.E0),.UNSPECIFIED.);
#751=B_SPLINE_CURVE_WITH_KNOTS('',3,(#733,#734,#735,#736,#737,#738,#739,#740,
#741,#742,#743,#744,#745,#746,#747,#748,#749,#750),.UNSPECIFIED.,.F.,.F.,(4,1,1,
1,1,1,1,1,1,1,1,1,1,1,1,4),(0.E0,6.666666666667E-2,1.333333333333E-1,2.E-1,
2.666666666667E-1,3.333333333333E-1,4.E-1,4.666666666667E-1,5.333333333333E-1,
6.E-1,6.666666666667E-1,7.333333333333E-1,8.E-1,8.666666666667E-1,
9.333333333333E-1,1.E0),.UNSPECIFIED.);
#773=B_SPLINE_CURVE_WITH_KNOTS('',3,(#755,#756,#757,#758,#759,#760,#761,#762,
#763,#764,#765,#766,#767,#768,#769,#770,#771,#772),.UNSPECIFIED.,.F.,.F.,(4,1,1,
1,1,1,1,1,1,1,1,1,1,1,1,4),(0.E0,6.666666666667E-2,1.333333333333E-1,2.E-1,
2.666666666667E-1,3.333333333333E-1,4.E-1,4.666666666667E-1,5.333333333333E-1,
6.E-1,6.666666666667E-1,7.333333333333E-1,8.E-1,8.666666666667E-1,
9.333333333333E-1,1.E0),.UNSPECIFIED.);
#787=B_SPLINE_CURVE_WITH_KNOTS('',3,(#777,#778,#779,#780,#781,#782,#783,#784,
#785,#786),.UNSPECIFIED.,.F.,.F.,(4,1,1,1,1,1,1,4),(0.E0,1.428571428571E-1,
2.857142857143E-1,4.285714285714E-1,5.714285714286E-1,7.142857142857E-1,
8.571428571429E-1,1.E0),.UNSPECIFIED.);
#800=B_SPLINE_CURVE_WITH_KNOTS('',3,(#791,#792,#793,#794,#795,#796,#797,#798,
#799),.UNSPECIFIED.,.F.,.F.,(4,1,1,1,1,1,4),(0.E0,1.666666666667E-1,
3.333333333333E-1,5.E-1,6.666666666667E-1,8.333333333333E-1,1.E0),
.UNSPECIFIED.);
#808=CIRCLE('',#807,9.125505055372E-2);
#816=CIRCLE('',#815,9.125505055372E-2);
#852=B_SPLINE_CURVE_WITH_KNOTS('',3,(#834,#835,#836,#837,#838,#839,#840,#841,
#842,#843,#844,#845,#846,#847,#848,#849,#850,#851),.UNSPECIFIED.,.F.,.F.,(4,1,1,
1,1,1,1,1,1,1,1,1,1,1,1,4),(0.E0,6.666666666667E-2,1.333333333333E-1,2.E-1,
2.666666666667E-1,3.333333333333E-1,4.E-1,4.666666666667E-1,5.333333333333E-1,
6.E-1,6.666666666667E-1,7.333333333333E-1,8.E-1,8.666666666667E-1,
9.333333333333E-1,1.E0),.UNSPECIFIED.);
#874=B_SPLINE_CURVE_WITH_KNOTS('',3,(#856,#857,#858,#859,#860,#861,#862,#863,
#864,#865,#866,#867,#868,#869,#870,#871,#872,#873),.UNSPECIFIED.,.F.,.F.,(4,1,1,
1,1,1,1,1,1,1,1,1,1,1,1,4),(0.E0,6.666666666667E-2,1.333333333333E-1,2.E-1,
2.666666666667E-1,3.333333333333E-1,4.E-1,4.666666666667E-1,5.333333333333E-1,
6.E-1,6.666666666667E-1,7.333333333333E-1,8.E-1,8.666666666667E-1,
9.333333333333E-1,1.E0),.UNSPECIFIED.);
#903=B_SPLINE_CURVE_WITH_KNOTS('',3,(#885,#886,#887,#888,#889,#890,#891,#892,
#893,#894,#895,#896,#897,#898,#899,#900,#901,#902),.UNSPECIFIED.,.F.,.F.,(4,1,1,
1,1,1,1,1,1,1,1,1,1,1,1,4),(0.E0,6.666666666667E-2,1.333333333333E-1,2.E-1,
2.666666666667E-1,3.333333333333E-1,4.E-1,4.666666666667E-1,5.333333333333E-1,
6.E-1,6.666666666667E-1,7.333333333333E-1,8.E-1,8.666666666667E-1,
9.333333333333E-1,1.E0),.UNSPECIFIED.);
#932=B_SPLINE_CURVE_WITH_KNOTS('',3,(#914,#915,#916,#917,#918,#919,#920,#921,
#922,#923,#924,#925,#926,#927,#928,#929,#930,#931),.UNSPECIFIED.,.F.,.F.,(4,1,1,
1,1,1,1,1,1,1,1,1,1,1,1,4),(0.E0,6.666666666667E-2,1.333333333333E-1,2.E-1,
2.666666666667E-1,3.333333333333E-1,4.E-1,4.666666666667E-1,5.333333333333E-1,
6.E-1,6.666666666667E-1,7.333333333333E-1,8.E-1,8.666666666667E-1,
9.333333333333E-1,1.E0),.UNSPECIFIED.);
#954=B_SPLINE_CURVE_WITH_KNOTS('',3,(#936,#937,#938,#939,#940,#941,#942,#943,
#944,#945,#946,#947,#948,#949,#950,#951,#952,#953),.UNSPECIFIED.,.F.,.F.,(4,1,1,
1,1,1,1,1,1,1,1,1,1,1,1,4),(0.E0,6.666666666667E-2,1.333333333333E-1,2.E-1,
2.666666666667E-1,3.333333333333E-1,4.E-1,4.666666666667E-1,5.333333333333E-1,
6.E-1,6.666666666667E-1,7.333333333333E-1,8.E-1,8.666666666667E-1,
9.333333333333E-1,1.E0),.UNSPECIFIED.);
#983=B_SPLINE_CURVE_WITH_KNOTS('',3,(#965,#966,#967,#968,#969,#970,#971,#972,
#973,#974,#975,#976,#977,#978,#979,#980,#981,#982),.UNSPECIFIED.,.F.,.F.,(4,1,1,
1,1,1,1,1,1,1,1,1,1,1,1,4),(0.E0,6.666666666667E-2,1.333333333333E-1,2.E-1,
2.666666666667E-1,3.333333333333E-1,4.E-1,4.666666666667E-1,5.333333333333E-1,
6.E-1,6.666666666667E-1,7.333333333333E-1,8.E-1,8.666666666667E-1,
9.333333333333E-1,1.E0),.UNSPECIFIED.);
#992=B_SPLINE_CURVE_WITH_KNOTS('',3,(#987,#988,#989,#990,#991),.UNSPECIFIED.,
.F.,.F.,(4,1,4),(0.E0,5.E-1,1.E0),.UNSPECIFIED.);
#1021=B_SPLINE_CURVE_WITH_KNOTS('',3,(#1003,#1004,#1005,#1006,#1007,#1008,#1009,
#1010,#1011,#1012,#1013,#1014,#1015,#1016,#1017,#1018,#1019,#1020),
.UNSPECIFIED.,.F.,.F.,(4,1,1,1,1,1,1,1,1,1,1,1,1,1,1,4),(0.E0,6.666666666667E-2,
1.333333333333E-1,2.E-1,2.666666666667E-1,3.333333333333E-1,4.E-1,
4.666666666667E-1,5.333333333333E-1,6.E-1,6.666666666667E-1,7.333333333333E-1,
8.E-1,8.666666666667E-1,9.333333333333E-1,1.E0),.UNSPECIFIED.);
#1030=B_SPLINE_CURVE_WITH_KNOTS('',3,(#1025,#1026,#1027,#1028,#1029),
.UNSPECIFIED.,.F.,.F.,(4,1,4),(0.E0,5.E-1,1.E0),.UNSPECIFIED.);
#1052=B_SPLINE_CURVE_WITH_KNOTS('',3,(#1034,#1035,#1036,#1037,#1038,#1039,#1040,
#1041,#1042,#1043,#1044,#1045,#1046,#1047,#1048,#1049,#1050,#1051),
.UNSPECIFIED.,.F.,.F.,(4,1,1,1,1,1,1,1,1,1,1,1,1,1,1,4),(0.E0,6.666666666667E-2,
1.333333333333E-1,2.E-1,2.666666666667E-1,3.333333333333E-1,4.E-1,
4.666666666667E-1,5.333333333333E-1,6.E-1,6.666666666667E-1,7.333333333333E-1,
8.E-1,8.666666666667E-1,9.333333333333E-1,1.E0),.UNSPECIFIED.);
#1074=B_SPLINE_CURVE_WITH_KNOTS('',3,(#1056,#1057,#1058,#1059,#1060,#1061,#1062,
#1063,#1064,#1065,#1066,#1067,#1068,#1069,#1070,#1071,#1072,#1073),
.UNSPECIFIED.,.F.,.F.,(4,1,1,1,1,1,1,1,1,1,1,1,1,1,1,4),(0.E0,6.666666666667E-2,
1.333333333333E-1,2.E-1,2.666666666667E-1,3.333333333333E-1,4.E-1,
4.666666666667E-1,5.333333333333E-1,6.E-1,6.666666666667E-1,7.333333333333E-1,
8.E-1,8.666666666667E-1,9.333333333333E-1,1.E0),.UNSPECIFIED.);
#1103=B_SPLINE_CURVE_WITH_KNOTS('',3,(#1085,#1086,#1087,#1088,#1089,#1090,#1091,
#1092,#1093,#1094,#1095,#1096,#1097,#1098,#1099,#1100,#1101,#1102),
.UNSPECIFIED.,.F.,.F.,(4,1,1,1,1,1,1,1,1,1,1,1,1,1,1,4),(0.E0,6.666666666667E-2,
1.333333333333E-1,2.E-1,2.666666666667E-1,3.333333333333E-1,4.E-1,
4.666666666667E-1,5.333333333333E-1,6.E-1,6.666666666667E-1,7.333333333333E-1,
8.E-1,8.666666666667E-1,9.333333333333E-1,1.E0),.UNSPECIFIED.);
#1125=B_SPLINE_CURVE_WITH_KNOTS('',3,(#1107,#1108,#1109,#1110,#1111,#1112,#1113,
#1114,#1115,#1116,#1117,#1118,#1119,#1120,#1121,#1122,#1123,#1124),
.UNSPECIFIED.,.F.,.F.,(4,1,1,1,1,1,1,1,1,1,1,1,1,1,1,4),(0.E0,6.666666666667E-2,
1.333333333333E-1,2.E-1,2.666666666667E-1,3.333333333333E-1,4.E-1,
4.666666666667E-1,5.333333333333E-1,6.E-1,6.666666666667E-1,7.333333333333E-1,
8.E-1,8.666666666667E-1,9.333333333333E-1,1.E0),.UNSPECIFIED.);
#1154=B_SPLINE_CURVE_WITH_KNOTS('',3,(#1136,#1137,#1138,#1139,#1140,#1141,#1142,
#1143,#1144,#1145,#1146,#1147,#1148,#1149,#1150,#1151,#1152,#1153),
.UNSPECIFIED.,.F.,.F.,(4,1,1,1,1,1,1,1,1,1,1,1,1,1,1,4),(0.E0,6.666666666667E-2,
1.333333333333E-1,2.E-1,2.666666666667E-1,3.333333333333E-1,4.E-1,
4.666666666667E-1,5.333333333333E-1,6.E-1,6.666666666667E-1,7.333333333333E-1,
8.E-1,8.666666666667E-1,9.333333333333E-1,1.E0),.UNSPECIFIED.);
#1162=CIRCLE('',#1161,1.25E-1);
#1186=B_SPLINE_CURVE_WITH_KNOTS('',3,(#1166,#1167,#1168,#1169,#1170,#1171,#1172,
#1173,#1174,#1175,#1176,#1177,#1178,#1179,#1180,#1181,#1182,#1183,#1184,#1185),
.UNSPECIFIED.,.F.,.F.,(4,1,1,1,1,1,1,1,1,1,1,1,1,1,1,1,1,4),(0.E0,
5.882352941176E-2,1.176470588235E-1,1.764705882353E-1,2.352941176471E-1,
2.941176470588E-1,3.529411764706E-1,4.117647058824E-1,4.705882352941E-1,
5.294117647059E-1,5.882352941176E-1,6.470588235294E-1,7.058823529412E-1,
7.647058823529E-1,8.235294117647E-1,8.823529411765E-1,9.411764705882E-1,1.E0),
.UNSPECIFIED.);
#1214=B_SPLINE_CURVE_WITH_KNOTS('',3,(#1197,#1198,#1199,#1200,#1201,#1202,#1203,
#1204,#1205,#1206,#1207,#1208,#1209,#1210,#1211,#1212,#1213),.UNSPECIFIED.,.F.,
.F.,(4,1,1,1,1,1,1,1,1,1,1,1,1,1,4),(0.E0,7.142857142857E-2,1.428571428571E-1,
2.142857142857E-1,2.857142857143E-1,3.571428571429E-1,4.285714285714E-1,5.E-1,
5.714285714286E-1,6.428571428571E-1,7.142857142857E-1,7.857142857143E-1,
8.571428571429E-1,9.285714285714E-1,1.E0),.UNSPECIFIED.);
#1230=B_SPLINE_CURVE_WITH_KNOTS('',3,(#1218,#1219,#1220,#1221,#1222,#1223,#1224,
#1225,#1226,#1227,#1228,#1229),.UNSPECIFIED.,.F.,.F.,(4,1,1,1,1,1,1,1,1,4),
(0.E0,1.111111111111E-1,2.222222222222E-1,3.333333333333E-1,4.444444444444E-1,
5.555555555556E-1,6.666666666667E-1,7.777777777778E-1,8.888888888889E-1,1.E0),
.UNSPECIFIED.);
#1295=B_SPLINE_CURVE_WITH_KNOTS('',3,(#1234,#1235,#1236,#1237,#1238,#1239,#1240,
#1241,#1242,#1243,#1244,#1245,#1246,#1247,#1248,#1249,#1250,#1251,#1252,#1253,
#1254,#1255,#1256,#1257,#1258,#1259,#1260,#1261,#1262,#1263,#1264,#1265,#1266,
#1267,#1268,#1269,#1270,#1271,#1272,#1273,#1274,#1275,#1276,#1277,#1278,#1279,
#1280,#1281,#1282,#1283,#1284,#1285,#1286,#1287,#1288,#1289,#1290,#1291,#1292,
#1293,#1294),.UNSPECIFIED.,.F.,.F.,(4,1,1,1,1,1,1,1,1,1,1,1,1,1,1,1,1,1,1,1,1,1,
1,1,1,1,1,1,1,1,1,1,1,1,1,1,1,1,1,1,1,1,1,1,1,1,1,1,1,1,1,1,1,1,1,1,1,1,4),
(0.E0,1.724137931034E-2,3.448275862069E-2,5.172413793103E-2,6.896551724138E-2,
8.620689655172E-2,1.034482758621E-1,1.206896551724E-1,1.379310344828E-1,
1.551724137931E-1,1.724137931034E-1,1.896551724138E-1,2.068965517241E-1,
2.241379310345E-1,2.413793103448E-1,2.586206896552E-1,2.758620689655E-1,
2.931034482759E-1,3.103448275862E-1,3.275862068966E-1,3.448275862069E-1,
3.620689655172E-1,3.793103448276E-1,3.965517241379E-1,4.137931034483E-1,
4.310344827586E-1,4.482758620690E-1,4.655172413793E-1,4.827586206897E-1,5.E-1,
5.172413793103E-1,5.344827586207E-1,5.517241379310E-1,5.689655172414E-1,
5.862068965517E-1,6.034482758621E-1,6.206896551724E-1,6.379310344828E-1,
6.551724137931E-1,6.724137931034E-1,6.896551724138E-1,7.068965517241E-1,
7.241379310345E-1,7.413793103448E-1,7.586206896552E-1,7.758620689655E-1,
7.931034482759E-1,8.103448275862E-1,8.275862068966E-1,8.448275862069E-1,
8.620689655172E-1,8.793103448276E-1,8.965517241379E-1,9.137931034483E-1,
9.310344827586E-1,9.482758620690E-1,9.655172413793E-1,9.827586206897E-1,1.E0),
.UNSPECIFIED.);
#1395=B_SPLINE_CURVE_WITH_KNOTS('',3,(#1306,#1307,#1308,#1309,#1310,#1311,#1312,
#1313,#1314,#1315,#1316,#1317,#1318,#1319,#1320,#1321,#1322,#1323,#1324,#1325,
#1326,#1327,#1328,#1329,#1330,#1331,#1332,#1333,#1334,#1335,#1336,#1337,#1338,
#1339,#1340,#1341,#1342,#1343,#1344,#1345,#1346,#1347,#1348,#1349,#1350,#1351,
#1352,#1353,#1354,#1355,#1356,#1357,#1358,#1359,#1360,#1361,#1362,#1363,#1364,
#1365,#1366,#1367,#1368,#1369,#1370,#1371,#1372,#1373,#1374,#1375,#1376,#1377,
#1378,#1379,#1380,#1381,#1382,#1383,#1384,#1385,#1386,#1387,#1388,#1389,#1390,
#1391,#1392,#1393,#1394),.UNSPECIFIED.,.F.,.F.,(4,1,1,1,1,1,1,1,1,1,1,1,1,1,1,1,
1,1,1,1,1,1,1,1,1,1,1,1,1,1,1,1,1,1,1,1,1,1,1,1,1,1,1,1,1,1,1,1,1,1,1,1,1,1,1,1,
1,1,1,1,1,1,1,1,1,1,1,1,1,1,1,1,1,1,1,1,1,1,1,1,1,1,1,1,1,1,4),(0.E0,
1.162790697674E-2,2.325581395349E-2,3.488372093023E-2,4.651162790698E-2,
5.813953488372E-2,6.976744186047E-2,8.139534883721E-2,9.302325581395E-2,
1.046511627907E-1,1.162790697674E-1,1.279069767442E-1,1.395348837209E-1,
1.511627906977E-1,1.627906976744E-1,1.744186046512E-1,1.860465116279E-1,
1.976744186047E-1,2.093023255814E-1,2.209302325581E-1,2.325581395349E-1,
2.441860465116E-1,2.558139534884E-1,2.674418604651E-1,2.790697674419E-1,
2.906976744186E-1,3.023255813953E-1,3.139534883721E-1,3.255813953488E-1,
3.372093023256E-1,3.488372093023E-1,3.604651162791E-1,3.720930232558E-1,
3.837209302326E-1,3.953488372093E-1,4.069767441860E-1,4.186046511628E-1,
4.302325581395E-1,4.418604651163E-1,4.534883720930E-1,4.651162790698E-1,
4.767441860465E-1,4.883720930233E-1,5.E-1,5.116279069767E-1,5.232558139535E-1,
5.348837209302E-1,5.465116279070E-1,5.581395348837E-1,5.697674418605E-1,
5.813953488372E-1,5.930232558140E-1,6.046511627907E-1,6.162790697674E-1,
6.279069767442E-1,6.395348837209E-1,6.511627906977E-1,6.627906976744E-1,
6.744186046512E-1,6.860465116279E-1,6.976744186047E-1,7.093023255814E-1,
7.209302325581E-1,7.325581395349E-1,7.441860465116E-1,7.558139534884E-1,
7.674418604651E-1,7.790697674419E-1,7.906976744186E-1,8.023255813953E-1,
8.139534883721E-1,8.255813953488E-1,8.372093023256E-1,8.488372093023E-1,
8.604651162791E-1,8.720930232558E-1,8.837209302326E-1,8.953488372093E-1,
9.069767441860E-1,9.186046511628E-1,9.302325581395E-1,9.418604651163E-1,
9.534883720930E-1,9.651162790698E-1,9.767441860465E-1,9.883720930233E-1,1.E0),
.UNSPECIFIED.);
#1488=B_SPLINE_CURVE_WITH_KNOTS('',3,(#1399,#1400,#1401,#1402,#1403,#1404,#1405,
#1406,#1407,#1408,#1409,#1410,#1411,#1412,#1413,#1414,#1415,#1416,#1417,#1418,
#1419,#1420,#1421,#1422,#1423,#1424,#1425,#1426,#1427,#1428,#1429,#1430,#1431,
#1432,#1433,#1434,#1435,#1436,#1437,#1438,#1439,#1440,#1441,#1442,#1443,#1444,
#1445,#1446,#1447,#1448,#1449,#1450,#1451,#1452,#1453,#1454,#1455,#1456,#1457,
#1458,#1459,#1460,#1461,#1462,#1463,#1464,#1465,#1466,#1467,#1468,#1469,#1470,
#1471,#1472,#1473,#1474,#1475,#1476,#1477,#1478,#1479,#1480,#1481,#1482,#1483,
#1484,#1485,#1486,#1487),.UNSPECIFIED.,.F.,.F.,(4,1,1,1,1,1,1,1,1,1,1,1,1,1,1,1,
1,1,1,1,1,1,1,1,1,1,1,1,1,1,1,1,1,1,1,1,1,1,1,1,1,1,1,1,1,1,1,1,1,1,1,1,1,1,1,1,
1,1,1,1,1,1,1,1,1,1,1,1,1,1,1,1,1,1,1,1,1,1,1,1,1,1,1,1,1,1,4),(0.E0,
1.162790697674E-2,2.325581395349E-2,3.488372093023E-2,4.651162790698E-2,
5.813953488372E-2,6.976744186047E-2,8.139534883721E-2,9.302325581395E-2,
1.046511627907E-1,1.162790697674E-1,1.279069767442E-1,1.395348837209E-1,
1.511627906977E-1,1.627906976744E-1,1.744186046512E-1,1.860465116279E-1,
1.976744186047E-1,2.093023255814E-1,2.209302325581E-1,2.325581395349E-1,
2.441860465116E-1,2.558139534884E-1,2.674418604651E-1,2.790697674419E-1,
2.906976744186E-1,3.023255813953E-1,3.139534883721E-1,3.255813953488E-1,
3.372093023256E-1,3.488372093023E-1,3.604651162791E-1,3.720930232558E-1,
3.837209302326E-1,3.953488372093E-1,4.069767441860E-1,4.186046511628E-1,
4.302325581395E-1,4.418604651163E-1,4.534883720930E-1,4.651162790698E-1,
4.767441860465E-1,4.883720930233E-1,5.E-1,5.116279069767E-1,5.232558139535E-1,
5.348837209302E-1,5.465116279070E-1,5.581395348837E-1,5.697674418605E-1,
5.813953488372E-1,5.930232558140E-1,6.046511627907E-1,6.162790697674E-1,
6.279069767442E-1,6.395348837209E-1,6.511627906977E-1,6.627906976744E-1,
6.744186046512E-1,6.860465116279E-1,6.976744186047E-1,7.093023255814E-1,
7.209302325581E-1,7.325581395349E-1,7.441860465116E-1,7.558139534884E-1,
7.674418604651E-1,7.790697674419E-1,7.906976744186E-1,8.023255813953E-1,
8.139534883721E-1,8.255813953488E-1,8.372093023256E-1,8.488372093023E-1,
8.604651162791E-1,8.720930232558E-1,8.837209302326E-1,8.953488372093E-1,
9.069767441860E-1,9.186046511628E-1,9.302325581395E-1,9.418604651163E-1,
9.534883720930E-1,9.651162790698E-1,9.767441860465E-1,9.883720930233E-1,1.E0),
.UNSPECIFIED.);
#1504=B_SPLINE_CURVE_WITH_KNOTS('',3,(#1499,#1500,#1501,#1502,#1503),
.UNSPECIFIED.,.F.,.F.,(4,1,4),(0.E0,5.E-1,1.E0),.UNSPECIFIED.);
#1597=B_SPLINE_CURVE_WITH_KNOTS('',3,(#1508,#1509,#1510,#1511,#1512,#1513,#1514,
#1515,#1516,#1517,#1518,#1519,#1520,#1521,#1522,#1523,#1524,#1525,#1526,#1527,
#1528,#1529,#1530,#1531,#1532,#1533,#1534,#1535,#1536,#1537,#1538,#1539,#1540,
#1541,#1542,#1543,#1544,#1545,#1546,#1547,#1548,#1549,#1550,#1551,#1552,#1553,
#1554,#1555,#1556,#1557,#1558,#1559,#1560,#1561,#1562,#1563,#1564,#1565,#1566,
#1567,#1568,#1569,#1570,#1571,#1572,#1573,#1574,#1575,#1576,#1577,#1578,#1579,
#1580,#1581,#1582,#1583,#1584,#1585,#1586,#1587,#1588,#1589,#1590,#1591,#1592,
#1593,#1594,#1595,#1596),.UNSPECIFIED.,.F.,.F.,(4,1,1,1,1,1,1,1,1,1,1,1,1,1,1,1,
1,1,1,1,1,1,1,1,1,1,1,1,1,1,1,1,1,1,1,1,1,1,1,1,1,1,1,1,1,1,1,1,1,1,1,1,1,1,1,1,
1,1,1,1,1,1,1,1,1,1,1,1,1,1,1,1,1,1,1,1,1,1,1,1,1,1,1,1,1,1,4),(0.E0,
1.162790697674E-2,2.325581395349E-2,3.488372093023E-2,4.651162790698E-2,
5.813953488372E-2,6.976744186047E-2,8.139534883721E-2,9.302325581395E-2,
1.046511627907E-1,1.162790697674E-1,1.279069767442E-1,1.395348837209E-1,
1.511627906977E-1,1.627906976744E-1,1.744186046512E-1,1.860465116279E-1,
1.976744186047E-1,2.093023255814E-1,2.209302325581E-1,2.325581395349E-1,
2.441860465116E-1,2.558139534884E-1,2.674418604651E-1,2.790697674419E-1,
2.906976744186E-1,3.023255813953E-1,3.139534883721E-1,3.255813953488E-1,
3.372093023256E-1,3.488372093023E-1,3.604651162791E-1,3.720930232558E-1,
3.837209302326E-1,3.953488372093E-1,4.069767441860E-1,4.186046511628E-1,
4.302325581395E-1,4.418604651163E-1,4.534883720930E-1,4.651162790698E-1,
4.767441860465E-1,4.883720930233E-1,5.E-1,5.116279069767E-1,5.232558139535E-1,
5.348837209302E-1,5.465116279070E-1,5.581395348837E-1,5.697674418605E-1,
5.813953488372E-1,5.930232558140E-1,6.046511627907E-1,6.162790697674E-1,
6.279069767442E-1,6.395348837209E-1,6.511627906977E-1,6.627906976744E-1,
6.744186046512E-1,6.860465116279E-1,6.976744186047E-1,7.093023255814E-1,
7.209302325581E-1,7.325581395349E-1,7.441860465116E-1,7.558139534884E-1,
7.674418604651E-1,7.790697674419E-1,7.906976744186E-1,8.023255813953E-1,
8.139534883721E-1,8.255813953488E-1,8.372093023256E-1,8.488372093023E-1,
8.604651162791E-1,8.720930232558E-1,8.837209302326E-1,8.953488372093E-1,
9.069767441860E-1,9.186046511628E-1,9.302325581395E-1,9.418604651163E-1,
9.534883720930E-1,9.651162790698E-1,9.767441860465E-1,9.883720930233E-1,1.E0),
.UNSPECIFIED.);
#1608=B_SPLINE_CURVE_WITH_KNOTS('',3,(#1601,#1602,#1603,#1604,#1605,#1606,
#1607),.UNSPECIFIED.,.F.,.F.,(4,1,1,1,4),(0.E0,2.5E-1,5.E-1,7.5E-1,1.E0),
.UNSPECIFIED.);
#1619=B_SPLINE_CURVE_WITH_KNOTS('',3,(#1612,#1613,#1614,#1615,#1616,#1617,
#1618),.UNSPECIFIED.,.F.,.F.,(4,1,1,1,4),(0.E0,2.5E-1,5.E-1,7.5E-1,1.E0),
.UNSPECIFIED.);
#1712=B_SPLINE_CURVE_WITH_KNOTS('',3,(#1623,#1624,#1625,#1626,#1627,#1628,#1629,
#1630,#1631,#1632,#1633,#1634,#1635,#1636,#1637,#1638,#1639,#1640,#1641,#1642,
#1643,#1644,#1645,#1646,#1647,#1648,#1649,#1650,#1651,#1652,#1653,#1654,#1655,
#1656,#1657,#1658,#1659,#1660,#1661,#1662,#1663,#1664,#1665,#1666,#1667,#1668,
#1669,#1670,#1671,#1672,#1673,#1674,#1675,#1676,#1677,#1678,#1679,#1680,#1681,
#1682,#1683,#1684,#1685,#1686,#1687,#1688,#1689,#1690,#1691,#1692,#1693,#1694,
#1695,#1696,#1697,#1698,#1699,#1700,#1701,#1702,#1703,#1704,#1705,#1706,#1707,
#1708,#1709,#1710,#1711),.UNSPECIFIED.,.F.,.F.,(4,1,1,1,1,1,1,1,1,1,1,1,1,1,1,1,
1,1,1,1,1,1,1,1,1,1,1,1,1,1,1,1,1,1,1,1,1,1,1,1,1,1,1,1,1,1,1,1,1,1,1,1,1,1,1,1,
1,1,1,1,1,1,1,1,1,1,1,1,1,1,1,1,1,1,1,1,1,1,1,1,1,1,1,1,1,1,4),(0.E0,
1.162790697674E-2,2.325581395349E-2,3.488372093023E-2,4.651162790698E-2,
5.813953488372E-2,6.976744186047E-2,8.139534883721E-2,9.302325581395E-2,
1.046511627907E-1,1.162790697674E-1,1.279069767442E-1,1.395348837209E-1,
1.511627906977E-1,1.627906976744E-1,1.744186046512E-1,1.860465116279E-1,
1.976744186047E-1,2.093023255814E-1,2.209302325581E-1,2.325581395349E-1,
2.441860465116E-1,2.558139534884E-1,2.674418604651E-1,2.790697674419E-1,
2.906976744186E-1,3.023255813953E-1,3.139534883721E-1,3.255813953488E-1,
3.372093023256E-1,3.488372093023E-1,3.604651162791E-1,3.720930232558E-1,
3.837209302326E-1,3.953488372093E-1,4.069767441860E-1,4.186046511628E-1,
4.302325581395E-1,4.418604651163E-1,4.534883720930E-1,4.651162790698E-1,
4.767441860465E-1,4.883720930233E-1,5.E-1,5.116279069767E-1,5.232558139535E-1,
5.348837209302E-1,5.465116279070E-1,5.581395348837E-1,5.697674418605E-1,
5.813953488372E-1,5.930232558140E-1,6.046511627907E-1,6.162790697674E-1,
6.279069767442E-1,6.395348837209E-1,6.511627906977E-1,6.627906976744E-1,
6.744186046512E-1,6.860465116279E-1,6.976744186047E-1,7.093023255814E-1,
7.209302325581E-1,7.325581395349E-1,7.441860465116E-1,7.558139534884E-1,
7.674418604651E-1,7.790697674419E-1,7.906976744186E-1,8.023255813953E-1,
8.139534883721E-1,8.255813953488E-1,8.372093023256E-1,8.488372093023E-1,
8.604651162791E-1,8.720930232558E-1,8.837209302326E-1,8.953488372093E-1,
9.069767441860E-1,9.186046511628E-1,9.302325581395E-1,9.418604651163E-1,
9.534883720930E-1,9.651162790698E-1,9.767441860465E-1,9.883720930233E-1,1.E0),
.UNSPECIFIED.);
#1778=B_SPLINE_CURVE_WITH_KNOTS('',3,(#1716,#1717,#1718,#1719,#1720,#1721,#1722,
#1723,#1724,#1725,#1726,#1727,#1728,#1729,#1730,#1731,#1732,#1733,#1734,#1735,
#1736,#1737,#1738,#1739,#1740,#1741,#1742,#1743,#1744,#1745,#1746,#1747,#1748,
#1749,#1750,#1751,#1752,#1753,#1754,#1755,#1756,#1757,#1758,#1759,#1760,#1761,
#1762,#1763,#1764,#1765,#1766,#1767,#1768,#1769,#1770,#1771,#1772,#1773,#1774,
#1775,#1776,#1777),.UNSPECIFIED.,.F.,.F.,(4,1,1,1,1,1,1,1,1,1,1,1,1,1,1,1,1,1,1,
1,1,1,1,1,1,1,1,1,1,1,1,1,1,1,1,1,1,1,1,1,1,1,1,1,1,1,1,1,1,1,1,1,1,1,1,1,1,1,1,
4),(0.E0,1.694915254237E-2,3.389830508475E-2,5.084745762712E-2,
6.779661016949E-2,8.474576271186E-2,1.016949152542E-1,1.186440677966E-1,
1.355932203390E-1,1.525423728814E-1,1.694915254237E-1,1.864406779661E-1,
2.033898305085E-1,2.203389830508E-1,2.372881355932E-1,2.542372881356E-1,
2.711864406780E-1,2.881355932203E-1,3.050847457627E-1,3.220338983051E-1,
3.389830508475E-1,3.559322033898E-1,3.728813559322E-1,3.898305084746E-1,
4.067796610169E-1,4.237288135593E-1,4.406779661017E-1,4.576271186441E-1,
4.745762711864E-1,4.915254237288E-1,5.084745762712E-1,5.254237288136E-1,
5.423728813559E-1,5.593220338983E-1,5.762711864407E-1,5.932203389831E-1,
6.101694915254E-1,6.271186440678E-1,6.440677966102E-1,6.610169491525E-1,
6.779661016949E-1,6.949152542373E-1,7.118644067797E-1,7.288135593220E-1,
7.457627118644E-1,7.627118644068E-1,7.796610169492E-1,7.966101694915E-1,
8.135593220339E-1,8.305084745763E-1,8.474576271186E-1,8.644067796610E-1,
8.813559322034E-1,8.983050847458E-1,9.152542372881E-1,9.322033898305E-1,
9.491525423729E-1,9.661016949153E-1,9.830508474576E-1,1.E0),.UNSPECIFIED.);
#1837=B_SPLINE_CURVE_WITH_KNOTS('',3,(#1782,#1783,#1784,#1785,#1786,#1787,#1788,
#1789,#1790,#1791,#1792,#1793,#1794,#1795,#1796,#1797,#1798,#1799,#1800,#1801,
#1802,#1803,#1804,#1805,#1806,#1807,#1808,#1809,#1810,#1811,#1812,#1813,#1814,
#1815,#1816,#1817,#1818,#1819,#1820,#1821,#1822,#1823,#1824,#1825,#1826,#1827,
#1828,#1829,#1830,#1831,#1832,#1833,#1834,#1835,#1836),.UNSPECIFIED.,.F.,.F.,(4,
1,1,1,1,1,1,1,1,1,1,1,1,1,1,1,1,1,1,1,1,1,1,1,1,1,1,1,1,1,1,1,1,1,1,1,1,1,1,1,1,
1,1,1,1,1,1,1,1,1,1,1,4),(0.E0,1.923076923077E-2,3.846153846154E-2,
5.769230769231E-2,7.692307692308E-2,9.615384615385E-2,1.153846153846E-1,
1.346153846154E-1,1.538461538462E-1,1.730769230769E-1,1.923076923077E-1,
2.115384615385E-1,2.307692307692E-1,2.5E-1,2.692307692308E-1,2.884615384615E-1,
3.076923076923E-1,3.269230769231E-1,3.461538461538E-1,3.653846153846E-1,
3.846153846154E-1,4.038461538462E-1,4.230769230769E-1,4.423076923077E-1,
4.615384615385E-1,4.807692307692E-1,5.E-1,5.192307692308E-1,5.384615384615E-1,
5.576923076923E-1,5.769230769231E-1,5.961538461538E-1,6.153846153846E-1,
6.346153846154E-1,6.538461538462E-1,6.730769230769E-1,6.923076923077E-1,
7.115384615385E-1,7.307692307692E-1,7.5E-1,7.692307692308E-1,7.884615384615E-1,
8.076923076923E-1,8.269230769231E-1,8.461538461538E-1,8.653846153846E-1,
8.846153846154E-1,9.038461538462E-1,9.230769230769E-1,9.423076923077E-1,
9.615384615385E-1,9.807692307692E-1,1.E0),.UNSPECIFIED.);
#1880=CIRCLE('',#1879,2.E-3);
#1888=CIRCLE('',#1887,2.E-3);
#1896=CIRCLE('',#1895,2.E-3);
#1904=CIRCLE('',#1903,2.E-3);
#1912=CIRCLE('',#1911,2.E-3);
#1920=CIRCLE('',#1919,2.E-3);
#1998=CIRCLE('',#1997,1.35E-1);
#2006=CIRCLE('',#2005,1.35E-1);
#2014=CIRCLE('',#2013,2.E-3);
#2022=CIRCLE('',#2021,2.E-3);
#2030=CIRCLE('',#2029,2.E-3);
#2038=CIRCLE('',#2037,2.E-3);
#2046=CIRCLE('',#2045,2.E-3);
#2054=CIRCLE('',#2053,2.E-3);
#2090=CIRCLE('',#2089,2.E-3);
#2098=CIRCLE('',#2097,2.E-3);
#2106=CIRCLE('',#2105,2.E-3);
#2142=CIRCLE('',#2141,2.E-3);
#2150=CIRCLE('',#2149,2.E-3);
#2158=CIRCLE('',#2157,2.E-3);
#2194=CIRCLE('',#2193,2.E-3);
#2202=CIRCLE('',#2201,2.E-3);
#2210=CIRCLE('',#2209,2.E-3);
#2218=CIRCLE('',#2217,2.E-3);
#2226=CIRCLE('',#2225,2.E-3);
#2234=CIRCLE('',#2233,2.E-3);
#2270=CIRCLE('',#2269,2.E-3);
#2278=CIRCLE('',#2277,2.E-3);
#2286=CIRCLE('',#2285,2.E-3);
#2294=CIRCLE('',#2293,2.E-3);
#2302=CIRCLE('',#2301,2.E-3);
#2310=CIRCLE('',#2309,2.E-3);
#2318=CIRCLE('',#2317,2.E-3);
#2326=CIRCLE('',#2325,2.E-3);
#2334=CIRCLE('',#2333,2.E-3);
#2342=CIRCLE('',#2341,2.E-3);
#2350=CIRCLE('',#2349,2.E-3);
#2358=CIRCLE('',#2357,2.E-3);
#2385=B_SPLINE_CURVE_WITH_KNOTS('',3,(#2376,#2377,#2378,#2379,#2380,#2381,#2382,
#2383,#2384),.UNSPECIFIED.,.F.,.F.,(4,1,1,1,1,1,4),(0.E0,1.666666666667E-1,
3.333333333333E-1,5.E-1,6.666666666667E-1,8.333333333333E-1,1.E0),
.UNSPECIFIED.);
#2406=B_SPLINE_CURVE_WITH_KNOTS('',3,(#2396,#2397,#2398,#2399,#2400,#2401,#2402,
#2403,#2404,#2405),.UNSPECIFIED.,.F.,.F.,(4,1,1,1,1,1,1,4),(0.E0,
1.428571428571E-1,2.857142857143E-1,4.285714285714E-1,5.714285714286E-1,
7.142857142857E-1,8.571428571429E-1,1.E0),.UNSPECIFIED.);
#2428=B_SPLINE_CURVE_WITH_KNOTS('',3,(#2410,#2411,#2412,#2413,#2414,#2415,#2416,
#2417,#2418,#2419,#2420,#2421,#2422,#2423,#2424,#2425,#2426,#2427),
.UNSPECIFIED.,.F.,.F.,(4,1,1,1,1,1,1,1,1,1,1,1,1,1,1,4),(0.E0,6.666666666667E-2,
1.333333333333E-1,2.E-1,2.666666666667E-1,3.333333333333E-1,4.E-1,
4.666666666667E-1,5.333333333333E-1,6.E-1,6.666666666667E-1,7.333333333333E-1,
8.E-1,8.666666666667E-1,9.333333333333E-1,1.E0),.UNSPECIFIED.);
#2450=B_SPLINE_CURVE_WITH_KNOTS('',3,(#2432,#2433,#2434,#2435,#2436,#2437,#2438,
#2439,#2440,#2441,#2442,#2443,#2444,#2445,#2446,#2447,#2448,#2449),
.UNSPECIFIED.,.F.,.F.,(4,1,1,1,1,1,1,1,1,1,1,1,1,1,1,4),(0.E0,6.666666666667E-2,
1.333333333333E-1,2.E-1,2.666666666667E-1,3.333333333333E-1,4.E-1,
4.666666666667E-1,5.333333333333E-1,6.E-1,6.666666666667E-1,7.333333333333E-1,
8.E-1,8.666666666667E-1,9.333333333333E-1,1.E0),.UNSPECIFIED.);
#2472=B_SPLINE_CURVE_WITH_KNOTS('',3,(#2454,#2455,#2456,#2457,#2458,#2459,#2460,
#2461,#2462,#2463,#2464,#2465,#2466,#2467,#2468,#2469,#2470,#2471),
.UNSPECIFIED.,.F.,.F.,(4,1,1,1,1,1,1,1,1,1,1,1,1,1,1,4),(0.E0,6.666666666667E-2,
1.333333333333E-1,2.E-1,2.666666666667E-1,3.333333333333E-1,4.E-1,
4.666666666667E-1,5.333333333333E-1,6.E-1,6.666666666667E-1,7.333333333333E-1,
8.E-1,8.666666666667E-1,9.333333333333E-1,1.E0),.UNSPECIFIED.);
#2501=B_SPLINE_CURVE_WITH_KNOTS('',3,(#2483,#2484,#2485,#2486,#2487,#2488,#2489,
#2490,#2491,#2492,#2493,#2494,#2495,#2496,#2497,#2498,#2499,#2500),
.UNSPECIFIED.,.F.,.F.,(4,1,1,1,1,1,1,1,1,1,1,1,1,1,1,4),(0.E0,6.666666666667E-2,
1.333333333333E-1,2.E-1,2.666666666667E-1,3.333333333333E-1,4.E-1,
4.666666666667E-1,5.333333333333E-1,6.E-1,6.666666666667E-1,7.333333333333E-1,
8.E-1,8.666666666667E-1,9.333333333333E-1,1.E0),.UNSPECIFIED.);
#2530=B_SPLINE_CURVE_WITH_KNOTS('',3,(#2512,#2513,#2514,#2515,#2516,#2517,#2518,
#2519,#2520,#2521,#2522,#2523,#2524,#2525,#2526,#2527,#2528,#2529),
.UNSPECIFIED.,.F.,.F.,(4,1,1,1,1,1,1,1,1,1,1,1,1,1,1,4),(0.E0,6.666666666667E-2,
1.333333333333E-1,2.E-1,2.666666666667E-1,3.333333333333E-1,4.E-1,
4.666666666667E-1,5.333333333333E-1,6.E-1,6.666666666667E-1,7.333333333333E-1,
8.E-1,8.666666666667E-1,9.333333333333E-1,1.E0),.UNSPECIFIED.);
#2552=B_SPLINE_CURVE_WITH_KNOTS('',3,(#2534,#2535,#2536,#2537,#2538,#2539,#2540,
#2541,#2542,#2543,#2544,#2545,#2546,#2547,#2548,#2549,#2550,#2551),
.UNSPECIFIED.,.F.,.F.,(4,1,1,1,1,1,1,1,1,1,1,1,1,1,1,4),(0.E0,6.666666666667E-2,
1.333333333333E-1,2.E-1,2.666666666667E-1,3.333333333333E-1,4.E-1,
4.666666666667E-1,5.333333333333E-1,6.E-1,6.666666666667E-1,7.333333333333E-1,
8.E-1,8.666666666667E-1,9.333333333333E-1,1.E0),.UNSPECIFIED.);
#2581=B_SPLINE_CURVE_WITH_KNOTS('',3,(#2563,#2564,#2565,#2566,#2567,#2568,#2569,
#2570,#2571,#2572,#2573,#2574,#2575,#2576,#2577,#2578,#2579,#2580),
.UNSPECIFIED.,.F.,.F.,(4,1,1,1,1,1,1,1,1,1,1,1,1,1,1,4),(0.E0,6.666666666667E-2,
1.333333333333E-1,2.E-1,2.666666666667E-1,3.333333333333E-1,4.E-1,
4.666666666667E-1,5.333333333333E-1,6.E-1,6.666666666667E-1,7.333333333333E-1,
8.E-1,8.666666666667E-1,9.333333333333E-1,1.E0),.UNSPECIFIED.);
#2603=B_SPLINE_CURVE_WITH_KNOTS('',3,(#2585,#2586,#2587,#2588,#2589,#2590,#2591,
#2592,#2593,#2594,#2595,#2596,#2597,#2598,#2599,#2600,#2601,#2602),
.UNSPECIFIED.,.F.,.F.,(4,1,1,1,1,1,1,1,1,1,1,1,1,1,1,4),(0.E0,6.666666666667E-2,
1.333333333333E-1,2.E-1,2.666666666667E-1,3.333333333333E-1,4.E-1,
4.666666666667E-1,5.333333333333E-1,6.E-1,6.666666666667E-1,7.333333333333E-1,
8.E-1,8.666666666667E-1,9.333333333333E-1,1.E0),.UNSPECIFIED.);
#2632=B_SPLINE_CURVE_WITH_KNOTS('',3,(#2614,#2615,#2616,#2617,#2618,#2619,#2620,
#2621,#2622,#2623,#2624,#2625,#2626,#2627,#2628,#2629,#2630,#2631),
.UNSPECIFIED.,.F.,.F.,(4,1,1,1,1,1,1,1,1,1,1,1,1,1,1,4),(0.E0,6.666666666667E-2,
1.333333333333E-1,2.E-1,2.666666666667E-1,3.333333333333E-1,4.E-1,
4.666666666667E-1,5.333333333333E-1,6.E-1,6.666666666667E-1,7.333333333333E-1,
8.E-1,8.666666666667E-1,9.333333333333E-1,1.E0),.UNSPECIFIED.);
#2654=B_SPLINE_CURVE_WITH_KNOTS('',3,(#2636,#2637,#2638,#2639,#2640,#2641,#2642,
#2643,#2644,#2645,#2646,#2647,#2648,#2649,#2650,#2651,#2652,#2653),
.UNSPECIFIED.,.F.,.F.,(4,1,1,1,1,1,1,1,1,1,1,1,1,1,1,4),(0.E0,6.666666666667E-2,
1.333333333333E-1,2.E-1,2.666666666667E-1,3.333333333333E-1,4.E-1,
4.666666666667E-1,5.333333333333E-1,6.E-1,6.666666666667E-1,7.333333333333E-1,
8.E-1,8.666666666667E-1,9.333333333333E-1,1.E0),.UNSPECIFIED.);
#2676=B_SPLINE_CURVE_WITH_KNOTS('',3,(#2658,#2659,#2660,#2661,#2662,#2663,#2664,
#2665,#2666,#2667,#2668,#2669,#2670,#2671,#2672,#2673,#2674,#2675),
.UNSPECIFIED.,.F.,.F.,(4,1,1,1,1,1,1,1,1,1,1,1,1,1,1,4),(0.E0,6.666666666667E-2,
1.333333333333E-1,2.E-1,2.666666666667E-1,3.333333333333E-1,4.E-1,
4.666666666667E-1,5.333333333333E-1,6.E-1,6.666666666667E-1,7.333333333333E-1,
8.E-1,8.666666666667E-1,9.333333333333E-1,1.E0),.UNSPECIFIED.);
#2705=B_SPLINE_CURVE_WITH_KNOTS('',3,(#2687,#2688,#2689,#2690,#2691,#2692,#2693,
#2694,#2695,#2696,#2697,#2698,#2699,#2700,#2701,#2702,#2703,#2704),
.UNSPECIFIED.,.F.,.F.,(4,1,1,1,1,1,1,1,1,1,1,1,1,1,1,4),(0.E0,6.666666666667E-2,
1.333333333333E-1,2.E-1,2.666666666667E-1,3.333333333333E-1,4.E-1,
4.666666666667E-1,5.333333333333E-1,6.E-1,6.666666666667E-1,7.333333333333E-1,
8.E-1,8.666666666667E-1,9.333333333333E-1,1.E0),.UNSPECIFIED.);
#2734=B_SPLINE_CURVE_WITH_KNOTS('',3,(#2716,#2717,#2718,#2719,#2720,#2721,#2722,
#2723,#2724,#2725,#2726,#2727,#2728,#2729,#2730,#2731,#2732,#2733),
.UNSPECIFIED.,.F.,.F.,(4,1,1,1,1,1,1,1,1,1,1,1,1,1,1,4),(0.E0,6.666666666667E-2,
1.333333333333E-1,2.E-1,2.666666666667E-1,3.333333333333E-1,4.E-1,
4.666666666667E-1,5.333333333333E-1,6.E-1,6.666666666667E-1,7.333333333333E-1,
8.E-1,8.666666666667E-1,9.333333333333E-1,1.E0),.UNSPECIFIED.);
#2756=B_SPLINE_CURVE_WITH_KNOTS('',3,(#2738,#2739,#2740,#2741,#2742,#2743,#2744,
#2745,#2746,#2747,#2748,#2749,#2750,#2751,#2752,#2753,#2754,#2755),
.UNSPECIFIED.,.F.,.F.,(4,1,1,1,1,1,1,1,1,1,1,1,1,1,1,4),(0.E0,6.666666666667E-2,
1.333333333333E-1,2.E-1,2.666666666667E-1,3.333333333333E-1,4.E-1,
4.666666666667E-1,5.333333333333E-1,6.E-1,6.666666666667E-1,7.333333333333E-1,
8.E-1,8.666666666667E-1,9.333333333333E-1,1.E0),.UNSPECIFIED.);
#2785=B_SPLINE_CURVE_WITH_KNOTS('',3,(#2767,#2768,#2769,#2770,#2771,#2772,#2773,
#2774,#2775,#2776,#2777,#2778,#2779,#2780,#2781,#2782,#2783,#2784),
.UNSPECIFIED.,.F.,.F.,(4,1,1,1,1,1,1,1,1,1,1,1,1,1,1,4),(0.E0,6.666666666667E-2,
1.333333333333E-1,2.E-1,2.666666666667E-1,3.333333333333E-1,4.E-1,
4.666666666667E-1,5.333333333333E-1,6.E-1,6.666666666667E-1,7.333333333333E-1,
8.E-1,8.666666666667E-1,9.333333333333E-1,1.E0),.UNSPECIFIED.);
#2807=B_SPLINE_CURVE_WITH_KNOTS('',3,(#2789,#2790,#2791,#2792,#2793,#2794,#2795,
#2796,#2797,#2798,#2799,#2800,#2801,#2802,#2803,#2804,#2805,#2806),
.UNSPECIFIED.,.F.,.F.,(4,1,1,1,1,1,1,1,1,1,1,1,1,1,1,4),(0.E0,6.666666666667E-2,
1.333333333333E-1,2.E-1,2.666666666667E-1,3.333333333333E-1,4.E-1,
4.666666666667E-1,5.333333333333E-1,6.E-1,6.666666666667E-1,7.333333333333E-1,
8.E-1,8.666666666667E-1,9.333333333333E-1,1.E0),.UNSPECIFIED.);
#2836=B_SPLINE_CURVE_WITH_KNOTS('',3,(#2818,#2819,#2820,#2821,#2822,#2823,#2824,
#2825,#2826,#2827,#2828,#2829,#2830,#2831,#2832,#2833,#2834,#2835),
.UNSPECIFIED.,.F.,.F.,(4,1,1,1,1,1,1,1,1,1,1,1,1,1,1,4),(0.E0,6.666666666667E-2,
1.333333333333E-1,2.E-1,2.666666666667E-1,3.333333333333E-1,4.E-1,
4.666666666667E-1,5.333333333333E-1,6.E-1,6.666666666667E-1,7.333333333333E-1,
8.E-1,8.666666666667E-1,9.333333333333E-1,1.E0),.UNSPECIFIED.);
#2858=B_SPLINE_CURVE_WITH_KNOTS('',3,(#2840,#2841,#2842,#2843,#2844,#2845,#2846,
#2847,#2848,#2849,#2850,#2851,#2852,#2853,#2854,#2855,#2856,#2857),
.UNSPECIFIED.,.F.,.F.,(4,1,1,1,1,1,1,1,1,1,1,1,1,1,1,4),(0.E0,6.666666666667E-2,
1.333333333333E-1,2.E-1,2.666666666667E-1,3.333333333333E-1,4.E-1,
4.666666666667E-1,5.333333333333E-1,6.E-1,6.666666666667E-1,7.333333333333E-1,
8.E-1,8.666666666667E-1,9.333333333333E-1,1.E0),.UNSPECIFIED.);
#2880=B_SPLINE_CURVE_WITH_KNOTS('',3,(#2862,#2863,#2864,#2865,#2866,#2867,#2868,
#2869,#2870,#2871,#2872,#2873,#2874,#2875,#2876,#2877,#2878,#2879),
.UNSPECIFIED.,.F.,.F.,(4,1,1,1,1,1,1,1,1,1,1,1,1,1,1,4),(0.E0,6.666666666667E-2,
1.333333333333E-1,2.E-1,2.666666666667E-1,3.333333333333E-1,4.E-1,
4.666666666667E-1,5.333333333333E-1,6.E-1,6.666666666667E-1,7.333333333333E-1,
8.E-1,8.666666666667E-1,9.333333333333E-1,1.E0),.UNSPECIFIED.);
#2909=B_SPLINE_CURVE_WITH_KNOTS('',3,(#2891,#2892,#2893,#2894,#2895,#2896,#2897,
#2898,#2899,#2900,#2901,#2902,#2903,#2904,#2905,#2906,#2907,#2908),
.UNSPECIFIED.,.F.,.F.,(4,1,1,1,1,1,1,1,1,1,1,1,1,1,1,4),(0.E0,6.666666666667E-2,
1.333333333333E-1,2.E-1,2.666666666667E-1,3.333333333333E-1,4.E-1,
4.666666666667E-1,5.333333333333E-1,6.E-1,6.666666666667E-1,7.333333333333E-1,
8.E-1,8.666666666667E-1,9.333333333333E-1,1.E0),.UNSPECIFIED.);
#2938=B_SPLINE_CURVE_WITH_KNOTS('',3,(#2920,#2921,#2922,#2923,#2924,#2925,#2926,
#2927,#2928,#2929,#2930,#2931,#2932,#2933,#2934,#2935,#2936,#2937),
.UNSPECIFIED.,.F.,.F.,(4,1,1,1,1,1,1,1,1,1,1,1,1,1,1,4),(0.E0,6.666666666667E-2,
1.333333333333E-1,2.E-1,2.666666666667E-1,3.333333333333E-1,4.E-1,
4.666666666667E-1,5.333333333333E-1,6.E-1,6.666666666667E-1,7.333333333333E-1,
8.E-1,8.666666666667E-1,9.333333333333E-1,1.E0),.UNSPECIFIED.);
#2967=B_SPLINE_CURVE_WITH_KNOTS('',3,(#2942,#2943,#2944,#2945,#2946,#2947,#2948,
#2949,#2950,#2951,#2952,#2953,#2954,#2955,#2956,#2957,#2958,#2959,#2960,#2961,
#2962,#2963,#2964,#2965,#2966),.UNSPECIFIED.,.F.,.F.,(4,1,1,1,1,1,1,1,1,1,1,1,1,
1,1,1,1,1,1,1,1,1,4),(0.E0,4.545454545455E-2,9.090909090909E-2,
1.363636363636E-1,1.818181818182E-1,2.272727272727E-1,2.727272727273E-1,
3.181818181818E-1,3.636363636364E-1,4.090909090909E-1,4.545454545455E-1,5.E-1,
5.454545454545E-1,5.909090909091E-1,6.363636363636E-1,6.818181818182E-1,
7.272727272727E-1,7.727272727273E-1,8.181818181818E-1,8.636363636364E-1,
9.090909090909E-1,9.545454545455E-1,1.E0),.UNSPECIFIED.);
#2975=CIRCLE('',#2974,9.793670613174E-2);
#2997=B_SPLINE_CURVE_WITH_KNOTS('',3,(#2979,#2980,#2981,#2982,#2983,#2984,#2985,
#2986,#2987,#2988,#2989,#2990,#2991,#2992,#2993,#2994,#2995,#2996),
.UNSPECIFIED.,.F.,.F.,(4,1,1,1,1,1,1,1,1,1,1,1,1,1,1,4),(0.E0,6.666666666667E-2,
1.333333333333E-1,2.E-1,2.666666666667E-1,3.333333333333E-1,4.E-1,
4.666666666667E-1,5.333333333333E-1,6.E-1,6.666666666667E-1,7.333333333333E-1,
8.E-1,8.666666666667E-1,9.333333333333E-1,1.E0),.UNSPECIFIED.);
#3029=B_SPLINE_CURVE_WITH_KNOTS('',3,(#3008,#3009,#3010,#3011,#3012,#3013,#3014,
#3015,#3016,#3017,#3018,#3019,#3020,#3021,#3022,#3023,#3024,#3025,#3026,#3027,
#3028),.UNSPECIFIED.,.F.,.F.,(4,1,1,1,1,1,1,1,1,1,1,1,1,1,1,1,1,1,4),(0.E0,
5.555555555556E-2,1.111111111111E-1,1.666666666667E-1,2.222222222222E-1,
2.777777777778E-1,3.333333333333E-1,3.888888888889E-1,4.444444444444E-1,5.E-1,
5.555555555556E-1,6.111111111111E-1,6.666666666667E-1,7.222222222222E-1,
7.777777777778E-1,8.333333333333E-1,8.888888888889E-1,9.444444444444E-1,1.E0),
.UNSPECIFIED.);
#3037=CIRCLE('',#3036,9.793670613174E-2);
#3056=B_SPLINE_CURVE_WITH_KNOTS('',3,(#3041,#3042,#3043,#3044,#3045,#3046,#3047,
#3048,#3049,#3050,#3051,#3052,#3053,#3054,#3055),.UNSPECIFIED.,.F.,.F.,(4,1,1,1,
1,1,1,1,1,1,1,1,4),(0.E0,8.333333333333E-2,1.666666666667E-1,2.5E-1,
3.333333333333E-1,4.166666666667E-1,5.E-1,5.833333333333E-1,6.666666666667E-1,
7.5E-1,8.333333333333E-1,9.166666666667E-1,1.E0),.UNSPECIFIED.);
#3073=B_SPLINE_CURVE_WITH_KNOTS('',3,(#3060,#3061,#3062,#3063,#3064,#3065,#3066,
#3067,#3068,#3069,#3070,#3071,#3072),.UNSPECIFIED.,.F.,.F.,(4,1,1,1,1,1,1,1,1,1,
4),(0.E0,1.E-1,2.E-1,3.E-1,4.E-1,5.E-1,6.E-1,7.E-1,8.E-1,9.E-1,1.E0),
.UNSPECIFIED.);
#3081=CIRCLE('',#3080,9.739544025437E-2);
#3089=CIRCLE('',#3088,9.739544025437E-2);
#3108=B_SPLINE_CURVE_WITH_KNOTS('',3,(#3093,#3094,#3095,#3096,#3097,#3098,#3099,
#3100,#3101,#3102,#3103,#3104,#3105,#3106,#3107),.UNSPECIFIED.,.F.,.F.,(4,1,1,1,
1,1,1,1,1,1,1,1,4),(0.E0,8.333333333333E-2,1.666666666667E-1,2.5E-1,
3.333333333333E-1,4.166666666667E-1,5.E-1,5.833333333333E-1,6.666666666667E-1,
7.5E-1,8.333333333333E-1,9.166666666667E-1,1.E0),.UNSPECIFIED.);
#3160=B_SPLINE_CURVE_WITH_KNOTS('',3,(#3112,#3113,#3114,#3115,#3116,#3117,#3118,
#3119,#3120,#3121,#3122,#3123,#3124,#3125,#3126,#3127,#3128,#3129,#3130,#3131,
#3132,#3133,#3134,#3135,#3136,#3137,#3138,#3139,#3140,#3141,#3142,#3143,#3144,
#3145,#3146,#3147,#3148,#3149,#3150,#3151,#3152,#3153,#3154,#3155,#3156,#3157,
#3158,#3159),.UNSPECIFIED.,.F.,.F.,(4,1,1,1,1,1,1,1,1,1,1,1,1,1,1,1,1,1,1,1,1,1,
1,1,1,1,1,1,1,1,1,1,1,1,1,1,1,1,1,1,1,1,1,1,1,4),(0.E0,2.222222222222E-2,
4.444444444444E-2,6.666666666667E-2,8.888888888889E-2,1.111111111111E-1,
1.333333333333E-1,1.555555555556E-1,1.777777777778E-1,2.E-1,2.222222222222E-1,
2.444444444444E-1,2.666666666667E-1,2.888888888889E-1,3.111111111111E-1,
3.333333333333E-1,3.555555555556E-1,3.777777777778E-1,4.E-1,4.222222222222E-1,
4.444444444444E-1,4.666666666667E-1,4.888888888889E-1,5.111111111111E-1,
5.333333333333E-1,5.555555555556E-1,5.777777777778E-1,6.E-1,6.222222222222E-1,
6.444444444444E-1,6.666666666667E-1,6.888888888889E-1,7.111111111111E-1,
7.333333333333E-1,7.555555555556E-1,7.777777777778E-1,8.E-1,8.222222222222E-1,
8.444444444444E-1,8.666666666667E-1,8.888888888889E-1,9.111111111111E-1,
9.333333333333E-1,9.555555555556E-1,9.777777777778E-1,1.E0),.UNSPECIFIED.);
#3182=B_SPLINE_CURVE_WITH_KNOTS('',3,(#3164,#3165,#3166,#3167,#3168,#3169,#3170,
#3171,#3172,#3173,#3174,#3175,#3176,#3177,#3178,#3179,#3180,#3181),
.UNSPECIFIED.,.F.,.F.,(4,1,1,1,1,1,1,1,1,1,1,1,1,1,1,4),(0.E0,6.666666666667E-2,
1.333333333333E-1,2.E-1,2.666666666667E-1,3.333333333333E-1,4.E-1,
4.666666666667E-1,5.333333333333E-1,6.E-1,6.666666666667E-1,7.333333333333E-1,
8.E-1,8.666666666667E-1,9.333333333333E-1,1.E0),.UNSPECIFIED.);
#3211=B_SPLINE_CURVE_WITH_KNOTS('',3,(#3193,#3194,#3195,#3196,#3197,#3198,#3199,
#3200,#3201,#3202,#3203,#3204,#3205,#3206,#3207,#3208,#3209,#3210),
.UNSPECIFIED.,.F.,.F.,(4,1,1,1,1,1,1,1,1,1,1,1,1,1,1,4),(0.E0,6.666666666667E-2,
1.333333333333E-1,2.E-1,2.666666666667E-1,3.333333333333E-1,4.E-1,
4.666666666667E-1,5.333333333333E-1,6.E-1,6.666666666667E-1,7.333333333333E-1,
8.E-1,8.666666666667E-1,9.333333333333E-1,1.E0),.UNSPECIFIED.);
#3233=B_SPLINE_CURVE_WITH_KNOTS('',3,(#3215,#3216,#3217,#3218,#3219,#3220,#3221,
#3222,#3223,#3224,#3225,#3226,#3227,#3228,#3229,#3230,#3231,#3232),
.UNSPECIFIED.,.F.,.F.,(4,1,1,1,1,1,1,1,1,1,1,1,1,1,1,4),(0.E0,6.666666666667E-2,
1.333333333333E-1,2.E-1,2.666666666667E-1,3.333333333333E-1,4.E-1,
4.666666666667E-1,5.333333333333E-1,6.E-1,6.666666666667E-1,7.333333333333E-1,
8.E-1,8.666666666667E-1,9.333333333333E-1,1.E0),.UNSPECIFIED.);
#3255=B_SPLINE_CURVE_WITH_KNOTS('',3,(#3237,#3238,#3239,#3240,#3241,#3242,#3243,
#3244,#3245,#3246,#3247,#3248,#3249,#3250,#3251,#3252,#3253,#3254),
.UNSPECIFIED.,.F.,.F.,(4,1,1,1,1,1,1,1,1,1,1,1,1,1,1,4),(0.E0,6.666666666667E-2,
1.333333333333E-1,2.E-1,2.666666666667E-1,3.333333333333E-1,4.E-1,
4.666666666667E-1,5.333333333333E-1,6.E-1,6.666666666667E-1,7.333333333333E-1,
8.E-1,8.666666666667E-1,9.333333333333E-1,1.E0),.UNSPECIFIED.);
#3284=B_SPLINE_CURVE_WITH_KNOTS('',3,(#3266,#3267,#3268,#3269,#3270,#3271,#3272,
#3273,#3274,#3275,#3276,#3277,#3278,#3279,#3280,#3281,#3282,#3283),
.UNSPECIFIED.,.F.,.F.,(4,1,1,1,1,1,1,1,1,1,1,1,1,1,1,4),(0.E0,6.666666666667E-2,
1.333333333333E-1,2.E-1,2.666666666667E-1,3.333333333333E-1,4.E-1,
4.666666666667E-1,5.333333333333E-1,6.E-1,6.666666666667E-1,7.333333333333E-1,
8.E-1,8.666666666667E-1,9.333333333333E-1,1.E0),.UNSPECIFIED.);
#3313=B_SPLINE_CURVE_WITH_KNOTS('',3,(#3295,#3296,#3297,#3298,#3299,#3300,#3301,
#3302,#3303,#3304,#3305,#3306,#3307,#3308,#3309,#3310,#3311,#3312),
.UNSPECIFIED.,.F.,.F.,(4,1,1,1,1,1,1,1,1,1,1,1,1,1,1,4),(0.E0,6.666666666667E-2,
1.333333333333E-1,2.E-1,2.666666666667E-1,3.333333333333E-1,4.E-1,
4.666666666667E-1,5.333333333333E-1,6.E-1,6.666666666667E-1,7.333333333333E-1,
8.E-1,8.666666666667E-1,9.333333333333E-1,1.E0),.UNSPECIFIED.);
#3335=B_SPLINE_CURVE_WITH_KNOTS('',3,(#3317,#3318,#3319,#3320,#3321,#3322,#3323,
#3324,#3325,#3326,#3327,#3328,#3329,#3330,#3331,#3332,#3333,#3334),
.UNSPECIFIED.,.F.,.F.,(4,1,1,1,1,1,1,1,1,1,1,1,1,1,1,4),(0.E0,6.666666666667E-2,
1.333333333333E-1,2.E-1,2.666666666667E-1,3.333333333333E-1,4.E-1,
4.666666666667E-1,5.333333333333E-1,6.E-1,6.666666666667E-1,7.333333333333E-1,
8.E-1,8.666666666667E-1,9.333333333333E-1,1.E0),.UNSPECIFIED.);
#3364=B_SPLINE_CURVE_WITH_KNOTS('',3,(#3346,#3347,#3348,#3349,#3350,#3351,#3352,
#3353,#3354,#3355,#3356,#3357,#3358,#3359,#3360,#3361,#3362,#3363),
.UNSPECIFIED.,.F.,.F.,(4,1,1,1,1,1,1,1,1,1,1,1,1,1,1,4),(0.E0,6.666666666667E-2,
1.333333333333E-1,2.E-1,2.666666666667E-1,3.333333333333E-1,4.E-1,
4.666666666667E-1,5.333333333333E-1,6.E-1,6.666666666667E-1,7.333333333333E-1,
8.E-1,8.666666666667E-1,9.333333333333E-1,1.E0),.UNSPECIFIED.);
#3386=B_SPLINE_CURVE_WITH_KNOTS('',3,(#3368,#3369,#3370,#3371,#3372,#3373,#3374,
#3375,#3376,#3377,#3378,#3379,#3380,#3381,#3382,#3383,#3384,#3385),
.UNSPECIFIED.,.F.,.F.,(4,1,1,1,1,1,1,1,1,1,1,1,1,1,1,4),(0.E0,6.666666666667E-2,
1.333333333333E-1,2.E-1,2.666666666667E-1,3.333333333333E-1,4.E-1,
4.666666666667E-1,5.333333333333E-1,6.E-1,6.666666666667E-1,7.333333333333E-1,
8.E-1,8.666666666667E-1,9.333333333333E-1,1.E0),.UNSPECIFIED.);
#3415=B_SPLINE_CURVE_WITH_KNOTS('',3,(#3397,#3398,#3399,#3400,#3401,#3402,#3403,
#3404,#3405,#3406,#3407,#3408,#3409,#3410,#3411,#3412,#3413,#3414),
.UNSPECIFIED.,.F.,.F.,(4,1,1,1,1,1,1,1,1,1,1,1,1,1,1,4),(0.E0,6.666666666667E-2,
1.333333333333E-1,2.E-1,2.666666666667E-1,3.333333333333E-1,4.E-1,
4.666666666667E-1,5.333333333333E-1,6.E-1,6.666666666667E-1,7.333333333333E-1,
8.E-1,8.666666666667E-1,9.333333333333E-1,1.E0),.UNSPECIFIED.);
#3437=B_SPLINE_CURVE_WITH_KNOTS('',3,(#3419,#3420,#3421,#3422,#3423,#3424,#3425,
#3426,#3427,#3428,#3429,#3430,#3431,#3432,#3433,#3434,#3435,#3436),
.UNSPECIFIED.,.F.,.F.,(4,1,1,1,1,1,1,1,1,1,1,1,1,1,1,4),(0.E0,6.666666666667E-2,
1.333333333333E-1,2.E-1,2.666666666667E-1,3.333333333333E-1,4.E-1,
4.666666666667E-1,5.333333333333E-1,6.E-1,6.666666666667E-1,7.333333333333E-1,
8.E-1,8.666666666667E-1,9.333333333333E-1,1.E0),.UNSPECIFIED.);
#3459=B_SPLINE_CURVE_WITH_KNOTS('',3,(#3441,#3442,#3443,#3444,#3445,#3446,#3447,
#3448,#3449,#3450,#3451,#3452,#3453,#3454,#3455,#3456,#3457,#3458),
.UNSPECIFIED.,.F.,.F.,(4,1,1,1,1,1,1,1,1,1,1,1,1,1,1,4),(0.E0,6.666666666667E-2,
1.333333333333E-1,2.E-1,2.666666666667E-1,3.333333333333E-1,4.E-1,
4.666666666667E-1,5.333333333333E-1,6.E-1,6.666666666667E-1,7.333333333333E-1,
8.E-1,8.666666666667E-1,9.333333333333E-1,1.E0),.UNSPECIFIED.);
#3488=B_SPLINE_CURVE_WITH_KNOTS('',3,(#3470,#3471,#3472,#3473,#3474,#3475,#3476,
#3477,#3478,#3479,#3480,#3481,#3482,#3483,#3484,#3485,#3486,#3487),
.UNSPECIFIED.,.F.,.F.,(4,1,1,1,1,1,1,1,1,1,1,1,1,1,1,4),(0.E0,6.666666666667E-2,
1.333333333333E-1,2.E-1,2.666666666667E-1,3.333333333333E-1,4.E-1,
4.666666666667E-1,5.333333333333E-1,6.E-1,6.666666666667E-1,7.333333333333E-1,
8.E-1,8.666666666667E-1,9.333333333333E-1,1.E0),.UNSPECIFIED.);
#3517=B_SPLINE_CURVE_WITH_KNOTS('',3,(#3499,#3500,#3501,#3502,#3503,#3504,#3505,
#3506,#3507,#3508,#3509,#3510,#3511,#3512,#3513,#3514,#3515,#3516),
.UNSPECIFIED.,.F.,.F.,(4,1,1,1,1,1,1,1,1,1,1,1,1,1,1,4),(0.E0,6.666666666667E-2,
1.333333333333E-1,2.E-1,2.666666666667E-1,3.333333333333E-1,4.E-1,
4.666666666667E-1,5.333333333333E-1,6.E-1,6.666666666667E-1,7.333333333333E-1,
8.E-1,8.666666666667E-1,9.333333333333E-1,1.E0),.UNSPECIFIED.);
#3539=B_SPLINE_CURVE_WITH_KNOTS('',3,(#3521,#3522,#3523,#3524,#3525,#3526,#3527,
#3528,#3529,#3530,#3531,#3532,#3533,#3534,#3535,#3536,#3537,#3538),
.UNSPECIFIED.,.F.,.F.,(4,1,1,1,1,1,1,1,1,1,1,1,1,1,1,4),(0.E0,6.666666666667E-2,
1.333333333333E-1,2.E-1,2.666666666667E-1,3.333333333333E-1,4.E-1,
4.666666666667E-1,5.333333333333E-1,6.E-1,6.666666666667E-1,7.333333333333E-1,
8.E-1,8.666666666667E-1,9.333333333333E-1,1.E0),.UNSPECIFIED.);
#3568=B_SPLINE_CURVE_WITH_KNOTS('',3,(#3550,#3551,#3552,#3553,#3554,#3555,#3556,
#3557,#3558,#3559,#3560,#3561,#3562,#3563,#3564,#3565,#3566,#3567),
.UNSPECIFIED.,.F.,.F.,(4,1,1,1,1,1,1,1,1,1,1,1,1,1,1,4),(0.E0,6.666666666667E-2,
1.333333333333E-1,2.E-1,2.666666666667E-1,3.333333333333E-1,4.E-1,
4.666666666667E-1,5.333333333333E-1,6.E-1,6.666666666667E-1,7.333333333333E-1,
8.E-1,8.666666666667E-1,9.333333333333E-1,1.E0),.UNSPECIFIED.);
#3590=B_SPLINE_CURVE_WITH_KNOTS('',3,(#3572,#3573,#3574,#3575,#3576,#3577,#3578,
#3579,#3580,#3581,#3582,#3583,#3584,#3585,#3586,#3587,#3588,#3589),
.UNSPECIFIED.,.F.,.F.,(4,1,1,1,1,1,1,1,1,1,1,1,1,1,1,4),(0.E0,6.666666666667E-2,
1.333333333333E-1,2.E-1,2.666666666667E-1,3.333333333333E-1,4.E-1,
4.666666666667E-1,5.333333333333E-1,6.E-1,6.666666666667E-1,7.333333333333E-1,
8.E-1,8.666666666667E-1,9.333333333333E-1,1.E0),.UNSPECIFIED.);
#3619=B_SPLINE_CURVE_WITH_KNOTS('',3,(#3601,#3602,#3603,#3604,#3605,#3606,#3607,
#3608,#3609,#3610,#3611,#3612,#3613,#3614,#3615,#3616,#3617,#3618),
.UNSPECIFIED.,.F.,.F.,(4,1,1,1,1,1,1,1,1,1,1,1,1,1,1,4),(0.E0,6.666666666667E-2,
1.333333333333E-1,2.E-1,2.666666666667E-1,3.333333333333E-1,4.E-1,
4.666666666667E-1,5.333333333333E-1,6.E-1,6.666666666667E-1,7.333333333333E-1,
8.E-1,8.666666666667E-1,9.333333333333E-1,1.E0),.UNSPECIFIED.);
#3641=B_SPLINE_CURVE_WITH_KNOTS('',3,(#3623,#3624,#3625,#3626,#3627,#3628,#3629,
#3630,#3631,#3632,#3633,#3634,#3635,#3636,#3637,#3638,#3639,#3640),
.UNSPECIFIED.,.F.,.F.,(4,1,1,1,1,1,1,1,1,1,1,1,1,1,1,4),(0.E0,6.666666666667E-2,
1.333333333333E-1,2.E-1,2.666666666667E-1,3.333333333333E-1,4.E-1,
4.666666666667E-1,5.333333333333E-1,6.E-1,6.666666666667E-1,7.333333333333E-1,
8.E-1,8.666666666667E-1,9.333333333333E-1,1.E0),.UNSPECIFIED.);
#3663=B_SPLINE_CURVE_WITH_KNOTS('',3,(#3645,#3646,#3647,#3648,#3649,#3650,#3651,
#3652,#3653,#3654,#3655,#3656,#3657,#3658,#3659,#3660,#3661,#3662),
.UNSPECIFIED.,.F.,.F.,(4,1,1,1,1,1,1,1,1,1,1,1,1,1,1,4),(0.E0,6.666666666667E-2,
1.333333333333E-1,2.E-1,2.666666666667E-1,3.333333333333E-1,4.E-1,
4.666666666667E-1,5.333333333333E-1,6.E-1,6.666666666667E-1,7.333333333333E-1,
8.E-1,8.666666666667E-1,9.333333333333E-1,1.E0),.UNSPECIFIED.);
#3692=B_SPLINE_CURVE_WITH_KNOTS('',3,(#3674,#3675,#3676,#3677,#3678,#3679,#3680,
#3681,#3682,#3683,#3684,#3685,#3686,#3687,#3688,#3689,#3690,#3691),
.UNSPECIFIED.,.F.,.F.,(4,1,1,1,1,1,1,1,1,1,1,1,1,1,1,4),(0.E0,6.666666666667E-2,
1.333333333333E-1,2.E-1,2.666666666667E-1,3.333333333333E-1,4.E-1,
4.666666666667E-1,5.333333333333E-1,6.E-1,6.666666666667E-1,7.333333333333E-1,
8.E-1,8.666666666667E-1,9.333333333333E-1,1.E0),.UNSPECIFIED.);
#3721=B_SPLINE_CURVE_WITH_KNOTS('',3,(#3703,#3704,#3705,#3706,#3707,#3708,#3709,
#3710,#3711,#3712,#3713,#3714,#3715,#3716,#3717,#3718,#3719,#3720),
.UNSPECIFIED.,.F.,.F.,(4,1,1,1,1,1,1,1,1,1,1,1,1,1,1,4),(0.E0,6.666666666667E-2,
1.333333333333E-1,2.E-1,2.666666666667E-1,3.333333333333E-1,4.E-1,
4.666666666667E-1,5.333333333333E-1,6.E-1,6.666666666667E-1,7.333333333333E-1,
8.E-1,8.666666666667E-1,9.333333333333E-1,1.E0),.UNSPECIFIED.);
#3852=B_SPLINE_CURVE_WITH_KNOTS('',3,(#3725,#3726,#3727,#3728,#3729,#3730,#3731,
#3732,#3733,#3734,#3735,#3736,#3737,#3738,#3739,#3740,#3741,#3742,#3743,#3744,
#3745,#3746,#3747,#3748,#3749,#3750,#3751,#3752,#3753,#3754,#3755,#3756,#3757,
#3758,#3759,#3760,#3761,#3762,#3763,#3764,#3765,#3766,#3767,#3768,#3769,#3770,
#3771,#3772,#3773,#3774,#3775,#3776,#3777,#3778,#3779,#3780,#3781,#3782,#3783,
#3784,#3785,#3786,#3787,#3788,#3789,#3790,#3791,#3792,#3793,#3794,#3795,#3796,
#3797,#3798,#3799,#3800,#3801,#3802,#3803,#3804,#3805,#3806,#3807,#3808,#3809,
#3810,#3811,#3812,#3813,#3814,#3815,#3816,#3817,#3818,#3819,#3820,#3821,#3822,
#3823,#3824,#3825,#3826,#3827,#3828,#3829,#3830,#3831,#3832,#3833,#3834,#3835,
#3836,#3837,#3838,#3839,#3840,#3841,#3842,#3843,#3844,#3845,#3846,#3847,#3848,
#3849,#3850,#3851),.UNSPECIFIED.,.F.,.F.,(4,1,1,1,1,1,1,1,1,1,1,1,1,1,1,1,1,1,1,
1,1,1,1,1,1,1,1,1,1,1,1,1,1,1,1,1,1,1,1,1,1,1,1,1,1,1,1,1,1,1,1,1,1,1,1,1,1,1,1,
1,1,1,1,1,1,1,1,1,1,1,1,1,1,1,1,1,1,1,1,1,1,1,1,1,1,1,1,1,1,1,1,1,1,1,1,1,1,1,1,
1,1,1,1,1,1,1,1,1,1,1,1,1,1,1,1,1,1,1,1,1,1,1,1,1,4),(0.E0,8.064516129032E-3,
1.612903225806E-2,2.419354838710E-2,3.225806451613E-2,4.032258064516E-2,
4.838709677419E-2,5.645161290323E-2,6.451612903226E-2,7.258064516129E-2,
8.064516129032E-2,8.870967741935E-2,9.677419354839E-2,1.048387096774E-1,
1.129032258065E-1,1.209677419355E-1,1.290322580645E-1,1.370967741935E-1,
1.451612903226E-1,1.532258064516E-1,1.612903225806E-1,1.693548387097E-1,
1.774193548387E-1,1.854838709677E-1,1.935483870968E-1,2.016129032258E-1,
2.096774193548E-1,2.177419354839E-1,2.258064516129E-1,2.338709677419E-1,
2.419354838710E-1,2.5E-1,2.580645161290E-1,2.661290322581E-1,2.741935483871E-1,
2.822580645161E-1,2.903225806452E-1,2.983870967742E-1,3.064516129032E-1,
3.145161290323E-1,3.225806451613E-1,3.306451612903E-1,3.387096774194E-1,
3.467741935484E-1,3.548387096774E-1,3.629032258065E-1,3.709677419355E-1,
3.790322580645E-1,3.870967741935E-1,3.951612903226E-1,4.032258064516E-1,
4.112903225806E-1,4.193548387097E-1,4.274193548387E-1,4.354838709677E-1,
4.435483870968E-1,4.516129032258E-1,4.596774193548E-1,4.677419354839E-1,
4.758064516129E-1,4.838709677419E-1,4.919354838710E-1,5.E-1,5.080645161290E-1,
5.161290322581E-1,5.241935483871E-1,5.322580645161E-1,5.403225806452E-1,
5.483870967742E-1,5.564516129032E-1,5.645161290323E-1,5.725806451613E-1,
5.806451612903E-1,5.887096774194E-1,5.967741935484E-1,6.048387096774E-1,
6.129032258065E-1,6.209677419355E-1,6.290322580645E-1,6.370967741935E-1,
6.451612903226E-1,6.532258064516E-1,6.612903225806E-1,6.693548387097E-1,
6.774193548387E-1,6.854838709677E-1,6.935483870968E-1,7.016129032258E-1,
7.096774193548E-1,7.177419354839E-1,7.258064516129E-1,7.338709677419E-1,
7.419354838710E-1,7.5E-1,7.580645161290E-1,7.661290322581E-1,7.741935483871E-1,
7.822580645161E-1,7.903225806452E-1,7.983870967742E-1,8.064516129032E-1,
8.145161290323E-1,8.225806451613E-1,8.306451612903E-1,8.387096774194E-1,
8.467741935484E-1,8.548387096774E-1,8.629032258065E-1,8.709677419355E-1,
8.790322580645E-1,8.870967741935E-1,8.951612903226E-1,9.032258064516E-1,
9.112903225806E-1,9.193548387097E-1,9.274193548387E-1,9.354838709677E-1,
9.435483870968E-1,9.516129032258E-1,9.596774193548E-1,9.677419354839E-1,
9.758064516129E-1,9.838709677419E-1,9.919354838710E-1,1.E0),.UNSPECIFIED.);
#3990=B_SPLINE_CURVE_WITH_KNOTS('',3,(#3863,#3864,#3865,#3866,#3867,#3868,#3869,
#3870,#3871,#3872,#3873,#3874,#3875,#3876,#3877,#3878,#3879,#3880,#3881,#3882,
#3883,#3884,#3885,#3886,#3887,#3888,#3889,#3890,#3891,#3892,#3893,#3894,#3895,
#3896,#3897,#3898,#3899,#3900,#3901,#3902,#3903,#3904,#3905,#3906,#3907,#3908,
#3909,#3910,#3911,#3912,#3913,#3914,#3915,#3916,#3917,#3918,#3919,#3920,#3921,
#3922,#3923,#3924,#3925,#3926,#3927,#3928,#3929,#3930,#3931,#3932,#3933,#3934,
#3935,#3936,#3937,#3938,#3939,#3940,#3941,#3942,#3943,#3944,#3945,#3946,#3947,
#3948,#3949,#3950,#3951,#3952,#3953,#3954,#3955,#3956,#3957,#3958,#3959,#3960,
#3961,#3962,#3963,#3964,#3965,#3966,#3967,#3968,#3969,#3970,#3971,#3972,#3973,
#3974,#3975,#3976,#3977,#3978,#3979,#3980,#3981,#3982,#3983,#3984,#3985,#3986,
#3987,#3988,#3989),.UNSPECIFIED.,.F.,.F.,(4,1,1,1,1,1,1,1,1,1,1,1,1,1,1,1,1,1,1,
1,1,1,1,1,1,1,1,1,1,1,1,1,1,1,1,1,1,1,1,1,1,1,1,1,1,1,1,1,1,1,1,1,1,1,1,1,1,1,1,
1,1,1,1,1,1,1,1,1,1,1,1,1,1,1,1,1,1,1,1,1,1,1,1,1,1,1,1,1,1,1,1,1,1,1,1,1,1,1,1,
1,1,1,1,1,1,1,1,1,1,1,1,1,1,1,1,1,1,1,1,1,1,1,1,1,4),(0.E0,8.064516129032E-3,
1.612903225806E-2,2.419354838710E-2,3.225806451613E-2,4.032258064516E-2,
4.838709677419E-2,5.645161290323E-2,6.451612903226E-2,7.258064516129E-2,
8.064516129032E-2,8.870967741935E-2,9.677419354839E-2,1.048387096774E-1,
1.129032258065E-1,1.209677419355E-1,1.290322580645E-1,1.370967741935E-1,
1.451612903226E-1,1.532258064516E-1,1.612903225806E-1,1.693548387097E-1,
1.774193548387E-1,1.854838709677E-1,1.935483870968E-1,2.016129032258E-1,
2.096774193548E-1,2.177419354839E-1,2.258064516129E-1,2.338709677419E-1,
2.419354838710E-1,2.5E-1,2.580645161290E-1,2.661290322581E-1,2.741935483871E-1,
2.822580645161E-1,2.903225806452E-1,2.983870967742E-1,3.064516129032E-1,
3.145161290323E-1,3.225806451613E-1,3.306451612903E-1,3.387096774194E-1,
3.467741935484E-1,3.548387096774E-1,3.629032258065E-1,3.709677419355E-1,
3.790322580645E-1,3.870967741935E-1,3.951612903226E-1,4.032258064516E-1,
4.112903225806E-1,4.193548387097E-1,4.274193548387E-1,4.354838709677E-1,
4.435483870968E-1,4.516129032258E-1,4.596774193548E-1,4.677419354839E-1,
4.758064516129E-1,4.838709677419E-1,4.919354838710E-1,5.E-1,5.080645161290E-1,
5.161290322581E-1,5.241935483871E-1,5.322580645161E-1,5.403225806452E-1,
5.483870967742E-1,5.564516129032E-1,5.645161290323E-1,5.725806451613E-1,
5.806451612903E-1,5.887096774194E-1,5.967741935484E-1,6.048387096774E-1,
6.129032258065E-1,6.209677419355E-1,6.290322580645E-1,6.370967741935E-1,
6.451612903226E-1,6.532258064516E-1,6.612903225806E-1,6.693548387097E-1,
6.774193548387E-1,6.854838709677E-1,6.935483870968E-1,7.016129032258E-1,
7.096774193548E-1,7.177419354839E-1,7.258064516129E-1,7.338709677419E-1,
7.419354838710E-1,7.5E-1,7.580645161290E-1,7.661290322581E-1,7.741935483871E-1,
7.822580645161E-1,7.903225806452E-1,7.983870967742E-1,8.064516129032E-1,
8.145161290323E-1,8.225806451613E-1,8.306451612903E-1,8.387096774194E-1,
8.467741935484E-1,8.548387096774E-1,8.629032258065E-1,8.709677419355E-1,
8.790322580645E-1,8.870967741935E-1,8.951612903226E-1,9.032258064516E-1,
9.112903225806E-1,9.193548387097E-1,9.274193548387E-1,9.354838709677E-1,
9.435483870968E-1,9.516129032258E-1,9.596774193548E-1,9.677419354839E-1,
9.758064516129E-1,9.838709677419E-1,9.919354838710E-1,1.E0),.UNSPECIFIED.);
#4013=B_SPLINE_CURVE_WITH_KNOTS('',3,(#4001,#4002,#4003,#4004,#4005,#4006,#4007,
#4008,#4009,#4010,#4011,#4012),.UNSPECIFIED.,.F.,.F.,(4,1,1,1,1,1,1,1,1,4),
(0.E0,1.111111111111E-1,2.222222222222E-1,3.333333333333E-1,4.444444444444E-1,
5.555555555556E-1,6.666666666667E-1,7.777777777778E-1,8.888888888889E-1,1.E0),
.UNSPECIFIED.);
#4109=B_SPLINE_CURVE_WITH_KNOTS('',3,(#4017,#4018,#4019,#4020,#4021,#4022,#4023,
#4024,#4025,#4026,#4027,#4028,#4029,#4030,#4031,#4032,#4033,#4034,#4035,#4036,
#4037,#4038,#4039,#4040,#4041,#4042,#4043,#4044,#4045,#4046,#4047,#4048,#4049,
#4050,#4051,#4052,#4053,#4054,#4055,#4056,#4057,#4058,#4059,#4060,#4061,#4062,
#4063,#4064,#4065,#4066,#4067,#4068,#4069,#4070,#4071,#4072,#4073,#4074,#4075,
#4076,#4077,#4078,#4079,#4080,#4081,#4082,#4083,#4084,#4085,#4086,#4087,#4088,
#4089,#4090,#4091,#4092,#4093,#4094,#4095,#4096,#4097,#4098,#4099,#4100,#4101,
#4102,#4103,#4104,#4105,#4106,#4107,#4108),.UNSPECIFIED.,.F.,.F.,(4,1,1,1,1,1,1,
1,1,1,1,1,1,1,1,1,1,1,1,1,1,1,1,1,1,1,1,1,1,1,1,1,1,1,1,1,1,1,1,1,1,1,1,1,1,1,1,
1,1,1,1,1,1,1,1,1,1,1,1,1,1,1,1,1,1,1,1,1,1,1,1,1,1,1,1,1,1,1,1,1,1,1,1,1,1,1,1,
1,1,4),(0.E0,1.123595505618E-2,2.247191011236E-2,3.370786516854E-2,
4.494382022472E-2,5.617977528090E-2,6.741573033708E-2,7.865168539326E-2,
8.988764044944E-2,1.011235955056E-1,1.123595505618E-1,1.235955056180E-1,
1.348314606742E-1,1.460674157303E-1,1.573033707865E-1,1.685393258427E-1,
1.797752808989E-1,1.910112359551E-1,2.022471910112E-1,2.134831460674E-1,
2.247191011236E-1,2.359550561798E-1,2.471910112360E-1,2.584269662921E-1,
2.696629213483E-1,2.808988764045E-1,2.921348314607E-1,3.033707865169E-1,
3.146067415730E-1,3.258426966292E-1,3.370786516854E-1,3.483146067416E-1,
3.595505617978E-1,3.707865168539E-1,3.820224719101E-1,3.932584269663E-1,
4.044943820225E-1,4.157303370787E-1,4.269662921348E-1,4.382022471910E-1,
4.494382022472E-1,4.606741573034E-1,4.719101123596E-1,4.831460674157E-1,
4.943820224719E-1,5.056179775281E-1,5.168539325843E-1,5.280898876404E-1,
5.393258426966E-1,5.505617977528E-1,5.617977528090E-1,5.730337078652E-1,
5.842696629213E-1,5.955056179775E-1,6.067415730337E-1,6.179775280899E-1,
6.292134831461E-1,6.404494382022E-1,6.516853932584E-1,6.629213483146E-1,
6.741573033708E-1,6.853932584270E-1,6.966292134831E-1,7.078651685393E-1,
7.191011235955E-1,7.303370786517E-1,7.415730337079E-1,7.528089887640E-1,
7.640449438202E-1,7.752808988764E-1,7.865168539326E-1,7.977528089888E-1,
8.089887640449E-1,8.202247191011E-1,8.314606741573E-1,8.426966292135E-1,
8.539325842697E-1,8.651685393258E-1,8.764044943820E-1,8.876404494382E-1,
8.988764044944E-1,9.101123595506E-1,9.213483146067E-1,9.325842696629E-1,
9.438202247191E-1,9.550561797753E-1,9.662921348315E-1,9.775280898876E-1,
9.887640449438E-1,1.E0),.UNSPECIFIED.);
#4199=B_SPLINE_CURVE_WITH_KNOTS('',3,(#4120,#4121,#4122,#4123,#4124,#4125,#4126,
#4127,#4128,#4129,#4130,#4131,#4132,#4133,#4134,#4135,#4136,#4137,#4138,#4139,
#4140,#4141,#4142,#4143,#4144,#4145,#4146,#4147,#4148,#4149,#4150,#4151,#4152,
#4153,#4154,#4155,#4156,#4157,#4158,#4159,#4160,#4161,#4162,#4163,#4164,#4165,
#4166,#4167,#4168,#4169,#4170,#4171,#4172,#4173,#4174,#4175,#4176,#4177,#4178,
#4179,#4180,#4181,#4182,#4183,#4184,#4185,#4186,#4187,#4188,#4189,#4190,#4191,
#4192,#4193,#4194,#4195,#4196,#4197,#4198),.UNSPECIFIED.,.F.,.F.,(4,1,1,1,1,1,1,
1,1,1,1,1,1,1,1,1,1,1,1,1,1,1,1,1,1,1,1,1,1,1,1,1,1,1,1,1,1,1,1,1,1,1,1,1,1,1,1,
1,1,1,1,1,1,1,1,1,1,1,1,1,1,1,1,1,1,1,1,1,1,1,1,1,1,1,1,1,4),(0.E0,
1.315789473684E-2,2.631578947368E-2,3.947368421053E-2,5.263157894737E-2,
6.578947368421E-2,7.894736842105E-2,9.210526315789E-2,1.052631578947E-1,
1.184210526316E-1,1.315789473684E-1,1.447368421053E-1,1.578947368421E-1,
1.710526315789E-1,1.842105263158E-1,1.973684210526E-1,2.105263157895E-1,
2.236842105263E-1,2.368421052632E-1,2.5E-1,2.631578947368E-1,2.763157894737E-1,
2.894736842105E-1,3.026315789474E-1,3.157894736842E-1,3.289473684211E-1,
3.421052631579E-1,3.552631578947E-1,3.684210526316E-1,3.815789473684E-1,
3.947368421053E-1,4.078947368421E-1,4.210526315789E-1,4.342105263158E-1,
4.473684210526E-1,4.605263157895E-1,4.736842105263E-1,4.868421052632E-1,5.E-1,
5.131578947368E-1,5.263157894737E-1,5.394736842105E-1,5.526315789474E-1,
5.657894736842E-1,5.789473684211E-1,5.921052631579E-1,6.052631578947E-1,
6.184210526316E-1,6.315789473684E-1,6.447368421053E-1,6.578947368421E-1,
6.710526315789E-1,6.842105263158E-1,6.973684210526E-1,7.105263157895E-1,
7.236842105263E-1,7.368421052632E-1,7.5E-1,7.631578947368E-1,7.763157894737E-1,
7.894736842105E-1,8.026315789474E-1,8.157894736842E-1,8.289473684211E-1,
8.421052631579E-1,8.552631578947E-1,8.684210526316E-1,8.815789473684E-1,
8.947368421053E-1,9.078947368421E-1,9.210526315789E-1,9.342105263158E-1,
9.473684210526E-1,9.605263157895E-1,9.736842105263E-1,9.868421052632E-1,1.E0),
.UNSPECIFIED.);
#4292=B_SPLINE_CURVE_WITH_KNOTS('',3,(#4203,#4204,#4205,#4206,#4207,#4208,#4209,
#4210,#4211,#4212,#4213,#4214,#4215,#4216,#4217,#4218,#4219,#4220,#4221,#4222,
#4223,#4224,#4225,#4226,#4227,#4228,#4229,#4230,#4231,#4232,#4233,#4234,#4235,
#4236,#4237,#4238,#4239,#4240,#4241,#4242,#4243,#4244,#4245,#4246,#4247,#4248,
#4249,#4250,#4251,#4252,#4253,#4254,#4255,#4256,#4257,#4258,#4259,#4260,#4261,
#4262,#4263,#4264,#4265,#4266,#4267,#4268,#4269,#4270,#4271,#4272,#4273,#4274,
#4275,#4276,#4277,#4278,#4279,#4280,#4281,#4282,#4283,#4284,#4285,#4286,#4287,
#4288,#4289,#4290,#4291),.UNSPECIFIED.,.F.,.F.,(4,1,1,1,1,1,1,1,1,1,1,1,1,1,1,1,
1,1,1,1,1,1,1,1,1,1,1,1,1,1,1,1,1,1,1,1,1,1,1,1,1,1,1,1,1,1,1,1,1,1,1,1,1,1,1,1,
1,1,1,1,1,1,1,1,1,1,1,1,1,1,1,1,1,1,1,1,1,1,1,1,1,1,1,1,1,1,4),(0.E0,
1.162790697674E-2,2.325581395349E-2,3.488372093023E-2,4.651162790698E-2,
5.813953488372E-2,6.976744186047E-2,8.139534883721E-2,9.302325581395E-2,
1.046511627907E-1,1.162790697674E-1,1.279069767442E-1,1.395348837209E-1,
1.511627906977E-1,1.627906976744E-1,1.744186046512E-1,1.860465116279E-1,
1.976744186047E-1,2.093023255814E-1,2.209302325581E-1,2.325581395349E-1,
2.441860465116E-1,2.558139534884E-1,2.674418604651E-1,2.790697674419E-1,
2.906976744186E-1,3.023255813953E-1,3.139534883721E-1,3.255813953488E-1,
3.372093023256E-1,3.488372093023E-1,3.604651162791E-1,3.720930232558E-1,
3.837209302326E-1,3.953488372093E-1,4.069767441860E-1,4.186046511628E-1,
4.302325581395E-1,4.418604651163E-1,4.534883720930E-1,4.651162790698E-1,
4.767441860465E-1,4.883720930233E-1,5.E-1,5.116279069767E-1,5.232558139535E-1,
5.348837209302E-1,5.465116279070E-1,5.581395348837E-1,5.697674418605E-1,
5.813953488372E-1,5.930232558140E-1,6.046511627907E-1,6.162790697674E-1,
6.279069767442E-1,6.395348837209E-1,6.511627906977E-1,6.627906976744E-1,
6.744186046512E-1,6.860465116279E-1,6.976744186047E-1,7.093023255814E-1,
7.209302325581E-1,7.325581395349E-1,7.441860465116E-1,7.558139534884E-1,
7.674418604651E-1,7.790697674419E-1,7.906976744186E-1,8.023255813953E-1,
8.139534883721E-1,8.255813953488E-1,8.372093023256E-1,8.488372093023E-1,
8.604651162791E-1,8.720930232558E-1,8.837209302326E-1,8.953488372093E-1,
9.069767441860E-1,9.186046511628E-1,9.302325581395E-1,9.418604651163E-1,
9.534883720930E-1,9.651162790698E-1,9.767441860465E-1,9.883720930233E-1,1.E0),
.UNSPECIFIED.);
#4303=B_SPLINE_CURVE_WITH_KNOTS('',3,(#4296,#4297,#4298,#4299,#4300,#4301,
#4302),.UNSPECIFIED.,.F.,.F.,(4,1,1,1,4),(0.E0,2.5E-1,5.E-1,7.5E-1,1.E0),
.UNSPECIFIED.);
#4314=B_SPLINE_CURVE_WITH_KNOTS('',3,(#4307,#4308,#4309,#4310,#4311,#4312,
#4313),.UNSPECIFIED.,.F.,.F.,(4,1,1,1,4),(0.E0,2.5E-1,5.E-1,7.5E-1,1.E0),
.UNSPECIFIED.);
#4445=B_SPLINE_CURVE_WITH_KNOTS('',3,(#4318,#4319,#4320,#4321,#4322,#4323,#4324,
#4325,#4326,#4327,#4328,#4329,#4330,#4331,#4332,#4333,#4334,#4335,#4336,#4337,
#4338,#4339,#4340,#4341,#4342,#4343,#4344,#4345,#4346,#4347,#4348,#4349,#4350,
#4351,#4352,#4353,#4354,#4355,#4356,#4357,#4358,#4359,#4360,#4361,#4362,#4363,
#4364,#4365,#4366,#4367,#4368,#4369,#4370,#4371,#4372,#4373,#4374,#4375,#4376,
#4377,#4378,#4379,#4380,#4381,#4382,#4383,#4384,#4385,#4386,#4387,#4388,#4389,
#4390,#4391,#4392,#4393,#4394,#4395,#4396,#4397,#4398,#4399,#4400,#4401,#4402,
#4403,#4404,#4405,#4406,#4407,#4408,#4409,#4410,#4411,#4412,#4413,#4414,#4415,
#4416,#4417,#4418,#4419,#4420,#4421,#4422,#4423,#4424,#4425,#4426,#4427,#4428,
#4429,#4430,#4431,#4432,#4433,#4434,#4435,#4436,#4437,#4438,#4439,#4440,#4441,
#4442,#4443,#4444),.UNSPECIFIED.,.F.,.F.,(4,1,1,1,1,1,1,1,1,1,1,1,1,1,1,1,1,1,1,
1,1,1,1,1,1,1,1,1,1,1,1,1,1,1,1,1,1,1,1,1,1,1,1,1,1,1,1,1,1,1,1,1,1,1,1,1,1,1,1,
1,1,1,1,1,1,1,1,1,1,1,1,1,1,1,1,1,1,1,1,1,1,1,1,1,1,1,1,1,1,1,1,1,1,1,1,1,1,1,1,
1,1,1,1,1,1,1,1,1,1,1,1,1,1,1,1,1,1,1,1,1,1,1,1,1,4),(0.E0,8.064516129032E-3,
1.612903225806E-2,2.419354838710E-2,3.225806451613E-2,4.032258064516E-2,
4.838709677419E-2,5.645161290323E-2,6.451612903226E-2,7.258064516129E-2,
8.064516129032E-2,8.870967741935E-2,9.677419354839E-2,1.048387096774E-1,
1.129032258065E-1,1.209677419355E-1,1.290322580645E-1,1.370967741935E-1,
1.451612903226E-1,1.532258064516E-1,1.612903225806E-1,1.693548387097E-1,
1.774193548387E-1,1.854838709677E-1,1.935483870968E-1,2.016129032258E-1,
2.096774193548E-1,2.177419354839E-1,2.258064516129E-1,2.338709677419E-1,
2.419354838710E-1,2.5E-1,2.580645161290E-1,2.661290322581E-1,2.741935483871E-1,
2.822580645161E-1,2.903225806452E-1,2.983870967742E-1,3.064516129032E-1,
3.145161290323E-1,3.225806451613E-1,3.306451612903E-1,3.387096774194E-1,
3.467741935484E-1,3.548387096774E-1,3.629032258065E-1,3.709677419355E-1,
3.790322580645E-1,3.870967741935E-1,3.951612903226E-1,4.032258064516E-1,
4.112903225806E-1,4.193548387097E-1,4.274193548387E-1,4.354838709677E-1,
4.435483870968E-1,4.516129032258E-1,4.596774193548E-1,4.677419354839E-1,
4.758064516129E-1,4.838709677419E-1,4.919354838710E-1,5.E-1,5.080645161290E-1,
5.161290322581E-1,5.241935483871E-1,5.322580645161E-1,5.403225806452E-1,
5.483870967742E-1,5.564516129032E-1,5.645161290323E-1,5.725806451613E-1,
5.806451612903E-1,5.887096774194E-1,5.967741935484E-1,6.048387096774E-1,
6.129032258065E-1,6.209677419355E-1,6.290322580645E-1,6.370967741935E-1,
6.451612903226E-1,6.532258064516E-1,6.612903225806E-1,6.693548387097E-1,
6.774193548387E-1,6.854838709677E-1,6.935483870968E-1,7.016129032258E-1,
7.096774193548E-1,7.177419354839E-1,7.258064516129E-1,7.338709677419E-1,
7.419354838710E-1,7.5E-1,7.580645161290E-1,7.661290322581E-1,7.741935483871E-1,
7.822580645161E-1,7.903225806452E-1,7.983870967742E-1,8.064516129032E-1,
8.145161290323E-1,8.225806451613E-1,8.306451612903E-1,8.387096774194E-1,
8.467741935484E-1,8.548387096774E-1,8.629032258065E-1,8.709677419355E-1,
8.790322580645E-1,8.870967741935E-1,8.951612903226E-1,9.032258064516E-1,
9.112903225806E-1,9.193548387097E-1,9.274193548387E-1,9.354838709677E-1,
9.435483870968E-1,9.516129032258E-1,9.596774193548E-1,9.677419354839E-1,
9.758064516129E-1,9.838709677419E-1,9.919354838710E-1,1.E0),.UNSPECIFIED.);
#4456=B_SPLINE_CURVE_WITH_KNOTS('',3,(#4449,#4450,#4451,#4452,#4453,#4454,
#4455),.UNSPECIFIED.,.F.,.F.,(4,1,1,1,4),(0.E0,2.5E-1,5.E-1,7.5E-1,1.E0),
.UNSPECIFIED.);
#4587=B_SPLINE_CURVE_WITH_KNOTS('',3,(#4460,#4461,#4462,#4463,#4464,#4465,#4466,
#4467,#4468,#4469,#4470,#4471,#4472,#4473,#4474,#4475,#4476,#4477,#4478,#4479,
#4480,#4481,#4482,#4483,#4484,#4485,#4486,#4487,#4488,#4489,#4490,#4491,#4492,
#4493,#4494,#4495,#4496,#4497,#4498,#4499,#4500,#4501,#4502,#4503,#4504,#4505,
#4506,#4507,#4508,#4509,#4510,#4511,#4512,#4513,#4514,#4515,#4516,#4517,#4518,
#4519,#4520,#4521,#4522,#4523,#4524,#4525,#4526,#4527,#4528,#4529,#4530,#4531,
#4532,#4533,#4534,#4535,#4536,#4537,#4538,#4539,#4540,#4541,#4542,#4543,#4544,
#4545,#4546,#4547,#4548,#4549,#4550,#4551,#4552,#4553,#4554,#4555,#4556,#4557,
#4558,#4559,#4560,#4561,#4562,#4563,#4564,#4565,#4566,#4567,#4568,#4569,#4570,
#4571,#4572,#4573,#4574,#4575,#4576,#4577,#4578,#4579,#4580,#4581,#4582,#4583,
#4584,#4585,#4586),.UNSPECIFIED.,.F.,.F.,(4,1,1,1,1,1,1,1,1,1,1,1,1,1,1,1,1,1,1,
1,1,1,1,1,1,1,1,1,1,1,1,1,1,1,1,1,1,1,1,1,1,1,1,1,1,1,1,1,1,1,1,1,1,1,1,1,1,1,1,
1,1,1,1,1,1,1,1,1,1,1,1,1,1,1,1,1,1,1,1,1,1,1,1,1,1,1,1,1,1,1,1,1,1,1,1,1,1,1,1,
1,1,1,1,1,1,1,1,1,1,1,1,1,1,1,1,1,1,1,1,1,1,1,1,1,4),(0.E0,8.064516129032E-3,
1.612903225806E-2,2.419354838710E-2,3.225806451613E-2,4.032258064516E-2,
4.838709677419E-2,5.645161290323E-2,6.451612903226E-2,7.258064516129E-2,
8.064516129032E-2,8.870967741935E-2,9.677419354839E-2,1.048387096774E-1,
1.129032258065E-1,1.209677419355E-1,1.290322580645E-1,1.370967741935E-1,
1.451612903226E-1,1.532258064516E-1,1.612903225806E-1,1.693548387097E-1,
1.774193548387E-1,1.854838709677E-1,1.935483870968E-1,2.016129032258E-1,
2.096774193548E-1,2.177419354839E-1,2.258064516129E-1,2.338709677419E-1,
2.419354838710E-1,2.5E-1,2.580645161290E-1,2.661290322581E-1,2.741935483871E-1,
2.822580645161E-1,2.903225806452E-1,2.983870967742E-1,3.064516129032E-1,
3.145161290323E-1,3.225806451613E-1,3.306451612903E-1,3.387096774194E-1,
3.467741935484E-1,3.548387096774E-1,3.629032258065E-1,3.709677419355E-1,
3.790322580645E-1,3.870967741935E-1,3.951612903226E-1,4.032258064516E-1,
4.112903225806E-1,4.193548387097E-1,4.274193548387E-1,4.354838709677E-1,
4.435483870968E-1,4.516129032258E-1,4.596774193548E-1,4.677419354839E-1,
4.758064516129E-1,4.838709677419E-1,4.919354838710E-1,5.E-1,5.080645161290E-1,
5.161290322581E-1,5.241935483871E-1,5.322580645161E-1,5.403225806452E-1,
5.483870967742E-1,5.564516129032E-1,5.645161290323E-1,5.725806451613E-1,
5.806451612903E-1,5.887096774194E-1,5.967741935484E-1,6.048387096774E-1,
6.129032258065E-1,6.209677419355E-1,6.290322580645E-1,6.370967741935E-1,
6.451612903226E-1,6.532258064516E-1,6.612903225806E-1,6.693548387097E-1,
6.774193548387E-1,6.854838709677E-1,6.935483870968E-1,7.016129032258E-1,
7.096774193548E-1,7.177419354839E-1,7.258064516129E-1,7.338709677419E-1,
7.419354838710E-1,7.5E-1,7.580645161290E-1,7.661290322581E-1,7.741935483871E-1,
7.822580645161E-1,7.903225806452E-1,7.983870967742E-1,8.064516129032E-1,
8.145161290323E-1,8.225806451613E-1,8.306451612903E-1,8.387096774194E-1,
8.467741935484E-1,8.548387096774E-1,8.629032258065E-1,8.709677419355E-1,
8.790322580645E-1,8.870967741935E-1,8.951612903226E-1,9.032258064516E-1,
9.112903225806E-1,9.193548387097E-1,9.274193548387E-1,9.354838709677E-1,
9.435483870968E-1,9.516129032258E-1,9.596774193548E-1,9.677419354839E-1,
9.758064516129E-1,9.838709677419E-1,9.919354838710E-1,1.E0),.UNSPECIFIED.);
#4655=B_SPLINE_CURVE_WITH_KNOTS('',3,(#4591,#4592,#4593,#4594,#4595,#4596,#4597,
#4598,#4599,#4600,#4601,#4602,#4603,#4604,#4605,#4606,#4607,#4608,#4609,#4610,
#4611,#4612,#4613,#4614,#4615,#4616,#4617,#4618,#4619,#4620,#4621,#4622,#4623,
#4624,#4625,#4626,#4627,#4628,#4629,#4630,#4631,#4632,#4633,#4634,#4635,#4636,
#4637,#4638,#4639,#4640,#4641,#4642,#4643,#4644,#4645,#4646,#4647,#4648,#4649,
#4650,#4651,#4652,#4653,#4654),.UNSPECIFIED.,.F.,.F.,(4,1,1,1,1,1,1,1,1,1,1,1,1,
1,1,1,1,1,1,1,1,1,1,1,1,1,1,1,1,1,1,1,1,1,1,1,1,1,1,1,1,1,1,1,1,1,1,1,1,1,1,1,1,
1,1,1,1,1,1,1,1,4),(0.E0,1.639344262295E-2,3.278688524590E-2,4.918032786885E-2,
6.557377049180E-2,8.196721311475E-2,9.836065573770E-2,1.147540983607E-1,
1.311475409836E-1,1.475409836066E-1,1.639344262295E-1,1.803278688525E-1,
1.967213114754E-1,2.131147540984E-1,2.295081967213E-1,2.459016393443E-1,
2.622950819672E-1,2.786885245902E-1,2.950819672131E-1,3.114754098361E-1,
3.278688524590E-1,3.442622950820E-1,3.606557377049E-1,3.770491803279E-1,
3.934426229508E-1,4.098360655738E-1,4.262295081967E-1,4.426229508197E-1,
4.590163934426E-1,4.754098360656E-1,4.918032786885E-1,5.081967213115E-1,
5.245901639344E-1,5.409836065574E-1,5.573770491803E-1,5.737704918033E-1,
5.901639344262E-1,6.065573770492E-1,6.229508196721E-1,6.393442622951E-1,
6.557377049180E-1,6.721311475410E-1,6.885245901639E-1,7.049180327869E-1,
7.213114754098E-1,7.377049180328E-1,7.540983606557E-1,7.704918032787E-1,
7.868852459016E-1,8.032786885246E-1,8.196721311475E-1,8.360655737705E-1,
8.524590163934E-1,8.688524590164E-1,8.852459016393E-1,9.016393442623E-1,
9.180327868852E-1,9.344262295082E-1,9.508196721311E-1,9.672131147541E-1,
9.836065573770E-1,1.E0),.UNSPECIFIED.);
#4711=B_SPLINE_CURVE_WITH_KNOTS('',3,(#4659,#4660,#4661,#4662,#4663,#4664,#4665,
#4666,#4667,#4668,#4669,#4670,#4671,#4672,#4673,#4674,#4675,#4676,#4677,#4678,
#4679,#4680,#4681,#4682,#4683,#4684,#4685,#4686,#4687,#4688,#4689,#4690,#4691,
#4692,#4693,#4694,#4695,#4696,#4697,#4698,#4699,#4700,#4701,#4702,#4703,#4704,
#4705,#4706,#4707,#4708,#4709,#4710),.UNSPECIFIED.,.F.,.F.,(4,1,1,1,1,1,1,1,1,1,
1,1,1,1,1,1,1,1,1,1,1,1,1,1,1,1,1,1,1,1,1,1,1,1,1,1,1,1,1,1,1,1,1,1,1,1,1,1,1,
4),(0.E0,2.040816326531E-2,4.081632653061E-2,6.122448979592E-2,
8.163265306122E-2,1.020408163265E-1,1.224489795918E-1,1.428571428571E-1,
1.632653061224E-1,1.836734693878E-1,2.040816326531E-1,2.244897959184E-1,
2.448979591837E-1,2.653061224490E-1,2.857142857143E-1,3.061224489796E-1,
3.265306122449E-1,3.469387755102E-1,3.673469387755E-1,3.877551020408E-1,
4.081632653061E-1,4.285714285714E-1,4.489795918367E-1,4.693877551020E-1,
4.897959183673E-1,5.102040816327E-1,5.306122448980E-1,5.510204081633E-1,
5.714285714286E-1,5.918367346939E-1,6.122448979592E-1,6.326530612245E-1,
6.530612244898E-1,6.734693877551E-1,6.938775510204E-1,7.142857142857E-1,
7.346938775510E-1,7.551020408163E-1,7.755102040816E-1,7.959183673469E-1,
8.163265306122E-1,8.367346938776E-1,8.571428571429E-1,8.775510204082E-1,
8.979591836735E-1,9.183673469388E-1,9.387755102041E-1,9.591836734694E-1,
9.795918367347E-1,1.E0),.UNSPECIFIED.);
#4733=CIRCLE('',#4732,9.739544025437E-2);
#4748=CIRCLE('',#4747,9.739544025437E-2);
#5024=EDGE_CURVE('',#4949,#4950,#126,.T.);
#5026=EDGE_CURVE('',#4978,#4949,#134,.T.);
#5028=EDGE_CURVE('',#4968,#4978,#141,.T.);
#5030=EDGE_CURVE('',#4958,#4968,#148,.T.);
#5032=EDGE_CURVE('',#4957,#4958,#155,.T.);
#5034=EDGE_CURVE('',#4950,#4957,#162,.T.);
#5038=EDGE_CURVE('',#4899,#4903,#170,.T.);
#5040=EDGE_CURVE('',#4899,#4903,#185,.T.);
#5044=ADVANCED_FACE('',(#5037,#5043),#5023,.T.);
#5050=EDGE_CURVE('',#4899,#4900,#177,.T.);
#5052=EDGE_CURVE('',#4900,#4904,#239,.T.);
#5054=EDGE_CURVE('',#4903,#4904,#192,.T.);
#5059=ADVANCED_FACE('',(#5058),#5049,.T.);
#5065=EDGE_CURVE('',#4900,#4906,#247,.T.);
#5070=EDGE_CURVE('',#4908,#4904,#231,.T.);
#5072=EDGE_CURVE('',#4908,#5018,#350,.T.);
#5074=EDGE_CURVE('',#5018,#4906,#1504,.T.);
#5078=ADVANCED_FACE('',(#5077),#5064,.T.);
#5084=EDGE_CURVE('',#5016,#4908,#223,.T.);
#5089=EDGE_CURVE('',#4906,#4911,#278,.T.);
#5091=EDGE_CURVE('',#4911,#4912,#286,.T.);
#5093=EDGE_CURVE('',#4912,#5017,#366,.T.);
#5095=EDGE_CURVE('',#5017,#5016,#297,.T.);
#5099=ADVANCED_FACE('',(#5098),#5083,.T.);
#5122=EDGE_CURVE('',#5015,#5016,#308,.T.);
#5124=EDGE_CURVE('',#5015,#5018,#319,.T.);
#5129=ADVANCED_FACE('',(#5128),#5120,.F.);
#5148=EDGE_CURVE('',#5017,#5015,#357,.T.);
#5153=ADVANCED_FACE('',(#5152),#5146,.F.);
#5296=EDGE_CURVE('',#4849,#4912,#517,.T.);
#5298=EDGE_CURVE('',#4849,#4841,#903,.T.);
#5300=EDGE_CURVE('',#4841,#4853,#598,.T.);
#5302=EDGE_CURVE('',#4853,#4845,#954,.T.);
#5304=EDGE_CURVE('',#4845,#4857,#649,.T.);
#5306=EDGE_CURVE('',#4857,#5013,#1052,.T.);
#5308=EDGE_CURVE('',#5013,#5011,#373,.T.);
#5310=EDGE_CURVE('',#5011,#5015,#1597,.T.);
#5315=ADVANCED_FACE('',(#5314),#5294,.F.);
#5321=EDGE_CURVE('',#4833,#4834,#392,.T.);
#5323=EDGE_CURVE('',#4872,#4833,#403,.T.);
#5325=EDGE_CURVE('',#4872,#4836,#410,.T.);
#5327=EDGE_CURVE('',#4835,#4836,#432,.T.);
#5329=EDGE_CURVE('',#4834,#4835,#1193,.T.);
#5333=ADVANCED_FACE('',(#5332),#5320,.T.);
#5339=EDGE_CURVE('',#4837,#4838,#451,.T.);
#5341=EDGE_CURVE('',#4882,#4837,#881,.T.);
#5343=EDGE_CURVE('',#4869,#4882,#473,.T.);
#5345=EDGE_CURVE('',#4869,#4870,#480,.T.);
#5347=EDGE_CURVE('',#4838,#4870,#491,.T.);
#5351=ADVANCED_FACE('',(#5350),#5338,.T.);
#5359=EDGE_CURVE('',#4911,#4850,#547,.T.);
#5361=EDGE_CURVE('',#4849,#4850,#910,.T.);
#5365=ADVANCED_FACE('',(#5364),#5356,.T.);
#5371=EDGE_CURVE('',#4841,#4842,#554,.T.);
#5373=EDGE_CURVE('',#4854,#4842,#576,.T.);
#5375=EDGE_CURVE('',#4853,#4854,#961,.T.);
#5380=ADVANCED_FACE('',(#5379),#5370,.T.);
#5386=EDGE_CURVE('',#4845,#4846,#605,.T.);
#5388=EDGE_CURVE('',#4858,#4846,#627,.T.);
#5390=EDGE_CURVE('',#4857,#4858,#999,.T.);
#5395=ADVANCED_FACE('',(#5394),#5385,.T.);
#5401=EDGE_CURVE('',#4861,#4862,#656,.T.);
#5403=EDGE_CURVE('',#4876,#4862,#678,.T.);
#5405=EDGE_CURVE('',#4875,#4876,#1081,.T.);
#5407=EDGE_CURVE('',#4861,#4875,#700,.T.);
#5411=ADVANCED_FACE('',(#5410),#5400,.T.);
#5417=EDGE_CURVE('',#4865,#4866,#707,.T.);
#5419=EDGE_CURVE('',#4880,#4866,#729,.T.);
#5421=EDGE_CURVE('',#4879,#4880,#1132,.T.);
#5423=EDGE_CURVE('',#4865,#4879,#751,.T.);
#5427=ADVANCED_FACE('',(#5426),#5416,.T.);
#5505=EDGE_CURVE('',#4891,#4892,#773,.T.);
#5507=EDGE_CURVE('',#4893,#4891,#787,.T.);
#5509=EDGE_CURVE('',#4893,#4884,#1837,.T.);
#5511=EDGE_CURVE('',#4833,#4884,#1844,.T.);
#5514=EDGE_CURVE('',#4894,#4834,#1186,.T.);
#5516=EDGE_CURVE('',#4892,#4894,#800,.T.);
#5520=ADVANCED_FACE('',(#5519),#5504,.F.);
#5526=EDGE_CURVE('',#4889,#4890,#808,.T.);
#5528=EDGE_CURVE('',#4891,#4890,#830,.T.);
#5531=EDGE_CURVE('',#4892,#4889,#823,.T.);
#5535=ADVANCED_FACE('',(#5534),#5525,.T.);
#5542=EDGE_CURVE('',#4890,#4889,#816,.T.);
#5546=ADVANCED_FACE('',(#5545),#5540,.T.);
#5555=EDGE_CURVE('',#4895,#4894,#1162,.T.);
#5557=EDGE_CURVE('',#4895,#4896,#1230,.T.);
#5559=EDGE_CURVE('',#4896,#4893,#1778,.T.);
#5565=ADVANCED_FACE('',(#5564),#5551,.T.);
#5571=EDGE_CURVE('',#4836,#4837,#852,.T.);
#5574=EDGE_CURVE('',#4882,#4872,#874,.T.);
#5579=ADVANCED_FACE('',(#5578),#5570,.T.);
#5588=EDGE_CURVE('',#4842,#4850,#932,.T.);
#5592=ADVANCED_FACE('',(#5591),#5584,.T.);
#5601=EDGE_CURVE('',#5014,#4854,#983,.T.);
#5603=EDGE_CURVE('',#4846,#5014,#992,.T.);
#5607=ADVANCED_FACE('',(#5606),#5597,.T.);
#5614=EDGE_CURVE('',#4862,#4858,#1021,.T.);
#5617=EDGE_CURVE('',#5013,#4861,#1030,.T.);
#5622=ADVANCED_FACE('',(#5621),#5612,.T.);
#5629=EDGE_CURVE('',#4875,#4865,#1074,.T.);
#5632=EDGE_CURVE('',#4866,#4876,#1103,.T.);
#5636=ADVANCED_FACE('',(#5635),#5627,.T.);
#5643=EDGE_CURVE('',#4879,#4869,#1125,.T.);
#5646=EDGE_CURVE('',#4870,#4880,#1154,.T.);
#5650=ADVANCED_FACE('',(#5649),#5641,.T.);
#5659=EDGE_CURVE('',#4895,#4835,#1214,.T.);
#5663=ADVANCED_FACE('',(#5662),#5655,.T.);
#5810=EDGE_CURVE('',#4886,#4838,#1302,.T.);
#5812=EDGE_CURVE('',#4896,#4886,#1295,.T.);
#5816=ADVANCED_FACE('',(#5815),#5804,.F.);
#5967=EDGE_CURVE('',#5012,#5014,#1495,.T.);
#5969=EDGE_CURVE('',#4886,#5012,#1395,.T.);
#5973=ADVANCED_FACE('',(#5972),#5957,.F.);
#6116=EDGE_CURVE('',#5012,#4906,#1488,.T.);
#6125=ADVANCED_FACE('',(#6124),#6114,.F.);
#6305=EDGE_CURVE('',#5011,#5012,#1608,.T.);
#6310=ADVANCED_FACE('',(#6309),#6301,.F.);
#6487=EDGE_CURVE('',#4884,#4886,#1619,.T.);
#6491=EDGE_CURVE('',#4884,#5011,#1712,.T.);
#6495=ADVANCED_FACE('',(#6494),#6486,.F.);
#6598=ADVANCED_FACE('',(#6597),#6591,.F.);
#6753=ADVANCED_FACE('',(#6752),#6739,.F.);
#6759=EDGE_CURVE('',#4945,#4946,#1865,.T.);
#6761=EDGE_CURVE('',#4945,#4949,#2234,.T.);
#6764=EDGE_CURVE('',#4950,#4946,#1912,.T.);
#6768=ADVANCED_FACE('',(#6767),#6758,.T.);
#6774=EDGE_CURVE('',#4939,#4940,#1851,.T.);
#6776=EDGE_CURVE('',#4945,#4940,#1858,.T.);
#6779=EDGE_CURVE('',#4946,#4939,#1872,.T.);
#6783=ADVANCED_FACE('',(#6782),#6773,.T.);
#6790=EDGE_CURVE('',#4939,#4932,#1896,.T.);
#6792=EDGE_CURVE('',#4932,#4942,#1990,.T.);
#6794=EDGE_CURVE('',#4942,#4940,#2286,.T.);
#6798=ADVANCED_FACE('',(#6797),#6788,.T.);
#6804=EDGE_CURVE('',#4936,#4939,#1880,.T.);
#6806=EDGE_CURVE('',#4932,#4936,#1888,.T.);
#6811=ADVANCED_FACE('',(#6810),#6803,.T.);
#6818=EDGE_CURVE('',#4946,#5000,#1904,.T.);
#6820=EDGE_CURVE('',#5000,#4936,#1934,.T.);
#6825=ADVANCED_FACE('',(#6824),#6816,.T.);
#6833=EDGE_CURVE('',#5000,#4950,#1920,.T.);
#6837=ADVANCED_FACE('',(#6836),#6830,.T.);
#6843=EDGE_CURVE('',#5000,#4998,#1941,.T.);
#6847=EDGE_CURVE('',#4957,#4998,#2038,.T.);
#6851=ADVANCED_FACE('',(#6850),#6842,.T.);
#6857=EDGE_CURVE('',#4935,#4936,#1927,.T.);
#6861=EDGE_CURVE('',#4998,#4935,#1948,.T.);
#6865=ADVANCED_FACE('',(#6864),#6856,.T.);
#6871=EDGE_CURVE('',#4931,#4932,#1955,.T.);
#6875=EDGE_CURVE('',#4935,#4931,#2030,.T.);
#6879=ADVANCED_FACE('',(#6878),#6870,.T.);
#6886=EDGE_CURVE('',#4994,#4931,#1962,.T.);
#6888=EDGE_CURVE('',#4992,#4994,#1969,.T.);
#6890=EDGE_CURVE('',#4990,#4992,#1976,.T.);
#6892=EDGE_CURVE('',#4942,#4990,#1983,.T.);
#6897=EDGE_CURVE('',#4915,#4916,#1998,.T.);
#6899=EDGE_CURVE('',#4916,#4915,#2006,.T.);
#6903=ADVANCED_FACE('',(#6896,#6902),#6884,.F.);
#6910=EDGE_CURVE('',#4931,#4996,#2022,.T.);
#6912=EDGE_CURVE('',#4960,#4996,#2075,.T.);
#6914=EDGE_CURVE('',#4960,#4994,#2342,.T.);
#6918=ADVANCED_FACE('',(#6917),#6908,.T.);
#6924=EDGE_CURVE('',#4996,#4935,#2014,.T.);
#6930=ADVANCED_FACE('',(#6929),#6923,.T.);
#6937=EDGE_CURVE('',#4998,#4953,#2054,.T.);
#6939=EDGE_CURVE('',#4953,#4996,#2082,.T.);
#6944=ADVANCED_FACE('',(#6943),#6935,.T.);
#6951=EDGE_CURVE('',#4953,#4957,#2046,.T.);
#6956=ADVANCED_FACE('',(#6955),#6949,.T.);
#6962=EDGE_CURVE('',#4953,#4954,#2061,.T.);
#6966=EDGE_CURVE('',#4958,#4954,#2106,.T.);
#6970=ADVANCED_FACE('',(#6969),#6961,.T.);
#6977=EDGE_CURVE('',#4954,#4960,#2068,.T.);
#6983=ADVANCED_FACE('',(#6982),#6975,.T.);
#6990=EDGE_CURVE('',#4954,#4963,#2098,.T.);
#6992=EDGE_CURVE('',#4963,#4964,#2113,.T.);
#6994=EDGE_CURVE('',#4964,#4960,#2350,.T.);
#6998=ADVANCED_FACE('',(#6997),#6988,.T.);
#7004=EDGE_CURVE('',#4963,#4958,#2090,.T.);
#7010=ADVANCED_FACE('',(#7009),#7003,.T.);
#7016=EDGE_CURVE('',#4963,#4966,#2120,.T.);
#7020=EDGE_CURVE('',#4968,#4966,#2158,.T.);
#7024=ADVANCED_FACE('',(#7023),#7015,.T.);
#7032=EDGE_CURVE('',#4966,#4970,#2127,.T.);
#7034=EDGE_CURVE('',#4970,#4964,#2134,.T.);
#7038=ADVANCED_FACE('',(#7037),#7029,.T.);
#7045=EDGE_CURVE('',#4966,#4973,#2150,.T.);
#7047=EDGE_CURVE('',#4973,#4974,#2165,.T.);
#7049=EDGE_CURVE('',#4974,#4970,#2326,.T.);
#7053=ADVANCED_FACE('',(#7052),#7043,.T.);
#7059=EDGE_CURVE('',#4973,#4968,#2142,.T.);
#7065=ADVANCED_FACE('',(#7064),#7058,.T.);
#7071=EDGE_CURVE('',#4973,#4976,#2172,.T.);
#7075=EDGE_CURVE('',#4978,#4976,#2210,.T.);
#7079=ADVANCED_FACE('',(#7078),#7070,.T.);
#7087=EDGE_CURVE('',#4976,#4980,#2179,.T.);
#7089=EDGE_CURVE('',#4980,#4974,#2186,.T.);
#7093=ADVANCED_FACE('',(#7092),#7084,.T.);
#7100=EDGE_CURVE('',#4976,#4983,#2202,.T.);
#7102=EDGE_CURVE('',#4983,#4984,#2241,.T.);
#7104=EDGE_CURVE('',#4984,#4980,#2302,.T.);
#7108=ADVANCED_FACE('',(#7107),#7098,.T.);
#7114=EDGE_CURVE('',#4983,#4978,#2194,.T.);
#7120=ADVANCED_FACE('',(#7119),#7113,.T.);
#7127=EDGE_CURVE('',#4949,#4986,#2226,.T.);
#7129=EDGE_CURVE('',#4983,#4986,#2248,.T.);
#7134=ADVANCED_FACE('',(#7133),#7125,.T.);
#7140=EDGE_CURVE('',#4986,#4945,#2218,.T.);
#7146=ADVANCED_FACE('',(#7145),#7139,.T.);
#7152=EDGE_CURVE('',#4986,#4988,#2255,.T.);
#7156=EDGE_CURVE('',#4940,#4988,#2278,.T.);
#7160=ADVANCED_FACE('',(#7159),#7151,.T.);
#7169=EDGE_CURVE('',#4988,#4984,#2262,.T.);
#7173=ADVANCED_FACE('',(#7172),#7165,.T.);
#7180=EDGE_CURVE('',#4988,#4942,#2270,.T.);
#7183=EDGE_CURVE('',#4990,#4984,#2310,.T.);
#7187=ADVANCED_FACE('',(#7186),#7178,.T.);
#7198=ADVANCED_FACE('',(#7197),#7192,.T.);
#7204=EDGE_CURVE('',#4980,#4990,#2294,.T.);
#7210=ADVANCED_FACE('',(#7209),#7203,.T.);
#7217=EDGE_CURVE('',#4992,#4974,#2334,.T.);
#7223=ADVANCED_FACE('',(#7222),#7215,.T.);
#7229=EDGE_CURVE('',#4970,#4992,#2318,.T.);
#7235=ADVANCED_FACE('',(#7234),#7228,.T.);
#7242=EDGE_CURVE('',#4994,#4964,#2358,.T.);
#7248=ADVANCED_FACE('',(#7247),#7240,.T.);
#7259=ADVANCED_FACE('',(#7258),#7253,.T.);
#7266=EDGE_CURVE('',#4924,#4916,#2372,.T.);
#7268=EDGE_CURVE('',#4924,#4928,#2406,.T.);
#7270=EDGE_CURVE('',#4928,#4927,#4199,.T.);
#7272=EDGE_CURVE('',#4927,#4920,#4013,.T.);
#7274=EDGE_CURVE('',#4919,#4920,#2975,.T.);
#7276=EDGE_CURVE('',#4919,#4922,#2385,.T.);
#7278=EDGE_CURVE('',#4922,#4915,#2365,.T.);
#7282=ADVANCED_FACE('',(#7281),#7264,.F.);
#7290=EDGE_CURVE('',#4922,#4924,#2428,.T.);
#7295=ADVANCED_FACE('',(#7294),#7287,.F.);
#7438=EDGE_CURVE('',#4815,#4919,#2967,.T.);
#7440=EDGE_CURVE('',#4815,#4816,#3721,.T.);
#7442=EDGE_CURVE('',#4816,#4809,#2938,.T.);
#7444=EDGE_CURVE('',#4809,#4828,#2392,.T.);
#7446=EDGE_CURVE('',#4828,#4928,#4292,.T.);
#7452=ADVANCED_FACE('',(#7451),#7436,.F.);
#7458=EDGE_CURVE('',#4778,#4775,#2450,.T.);
#7460=EDGE_CURVE('',#4778,#4779,#3262,.T.);
#7462=EDGE_CURVE('',#4774,#4779,#2472,.T.);
#7464=EDGE_CURVE('',#4775,#4774,#2479,.T.);
#7468=ADVANCED_FACE('',(#7467),#7457,.F.);
#7474=EDGE_CURVE('',#4780,#4781,#2501,.T.);
#7476=EDGE_CURVE('',#4777,#4780,#2508,.T.);
#7478=EDGE_CURVE('',#4788,#4777,#2530,.T.);
#7480=EDGE_CURVE('',#4788,#4781,#3291,.T.);
#7484=ADVANCED_FACE('',(#7483),#7473,.F.);
#7490=EDGE_CURVE('',#4782,#4783,#2552,.T.);
#7492=EDGE_CURVE('',#4787,#4782,#2559,.T.);
#7494=EDGE_CURVE('',#4790,#4787,#2581,.T.);
#7496=EDGE_CURVE('',#4790,#4783,#3342,.T.);
#7500=ADVANCED_FACE('',(#7499),#7489,.F.);
#7506=EDGE_CURVE('',#4784,#4785,#2603,.T.);
#7508=EDGE_CURVE('',#4789,#4784,#2610,.T.);
#7510=EDGE_CURVE('',#4792,#4789,#2632,.T.);
#7512=EDGE_CURVE('',#4792,#4785,#3393,.T.);
#7516=ADVANCED_FACE('',(#7515),#7505,.F.);
#7522=EDGE_CURVE('',#4794,#4791,#2654,.T.);
#7524=EDGE_CURVE('',#4794,#4795,#3466,.T.);
#7526=EDGE_CURVE('',#4786,#4795,#2676,.T.);
#7528=EDGE_CURVE('',#4791,#4786,#2683,.T.);
#7532=ADVANCED_FACE('',(#7531),#7521,.F.);
#7538=EDGE_CURVE('',#4796,#4797,#2705,.T.);
#7540=EDGE_CURVE('',#4793,#4796,#2712,.T.);
#7542=EDGE_CURVE('',#4804,#4793,#2734,.T.);
#7544=EDGE_CURVE('',#4804,#4797,#3495,.T.);
#7548=ADVANCED_FACE('',(#7547),#7537,.F.);
#7554=EDGE_CURVE('',#4798,#4799,#2756,.T.);
#7556=EDGE_CURVE('',#4803,#4798,#2763,.T.);
#7558=EDGE_CURVE('',#4806,#4803,#2785,.T.);
#7560=EDGE_CURVE('',#4806,#4799,#3546,.T.);
#7564=ADVANCED_FACE('',(#7563),#7553,.F.);
#7570=EDGE_CURVE('',#4800,#4801,#2807,.T.);
#7572=EDGE_CURVE('',#4805,#4800,#2814,.T.);
#7574=EDGE_CURVE('',#4808,#4805,#2836,.T.);
#7576=EDGE_CURVE('',#4808,#4801,#3597,.T.);
#7580=ADVANCED_FACE('',(#7579),#7569,.F.);
#7586=EDGE_CURVE('',#4810,#4807,#2858,.T.);
#7588=EDGE_CURVE('',#4810,#4811,#3670,.T.);
#7590=EDGE_CURVE('',#4802,#4811,#2880,.T.);
#7592=EDGE_CURVE('',#4807,#4802,#2887,.T.);
#7596=ADVANCED_FACE('',(#7595),#7585,.F.);
#7602=EDGE_CURVE('',#4812,#4813,#2909,.T.);
#7604=EDGE_CURVE('',#4809,#4812,#2916,.T.);
#7607=EDGE_CURVE('',#4816,#4813,#3699,.T.);
#7611=ADVANCED_FACE('',(#7610),#7601,.F.);
#7619=EDGE_CURVE('',#4920,#4814,#2997,.T.);
#7621=EDGE_CURVE('',#4815,#4814,#3004,.T.);
#7625=ADVANCED_FACE('',(#7624),#7616,.F.);
#7631=EDGE_CURVE('',#4773,#4831,#3029,.T.);
#7633=EDGE_CURVE('',#4831,#4832,#3037,.T.);
#7635=EDGE_CURVE('',#4776,#4832,#3056,.T.);
#7637=EDGE_CURVE('',#4776,#4773,#3189,.T.);
#7641=ADVANCED_FACE('',(#7640),#7630,.F.);
#7719=EDGE_CURVE('',#4832,#4926,#3073,.T.);
#7721=EDGE_CURVE('',#4926,#4820,#4711,.T.);
#7723=EDGE_CURVE('',#4777,#4820,#4718,.T.);
#7725=EDGE_CURVE('',#4777,#4778,#3233,.T.);
#7728=EDGE_CURVE('',#4775,#4776,#3211,.T.);
#7733=ADVANCED_FACE('',(#7732),#7718,.F.);
#7740=EDGE_CURVE('',#4925,#4831,#3108,.T.);
#7742=EDGE_CURVE('',#4926,#4925,#4655,.T.);
#7747=EDGE_CURVE('',#5009,#5010,#3081,.T.);
#7749=EDGE_CURVE('',#5010,#5009,#3089,.T.);
#7753=ADVANCED_FACE('',(#7746,#7752),#7738,.F.);
#7833=EDGE_CURVE('',#4773,#4774,#3182,.T.);
#7835=EDGE_CURVE('',#4818,#4774,#3859,.T.);
#7837=EDGE_CURVE('',#4925,#4818,#3160,.T.);
#7841=ADVANCED_FACE('',(#7840),#7830,.F.);
#7853=ADVANCED_FACE('',(#7852),#7846,.F.);
#7861=EDGE_CURVE('',#4779,#4780,#3255,.T.);
#7866=ADVANCED_FACE('',(#7865),#7858,.F.);
#7872=EDGE_CURVE('',#4781,#4782,#3284,.T.);
#7875=EDGE_CURVE('',#4787,#4788,#3313,.T.);
#7880=ADVANCED_FACE('',(#7879),#7871,.F.);
#7886=EDGE_CURVE('',#4783,#4784,#3335,.T.);
#7889=EDGE_CURVE('',#4789,#4790,#3364,.T.);
#7894=ADVANCED_FACE('',(#7893),#7885,.F.);
#7900=EDGE_CURVE('',#4785,#4786,#3386,.T.);
#7903=EDGE_CURVE('',#4791,#4792,#3415,.T.);
#7908=ADVANCED_FACE('',(#7907),#7899,.F.);
#7914=EDGE_CURVE('',#4793,#4794,#3437,.T.);
#7917=EDGE_CURVE('',#4795,#4796,#3459,.T.);
#7922=ADVANCED_FACE('',(#7921),#7913,.F.);
#7928=EDGE_CURVE('',#4797,#4798,#3488,.T.);
#7931=EDGE_CURVE('',#4803,#4804,#3517,.T.);
#7936=ADVANCED_FACE('',(#7935),#7927,.F.);
#7942=EDGE_CURVE('',#4799,#4800,#3539,.T.);
#7945=EDGE_CURVE('',#4805,#4806,#3568,.T.);
#7950=ADVANCED_FACE('',(#7949),#7941,.F.);
#7956=EDGE_CURVE('',#4801,#4802,#3590,.T.);
#7959=EDGE_CURVE('',#4807,#4808,#3619,.T.);
#7964=ADVANCED_FACE('',(#7963),#7955,.F.);
#7970=EDGE_CURVE('',#4809,#4810,#3641,.T.);
#7973=EDGE_CURVE('',#4811,#4812,#3663,.T.);
#7978=ADVANCED_FACE('',(#7977),#7969,.F.);
#7984=EDGE_CURVE('',#4813,#4814,#3692,.T.);
#7991=ADVANCED_FACE('',(#7990),#7983,.F.);
#8140=EDGE_CURVE('',#4822,#4786,#3997,.T.);
#8142=EDGE_CURVE('',#4818,#4822,#3852,.T.);
#8148=ADVANCED_FACE('',(#8147),#8132,.F.);
#8297=EDGE_CURVE('',#4826,#4802,#4116,.T.);
#8299=EDGE_CURVE('',#4822,#4826,#3990,.T.);
#8305=ADVANCED_FACE('',(#8304),#8289,.F.);
#8448=EDGE_CURVE('',#4826,#4927,#4109,.T.);
#8458=ADVANCED_FACE('',(#8457),#8446,.F.);
#8637=EDGE_CURVE('',#4828,#4826,#4303,.T.);
#8642=ADVANCED_FACE('',(#8641),#8634,.F.);
#8819=EDGE_CURVE('',#4824,#4822,#4314,.T.);
#8823=EDGE_CURVE('',#4824,#4828,#4445,.T.);
#8827=ADVANCED_FACE('',(#8826),#8818,.F.);
#9004=EDGE_CURVE('',#4820,#4818,#4456,.T.);
#9008=EDGE_CURVE('',#4820,#4824,#4587,.T.);
#9012=ADVANCED_FACE('',(#9011),#9003,.F.);
#9115=ADVANCED_FACE('',(#9114),#9108,.F.);
#9261=EDGE_CURVE('',#4793,#4824,#4725,.T.);
#9271=ADVANCED_FACE('',(#9270),#9256,.F.);
#9426=ADVANCED_FACE('',(#9425),#9412,.F.);
#9433=EDGE_CURVE('',#5006,#5010,#4755,.T.);
#9435=EDGE_CURVE('',#5004,#5006,#4733,.T.);
#9437=EDGE_CURVE('',#5004,#5009,#4740,.T.);
#9441=ADVANCED_FACE('',(#9440),#9431,.F.);
#9449=EDGE_CURVE('',#5004,#5006,#4748,.T.);
#9454=ADVANCED_FACE('',(#9453),#9446,.F.);
#9460=EDGE_CURVE('',#5003,#5004,#4762,.T.);
#9462=EDGE_CURVE('',#5003,#5006,#4769,.T.);
#9467=ADVANCED_FACE('',(#9466),#9459,.F.);
#9478=ADVANCED_FACE('',(#9477),#9472,.F.);
#9498=TRIMMED_CURVE('A_12',#9497,(PARAMETER_VALUE(0.E0)),(PARAMETER_VALUE
(1.E0)),.T.,.UNSPECIFIED.);
#9507=TRIMMED_CURVE('A_1',#9506,(PARAMETER_VALUE(0.E0)),(PARAMETER_VALUE(1.E0)),
.T.,.UNSPECIFIED.);
#9515=TRIMMED_CURVE('A_8',#9514,(PARAMETER_VALUE(0.E0)),(PARAMETER_VALUE(1.E0)),
.T.,.UNSPECIFIED.);
#9524=TRIMMED_CURVE('A_10',#9523,(PARAMETER_VALUE(0.E0)),(PARAMETER_VALUE
(1.E0)),.T.,.UNSPECIFIED.);
#9532=TRIMMED_CURVE('A_11',#9531,(PARAMETER_VALUE(0.E0)),(PARAMETER_VALUE
(1.E0)),.T.,.UNSPECIFIED.);
#9584=(LENGTH_UNIT()NAMED_UNIT(*)SI_UNIT(.MILLI.,.METRE.));
#9587=(NAMED_UNIT(*)PLANE_ANGLE_UNIT()SI_UNIT($,.RADIAN.));
#9590=(NAMED_UNIT(*)SI_UNIT($,.STERADIAN.)SOLID_ANGLE_UNIT());
#9592=(GEOMETRIC_REPRESENTATION_CONTEXT(3)GLOBAL_UNCERTAINTY_ASSIGNED_CONTEXT((
#9591))GLOBAL_UNIT_ASSIGNED_CONTEXT((#9586,#9589,#9590))REPRESENTATION_CONTEXT(
'ID1','3'));
#9593=ADVANCED_BREP_SHAPE_REPRESENTATION('',(#9480),#9592);
#9594=GEOMETRICALLY_BOUNDED_SURFACE_SHAPE_REPRESENTATION('',(#9502),#9592);
#9595=SHAPE_REPRESENTATION('',(#9490,#9541,#9548,#9555,#9562,#9569,#9576),
#9592);
#9605=PRODUCT_DEFINITION('part definition','',#9604,#9601);
#9606=PRODUCT_DEFINITION_SHAPE('','SHAPE FOR MALE_FEMALE_STANDOFF.',#9605);
#9607=SHAPE_ASPECT('','solid data associated with MALE_FEMALE_STANDOFF',#9606,
.F.);
#9608=PROPERTY_DEFINITION('',
'shape for solid data with which properties are associated',#9607);
#9609=SHAPE_REPRESENTATION('',(#9480),#9592);
#9610=SHAPE_DEFINITION_REPRESENTATION(#9608,#9609);
#9611=(LENGTH_UNIT()NAMED_UNIT(*)SI_UNIT(.MILLI.,.METRE.));
#9617=PROPERTY_DEFINITION('geometric validation property',
'area of MALE_FEMALE_STANDOFF',#9607);
#9618=REPRESENTATION('surface area',(#9616),#9592);
#9619=PROPERTY_DEFINITION_REPRESENTATION(#9617,#9618);
#9620=(LENGTH_UNIT()NAMED_UNIT(*)SI_UNIT(.MILLI.,.METRE.));
#9626=PROPERTY_DEFINITION('geometric validation property',
'volume of MALE_FEMALE_STANDOFF',#9607);
#9627=REPRESENTATION('volume',(#9625),#9592);
#9628=PROPERTY_DEFINITION_REPRESENTATION(#9626,#9627);
#9630=PROPERTY_DEFINITION('geometric validation property',
'centroid of MALE_FEMALE_STANDOFF',#9607);
#9631=REPRESENTATION('centroid',(#9629),#9592);
#9632=PROPERTY_DEFINITION_REPRESENTATION(#9630,#9631);
#9633=(LENGTH_UNIT()NAMED_UNIT(*)SI_UNIT(.MILLI.,.METRE.));
#9639=PROPERTY_DEFINITION('geometric validation property',
'area of MALE_FEMALE_STANDOFF',#9606);
#9640=REPRESENTATION('surface area',(#9638),#9592);
#9641=PROPERTY_DEFINITION_REPRESENTATION(#9639,#9640);
#9642=(LENGTH_UNIT()NAMED_UNIT(*)SI_UNIT(.MILLI.,.METRE.));
#9648=PROPERTY_DEFINITION('geometric validation property',
'volume of MALE_FEMALE_STANDOFF',#9606);
#9649=REPRESENTATION('volume',(#9647),#9592);
#9650=PROPERTY_DEFINITION_REPRESENTATION(#9648,#9649);
#9652=PROPERTY_DEFINITION('geometric validation property',
'centroid of MALE_FEMALE_STANDOFF',#9606);
#9653=REPRESENTATION('centroid',(#9651),#9592);
#9654=PROPERTY_DEFINITION_REPRESENTATION(#9652,#9653);
#9655=SHAPE_DEFINITION_REPRESENTATION(#9606,#9595);
#9657=PROPERTY_DEFINITION('THREAD_SIZE','user defined attribute',#9605);
#9661=REPRESENTATION('',(#9660),#9592);
#9662=PROPERTY_DEFINITION_REPRESENTATION(#9657,#9661);
#9663=PROPERTY_DEFINITION('OD','user defined attribute',#9605);
#9667=REPRESENTATION('',(#9666),#9592);
#9668=PROPERTY_DEFINITION_REPRESENTATION(#9663,#9667);
#9670=REPRESENTATION('',(#9669),#9592);
#9671=PROPERTY_DEFINITION('attribute type designation','Real Number',#9664);
#9672=PROPERTY_DEFINITION_REPRESENTATION(#9671,#9670);
#9673=PROPERTY_DEFINITION('THREAD_H','user defined attribute',#9605);
#9677=REPRESENTATION('',(#9676),#9592);
#9678=PROPERTY_DEFINITION_REPRESENTATION(#9673,#9677);
#9680=REPRESENTATION('',(#9679),#9592);
#9681=PROPERTY_DEFINITION('attribute type designation','Real Number',#9674);
#9682=PROPERTY_DEFINITION_REPRESENTATION(#9681,#9680);
#9683=PROPERTY_DEFINITION('LENGTH','user defined attribute',#9605);
#9687=REPRESENTATION('',(#9686),#9592);
#9688=PROPERTY_DEFINITION_REPRESENTATION(#9683,#9687);
#9690=REPRESENTATION('',(#9689),#9592);
#9691=PROPERTY_DEFINITION('attribute type designation','Real Number',#9684);
#9692=PROPERTY_DEFINITION_REPRESENTATION(#9691,#9690);
#9693=PROPERTY_DEFINITION('SUPPLIER','user defined attribute',#9605);
#9697=REPRESENTATION('',(#9696),#9592);
#9698=PROPERTY_DEFINITION_REPRESENTATION(#9693,#9697);
#9699=PROPERTY_DEFINITION('ADDRESS','user defined attribute',#9605);
#9703=REPRESENTATION('',(#9702),#9592);
#9704=PROPERTY_DEFINITION_REPRESENTATION(#9699,#9703);
#9705=PROPERTY_DEFINITION('PHONE','user defined attribute',#9605);
#9709=REPRESENTATION('',(#9708),#9592);
#9710=PROPERTY_DEFINITION_REPRESENTATION(#9705,#9709);
#9711=PROPERTY_DEFINITION('EMAIL','user defined attribute',#9605);
#9715=REPRESENTATION('',(#9714),#9592);
#9716=PROPERTY_DEFINITION_REPRESENTATION(#9711,#9715);
#9717=PROPERTY_DEFINITION('RAF_MATERIAL','user defined attribute',#9605);
#9721=REPRESENTATION('',(#9720),#9592);
#9722=PROPERTY_DEFINITION_REPRESENTATION(#9717,#9721);
#9723=PROPERTY_DEFINITION('RAF_FINISH','user defined attribute',#9605);
#9727=REPRESENTATION('',(#9726),#9592);
#9728=PROPERTY_DEFINITION_REPRESENTATION(#9723,#9727);
ENDSEC;
END-ISO-10303-21;
